time,u,y,x1,x2
25,5.326788657,-2.023218814,-2.023218814,-0.0761979002
25.025,5.351435664,-2.022818428,-2.022818428,0.1073832709
25.05,5.369652751,-2.017892254,-2.017892254,0.2858555416
25.075,5.381676358,-2.008568303,-2.008568303,0.4592127955
25.1,5.387753807,-1.994973526,-1.994973526,0.6275434826
25.125,5.388142147,-1.97723162,-1.97723162,0.7910175026
25.15,5.383106988,-1.955461149,-1.955461149,0.9498735438
25.175,5.372921316,-1.929773975,-1.929773975,1.104407208
25.2,5.35786432,-1.900273972,-1.900273972,1.254960124
25.225,5.338220203,-1.867056,-1.867056,1.401910163
25.25,5.314277014,-1.830205114,-1.830205114,1.545662769
25.275,5.286325475,-1.789795966,-1.789795966,1.686643367
25.3,5.254657833,-1.745892392,-1.745892392,1.825290766
25.325,5.219566718,-1.698547151,-1.698547151,1.962051405
25.35,5.181344038,-1.647801802,-1.647801802,2.097374304
25.375,5.140279885,-1.59368669,-1.59368669,2.2317065
25.4,5.096661479,-1.536221056,-1.536221056,2.36548884
25.425,5.050772143,-1.475413238,-1.475413238,2.499151896
25.45,5.002890318,-1.411260983,-1.411260983,2.633111685
25.475,4.953288607,-1.343751866,-1.343751866,2.767765226
25.5,4.902232882,-1.272863824,-1.272863824,2.903485357
25.525,4.849981413,-1.198565844,-1.198565844,3.04061484
25.55,4.796784069,-1.120818777,-1.120818777,3.179459456
25.575,4.742881553,-1.039576393,-1.039576393,3.320279526
25.6,4.688504697,-0.9547866116,-0.9547866116,3.463280191
25.625,4.633873819,-0.8663930379,-0.8663930379,3.608599505
25.65,4.579198122,-0.7743368106,-0.7743368106,3.756294599
25.675,4.524675171,-0.6785588118,-0.6785588118,3.906325583
25.7,4.470490412,-0.5790023244,-0.5790023244,4.058536951
25.725,4.416816768,-0.4756161835,-0.4756161835,4.21263662
25.75,4.363814283,-0.368358471,-0.368358471,4.368172797
25.775,4.311629841,-0.2572008179,-0.2572008179,4.524509043
25.8,4.260396941,-0.1421333445,-0.1421333445,4.680798332
25.825,4.210235534,-0.02317024805,-0.02317024805,4.835957316
25.85,4.16125193,0.09964398429,0.09964398429,4.988642506
25.875,4.113538758,0.2262278172,0.2262278172,5.137230696
25.9,4.067174992,0.3564554987,0.3564554987,5.279806586
25.925,4.022226042,0.4901497137,0.4901497137,5.414161154
25.95,3.978743892,0.6270743685,0.6270743685,5.53780482
25.975,3.936767311,0.7669279349,0.7669279349,5.647999562
26,3.896322108,0.9093378757,0.9093378757,5.741813939
26.025,3.857421446,1.053856764,1.053856764,5.816203895
26.05,3.820066208,1.199960758,1.199960758,5.868120554
26.075,3.784245417,1.3470511,1.3470511,5.894643591
26.1,3.749936691,1.494459218,1.494459218,5.893135289
26.125,3.717106757,1.641455856,1.641455856,5.86140653
26.15,3.685712,1.787264369,1.787264369,5.797882317
26.175,3.655699046,1.931078003,1.931078003,5.701751421
26.2,3.627005395,2.072080533,2.072080533,5.573083453
26.225,3.599560069,2.20946926,2.20946926,5.412897867
26.25,3.573284304,2.342479012,2.342479012,5.223172993
26.275,3.548092258,2.470405535,2.470405535,5.00678935
26.3,3.523891747,2.592626672,2.592626672,4.767409125
26.325,3.500584996,2.708619819,2.708619819,4.509301499
26.35,3.478069406,2.817974504,2.817974504,4.237130139
26.375,3.456238334,2.920399382,2.920399382,3.955723266
26.4,3.434981876,3.015723504,3.015723504,3.66984789
26.425,3.41418766,3.103892186,3.103892186,3.384007167
26.45,3.393741637,3.184958259,3.184958259,3.102275638
26.475,3.373528862,3.25906978,3.25906978,2.828180791
26.5,3.353434278,3.326455374,3.326455374,2.564633412
26.525,3.333343483,3.387408439,3.387408439,2.313903728
26.55,3.313143485,3.442271243,3.442271243,2.07763653
26.575,3.292723438,3.491419802,3.491419802,1.856896309
26.6,3.271975355,3.535250153,3.535250153,1.652232764
26.625,3.250794806,3.574166442,3.574166442,1.463757696
26.65,3.229081576,3.608570974,3.608570974,1.291225726
26.675,3.206740301,3.638856278,3.638856278,1.134112906
26.7,3.18368107,3.665399067,3.665399067,0.9916891649
26.725,3.159819988,3.6885559,3.6885559,0.8630821995
26.75,3.135079705,3.708660325,3.708660325,0.7473316044
26.775,3.109389903,3.726021251,3.726021251,0.643433158
26.8,3.082687738,3.740922304,3.740922304,0.55037378
26.825,3.054918242,3.75362196,3.75362196,0.4671581125
26.85,3.026034677,3.76435424,3.76435424,0.3928278734
26.875,2.995998839,3.773329817,3.773329817,0.3264751818
26.9,2.964781319,3.780737386,3.780737386,0.2672510078
26.925,2.932361707,3.786745207,3.786745207,0.2143697873
26.95,2.898728754,3.791502712,3.791502712,0.1671111138
26.975,2.863880473,3.795142135,3.795142135,0.1248192673
27,2.827824197,3.797780107,3.797780107,0.08690120668
27.025,2.79057658,3.799519183,3.799519183,0.05282352261
27.05,2.752163551,3.800449293,3.800449293,0.02210873927
27.075,2.712620212,3.800649085,3.800649085,-0.005668741123
27.1,2.671990689,3.800187172,3.800187172,-0.03088683111
27.125,2.630327932,3.799123274,3.799123274,-0.05387993181
27.15,2.587693465,3.797509249,3.797509249,-0.07494297777
27.175,2.544157094,3.795390039,3.795390039,-0.09433528128
27.2,2.49979656,3.792804506,3.792804506,-0.1122841316
27.225,2.454697158,3.789786199,3.789786199,-0.1289881267
27.25,2.408951304,3.786364026,3.786364026,-0.1446202284
27.275,2.362658071,3.782562863,3.782562863,-0.1593305448
27.3,2.315922675,3.778404094,3.778404094,-0.1732488489
27.325,2.268855941,3.773906086,3.773906086,-0.1864868479
27.35,2.22157372,3.769084619,3.769084619,-0.1991402207
27.375,2.174196288,3.763953264,3.763953264,-0.2112904421
27.4,2.12684771,3.758523713,3.758523713,-0.2230064116
27.425,2.079655181,3.752806078,3.752806078,-0.2343459067
27.45,2.03274835,3.746809153,3.746809153,-0.2453568776
27.475,1.98625862,3.740540642,3.740540642,-0.2560785996
27.5,1.940318435,3.734007368,3.734007368,-0.2665426996
27.525,1.895060557,3.727215445,3.727215445,-0.27677407
27.55,1.850617336,3.720170444,3.720170444,-0.2867916835
27.575,1.807119967,3.712877526,3.712877526,-0.2966093196
27.6,1.764697759,3.705341567,3.705341567,-0.3062362139
27.625,1.723477396,3.69756726,3.69756726,-0.3156776397
27.65,1.683582206,3.689559214,3.689559214,-0.3249354286
27.675,1.645131443,3.681322028,3.681322028,-0.3340084399
27.7,1.608239577,3.672860362,3.672860362,-0.3428929823
27.725,1.573015606,3.664178998,3.664178998,-0.3515831971
27.75,1.53956238,3.655282885,3.655282885,-0.360071404
27.775,1.507975955,3.646177187,3.646177187,-0.3683484171
27.8,1.478344965,3.636867311,3.636867311,-0.3764038338
27.825,1.450750036,3.627358936,3.627358936,-0.3842262989
27.85,1.425263215,3.617658037,3.617658037,-0.3918037487
27.875,1.401947448,3.607770895,3.607770895,-0.3991236368
27.9,1.380856088,3.597704109,3.597704109,-0.4061731432
27.925,1.362032448,3.587464599,3.587464599,-0.4129393696
27.95,1.345509389,3.577059608,3.577059608,-0.419409522
27.975,1.331308962,3.566496694,3.566496694,-0.4255710826
28,1.319442088,3.555783726,3.555783726,-0.4314119709
28.025,1.309908291,3.544928864,3.544928864,-0.436920697
28.05,1.302695485,3.533940549,3.533940549,-0.4420865055
28.075,1.297779799,3.522827479,3.522827479,-0.446899513
28.1,1.295125471,3.511598588,3.511598588,-0.4513508382
28.125,1.294684784,3.500263016,3.500263016,-0.4554327258
28.15,1.296398062,3.488830085,3.488830085,-0.4591386637
28.175,1.300193715,3.477309259,3.477309259,-0.4624634951
28.2,1.30598835,3.465710117,3.465710117,-0.4654035233
28.225,1.313686922,3.454042308,3.454042308,-0.4679566124
28.25,1.323182954,3.442315515,3.442315515,-0.4701222801
28.275,1.334358802,3.430539412,3.430539412,-0.4719017858
28.3,1.34708598,3.418723619,3.418723619,-0.4732982118
28.325,1.361225529,3.406877653,3.406877653,-0.4743165377
28.35,1.376628453,3.395010886,3.395010886,-0.4749637082
28.375,1.393136185,3.383132487,3.383132487,-0.4752486931
28.4,1.410581121,3.371251378,3.371251378,-0.4751825407
28.425,1.428787191,3.359376177,3.359376177,-0.4747784213
28.45,1.44757047,3.347515146,3.347515146,-0.4740516641
28.475,1.466739848,3.335676137,3.335676137,-0.4730197834
28.5,1.486097721,3.323866536,3.323866536,-0.4717024964
28.525,1.505440737,3.312093208,3.312093208,-0.4701217307
28.55,1.524560561,3.300362444,3.300362444,-0.4683016216
28.575,1.543244686,3.288679903,3.288679903,-0.4662684983
28.6,1.561277264,3.277050558,3.277050558,-0.4640508597
28.625,1.578439962,3.265478643,3.265478643,-0.4616793385
28.65,1.594512851,3.253967601,3.253967601,-0.4591866544
28.675,1.609275296,3.242520031,3.242520031,-0.4566075545
28.7,1.62250688,3.231137638,3.231137638,-0.4539787416
28.725,1.633988326,3.219821187,3.219821187,-0.4513387947
28.75,1.643502433,3.208570455,3.208570455,-0.4487280711
28.775,1.650835012,3.19738419,3.19738419,-0.4461886049
28.8,1.655775828,3.186260068,3.186260068,-0.4437639874
28.825,1.658119533,3.175194659,3.175194659,-0.4414992422
28.85,1.657666591,3.164183388,3.164183388,-0.4394406889
28.875,1.654224199,3.153220511,3.153220511,-0.4376357951
28.9,1.647607181,3.142299081,3.142299081,-0.4361330249
28.925,1.637638872,3.131410931,3.131410931,-0.4349816763
28.95,1.624151978,3.120546652,3.120546652,-0.4342317143
28.975,1.606989405,3.10969558,3.10969558,-0.4339335981
29,1.58600506,3.098845784,3.098845784,-0.4341381055
29.025,1.56106462,3.087984062,3.087984062,-0.4348961545
29.05,1.532046263,3.077095939,3.077095939,-0.4362586247
29.075,1.498841355,3.066165672,3.066165672,-0.4382761797
29.1,1.4613551,3.055176252,3.055176252,-0.4409990913
29.125,1.419507138,3.044109425,3.044109425,-0.4444770688
29.15,1.373232094,3.032945698,3.032945698,-0.448759093
29.175,1.322480081,3.021664368,3.021664368,-0.4538932593
29.2,1.26721714,3.010243541,3.010243541,-0.4599266282
29.225,1.207425629,2.998660161,2.998660161,-0.4669050879
29.25,1.143104552,2.986890039,2.986890039,-0.4748732285
29.275,1.074269825,2.974907892,2.974907892,-0.4838742297
29.3,1.000954486,2.962687373,2.962687373,-0.4939497639
29.325,0.9232088333,2.950201115,2.950201115,-0.5051399153
29.35,0.8411005074,2.937420768,2.937420768,-0.5174831162
29.375,0.7547144999,2.924317044,2.924317044,-0.5310161011
29.4,0.6641531021,2.910859756,2.910859756,-0.5457738807
29.425,0.5695357845,2.897017865,2.897017865,-0.5617897339
29.45,0.4709990101,2.882759522,2.882759522,-0.5790952212
29.475,0.3686959818,2.868052108,2.868052108,-0.5977202169
29.5,0.2627963233,2.852862279,2.852862279,-0.6176929627
29.525,0.1534856955,2.837156006,2.837156006,-0.6390401404
29.55,0.04096534775,2.820898608,2.820898608,-0.6617869653
29.575,-0.07454839333,2.804054794,2.804054794,-0.6859572985
29.6,-0.192824697,2.786588692,2.786588692,-0.7115737789
29.625,-0.3136188616,2.768463874,2.768463874,-0.7386579727
29.65,-0.4366730052,2.74964339,2.74964339,-0.7672305411
29.675,-0.5617168129,2.730089778,2.730089778,-0.7973114248
29.7,-0.6884683367,2.709765087,2.709765087,-0.8289200439
29.725,-0.8166348467,2.688630885,2.688630885,-0.8620755131
29.75,-0.9459137303,2.666648262,2.666648262,-0.8967968708
29.775,-1.075993436,2.643777833,2.643777833,-0.93310332
29.8,-1.206554457,2.619979724,2.619979724,-0.9710144808
29.825,-1.33727036,2.595213567,2.595213567,-1.010550653
29.85,-1.467808838,2.569438473,2.569438473,-1.05173309
29.875,-1.597832803,2.542613007,2.542613007,-1.094584275
29.9,-1.7270015,2.514695153,2.514695153,-1.139128208
29.925,-1.854971649,2.485642276,2.485642276,-1.185390691
29.95,-1.981398603,2.455411066,2.455411066,-1.233399623
29.975,-2.105937519,2.423957489,2.423957489,-1.283185288
30,-2.228244544,2.391236721,2.391236721,-1.334780641
30.025,-2.347978003,2.357203078,2.357203078,-1.388221591
30.05,-2.464799592,2.321809937,2.321809937,-1.443547269
30.075,-2.578375566,2.285009654,2.285009654,-1.500800289
30.1,-2.68837792,2.246753476,2.246753476,-1.560026976
30.125,-2.794485561,2.206991441,2.206991441,-1.62127758
30.15,-2.896385459,2.165672279,2.165672279,-1.684606449
30.175,-2.993773784,2.122743313,2.122743313,-1.750072151
30.2,-3.086357013,2.078150342,2.078150342,-1.817737544
30.225,-3.173853013,2.031837546,2.031837546,-1.887669774
30.25,-3.255992082,1.98374737,1.98374737,-1.959940175
30.275,-3.332517967,1.933820426,1.933820426,-2.034624052
30.3,-3.403188828,1.881995398,1.881995398,-2.111800342
30.325,-3.467778164,1.828208956,1.828208956,-2.191551069
30.35,-3.526075685,1.772395688,1.772395688,-2.273960625
30.375,-3.577888144,1.714488053,1.714488053,-2.359114761
30.4,-3.623040096,1.654416363,1.654416363,-2.447099279
30.425,-3.661374617,1.5921088,1.5921088,-2.537998375
30.45,-3.692753946,1.527491485,1.527491485,-2.631892458
30.475,-3.717060073,1.460488598,1.460488598,-2.728855573
30.5,-3.734195259,1.391022592,1.391022592,-2.828952
30.525,-3.744082484,1.31901446,1.31901446,-2.932232357
30.55,-3.746665827,1.244384168,1.244384168,-3.038728595
30.575,-3.741910774,1.16705116,1.16705116,-3.148448266
30.6,-3.729804451,1.086935083,1.086935083,-3.261367398
30.625,-3.710355782,1.003956643,1.003956643,-3.377422465
30.65,-3.683595575,0.9180387503,0.9180387503,-3.49650055
30.675,-3.649576524,0.8291078484,0.8291078484,-3.618428511
30.7,-3.608373141,0.737095602,0.737095602,-3.742960183
30.725,-3.560081608,0.6419408898,0.6419408898,-3.869762276
30.75,-3.504819556,0.5435921695,0.5435921695,-3.998398764
30.775,-3.442725761,0.4420102583,0.4420102583,-4.128313986
30.8,-3.373959772,0.3371715462,0.3371715462,-4.258814909
30.825,-3.298701459,0.2290716536,0.2290716536,-4.389053153
30.85,-3.217150493,0.1177295339,0.1177295339,-4.518007638
30.875,-3.129525753,0.003191991091,0.003191991091,-4.644469065
30.9,-3.036064659,-0.1144614546,-0.1144614546,-4.767027787
30.925,-2.937022449,-0.2351134601,-0.2351134601,-4.884066996
30.95,-2.832671377,-0.3586036699,-0.3586036699,-4.993763465
30.975,-2.723299861,-0.4847236687,-0.4847236687,-5.094098351
31,-2.609211568,-0.6132123538,-0.6132123538,-5.18288059
31.025,-2.490724437,-0.7437520745,-0.7437520745,-5.257785239
31.05,-2.368169661,-0.8759659396,-0.8759659396,-5.316408496
31.075,-2.241890607,-1.009416714,-1.009416714,-5.356340215
31.1,-2.112241702,-1.143607742,-1.143607742,-5.375253118
31.125,-1.979587272,-1.277986288,-1.277986288,-5.371006088
31.15,-1.844300342,-1.411949579,-1.411949579,-5.341756677
31.175,-1.706761406,-1.544853713,-1.544853713,-5.28607579
31.2,-1.567357171,-1.676025369,-1.676025369,-5.203055582
31.225,-1.426479267,-1.804776014,-1.804776014,-5.092400531
31.25,-1.28452295,-1.930418084,-1.930418084,-4.954491764
31.275,-1.14188578,-2.052282349,-2.052282349,-4.790416043
31.3,-0.9989662927,-2.169735486,-2.169735486,-4.60195375
31.325,-0.8561626675,-2.282196824,-2.282196824,-4.391524196
31.35,-0.7138713911,-2.389153216,-2.389153216,-4.162091067
31.375,-0.5724859281,-2.490171114,-2.490171114,-3.917035261
31.4,-0.432395399,-2.584905169,-2.584905169,-3.660005813
31.425,-0.2939832732,-2.673102961,-2.673102961,-3.394761634
31.45,-0.15762608,-2.7546058,-2.7546058,-3.125017217
31.475,-0.02369214246,-2.82934583,-2.82934583,-2.854303603
31.5,0.1074596597,-2.897339953,-2.897339953,-2.585853712
31.525,0.235481096,-2.95868125,-2.95868125,-2.322517302
31.55,0.3600357533,-3.013528667,-3.013528667,-2.066707414
31.575,0.4808001637,-3.062095743,-3.062095743,-1.820376939
31.6,0.5974648862,-3.104639095,-3.104639095,-1.585021613
31.625,0.7097355399,-3.141447251,-3.141447251,-1.3617042
31.65,0.8173337839,-3.172830295,-3.172830295,-1.151094053
31.675,0.9199982407,-3.199110637,-3.199110637,-0.953516368
31.7,1.017485359,-3.220615073,-3.220615073,-0.7690060866
31.725,1.109570215,-3.237668214,-3.237668214,-0.5973623606
31.75,1.196047244,-3.250587245,-3.250587245,-0.4382004799
31.775,1.276730907,-3.259677935,-3.259677935,-0.2909991962
31.8,1.351456285,-3.265231757,-3.265231757,-0.1551422736
31.825,1.420079598,-3.267523961,-3.267523961,-0.02995372825
31.85,1.482478649,-3.266812459,-3.266812459,0.08527319859
31.875,1.538553191,-3.263337357,-3.263337357,0.1912529678
31.9,1.588225221,-3.257320994,-3.257320994,0.2886899767
31.925,1.631439181,-3.248968363,-3.248968363,0.3782654022
31.95,1.668162095,-3.23846782,-3.23846782,0.4606279281
31.975,1.698383611,-3.225991978,-3.225991978,0.5363876568
32,1.722115973,-3.211698715,-3.211698715,0.6061125666
32.025,1.739393903,-3.195732258,-3.195732258,0.6703269509
32.05,1.750274411,-3.178224272,-3.178224272,0.7295113552
32.075,1.754836515,-3.159294947,-3.159294947,0.7841036196
32.1,1.753180895,-3.139054041,-3.139054041,0.8345006888
32.125,1.745429458,-3.117601876,-3.117601876,0.8810609443
32.15,1.731724831,-3.095030271,-3.095030271,0.9241068461
32.175,1.712229786,-3.0714234,-3.0714234,0.9639277339
32.2,1.687126579,-3.046858592,-3.046858592,1.000782677
32.225,1.656616239,-3.021407046,-3.021407046,1.034903284
32.25,1.62091777,-2.995134484,-2.995134484,1.066496417
32.275,1.580267304,-2.968101743,-2.968101743,1.095746771
32.3,1.534917186,-2.940365289,-2.940365289,1.122819303
32.325,1.485135005,-2.911977693,-2.911977693,1.147861481
32.35,1.431202569,-2.882988031,-2.882988031,1.171005371
32.375,1.373414829,-2.853442252,-2.853442252,1.19236954
32.4,1.312078763,-2.823383492,-2.823383492,1.212060806
32.425,1.247512212,-2.792852345,-2.792852345,1.230175823
32.45,1.180042681,-2.761887101,-2.761887101,1.246802514
32.475,1.110006107,-2.730523949,-2.730523949,1.26202138
32.5,1.0377456,-2.698797144,-2.698797144,1.275906665
32.525,0.9636101556,-2.666739152,-2.666739152,1.288527424
32.55,0.8879533555,-2.634380769,-2.634380769,1.299948469
32.575,0.8111320479,-2.601751214,-2.601751214,1.310231231
32.6,0.7335050222,-2.568878203,-2.568878203,1.319434528
32.625,0.6554316775,-2.535788009,-2.535788009,1.327615255
32.65,0.5772706935,-2.502505498,-2.502505498,1.334829003
32.675,0.4993787052,-2.46905416,-2.46905416,1.341130618
32.7,0.4221089897,-2.435456114,-2.435456114,1.346574687
32.725,0.3458101673,-2.401732115,-2.401732115,1.351215982
32.75,0.2708249235,-2.367901543,-2.367901543,1.355109855
32.775,0.1974887555,-2.333982382,-2.333982382,1.35831257
32.8,0.1261287484,-2.299991196,-2.299991196,1.360881614
32.825,0.05706238587,-2.265943091,-2.265943091,1.362875952
32.85,-0.009403601169,-2.231851683,-2.231851683,1.364356254
32.875,-0.07297434283,-2.197729041,-2.197729041,1.365385078
32.9,-0.1333678918,-2.163585653,-2.163585653,1.366027028
32.925,-0.1903162338,-2.129430358,-2.129430358,1.366348873
32.95,-0.2435662444,-2.095270302,-2.095270302,1.366419646
32.975,-0.2928805867,-2.061110875,-2.061110875,1.366310691
33,-0.3380385487,-2.026955651,-2.026955651,1.366095712
33.025,-0.378836816,-1.992806339,-1.992806339,1.365850776
33.05,-0.4150901772,-1.958662712,-1.958662712,1.36565429
33.075,-0.44663216,-1.924522549,-1.924522549,1.365586948
33.1,-0.4733155951,-1.890381595,-1.890381595,1.365731686
33.125,-0.4950131062,-1.856233489,-1.856233489,1.366173577
33.15,-0.5116175242,-1.822069715,-1.822069715,1.366999703
33.175,-0.5230422247,-1.78787956,-1.78787956,1.368299053
33.2,-0.5292213862,-1.753650064,-1.753650064,1.370162342
33.225,-0.5301101704,-1.719365975,-1.719365975,1.372681844
33.25,-0.525684822,-1.685009723,-1.685009723,1.375951223
33.275,-0.5159426887,-1.650561375,-1.650561375,1.380065291
33.3,-0.5009021613,-1.615998621,-1.615998621,1.385119824
33.325,-0.4806025344,-1.581296743,-1.581296743,1.3912113
33.35,-0.4551037883,-1.546428607,-1.546428607,1.398436667
33.375,-0.4244862926,-1.511364651,-1.511364651,1.406893078
33.4,-0.3888504333,-1.476072885,-1.476072885,1.416677615
33.425,-0.348316165,-1.440518896,-1.440518896,1.427887018
33.45,-0.3030224895,-1.40466586,-1.40466586,1.440617368
33.475,-0.2531268633,-1.36847456,-1.36847456,1.454963811
33.5,-0.1988045366,-1.331903419,-1.331903419,1.471020198
33.525,-0.1402478254,-1.294908531,-1.294908531,1.488878788
33.55,-0.07766532079,-1.257443709,-1.257443709,1.508629854
33.575,-0.01128103836,-1.219460534,-1.219460534,1.530361342
33.6,0.05866649,-1.180908427,-1.180908427,1.554158435
33.625,0.131925177,-1.141734714,-1.141734714,1.580103147
33.65,0.2082303906,-1.101884719,-1.101884719,1.608273823
33.675,0.2873060101,-1.061301854,-1.061301854,1.63874464
33.7,0.3688655238,-1.019927739,-1.019927739,1.671585012
33.725,0.4526131636,-0.9777023217,-0.9777023217,1.70685896
33.75,0.5382450727,-0.934564027,-0.934564027,1.744624371
33.775,0.6254505016,-0.8904499143,-0.8904499143,1.784932192
33.8,0.713913027,-0.8452958694,-0.8452958694,1.827825484
33.825,0.8033117904,-0.7990368073,-0.7990368073,1.873338371
33.85,0.8933227506,-0.751606918,-0.751606918,1.921494821
33.875,0.9836199449,-0.702939929,-0.702939929,1.97230728
33.9,1.073876756,-0.6529694224,-0.6529694224,2.025775076
33.925,1.163767177,-0.6016291721,-0.6016291721,2.081882679
33.95,1.252967071,-0.5488535551,-0.5488535551,2.140597631
33.975,1.341155425,-0.4945779872,-0.4945779872,2.201868337
34,1.428015577,-0.4387394438,-0.4387394438,2.26562148
34.025,1.513236443,-0.3812770341,-0.3812770341,2.331759225
34.05,1.596513697,-0.3221326481,-0.3221326481,2.400156129
34.075,1.67755094,-0.261251695,-0.261251695,2.470655738
34.1,1.756060827,-0.1985839201,-0.1985839201,2.543066963
34.125,1.831766158,-0.1340843183,-0.1340843183,2.617160228
34.15,1.904400928,-0.06771414644,-0.06771414644,2.692663443
34.175,1.973711331,0.0005579617326,0.0005579617326,2.769257915
34.2,2.039456713,0.0707547804,0.0707547804,2.846574301
34.225,2.101410473,0.1428891767,0.1428891767,2.924188758
34.25,2.15936091,0.2169627041,0.2169627041,3.001619496
34.275,2.213112004,0.2929641167,0.2929641167,3.078323962
34.3,2.262484142,0.3708678243,0.3708678243,3.153696959
34.325,2.307314768,0.4506323159,0.4506323159,3.227070008
34.35,2.347458981,0.5321985858,0.5321985858,3.297712347
34.375,2.382790045,0.6154886092,0.6154886092,3.364833919
34.4,2.413199841,0.7004039216,0.7004039216,3.427590772
34.425,2.43859924,0.7868243698,0.7868243698,3.485093191
34.45,2.458918399,0.8746070983,0.8746070983,3.536416982
34.475,2.474106985,0.963585863,0.963585863,3.580617932
34.5,2.484134322,1.053570747,1.053570747,3.616749678
34.525,2.488989458,1.144348363,1.144348363,3.643884747
34.55,2.48868116,1.23568262,1.23568262,3.661138459
34.575,2.483237822,1.327316116,1.327316116,3.667695011
34.6,2.472707313,1.418972197,1.418972197,3.662834841
34.625,2.457156729,1.510357712,1.510357712,3.645962112
34.65,2.436672088,1.601166433,1.601166433,3.616630884
34.675,2.411357939,1.691083109,1.691083109,3.574568478
34.7,2.381336909,1.779788036,1.779788036,3.519694436
34.725,2.34674917,1.866962049,1.866962049,3.45213364
34.75,2.307751846,1.952291739,1.952291739,3.37222239
34.775,2.264518354,2.035474741,2.035474741,3.280506606
34.8,2.217237677,2.116224861,2.116224861,3.17773185
34.825,2.166113583,2.194276859,2.194276859,3.064825389
34.85,2.111363782,2.269390697,2.269390697,2.942871109
34.875,2.053219039,2.341355071,2.341355071,2.813078572
34.9,1.991922225,2.409990125,2.409990125,2.676747919
34.925,1.927727333,2.475149255,2.475149255,2.535232539
34.95,1.860898445,2.536719962,2.536719962,2.389901699
34.975,1.791708666,2.594623804,2.594623804,2.242104683
35,1.720439019,2.648815476,2.648815476,2.093138463
35.025,1.647377319,2.699281153,2.699281153,1.944219994
35.05,1.572817013,2.746036197,2.746036197,1.796464057
35.075,1.497056007,2.789122383,2.789122383,1.650867027
35.1,1.420395473,2.828604807,2.828604807,1.508296607
35.125,1.34313865,2.864568592,2.864568592,1.369487152
35.15,1.265589633,2.897115553,2.897115553,1.235039969
35.175,1.188052166,2.926360916,2.926360916,1.105427813
35.2,1.110828436,2.952430199,2.952430199,0.9810026826
35.225,1.034217874,2.975456315,2.975456315,0.8620060351
35.25,0.9585159742,2.995576952,2.995576952,0.7485805838
35.275,0.8840131242,3.012932263,3.012932263,0.6407829102
35.3,0.810993462,3.027662873,3.027662873,0.5385962744
35.325,0.7397337579,3.039908202,3.039908202,0.4419431197
35.35,0.6705023278,3.049805097,3.049805097,0.3506968828
35.375,0.603557982,3.057486739,3.057486739,0.264692855
35.4,0.5391490131,3.063081821,3.063081821,0.1837379267
35.425,0.477512228,3.06671394,3.06671394,0.1076191436
35.45,0.4188720259,3.068501202,3.068501202,0.03611106122
35.475,0.3634395284,3.068555985,3.068555985,-0.03101806624
35.5,0.3114117625,3.066984848,3.066984848,-0.09400118652
35.525,0.2629709021,3.063888557,3.063888557,-0.1530683463
35.55,0.218283569,3.059362196,3.059362196,-0.2084434778
35.575,0.1775001968,3.053495352,3.053495352,-0.2603419635
35.6,0.1407544607,3.046372357,3.046372357,-0.3089688698
35.625,0.1081627749,3.038072556,3.038072556,-0.3545177479
35.65,0.07982385884,3.028670606,3.028670606,-0.3971699021
35.675,0.05581837554,3.01823679,3.01823679,-0.4370940454
35.7,0.03620864177,3.006837333,3.006837333,-0.4744462618
35.725,0.02103841222,2.99453471,2.99453471,-0.509370211
35.75,0.01033273793,2.981387958,2.981387958,-0.5419975214
35.775,0.004097899696,2.967452968,2.967452968,-0.5724483216
35.8,0.002321416497,2.952782766,2.952782766,-0.6008318714
35.825,0.004972128964,2.937427773,2.937427773,-0.6272472623
35.85,0.01200035741,2.921436054,2.921436054,-0.651784159
35.875,0.02333813379,2.904853542,2.904853542,-0.674523564
35.9,0.03889950652,2.887724244,2.887724244,-0.6955385862
35.925,0.05858091702,2.870090431,2.870090431,-0.7148952042
35.95,0.08226164625,2.851992806,2.851992806,-0.7326530121
35.975,0.1098043296,2.833470653,2.833470653,-0.7488659435
36,0.1410555376,2.814561973,2.814561973,-0.763582968
36.025,0.1758464213,2.795303597,2.795303597,-0.7768487561
36.05,0.2139934174,2.775731287,2.775731287,-0.7887043126
36.075,0.2552990131,2.755879817,2.755879817,-0.7991875756
36.1,0.2995525653,2.735783048,2.735783048,-0.8083339824
36.125,0.3465311719,2.715473979,2.715473979,-0.8161770012
36.15,0.3960005921,2.694984792,2.694984792,-0.8227486301
36.175,0.4477162104,2.674346884,2.674346884,-0.8280798645
36.2,0.5014240419,2.653590882,2.653590882,-0.8322011328
36.225,0.5568617753,2.632746658,2.632746658,-0.835142702
36.25,0.6137598465,2.611843324,2.611843324,-0.8369350527
36.275,0.671842543,2.590909224,2.590909224,-0.8376092266
36.3,0.7308291299,2.569971915,2.569971915,-0.837197147
36.325,0.7904349969,2.549058143,2.549058143,-0.8357319124
36.35,0.8503728194,2.528193808,2.528193808,-0.8332480582
36.375,0.9103537299,2.507403927,2.507403927,-0.8297817986
36.4,0.9700884946,2.486712588,2.486712588,-0.8253712419
36.425,1.029288692,2.4661429,2.4661429,-0.8200565723
36.45,1.087667884,2.445716941,2.445716941,-0.8138802144
36.475,1.144942786,2.425455698,2.425455698,-0.80688697
36.5,1.200834413,2.405379006,2.405379006,-0.79912412
36.525,1.255069217,2.385505491,2.385505491,-0.7906415161
36.55,1.307380198,2.365852492,2.365852492,-0.7814916265
36.575,1.357507987,2.346436011,2.346436011,-0.7717295746
36.6,1.405201903,2.327270634,2.327270634,-0.7614131306
36.625,1.450220967,2.308369472,2.308369472,-0.7506026988
36.65,1.492334884,2.289744092,2.289744092,-0.739361249
36.675,1.531324976,2.271404456,2.271404456,-0.7277542566
36.7,1.566985071,2.253358861,2.253358861,-0.7158495844
36.725,1.599122341,2.235613874,2.235613874,-0.7037173404
36.75,1.627558088,2.218174288,2.218174288,-0.6914297539
36.775,1.652128463,2.201043064,2.201043064,-0.6790609642
36.8,1.672685143,2.184221285,2.184221285,-0.666686802
36.825,1.689095924,2.167708124,2.167708124,-0.6543846113
36.85,1.70124527,2.151500801,2.151500801,-0.6422329504
36.875,1.709034775,2.135594559,2.135594559,-0.6303113242
36.9,1.712383574,2.119982648,2.119982648,-0.6186999487
36.925,1.711228668,2.104656305,2.104656305,-0.6074793806
36.95,1.705525188,2.089604751,2.089604751,-0.5967302204
36.975,1.695246578,2.074815196,2.074815196,-0.5865328323
37,1.680384711,2.060272847,2.060272847,-0.5769669404
37.025,1.660949926,2.045960929,2.045960929,-0.5681113361
37.05,1.63697099,2.031860715,2.031860715,-0.5600435192
37.075,1.60849499,2.017951556,2.017951556,-0.5528393542
37.1,1.57558715,2.004210933,2.004210933,-0.5465727511
37.125,1.538330568,1.990614508,1.990614508,-0.5413153143
37.15,1.496825892,1.977136182,1.977136182,-0.5371360509
37.175,1.451190917,1.963748169,1.963748169,-0.5341010434
37.2,1.401560117,1.950421069,1.950421069,-0.5322731866
37.225,1.348084105,1.937123954,1.937123954,-0.5317119017
37.25,1.290929033,1.923824454,1.923824454,-0.5324729113
37.275,1.230275926,1.910488856,1.910488856,-0.5346080064
37.3,1.16631996,1.897082204,1.897082204,-0.5381648694
37.325,1.099269673,1.883568402,1.883568402,-0.5431869016
37.35,1.029346135,1.869910323,1.869910323,-0.549713103
37.375,0.9567820561,1.856069923,1.856069923,-0.5577779648
37.4,0.8818208551,1.842008352,1.842008352,-0.5674114115
37.425,0.8047156785,1.827686069,1.827686069,-0.5786387601
37.45,0.7257283846,1.813062958,1.813062958,-0.5914807263
37.475,0.6451284892,1.798098442,1.798098442,-0.6059534503
37.5,0.5631920817,1.782751597,1.782751597,-0.62206856
37.525,0.480200713,1.766981267,1.766981267,-0.6398332694
37.55,0.3964402616,1.750746161,1.750746161,-0.6592504791
37.575,0.3121997816,1.734004978,1.734004978,-0.6803189441
37.6,0.227770337,1.716716497,1.716716497,-0.7030334301
37.625,0.1434438283,1.698839666,1.698839666,-0.7273848788
37.65,0.05951181362,1.680333716,1.680333716,-0.75336065
37.675,-0.02373566784,1.661158231,1.661158231,-0.7809447013
37.7,-0.1060112678,1.641273238,1.641273238,-0.8101178263
37.725,-0.1870314904,1.620639281,1.620639281,-0.8408578866
37.75,-0.2665178385,1.599217492,1.599217492,-0.8731400203
37.775,-0.3441979409,1.576969657,1.576969657,-0.9069368948
37.8,-0.4198066554,1.553858271,1.553858271,-0.9422188941
37.825,-0.4930871429,1.529846599,1.529846599,-0.9789543458
37.85,-0.5637919089,1.504898721,1.504898721,-1.017109693
37.875,-0.6316838083,1.478979576,1.478979576,-1.056649667
37.9,-0.696537008,1.452055006,1.452055006,-1.097537425
37.925,-0.7581379059,1.424091792,1.424091792,-1.139734653
37.95,-0.8162859994,1.395057691,1.395057691,-1.183201649
37.975,-0.8707947029,1.364921469,1.364921469,-1.227897348
38,-0.9214921089,1.333652938,1.333652938,-1.27377931
38.025,-0.9682216906,1.301222984,1.301222984,-1.320803667
38.05,-1.010842943,1.267603612,1.267603612,-1.368925007
38.075,-1.049231958,1.232767985,1.232767985,-1.418096179
38.1,-1.083281935,1.196690462,1.196690462,-1.468268113
38.125,-1.112903625,1.159346666,1.159346666,-1.519389444
38.15,-1.138025693,1.120713529,1.120713529,-1.571406171
38.175,-1.158595025,1.080769369,1.080769369,-1.624261251
38.2,-1.174576945,1.039493985,1.039493985,-1.677893956
38.225,-1.18595537,0.9968687322,0.9968687322,-1.732239361
38.25,-1.192732882,0.9528766576,0.9528766576,-1.787227594
38.275,-1.194930727,0.9075026248,0.9075026248,-1.842783019
38.3,-1.192588741,0.8607334621,0.8607334621,-1.89882343
38.325,-1.185765194,0.8125581581,0.8125581581,-1.955258963
38.35,-1.174536566,0.7629680391,0.7629680391,-2.011991171
38.375,-1.158997245,0.7119570265,0.7119570265,-2.068911763
38.4,-1.139259151,0.6595218716,0.6595218716,-2.125901489
38.425,-1.115451293,0.6056624686,0.6056624686,-2.182828793
38.45,-1.08771925,0.5503821574,0.5503821574,-2.239548569
38.475,-1.056224588,0.4936880987,0.4936880987,-2.295900766
38.5,-1.021144214,0.4355916467,0.4355916467,-2.35170912
38.525,-0.9826696566,0.3761087839,0.3761087839,-2.406779836
38.55,-0.9410062975,0.3152605675,0.3152605675,-2.460900425
38.575,-0.8963725393,0.2530736101,0.2530736101,-2.513838652
38.6,-0.8489989205,0.1895805885,0.1895805885,-2.565341693
38.625,-0.7991271799,0.1248207628,0.1248207628,-2.615135564
38.65,-0.7470092737,0.0588405091,0.0588405091,-2.662924901
38.675,-0.6929063498,-0.008306145905,-0.008306145905,-2.708393175
38.7,-0.6370876825,-0.07655700486,-0.07655700486,-2.751203423
38.725,-0.5798295728,-0.1458412046,-0.1458412046,-2.7909996
38.75,-0.5214142177,-0.2160787624,-0.2160787624,-2.827408618
38.775,-0.4621285532,-0.2871801845,-0.2871801845,-2.86004318
38.8,-0.4022630766,-0.3590461543,-0.3590461543,-2.888505464
38.825,-0.3421106516,-0.4315673242,-0.4315673242,-2.912391682
38.85,-0.2819653004,-0.5046242337,-0.5046242337,-2.931297559
38.875,-0.2221209905,-0.5780873757,-0.5780873757,-2.944824731
38.9,-0.1628704173,-0.6518174314,-0.6518174314,-2.952587946
38.925,-0.1045037901,-0.7256656969,-0.7256656969,-2.954223
38.95,-0.04730762535,-0.7994747142,-0.7994747142,-2.949395237
38.975,0.008436448137,-0.8730791201,-0.8730791201,-2.937808392
39,0.06245286673,-0.9463067179,-0.9463067179,-2.91921351
39.025,0.1144732879,-1.018979769,-1.018979769,-2.893417619
39.05,0.1642377198,-1.090916496,-1.090916496,-2.860291819
39.075,0.2114956195,-1.161932775,-1.161932775,-2.819778419
39.1,0.2560069564,-1.231843992,-1.231843992,-2.771896769
39.125,0.2975432351,-1.300467026,-1.300467026,-2.716747445
39.15,0.3358884749,-1.367622311,-1.367622311,-2.654514507
39.175,0.3708401413,-1.43313593,-1.43313593,-2.585465628
39.2,0.4022100254,-1.496841682,-1.496841682,-2.509949966
39.225,0.4298250681,-1.558583071,-1.558583071,-2.428393772
39.25,0.4535281256,-1.618215155,-1.618215155,-2.341293826
39.275,0.4731786726,-1.675606206,-1.675606206,-2.249208931
39.3,0.488653441,-1.730639138,-1.730639138,-2.152749734
39.325,0.4998469906,-1.783212658,-1.783212658,-2.052567322
39.35,0.5066722096,-1.833242133,-1.833242133,-1.94934094
39.375,0.5090607437,-1.880660127,-1.880660127,-1.843765344
39.4,0.5069633498,-1.925416643,-1.925416643,-1.736538484
39.425,0.5003501755,-1.967479037,-1.967479037,-1.628349248
39.45,0.4892109604,-2.006831668,-2.006831668,-1.519866734
39.475,0.4735551601,-2.043475269,-2.043475269,-1.411730332
39.5,0.4534119915,-2.077426094,-2.077426094,-1.304541405
39.525,0.4288303988,-2.108714887,-2.108714887,-1.198856637
39.55,0.3998789408,-2.137385699,-2.137385699,-1.095182966
39.575,0.3666455994,-2.163494592,-2.163494592,-0.9939741714
39.6,0.3292375094,-2.187108288,-2.187108288,-0.8956290385
39.625,0.2877806113,-2.208302784,-2.208302784,-0.8004909076
39.65,0.2424192283,-2.227161978,-2.227161978,-0.7088484597
39.675,0.1933155676,-2.243776318,-2.243776318,-0.6209375498
39.7,0.1406491498,-2.258241512,-2.258241512,-0.5369438544
39.725,0.0846161669,-2.270657322,-2.270657322,-0.457006125
39.75,0.025428772,-2.281126426,-2.281126426,-0.3812199214
39.775,-0.03668569682,-2.289753393,-2.289753393,-0.3096415492
39.8,-0.1014855555,-2.296643753,-2.296643753,-0.2422921192
39.825,-0.1687156731,-2.301903164,-2.301903164,-0.1791615961
39.85,-0.2381084267,-2.305636686,-2.305636686,-0.1202127146
39.875,-0.3093847095,-2.307948146,-2.307948146,-0.06538469012
39.9,-0.382254988,-2.308939592,-2.308939592,-0.01459667762
39.925,-0.4564204036,-2.308710836,-2.308710836,0.03224906387
39.95,-0.5315739149,-2.307359063,-2.307359063,0.07526432024
39.975,-0.6074014766,-2.304978516,-2.304978516,0.1145723915
40,-0.68358325,-2.301660233,-2.301660233,0.1503058745
40.025,-0.7597948404,-2.297491845,-2.297491845,0.1826047479
40.05,-0.8357085569,-2.292557405,-2.292557405,0.2116147388
40.075,-0.9109946893,-2.286937266,-2.286937266,0.2374859499
40.1,-0.9853227977,-2.280707986,-2.280707986,0.2603717187
40.125,-1.058363009,-2.273942262,-2.273942262,0.2804276856
40.15,-1.129787318,-2.266708874,-2.266708874,0.2978110412
40.175,-1.19927088,-2.259072664,-2.259072664,0.312679928
40.2,-1.266493301,-2.25109451,-2.25109451,0.3251929728
40.225,-1.331139917,-2.242831324,-2.242831324,0.3355089247
40.25,-1.392903044,-2.234336051,-2.234336051,0.3437863785
40.275,-1.451483219,-2.225657674,-2.225657674,0.3501835651
40.3,-1.506590405,-2.216841227,-2.216841227,0.3548581895
40.325,-1.557945162,-2.20792781,-2.20792781,0.357967306
40.35,-1.605279789,-2.198954605,-2.198954605,0.359667211
40.375,-1.648339416,-2.189954898,-2.189954898,0.3601133478
40.4,-1.686883053,-2.180958098,-2.180958098,0.3594602135
40.425,-1.720684591,-2.171989768,-2.171989768,0.3578612556
40.45,-1.749533742,-2.163071648,-2.163071648,0.3554687607
40.475,-1.77323693,-2.154221685,-2.154221685,0.3524337211
40.5,-1.791618111,-2.145454069,-2.145454069,0.3489056855
40.525,-1.804519535,-2.136779275,-2.136779275,0.3450325841
40.55,-1.811802434,-2.128204098,-2.128204098,0.3409605333
40.575,-1.813347645,-2.119731705,-2.119731705,0.3368336145
40.6,-1.809056154,-2.111361692,-2.111361692,0.3327936361
40.625,-1.798849566,-2.103090137,-2.103090137,0.3289798677
40.65,-1.782670498,-2.094909675,-2.094909675,0.3255287693
40.675,-1.760482894,-2.086809564,-2.086809564,0.3225736913
40.7,-1.73227225,-2.078775773,-2.078775773,0.3202445822
40.725,-1.698045769,-2.070791066,-2.070791066,0.3186676733
40.75,-1.657832429,-2.062835102,-2.062835102,0.317965178
40.775,-1.611682958,-2.054884536,-2.054884536,0.3182549839
40.8,-1.559669744,-2.046913138,-2.046913138,0.3196503599
40.825,-1.501886644,-2.038891901,-2.038891901,0.3222596785
40.85,-1.438448723,-2.030789176,-2.030789176,0.3261861495
40.875,-1.369491904,-2.0225708,-2.0225708,0.3315275923
40.9,-1.295172539,-2.014200235,-2.014200235,0.3383762196
40.925,-1.215666905,-2.005638708,-2.005638708,0.3468184731
40.95,-1.131170616,-1.996845358,-1.996845358,0.3569348786
40.975,-1.041897963,-1.98777739,-1.98777739,0.3687999592
41,-0.9480811863,-1.978390216,-1.978390216,0.3824821753
41.025,-0.8499696674,-1.968637616,-1.968637616,0.3980439275
41.05,-0.7478290625,-1.958471885,-1.958471885,0.4155415922
41.075,-0.6419403681,-1.947843982,-1.947843982,0.4350256118
41.1,-0.5325989275,-1.936703678,-1.936703678,0.4565406405
41.125,-0.4201133809,-1.924999698,-1.924999698,0.4801257182
41.15,-0.3048045621,-1.91267986,-1.91267986,0.5058145179
41.175,-0.1870043477,-1.899691202,-1.899691202,0.5336356051
41.2,-0.06705446148,-1.885980111,-1.885980111,0.5636127714
41.225,0.05469475998,-1.871492434,-1.871492434,0.5957653754
41.25,0.1778856369,-1.856173585,-1.856173585,0.63010874
41.275,0.3021544455,-1.839968642,-1.839968642,0.6666545649
41.3,0.4271327426,-1.822822431,-1.822822431,0.705411363
41.325,0.552448709,-1.8046796,-1.8046796,0.7463849246
41.35,0.6777285087,-1.785484682,-1.785484682,0.7895787728
41.375,0.8025976568,-1.765182144,-1.765182144,0.834994646
41.4,0.9266823914,-1.743716429,-1.743716429,0.8826329579
41.425,1.049611045,-1.72103198,-1.72103198,0.9324932563
41.45,1.171015407,-1.697073257,-1.697073257,0.9845746645
41.475,1.290532081,-1.671784745,-1.671784745,1.038876285
41.5,1.407803813,-1.645110946,-1.645110946,1.095397583
41.525,1.522480812,-1.616996368,-1.616996368,1.154138707
41.55,1.63422203,-1.587385503,-1.587385503,1.215100763
41.575,1.742696418,-1.556222803,-1.556222803,1.278286022
41.6,1.847584142,-1.523452646,-1.523452646,1.343698036
41.625,1.948577755,-1.489019305,-1.489019305,1.411341668
41.65,2.045383325,-1.452866915,-1.452866915,1.481223013
41.675,2.137721512,-1.414939447,-1.414939447,1.553349177
41.7,2.225328587,-1.375180685,-1.375180685,1.627727927
41.725,2.307957391,-1.333534214,-1.333534214,1.704367142
41.75,2.385378238,-1.289943429,-1.289943429,1.783274105
41.775,2.45737974,-1.244351562,-1.244351562,1.864454508
41.8,2.523769571,-1.196701732,-1.196701732,1.947911304
41.825,2.584375155,-1.146937038,-1.146937038,2.033643064
41.85,2.639044274,-1.09500068,-1.09500068,2.121642325
41.875,2.687645604,-1.040836156,-1.040836156,2.211893104
41.9,2.730069168,-0.9843874823,-0.9843874823,2.30436851
41.925,2.766226703,-0.9255995305,-0.9255995305,2.399027363
41.95,2.796051948,-0.8644184041,-0.8644184041,2.495810747
41.975,2.819500847,-0.8007919565,-0.8007919565,2.594637594
42,2.836551659,-0.7346703862,-0.7346703862,2.695399995
42.025,2.847204989,-0.6660069851,-0.6660069851,2.797957594
42.05,2.851483731,-0.5947590254,-0.5947590254,2.902131484
42.075,2.84943292,-0.5208887968,-0.5208887968,3.007697416
42.1,2.841119501,-0.4443648454,-0.4443648454,3.114378308
42.125,2.826632013,-0.3651633859,-0.3651633859,3.221836324
42.15,2.806080188,-0.2832699236,-0.2832699236,3.329664502
42.175,2.779594468,-0.1986810913,-0.1986810913,3.437378202
42.2,2.747325438,-0.1114066976,-0.1114066976,3.544406669
42.225,2.709443183,-0.02147197971,-0.02147197971,3.650085115
42.25,2.666136569,0.07107995663,0.07107995663,3.75364782
42.275,2.617612453,0.1661855448,0.1661855448,3.854222911
42.3,2.56409481,0.2637580619,0.2637580619,3.950829549
42.325,2.505823811,0.363684903,0.363684903,4.042378417
42.35,2.443054823,0.4658249185,0.4658249185,4.127676438
42.375,2.376057355,0.5700059319,0.5700059319,4.20543668
42.4,2.30511395,0.6760225808,0.6760225808,4.274294399
42.425,2.230519018,0.783634641,0.783634641,4.332829907
42.45,2.152577635,0.8925660174,0.8925660174,4.379598768
42.475,2.071604283,1.002504578,1.002504578,4.413169371
42.5,1.987921571,1.113103017,1.113103017,4.432167325
42.525,1.901858907,1.223980901,1.223980901,4.435325454
42.55,1.813751158,1.334728012,1.334728012,4.421537441
42.575,1.723937273,1.444909057,1.444909057,4.389912383
42.6,1.632758906,1.554069708,1.554069708,4.33982692
42.625,1.540559012,1.661743887,1.661743887,4.270971178
42.65,1.447680453,1.767462073,1.767462073,4.183384672
42.675,1.354464591,1.870760352,1.870760352,4.077478662
42.7,1.261249896,1.971189817,1.971189817,3.954042229
42.725,1.16837056,2.068325908,2.068325908,3.814230463
42.75,1.076155133,2.161777225,2.161777225,3.659534628
42.775,0.9849251739,2.251193383,2.251193383,3.491735715
42.8,0.8949939384,2.336271527,2.336271527,3.312844235
42.825,0.8066650915,2.416761216,2.416761216,3.125030284
42.85,0.7202314643,2.492467476,2.492467476,2.930548722
42.875,0.6359738505,2.563251979,2.563251979,2.731664288
42.9,0.5541598534,2.629032404,2.629032404,2.530581429
42.925,0.4750427843,2.689780133,2.689780133,2.329382665
42.95,0.398860619,2.74551655,2.74551655,2.129978276
42.975,0.3258350156,2.796308238,2.796308238,1.93406894
43,0.256170399,2.842261416,2.842261416,1.743121686
43.025,0.1900531136,2.883515925,2.883515925,1.558358576
43.05,0.1276506504,2.920239087,2.920239087,1.380756671
43.075,0.06911094971,2.952619675,2.952619675,1.211057363
43.1,0.01456178367,2.980862217,2.980862217,1.0497829
43.125,-0.03588977925,3.00518178,3.00518178,0.8972579016
43.15,-0.08215782542,3.025799328,3.025799328,0.7536338434
43.175,-0.1241779606,3.042937714,3.042937714,0.6189147617
43.2,-0.1619075864,3.056818319,3.056818319,0.4929827697
43.225,-0.1953260872,3.067658303,3.067658303,0.3756223118
43.25,-0.2244349264,3.075668454,3.075668454,0.2665424326
43.275,-0.2492576515,3.081051552,3.081051552,0.1653966098
43.3,-0.269839808,3.084001201,3.084001201,0.07179995541
43.325,-0.2862487612,3.084701057,3.084701057,-0.01465625371
43.35,-0.2985734274,3.083324388,3.083324388,-0.09439259723
43.375,-0.3069239147,3.080033901,3.080033901,-0.1678318944
43.4,-0.3114310746,3.074981786,3.074981786,-0.2353917016
43.425,-0.3122459662,3.068309919,3.068309919,-0.2974786552
43.45,-0.3095392337,3.060150192,3.060150192,-0.3544843867
43.475,-0.3035004015,3.050624922,3.050624922,-0.4067827521
43.5,-0.2943370871,3.039847323,3.039847323,-0.4547281337
43.525,-0.2822741358,3.027922001,3.027922001,-0.4986546033
43.55,-0.2675526808,3.014945465,3.014945465,-0.5388757565
43.575,-0.2504291308,3.00100664,3.00100664,-0.575685064
43.6,-0.2311740899,2.986187355,2.986187355,-0.6093566012
43.625,-0.2100712137,2.970562822,2.970562822,-0.6401460496
43.65,-0.1874160054,2.954202078,2.954202078,-0.6682918808
43.675,-0.1635145565,2.9371684,2.9371684,-0.6940166505
43.7,-0.1386822378,2.919519684,2.919519684,-0.7175283468
43.725,-0.1132423443,2.901308798,2.901308798,-0.7390217519
43.75,-0.08752470003,2.882583888,2.882583888,-0.7586797824
43.775,-0.06186422802,2.863388665,2.863388665,-0.7766747858
43.8,-0.03659949069,2.843762647,2.843762647,-0.7931697755
43.825,-0.01207120656,2.823741384,2.823741384,-0.808319594
43.85,0.01137925116,2.803356644,2.803356644,-0.8222719947
43.875,0.03341136816,2.782636581,2.782636581,-0.8351686417
43.9,0.05368700898,2.761605871,2.761605871,-0.8471460236
43.925,0.07187193721,2.740285838,2.740285838,-0.8583362824
43.95,0.08763733018,2.718694545,2.718694545,-0.8688679609
43.975,0.1006612819,2.69684688,2.69684688,-0.8788666696
44,0.1106302887,2.674754625,2.674754625,-0.8884556794
44.025,0.1172407108,2.652426498,2.652426498,-0.8977564393
44.05,0.1202002055,2.629868204,2.629868204,-0.9068890289
44.075,0.1192291241,2.607082456,2.607082456,-0.9159725513
44.1,0.1140618692,2.584068998,2.584068998,-0.9251254638
44.125,0.1044482049,2.56082462,2.56082462,-0.9344658562
44.15,0.09015451595,2.53734316,2.53734316,-0.9441116907
44.175,0.07096500985,2.513615507,2.513615507,-0.9541809836
44.2,0.04668285716,2.489629596,2.489629596,-0.9647919671
44.225,0.01713126543,2.465370406,2.465370406,-0.9760632043
44.25,-0.01784551807,2.440819943,2.440819943,-0.9881136879
44.275,-0.05838127888,2.415957233,2.415957233,-1.00106291
44.3,-0.1045869873,2.390758307,2.390758307,-1.015030916
44.325,-0.1565500333,2.365196192,2.365196192,-1.030138354
44.35,-0.2143335483,2.339240884,2.339240884,-1.046506498
44.375,-0.2779758157,2.312859345,2.312859345,-1.064257293
44.4,-0.3474897751,2.286015476,2.286015476,-1.083513382
44.425,-0.4228626199,2.258670103,2.258670103,-1.104398148
44.45,-0.504055493,2.230780961,2.230780961,-1.127035766
44.475,-0.5910032803,2.202302666,2.202302666,-1.151551265
44.5,-0.6836145049,2.173186699,2.173186699,-1.178070615
44.525,-0.7817713217,2.143381379,2.143381379,-1.206720825
44.55,-0.8853296136,2.112831833,2.112831833,-1.237630069
44.575,-0.9941191906,2.081479972,2.081479972,-1.270927841
44.6,-1.107944089,2.049264446,2.049264446,-1.306745118
44.625,-1.226582972,2.016120614,2.016120614,-1.345214571
44.65,-1.349789634,1.981980495,1.981980495,-1.386470779
44.675,-1.477293597,1.946772714,1.946772714,-1.430650468
44.7,-1.608800811,1.91042245,1.91042245,-1.477892778
44.725,-1.743994444,1.872851373,1.872851373,-1.528339508
44.75,-1.882535772,1.833977566,1.833977566,-1.582135389
44.775,-2.024065152,1.793715462,1.793715462,-1.639428316
44.8,-2.168203084,1.751975749,1.751975749,-1.700369559
44.825,-2.314551358,1.708665292,1.708665292,-1.76511391
44.85,-2.462694281,1.663687042,1.663687042,-1.83381975
44.875,-2.612199978,1.616939944,1.616939944,-1.906648986
44.9,-2.762621762,1.568318855,1.568318855,-1.983766837
44.925,-2.913499578,1.517714464,1.517714464,-2.065341387
44.95,-3.064361503,1.465013228,1.465013228,-2.15154286
44.975,-3.214725299,1.410097335,1.410097335,-2.242542545
45,-3.364100028,1.352844692,1.352844692,-2.338511205
45.025,-3.511987703,1.293128964,1.293128964,-2.439617023
45.05,-3.657884982,1.230819673,1.230819673,-2.54602266
45.075,-3.801284894,1.165782383,1.165782383,-2.65788164
45.1,-3.941678598,1.097878978,1.097878978,-2.775333481
45.125,-4.078557155,1.026968099,1.026968099,-2.898497652
45.15,-4.211413325,0.9529057166,0.9529057166,-3.02746604
45.175,-4.339743361,0.8755459583,0.8755459583,-3.162293389
45.2,-4.463048814,0.7947421541,0.7947421541,-3.302985989
45.225,-4.580838331,0.7103482275,0.7103482275,-3.449487648
45.25,-4.692629442,0.6222204616,0.6222204616,-3.601663119
45.275,-4.797950329,0.5302197056,0.5302197056,-3.759278591
45.3,-4.896341571,0.4342141179,0.4342141179,-3.921978989
45.325,-4.987357861,0.3340825182,0.3340825182,-4.089262082
45.35,-5.070569682,0.229718419,0.229718419,-4.260449613
45.375,-5.145564948,0.1210348144,0.1210348144,-4.43465586
45.4,-5.211950586,0.00796977945,0.00796977945,-4.610754537
45.425,-5.269354074,-0.1095070998,-0.1095070998,-4.787345507
45.45,-5.317424908,-0.2313874795,-0.2313874795,-4.962723431
45.475,-5.355836015,-0.3576162855,-0.3576162855,-5.134851343
45.5,-5.384285083,-0.4880831769,-0.4880831769,-5.301342979
45.525,-5.402495823,-0.6226137293,-0.6226137293,-5.459458598
45.55,-5.410219146,-0.7609607363,-0.7609607363,-5.606119655
45.575,-5.40723426,-0.9027961719,-0.9027961719,-5.737948026
45.6,-5.393349666,-1.047704497,-1.047704497,-5.851335077
45.625,-5.368404075,-1.19517811,-1.19517811,-5.942544519
45.65,-5.332267216,-1.344615812,-1.344615812,-6.007850582
45.675,-5.28484055,-1.495325139,-1.495325139,-6.043709203
45.7,-5.22605788,-1.646529335,-1.646529335,-6.046955138
45.725,-5.155885853,-1.797379436,-1.797379436,-6.015012398
45.75,-5.074324353,-1.946971605,-1.946971605,-5.94610035
45.775,-4.981406793,-2.094369358,-2.094369358,-5.839414179
45.8,-4.877200284,-2.238629729,-2.238629729,-5.695257139
45.825,-4.761805702,-2.378831931,-2.378831931,-5.515104814
45.85,-4.635357634,-2.514106634,-2.514106634,-5.301587622
45.875,-4.49802422,-2.643663711,-2.643663711,-5.058387466
45.9,-4.350006876,-2.766816398,-2.766816398,-4.790055214
45.925,-4.191539908,-2.88300007,-2.88300007,-4.501766301
45.95,-4.022890012,-2.991784383,-2.991784383,-4.199039529
45.975,-3.84435567,-3.092878235,-3.092878235,-3.88744797
46,-3.656266436,-3.186127683,-3.186127683,-3.572349562
46.025,-3.458982111,-3.271507626,-3.271507626,-3.258660024
46.05,-3.252891827,-3.34910849,-3.34910849,-2.950682956
46.075,-3.03841302,-3.419119465,-3.419119465,-2.65200319
46.1,-2.81599031,-3.481809844,-3.481809844,-2.3654414
46.125,-2.586094294,-3.53750992,-3.53750992,-2.0930621
46.15,-2.34922024,-3.586592629,-3.586592629,-1.836223344
46.175,-2.105886701,-3.629456824,-3.629456824,-1.595655251
46.2,-1.856634056,-3.666512742,-3.666512742,-1.371554902
46.225,-1.602022962,-3.698169933,-3.698169933,-1.163687125
46.25,-1.342632745,-3.724827696,-3.724827696,-0.9714829995
46.275,-1.079059728,-3.746867891,-3.746867891,-0.7941304186
46.3,-0.811915493,-3.764649873,-3.764649873,-0.6306534216
46.325,-0.5418250954,-3.77850726,-3.77850726,-0.4799787658
46.35,-0.26942523,-3.788746191,-3.788746191,-0.3409896408
46.375,0.004637645051,-3.79564479,-3.79564479,-0.2125673238
46.4,0.2797092168,-3.799453519,-3.799453519,-0.0936221203
46.425,0.5551292554,-3.800396197,-3.800396197,0.01688482141
46.45,0.8302335731,-3.798671462,-3.798671462,0.1199271907
46.475,1.104355997,-3.794454519,-3.794454519,0.2164051512
46.5,1.376830353,-3.787899029,-3.787899029,0.3071415603
46.525,1.646992445,-3.779139056,-3.779139056,0.3928815982
46.55,1.914182036,-3.768290986,-3.768290986,0.4742948341
46.575,2.17774481,-3.755455372,-3.755455372,0.5519789513
46.6,2.437034324,-3.740718676,-3.740718676,0.626464522
46.625,2.691413923,-3.724154878,-3.724154878,0.6982203686
46.65,2.940258633,-3.705826952,-3.705826952,0.7676591663
46.675,3.182957012,-3.685788198,-3.685788198,0.8351430463
46.7,3.418912956,-3.664083438,-3.664083438,0.9009890199
46.725,3.647547456,-3.640750078,-3.640750078,0.9654741255
46.75,3.868300297,-3.615819048,-3.615819048,1.028840216
46.775,4.080631694,-3.589315626,-3.589315626,1.091298367
46.8,4.284023866,-3.561260154,-3.561260154,1.153032886
46.825,4.477982531,-3.531668663,-3.531668663,1.214204926
46.85,4.662038325,-3.500553413,-3.500553413,1.274955731
46.875,4.835748143,-3.467923348,-3.467923348,1.335409522
46.9,4.998696383,-3.433784494,-3.433784494,1.395676062
46.925,5.150496114,-3.39814029,-3.39814029,1.45585292
46.95,5.290790134,-3.360991865,-3.360991865,1.516027467
46.975,5.419251944,-3.322338276,-3.322338276,1.576278631
47,5.535586609,-3.282176693,-3.282176693,1.636678432
47.025,5.639531526,-3.24050256,-3.24050256,1.697293326
47.05,5.730857079,-3.197309716,-3.197309716,1.758185381
47.075,5.80936719,-3.152590492,-3.152590492,1.81941329
47.1,5.874899759,-3.106335784,-3.106335784,1.881033259
47.125,5.927326993,-3.058535108,-3.058535108,1.943099758
47.15,5.966555629,-3.00917663,-3.00917663,2.005666173
47.175,5.992527038,-2.958247193,-2.958247193,2.068785344
47.2,6.005217224,-2.905732317,-2.905732317,2.132510011
47.225,6.00463671,-2.851616205,-2.851616205,2.196893159
47.25,5.990830311,-2.795881726,-2.795881726,2.261988271
47.275,5.963876803,-2.738510407,-2.738510407,2.327849501
47.3,5.923888485,-2.67948241,-2.67948241,2.394531714
47.325,5.871010629,-2.618776517,-2.618776517,2.462090451
47.35,5.805420837,-2.556370116,-2.556370116,2.530581768
47.375,5.727328287,-2.492239189,-2.492239189,2.600061923
47.4,5.636972895,-2.426358312,-2.426358312,2.670586948
47.425,5.534624371,-2.358700674,-2.358700674,2.74221203
47.45,5.420581195,-2.289238097,-2.289238097,2.814990685
47.475,5.295169499,-2.217941101,-2.217941101,2.888973757
47.5,5.158741875,-2.144778981,-2.144778981,2.964208071
47.525,5.011676098,-2.069719924,-2.069719924,3.040734901
47.55,4.85437379,-1.992731181,-1.992731181,3.118587948
47.575,4.687258999,-1.913779272,-1.913779272,3.197791101
47.6,4.510776733,-1.832830278,-1.832830278,3.27835553
47.625,4.325391432,-1.749850185,-1.749850185,3.36027654
47.65,4.131585384,-1.664805345,-1.664805345,3.443529528
47.675,3.929857104,-1.577663006,-1.577663006,3.528065709
47.7,3.720719676,-1.48839201,-1.48839201,3.613806704
47.725,3.50469905,-1.396963567,-1.396963567,3.700638895
47.75,3.282332333,-1.303352255,-1.303352255,3.788406524
47.775,3.054166037,-1.20753714,-1.20753714,3.876904445
47.8,2.820754334,-1.109503117,-1.109503117,3.965869858
47.825,2.582657289,-1.009242474,-1.009242474,4.054973461
47.85,2.3404391,-0.9067566467,-0.9067566467,4.143810141
47.875,2.09466634,-0.8020582536,-0.8020582536,4.231889215
47.9,1.845906209,-0.6951733518,-0.6951733518,4.318624761
47.925,1.594724811,-0.5861439335,-0.5861439335,4.403326381
47.95,1.341685444,-0.4750306424,-0.4750306424,4.485190958
47.975,1.087346925,-0.3619156799,-0.3619156799,4.563296164
48,0.8322619523,-0.2469058399,-0.2469058399,4.636596577
48.025,0.5769755055,-0.1301355974,-0.1301355974,4.703923445
48.05,0.3220232908,-0.01177014667,-0.01177014667,4.76398918
48.075,0.06793024139,0.1079917446,0.1079917446,4.815397795
48.1,-0.1847909289,0.2289152281,0.2289152281,4.856662363
48.125,-0.4356411088,0.3507274014,0.3507274014,4.886230471
48.15,-0.684136108,0.4731160794,0.4731160794,4.902518283
48.175,-0.9298079052,0.5957295251,0.5957295251,4.903953322
48.2,-1.172205823,0.718177354,0.718177354,4.889025396
48.225,-1.410897623,0.8400328006,0.8400328006,4.856344248
48.25,-1.645470524,0.9608364858,0.9608364858,4.804701596
48.275,-1.875532135,1.080101757,1.080101757,4.733134275
48.3,-2.100711297,1.197321579,1.197321579,4.640984436
48.325,-2.320658845,1.311976847,1.311976847,4.527952218
48.35,-2.535048271,1.423545873,1.423545873,4.394136243
48.375,-2.743576301,1.531514685,1.531514685,4.240057711
48.4,-2.945963373,1.635387692,1.635387692,4.066664879
48.425,-3.141954028,1.734698193,1.734698193,3.875316152
48.45,-3.331317196,1.829018199,1.829018199,3.667741881
48.475,-3.513846399,1.917967047,1.917967047,3.445986831
48.5,-3.689359848,2.001218375,2.001218375,3.212337112
48.525,-3.857700454,2.078505127,2.078505127,2.969236701
48.55,-4.018735745,2.149622407,2.149622407,2.719199409
48.575,-4.172357684,2.214428128,2.214428128,2.464722442
48.6,-4.318482408,2.272841586,2.272841586,2.20820681
48.625,-4.45704987,2.324840178,2.324840178,1.951889093
48.65,-4.5880234,2.37045458,2.37045458,1.697787445
48.675,-4.711389183,2.409762775,2.409762775,1.447663341
48.7,-4.827155652,2.442883326,2.442883326,1.202999061
48.725,-4.935352815,2.469968265,2.469968265,0.9649897425
48.75,-5.036031493,2.491195951,2.491195951,0.7345480177
48.775,-5.129262505,2.506764171,2.506764171,0.5123186999
48.8,-5.215135778,2.516883709,2.516883709,0.2987008395
48.825,-5.293759398,2.521772528,2.521772528,0.09387456072
48.85,-5.365258604,2.521650665,2.521650665,-0.1021696382
48.875,-5.429774736,2.516735856,2.516735856,-0.2896010496
48.9,-5.487464127,2.507239913,2.507239913,-0.4687198836
48.925,-5.538496959,2.493365787,2.493365787,-0.6399304087
48.95,-5.583056086,2.475305276,2.475305276,-0.8037168051
48.975,-5.621335813,2.4532373,2.4532373,-0.9606220755
49,-5.653540666,2.427326656,2.427326656,-1.111230133
49.025,-5.679884129,2.397723191,2.397723191,-1.256150976
49.05,-5.70058737,2.364561301,2.364561301,-1.396008743
49.075,-5.715877962,2.327959704,2.327959704,-1.531432351
49.1,-5.72598859,2.288021411,2.288021411,-1.663048396
49.125,-5.731155775,2.244833852,2.244833852,-1.791475955
49.15,-5.731618589,2.198469114,2.198469114,-1.91732297
49.175,-5.727617395,2.148984251,2.148984251,-2.041183865
49.2,-5.7193926,2.096421639,2.096421639,-2.163638122
49.225,-5.707183432,2.040809364,2.040809364,-2.28524952
49.25,-5.691226743,1.982161617,1.982161617,-2.406565793
49.275,-5.671755851,1.920479099,1.920479099,-2.528118478
49.3,-5.648999419,1.855749426,1.855749426,-2.650422703
49.325,-5.623180369,1.787947544,1.787947544,-2.773976758
49.35,-5.594514855,1.717036163,1.717036163,-2.899261149
49.375,-5.563211279,1.642966219,1.642966219,-3.026736983
49.4,-5.529469367,1.565677384,1.565677384,-3.156843446
49.425,-5.493479301,1.485098672,1.485098672,-3.28999396
49.45,-5.455420915,1.401149119,1.401149119,-3.42657112
49.475,-5.41546296,1.313738677,1.313738677,-3.566919377
49.5,-5.37376243,1.222769231,1.222769231,-3.711336156
49.525,-5.330463964,1.128135956,1.128135956,-3.860059806
49.55,-5.285699325,1.029728953,1.029728953,-4.013255032
49.575,-5.239586946,0.9274353024,0.9274353024,-4.170994863
49.6,-5.192231557,0.8211416366,0.8211416366,-4.333238672
49.625,-5.143723894,0.7107372883,0.7107372883,-4.499806402
49.65,-5.094140477,0.5961181416,0.5961181416,-4.670348442
49.675,-5.04354348,0.4771912928,0.4771912928,-4.844311355
49.7,-4.991980671,0.3538806151,0.3538806151,-5.02089992
49.725,-4.939485437,0.226133307,0.226133307,-5.199036423
49.75,-4.886076886,0.09392747632,0.09392747632,-5.377318896
49.775,-4.831760026,-0.04271924463,-0.04271924463,-5.553980865
49.8,-4.776526027,-0.1837401308,-0.1837401308,-5.726856296
49.825,-4.720352553,-0.3290090385,-0.3290090385,-5.893354664
49.85,-4.66320417,-0.4783296416,-0.4783296416,-6.05045226
49.875,-4.605032828,-0.6314247317,-0.6314247317,-6.194706929
49.9,-4.545778408,-0.7879262552,-0.7879262552,-6.32230387
49.925,-4.485369339,-0.9473669631,-0.9473669631,-6.429139821
49.95,-4.423723278,-1.109174706,-1.109174706,-6.51095115
49.975,-4.360747853,-1.272670503,-1.272670503,-6.563488
50,-4.296341455,-1.437071527,-1.437071527,-6.582731466
50.025,-4.230394092,-1.601499943,-1.601499943,-6.565143733
50.05,-4.162788288,-1.764998249,-1.764998249,-6.507933819
50.075,-4.093400024,-1.926551211,-1.926551211,-6.409314252
50.1,-4.022099726,-2.085113781,-2.085113781,-6.26871915
50.125,-3.948753283,-2.239643683,-2.239643683,-6.086953817
50.15,-3.8732231,-2.389136601,-2.389136601,-5.866250118
50.175,-3.795369171,-2.532661399,-2.532661399,-5.610212226
50.2,-3.71505018,-2.669392587,-2.669392587,-5.323651138
50.225,-3.632124614,-2.798637386,-2.798637386,-5.012322179
50.25,-3.546451888,-2.919855293,-2.919855293,-4.682593104
50.275,-3.457893471,-3.03266887,-3.03266887,-4.341079617
50.3,-3.366314024,-3.136865406,-3.136865406,-3.994287433
50.325,-3.271582513,-3.232390104,-3.232390104,-3.648295927
50.35,-3.173573332,-3.319332143,-3.319332143,-3.308508753
50.375,-3.0721674,-3.3979055,-3.3979055,-2.979485213
50.4,-2.967253232,-3.468426605,-3.468426605,-2.664854158
50.425,-2.858727998,-3.531290785,-3.531290785,-2.367302361
50.45,-2.746498535,-3.586949216,-3.586949216,-2.088623012
50.475,-2.630482338,-3.635887654,-3.635887654,-1.829807006
50.5,-2.510608497,-3.678607796,-3.678607796,-1.591159938
50.525,-2.386818598,-3.715611743,-3.715611743,-1.372429581
50.55,-2.259067568,-3.747389637,-3.747389637,-1.17293223
50.575,-2.127324468,-3.774410369,-3.774410369,-0.9916696844
50.6,-1.991573231,-3.797115028,-3.797115028,-0.8274318531
50.625,-1.851813332,-3.815912717,-3.815912717,-0.678882795
50.65,-1.708060395,-3.831178303,-3.831178303,-0.5446298979
50.675,-1.560346736,-3.843251703,-3.843251703,-0.4232772456
50.7,-1.408721826,-3.852438317,-3.852438317,-0.3134649874
50.725,-1.253252682,-3.859010298,-3.859010298,-0.2138968598
50.75,-1.094024189,-3.863208379,-3.863208379,-0.1233580572
50.775,-0.9311393306,-3.865244059,-3.865244059,-0.04072550486
50.8,-0.7647193464,-3.865301956,-3.865301956,0.03502764543
50.825,-0.594903807,-3.863542226,-3.863542226,0.1048317659
50.85,-0.4218506034,-3.860102946,-3.860102946,0.1695234923
50.875,-0.2457358536,-3.855102401,-3.855102401,0.2298504607
50.9,-0.06675372461,-3.848641236,-3.848641236,0.2864772775
50.925,0.11488383,-3.840804451,-3.840804451,0.3399921478
50.95,0.2989474166,-3.831663222,-3.831663222,0.3909137464
50.975,0.4851906313,-3.821276559,-3.821276559,0.4396980373
51,0.6733505728,-3.809692785,-3.809692785,0.4867448444
51.025,0.8631484355,-3.796950868,-3.796950868,0.5324040465
51.05,1.054290183,-3.783081588,-3.783081588,0.5769813266
51.075,1.246467298,-3.768108585,-3.768108585,0.6207434409
51.1,1.439357607,-3.752049263,-3.752049263,0.6639230007
51.125,1.632626181,-3.734915593,-3.734915593,0.7067227813
51.15,1.825926295,-3.716714809,-3.716714809,0.749319581
51.175,2.01890047,-3.697450014,-3.697450014,0.7918676609
51.2,2.211181562,-3.677120704,-3.677120704,0.8345018005
51.225,2.402393916,-3.655723219,-3.655723219,0.8773400064
51.25,2.592154575,-3.633251136,-3.633251136,0.9204859088
51.275,2.780074538,-3.609695596,-3.609695596,0.9640308804
51.3,2.965760061,-3.585045589,-3.585045589,1.008055907
51.325,3.148814002,-3.559288195,-3.559288195,1.052633247
51.35,3.328837199,-3.532408781,-3.532408781,1.097827904
51.375,3.505429877,-3.504391163,-3.504391163,1.14369892
51.4,3.678193085,-3.475217745,-3.475217745,1.190300548
51.425,3.846730147,-3.444869625,-3.444869625,1.237683289
51.45,4.010648125,-3.413326674,-3.413326674,1.285894826
51.475,4.169559299,-3.380567596,-3.380567596,1.334980871
51.5,4.323082641,-3.346569972,-3.346569972,1.384985934
51.525,4.470845285,-3.311310274,-3.311310274,1.435954029
51.55,4.612483996,-3.274763877,-3.274763877,1.487929326
51.575,4.74764661,-3.236905041,-3.236905041,1.540956756
51.6,4.875993467,-3.197706886,-3.197706886,1.595082582
51.625,4.997198807,-3.157141358,-3.157141358,1.650354939
51.65,5.110952136,-3.115179165,-3.115179165,1.706824347
51.675,5.216959555,-3.071789721,-3.071789721,1.764544199
51.7,5.314945045,-3.026941063,-3.026941063,1.823571241
51.725,5.404651699,-2.980599762,-2.980599762,1.883966024
51.75,5.485842901,-2.932730825,-2.932730825,1.945793347
51.775,5.558303452,-2.883297579,-2.883297579,2.009122682
51.8,5.621840618,-2.832261554,-2.832261554,2.074028579
51.825,5.676285121,-2.779582347,-2.779582347,2.140591049
51.85,5.721492049,-2.725217484,-2.725217484,2.208895914
51.875,5.757341694,-2.669122267,-2.669122267,2.279035123
51.9,5.7837403,-2.611249624,-2.611249624,2.351107018
51.925,5.800620735,-2.551549938,-2.551549938,2.425216526
51.95,5.807943069,-2.489970889,-2.489970889,2.501475276
51.975,5.805695059,-2.42645728,-2.42645728,2.580001596
52,5.793892545,-2.360950874,-2.360950874,2.660920374
52.025,5.772579745,-2.293390233,-2.293390233,2.744362733
52.05,5.741829454,-2.223710569,-2.223710569,2.830465468
52.075,5.701743141,-2.15184361,-2.15184361,2.919370222
52.1,5.652450945,-2.077717498,-2.077717498,3.011222242
52.125,5.594111571,-2.00125671,-2.00125671,3.106168793
52.15,5.526912078,-1.922382045,-1.922382045,3.204356844
52.175,5.451067574,-1.841010653,-1.841010653,3.305930358
52.2,5.366820796,-1.75705617,-1.75705617,3.411026364
52.225,5.274441596,-1.670428927,-1.670428927,3.519770581
52.25,5.174226329,-1.581036331,-1.581036331,3.632271216
52.275,5.06649713,-1.488783356,-1.488783356,3.748612112
52.3,4.951601107,-1.393573291,-1.393573291,3.86884353
52.325,4.829909431,-1.295308691,-1.295308691,3.992971715
52.35,4.701816334,-1.193892634,-1.193892634,4.120945909
52.375,4.56773802,-1.089230346,-1.089230346,4.252643145
52.4,4.428111485,-0.9812311965,-0.9812311965,4.387850644
52.425,4.28339326,-0.8698112168,-0.8698112168,4.52624523
52.45,4.134058072,-0.7548961354,-0.7548961354,4.667370293
52.475,3.980597428,-0.6364250268,-0.6364250268,4.810610212
52.5,3.823518135,-0.5143546275,-0.5143546275,4.955162751
52.525,3.663340749,-0.3886643637,-0.3886643637,5.100010262
52.55,3.500597965,-0.259362095,-0.259362095,5.243891055
52.575,3.33583296,-0.1264905547,-0.1264905547,5.385272806
52.6,3.16959767,0.009865597637,0.009865597637,5.522330613
52.625,3.002451045,0.1495722668,0.1495722668,5.652932999
52.65,2.83495725,0.2924382009,0.2924382009,5.774639904
52.675,2.667683839,0.4382074209,0.4382074209,5.884717189
52.7,2.501199912,0.5865522657,0.5865522657,5.980172429
52.725,2.336074242,0.7370676455,0.7370676455,6.057816381
52.75,2.172873399,0.8892671907,0.8892671907,6.114353436
52.775,2.012159861,1.042582037,1.042582037,6.146502221
52.8,1.854490138,1.196362988,1.196362988,6.151144553
52.825,1.700412888,1.349886704,1.349886704,6.125496837
52.85,1.550467062,1.50236634,1.50236634,6.067293679
52.875,1.405180063,1.652966802,1.652966802,5.974969142
52.9,1.265065937,1.800824299,1.800824299,5.847817782
52.925,1.130623593,1.945069483,1.945069483,5.686116705
52.95,1.002335067,2.084852972,2.084852972,5.491191315
52.975,0.8806638375,2.219371664,2.219371664,5.265412275
53,0.7660531888,2.347894067,2.347894067,5.012118609
53.025,0.6589246342,2.469782802,2.469782802,4.735470701
53.05,0.5596764075,2.58451269,2.58451269,4.44024609
53.075,0.4686820235,2.691683209,2.691683209,4.131597745
53.1,0.3862889151,2.791024692,2.791024692,3.814798823
53.125,0.3128171523,2.882398227,2.882398227,3.494997637
53.15,0.2485582471,2.965789777,2.965789777,3.177003758
53.175,0.1937740496,3.041299506,3.041299506,2.865119826
53.2,0.1486957384,3.10912755,3.10912755,2.563026746
53.225,0.1135229118,3.169557614,3.169557614,2.273722973
53.25,0.08842277956,3.222939666,3.222939666,1.999512879
53.275,0.07352946248,3.269672868,3.269672868,1.742035489
53.3,0.06894339933,3.310189628,3.310189628,1.502322912
53.325,0.0747308659,3.344941364,3.344941364,1.280877698
53.35,0.09092360707,3.374386336,3.374386336,1.077759474
53.375,0.1175185841,3.398979677,3.398979677,0.8926729551
53.4,0.1544778382,3.41916558,3.41916558,0.7250515032
53.425,0.2017284716,3.435371475,3.435371475,0.5741325066
53.45,0.2591627461,3.448003967,3.448003967,0.439022436
53.475,0.3266382994,3.45744626,3.45744626,0.3187508947
53.5,0.4039784795,3.464056799,3.464056799,0.2123138894
53.525,0.490972795,3.468168867,3.468168867,0.1187071885
53.55,0.5873774814,3.470090901,3.470090901,0.03695097966
53.575,0.6929161811,3.470107338,3.470107338,-0.0338928307
53.6,0.8072807354,3.468479804,3.468479804,-0.09470933698
53.625,0.9301320855,3.465448534,3.465448534,-0.1463241326
53.65,1.061101281,3.4612339,3.4612339,-0.1895004903
53.675,1.199790592,3.456037973,3.456037973,-0.2249392908
53.7,1.345774718,3.450046063,3.450046063,-0.253280931
53.725,1.498602099,3.443428194,3.443428194,-0.2751085914
53.75,1.65779631,3.436340485,3.436340485,-0.2909523783
53.775,1.822857553,3.428926415,3.428926415,-0.3012939679
53.8,1.993264219,3.421317977,3.421317977,-0.3065714732
53.825,2.168474537,3.413636704,3.413636704,-0.3071843299
53.85,2.34792829,3.405994578,3.405994578,-0.3034980564
53.875,2.531048596,3.398494819,3.398494819,-0.2958487899
53.9,2.717243753,3.391232566,3.391232566,-0.2845475324
53.925,2.905909129,3.384295456,3.384295456,-0.2698840674
53.95,3.096429109,3.377764109,3.377764109,-0.2521305281
53.975,3.288179075,3.37171253,3.37171253,-0.2315446082
54,3.480527422,3.366208429,3.366208429,-0.2083724153
54.025,3.672837605,3.361313484,3.361313484,-0.1828509761
54.05,3.864470193,3.357083538,3.357083538,-0.1552104012
54.075,4.054784953,3.353568747,3.353568747,-0.1256757237
54.1,4.243142924,3.35081369,3.35081369,-0.09446842466
54.125,4.4289085,3.348857438,3.348857438,-0.06180765785
54.15,4.611451497,3.347733604,3.347733604,-0.02791119096
54.175,4.790149211,3.347470367,3.347470367,0.007003926311
54.2,4.964388442,3.348090483,3.348090483,0.04272095003
54.225,5.133567504,3.349611292,3.349611292,0.07902327316
54.25,5.29709818,3.352044721,3.352044721,0.1156944838
54.275,5.454407649,3.35539729,3.35539729,0.1525186356
54.3,5.604940351,3.359670135,3.359670135,0.1892807124
54.325,5.748159803,3.364859029,3.364859029,0.2257672701
54.35,5.883550345,3.370954442,3.370954442,0.2617672345
54.375,6.010618823,3.377941603,3.377941603,0.2970728355
54.4,6.128896194,3.385800601,3.385800601,0.3314806521
54.425,6.237939049,3.394506503,3.394506503,0.3647927456
54.45,6.337331054,3.404029511,3.404029511,0.3968178549
54.475,6.426684295,3.414335141,3.414335141,0.4273726237
54.5,6.505640533,3.425384435,3.425384435,0.4562828338
54.525,6.573872355,3.437134209,3.437134209,0.4833846156
54.55,6.631084222,3.449537322,3.449537322,0.5085256055
54.575,6.677013414,3.462542981,3.462542981,0.5315660252
54.6,6.711430854,3.476097063,3.476097063,0.5523796539
54.625,6.734141832,3.490142471,3.490142471,0.5708546719
54.65,6.744986602,3.504619498,3.504619498,0.5868943537
54.675,6.743840866,3.519466214,3.519466214,0.600417593
54.7,6.730616138,3.53461886,3.53461886,0.611359245
54.725,6.705259987,3.550012249,3.550012249,0.6196702797
54.75,6.667756159,3.565580173,3.565580173,0.625317742
54.775,6.618124573,3.581255793,3.581255793,0.6282845163
54.8,6.556421205,3.596972041,3.596972041,0.628568903
54.825,6.482737839,3.612661991,3.612661991,0.6261840213
54.85,6.397201703,3.628259221,3.628259221,0.6211570463
54.875,6.299974992,3.643698158,3.643698158,0.613528301
54.9,6.191254261,3.658914389,3.658914389,0.6033502304
54.925,6.071269715,3.673844951,3.673844951,0.5906862696
54.95,5.940284378,3.688428594,3.688428594,0.5756096424
54.975,5.79859316,3.702606007,3.702606007,0.5582021097
55,5.646521812,3.716320016,3.716320016,0.5385526922
55.025,5.484425782,3.72951575,3.72951575,0.5167563978
55.05,5.312688973,3.742140775,3.742140775,0.4929129666
55.075,5.131722404,3.754145198,3.754145198,0.4671256657
55.1,4.941962789,3.76548174,3.76548174,0.4395001377
55.125,4.743871024,3.776105778,3.776105778,0.4101433316
55.15,4.5379306,3.785975373,3.785975373,0.3791625143
55.175,4.324645945,3.79505126,3.79505126,0.3466643822
55.2,4.104540699,3.803296826,3.803296826,0.3127542688
55.225,3.878155919,3.810678068,3.810678068,0.2775354578
55.25,3.646048246,3.817163533,3.817163533,0.2411085967
55.275,3.408788009,3.822724245,3.822724245,0.2035712097
55.3,3.1669573,3.827333623,3.827333623,0.1650173067
55.325,2.921148002,3.830967392,3.830967392,0.1255370796
55.35,2.671959807,3.833603477,3.833603477,0.08521668128
55.375,2.419998193,3.835221909,3.835221909,0.04413807762
55.4,2.165872405,3.835804711,3.835804711,0.002378964132
55.425,1.910193424,3.835335799,3.835335799,-0.0399872606
55.45,1.653571933,3.833800866,3.833800866,-0.08289147408
55.475,1.396616297,3.831187284,3.831187284,-0.1262687696
55.5,1.139930555,3.827483993,3.827483993,-0.1700583644
55.525,0.884112438,3.822681404,3.822681404,-0.214203484
55.55,0.6297514109,3.816771298,3.816771298,-0.2586512282
55.575,0.3774267556,3.809746731,3.809746731,-0.3033524259
55.6,0.1277056936,3.801601945,3.801601945,-0.3482614839
55.625,-0.1188584408,3.792332277,3.792332277,-0.3933362324
55.65,-0.3617279714,3.781934078,3.781934078,-0.4385377736
55.675,-0.6003825905,3.770404631,3.770404631,-0.4838303348
55.7,-0.8343210007,3.757742077,3.757742077,-0.5291811299
55.725,-1.063062484,3.743945339,3.743945339,-0.5745602271
55.75,-1.28614839,3.729014057,3.729014057,-0.6199404365
55.775,-1.503143548,3.712948514,3.712948514,-0.6652971982
55.8,-1.713637577,3.695749577,3.695749577,-0.7106084933
55.825,-1.91724612,3.677418632,3.677418632,-0.7558547655
55.85,-2.113611965,3.657957524,3.657957524,-0.8010188564
55.875,-2.302406077,3.637368498,3.637368498,-0.8460859566
55.9,-2.48332852,3.615654139,3.615654139,-0.8910435699
55.925,-2.656109274,3.592817317,3.592817317,-0.9358814936
55.95,-2.820508944,3.568861128,3.568861128,-0.9805918112
55.975,-2.976319351,3.543788838,3.543788838,-1.025168901
56,-3.123364018,3.517603822,3.517603822,-1.069609457
56.025,-3.261498533,3.490309511,3.490309511,-1.113912524
56.05,-3.390610804,3.46190933,3.46190933,-1.158079546
56.075,-3.510621187,3.432406636,3.432406636,-1.20211443
56.1,-3.62148251,3.401804657,3.401804657,-1.246023618
56.125,-3.72317997,3.370106428,3.370106428,-1.289816173
56.15,-3.81573092,3.337314723,3.337314723,-1.333503885
56.175,-3.899184539,3.303431986,3.303431986,-1.37710138
56.2,-3.973621392,3.26846026,3.26846026,-1.420626246
56.225,-4.039152876,3.232401107,3.232401107,-1.464099171
56.25,-4.095920558,3.195255535,3.195255535,-1.507544095
56.275,-4.144095408,3.157023909,3.157023909,-1.550988372
56.3,-4.183876928,3.117705865,3.117705865,-1.594462943
56.325,-4.215492183,3.077300221,3.077300221,-1.638002531
56.35,-4.239194738,3.035804876,3.035804876,-1.681645834
56.375,-4.255263494,2.993216709,2.993216709,-1.725435744
56.4,-4.264001455,2.949531474,2.949531474,-1.769419561
56.425,-4.265734391,2.904743683,2.904743683,-1.813649239
56.45,-4.260809444,2.858846491,2.858846491,-1.85818163
56.475,-4.249593651,2.811831564,2.811831564,-1.903078731
56.5,-4.232472398,2.763688955,2.763688955,-1.948407956
56.525,-4.209847829,2.714406958,2.714406958,-1.994242412
56.55,-4.182137182,2.663971967,2.663971967,-2.040661154
56.575,-4.149771088,2.612368322,2.612368322,-2.08774949
56.6,-4.11319183,2.559578149,2.559578149,-2.135599231
56.625,-4.072851557,2.505581197,2.505581197,-2.184308982
56.65,-4.029210477,2.450354655,2.450354655,-2.233984368
56.675,-3.982735026,2.393872991,2.393872991,-2.284738324
56.7,-3.933896024,2.33610775,2.33610775,-2.336691232
56.725,-3.883166816,2.277027372,2.277027372,-2.389971162
56.75,-3.831021421,2.216597004,2.216597004,-2.444713928
56.775,-3.777932676,2.154778291,2.154778291,-2.501063168
56.8,-3.724370402,2.091529199,2.091529199,-2.559170287
56.825,-3.670799581,2.026803805,2.026803805,-2.619194271
56.85,-3.617678563,1.960552127,1.960552127,-2.681301412
56.875,-3.565457302,1.892719934,1.892719934,-2.745664753
56.9,-3.514575633,1.823248596,1.823248596,-2.812463417
56.925,-3.465461591,1.752074936,1.752074936,-2.88188151
56.95,-3.418529784,1.679131127,1.679131127,-2.954106842
56.975,-3.374179816,1.60434462,1.60434462,-3.029329017
57,-3.332794781,1.527638125,1.527638125,-3.107737241
57.025,-3.29473982,1.448929658,1.448929658,-3.189517247
57.05,-3.260360746,1.368132672,1.368132672,-3.274847742
57.075,-3.229982755,1.285156286,1.285156286,-3.363895743
57.1,-3.203909216,1.199905651,1.199905651,-3.456811019
57.125,-3.182420546,1.112282451,1.112282451,-3.55371934
57.15,-3.165773173,1.022185618,1.022185618,-3.654714184
57.175,-3.154198601,0.9295122443,0.9295122443,-3.759847109
57.2,-3.147902566,0.8341587752,0.8341587752,-3.869116222
57.225,-3.147064292,0.7360225141,0.7360225141,-3.982452743
57.25,-3.151835851,0.6350034748,0.6350034748,-4.099705672
57.275,-3.162341631,0.5310066509,0.5310066509,-4.220624302
57.3,-3.178677904,0.4239447554,0.4239447554,-4.344838717
57.325,-3.200912506,0.3137414573,0.3137414573,-4.471838602
57.35,-3.229084628,0.2003351717,0.2003351717,-4.600950713
57.375,-3.263204709,0.08368342247,0.08368342247,-4.731315767
57.4,-3.303254446,-0.03623222289,-0.03623222289,-4.861865911
57.425,-3.34918691,-0.1594006767,-0.1594006767,-4.991304276
57.45,-3.40092677,-0.2857753917,-0.2857753917,-5.118088694
57.475,-3.458370627,-0.4152680909,-0.4152680909,-5.24042211
57.5,-3.521387451,-0.5477423747,-0.5477423747,-5.356252732
57.525,-3.589819127,-0.6830074861,-0.6830074861,-5.46328725
57.55,-3.663481096,-0.8208126066,-0.8208126066,-5.559020585
57.575,-3.742163104,-0.9608421363,-0.9608421363,-5.640785296
57.6,-3.825630043,-1.102712478,-1.102712478,-5.705822868
57.625,-3.913622884,-1.245970892,-1.245970892,-5.751377752
57.65,-4.005859703,-1.390096964,-1.390096964,-5.77481266
57.675,-4.102036792,-1.534507194,-1.534507194,-5.773741043
57.7,-4.20182985,-1.678563033,-1.678563033,-5.746169409
57.725,-4.304895256,-1.821582492,-1.821582492,-5.690639182
57.75,-4.410871404,-1.962855166,-1.962855166,-5.606355534
57.775,-4.519380117,-2.101660183,-2.101660183,-5.493289494
57.8,-4.630028119,-2.237286213,-2.237286213,-5.352240386
57.825,-4.742408556,-2.369052457,-2.369052457,-5.184848644
57.85,-4.856102579,-2.496329254,-2.496329254,-4.993553637
57.875,-4.970680964,-2.61855697,-2.61855697,-4.781497243
57.9,-5.085705775,-2.735261839,-2.735261839,-4.552380351
57.925,-5.200732056,-2.84606778,-2.84606778,-4.310284826
57.95,-5.315309555,-2.950703485,-2.950703485,-4.059477413
57.975,-5.428984458,-3.049004565,-3.049004565,-3.804213111
58,-5.541301147,-3.140910952,-3.140910952,-3.54855458
58.025,-5.651803959,-3.226460127,-3.226460127,-3.2962206
58.05,-5.760038949,-3.30577701,-3.30577701,-3.050472078
58.075,-5.865555642,-3.379061518,-3.379061518,-2.81403906
58.1,-5.967908778,-3.4465748,-3.4465748,-2.589087571
58.125,-6.066660034,-3.508625092,-3.508625092,-2.377221674
58.15,-6.161379725,-3.565554,-3.565554,-2.179513804
58.175,-6.25164847,-3.617723811,-3.617723811,-1.996555535
58.2,-6.337058821,-3.66550624,-3.66550624,-1.828521127
58.225,-6.417216853,-3.709272863,-3.709272863,-1.675236908
58.25,-6.491743696,-3.749387297,-3.749387297,-1.536251102
58.275,-6.560277025,-3.786199082,-3.786199082,-1.410899956
58.3,-6.622472475,-3.820039145,-3.820039145,-1.298367559
58.325,-6.678005004,-3.851216664,-3.851216664,-1.197737813
58.35,-6.726570176,-3.880017125,-3.880017125,-1.108038071
58.375,-6.767885377,-3.906701368,-3.906701368,-1.028274551
58.4,-6.801690943,-3.93150542,-3.93150542,-0.9574601307
58.425,-6.827751217,-3.954640943,-3.954640943,-0.8946353876
58.45,-6.845855504,-3.976296118,-3.976296118,-0.8388838252
58.475,-6.855818946,-3.996636867,-3.996636867,-0.7893422838
58.5,-6.857483303,-4.01580827,-4.01580827,-0.7452074413
58.525,-6.850717631,-4.03393611,-4.03393611,-0.705739238
58.55,-6.835418866,-4.051128472,-4.051128472,-0.6702619365
58.575,-6.811512308,-4.067477346,-4.067477346,-0.6381634194
58.6,-6.778951999,-4.083060196,-4.083060196,-0.6088932144
58.625,-6.737720999,-4.097941464,-4.097941464,-0.5819596422
58.65,-6.687831556,-4.112174,-4.112174,-0.5569263994
58.675,-6.629325172,-4.125800401,-4.125800401,-0.5334088092
58.7,-6.562272565,-4.138854251,-4.138854251,-0.5110699218
58.725,-6.486773516,-4.151361265,-4.151361265,-0.4896165983
58.75,-6.402956627,-4.16334034,-4.16334034,-0.4687956678
58.775,-6.310978961,-4.174804502,-4.174804502,-0.4483902292
58.8,-6.211025588,-4.185761771,-4.185761771,-0.428216134
58.825,-6.103309023,-4.19621594,-4.19621594,-0.4081186837
58.85,-5.988068573,-4.206167268,-4.206167268,-0.3879695499
58.875,-5.865569584,-4.215613108,-4.215613108,-0.3676639271
58.9,-5.73610259,-4.224548456,-4.224548456,-0.3471179118
58.925,-5.599982379,-4.232966451,-4.232966451,-0.3262661059
58.95,-5.457546969,-4.2408588,-4.2408588,-0.3050594338
58.975,-5.309156498,-4.248216172,-4.248216172,-0.2834631645
59,-5.155192035,-4.255028524,-4.255028524,-0.2614551214
59.025,-4.99605432,-4.261285401,-4.261285401,-0.2390240742
59.05,-4.832162433,-4.266976186,-4.266976186,-0.2161682952
59.075,-4.663952387,-4.272090328,-4.272090328,-0.1928942698
59.1,-4.491875676,-4.276617526,-4.276617526,-0.1692155472
59.125,-4.316397755,-4.280547895,-4.280547895,-0.1451517223
59.15,-4.137996476,-4.283872107,-4.283872107,-0.1207275331
59.175,-3.957160477,-4.28658151,-4.28658151,-0.09597206763
59.2,-3.774387533,-4.288668222,-4.288668222,-0.0709180669
59.225,-3.590182877,-4.290125223,-4.290125223,-0.04560131504
59.25,-3.405057484,-4.290946417,-4.290946417,-0.02006010885
59.275,-3.219526349,-4.291126694,-4.291126694,0.00566520282
59.3,-3.034106738,-4.290661972,-4.290661972,0.03153261719
59.325,-2.849316438,-4.289549239,-4.289549239,0.05749882011
59.35,-2.665671996,-4.287786577,-4.287786577,0.08351947987
59.375,-2.483686974,-4.285373187,-4.285373187,0.109549498
59.4,-2.303870205,-4.282309405,-4.282309405,0.1355432231
59.425,-2.126724066,-4.278596712,-4.278596712,0.1614546319
59.45,-1.952742776,-4.274237744,-4.274237744,0.187237483
59.475,-1.782410723,-4.269236295,-4.269236295,0.2128454465
59.5,-1.616200819,-4.263597315,-4.263597315,0.2382322142
59.525,-1.454572904,-4.257326913,-4.257326913,0.2633515929
59.55,-1.297972185,-4.250432347,-4.250432347,0.2881575834
59.575,-1.146827737,-4.242922026,-4.242922026,0.3126044501
59.6,-1.001551049,-4.234805496,-4.234805496,0.3366467811
59.625,-0.8625346391,-4.226093434,-4.226093434,0.3602395409
59.65,-0.7301507316,-4.216797637,-4.216797637,0.3833381213
59.675,-0.6047500066,-4.206931014,-4.206931014,0.4058983863
59.7,-0.4866604224,-4.196507568,-4.196507568,0.4278767179
59.725,-0.3761861182,-4.185542386,-4.185542386,0.4492300619
59.75,-0.2736063982,-4.174051627,-4.174051627,0.4699159722
59.775,-0.1791748025,-4.162052498,-4.162052498,0.4898926626
59.8,-0.09311826667,-4.149563246,-4.149563246,0.5091190555
59.825,-0.01563637331,-4.136603134,-4.136603134,0.5275548404
59.85,0.0530993018,-4.123192422,-4.123192422,0.5451605335
59.875,0.1129457471,-4.109352347,-4.109352347,0.5618975443
59.9,0.1637889744,-4.095105097,-4.095105097,0.5777282491
59.925,0.2055443777,-4.080473792,-4.080473792,0.5926160676
59.95,0.2381569916,-4.065482447,-4.065482447,0.6065255528
59.975,0.2616016472,-4.050155953,-4.050155953,0.6194224806
60,0.2758830268,-4.034520036,-4.034520036,0.6312739537
60.025,0.2810356156,-4.01860123,-4.01860123,0.6420485099
60.05,0.277123552,-4.002426834,-4.002426834,0.6517162379
60.075,0.2642403762,-3.986024877,-3.986024877,0.6602489052
60.1,0.2425086788,-3.969424069,-3.969424069,0.6676200875
60.125,0.2120796512,-3.952653756,-3.952653756,0.6738053123
60.15,0.1731325377,-3.935743873,-3.935743873,0.6787822067
60.175,0.1258739931,-3.918724884,-3.918724884,0.6825306511
60.2,0.07053734794,-3.901627726,-3.901627726,0.6850329439
60.225,0.007381782991,-3.884483748,-3.884483748,0.6862739676
60.25,-0.06330858291,-3.867324642,-3.867324642,0.6862413621
60.275,-0.1412256889,-3.850182373,-3.850182373,0.6849257037
60.3,-0.2260386081,-3.833089102,-3.833089102,0.6823206834
60.325,-0.3173947005,-3.816077109,-3.816077109,0.6784232901
60.35,-0.4149208376,-3.799178705,-3.799178705,0.6732339941
60.375,-0.5182246949,-3.782426142,-3.782426142,0.6667569269
60.4,-0.6268961084,-3.765851524,-3.765851524,0.6590000595
60.425,-0.7405084888,-3.749486705,-3.749486705,0.6499753774
60.45,-0.8586202903,-3.733363187,-3.733363187,0.6396990445
60.475,-0.9807765268,-3.717512014,-3.717512014,0.6281915594
60.5,-1.106510332,-3.701963662,-3.701963662,0.6154779012
60.525,-1.235344558,-3.686747925,-3.686747925,0.6015876584
60.55,-1.366793402,-3.671893799,-3.671893799,0.5865551407
60.575,-1.500364068,-3.657429362,-3.657429362,0.5704194717
60.6,-1.63555844,-3.643381653,-3.643381653,0.5532246583
60.625,-1.771874775,-3.629776549,-3.629776549,0.5350196344
60.65,-1.908809407,-3.616638642,-3.616638642,0.5158582749
60.675,-2.045858448,-3.603991116,-3.603991116,0.4957993795
60.7,-2.182519495,-3.591855623,-3.591855623,0.4749066223
60.725,-2.318293323,-3.580252165,-3.580252165,0.4532484647
60.75,-2.452685563,-3.56919897,-3.56919897,0.4308980297
60.775,-2.585208367,-3.558712387,-3.558712387,0.4079329358
60.8,-2.715382042,-3.548806764,-3.548806764,0.3844350884
60.825,-2.842736652,-3.539494357,-3.539494357,0.3604904288
60.85,-2.966813592,-3.53078522,-3.53078522,0.336188639
60.875,-3.087167111,-3.522687126,-3.522687126,0.3116228024
60.9,-3.203365797,-3.51520548,-3.51520548,0.2868890222
60.925,-3.314994,-3.508343252,-3.508343252,0.2620859968
60.95,-3.421653211,-3.502100917,-3.502100917,0.2373145557
60.975,-3.522963372,-3.496476408,-3.496476408,0.212677157
61,-3.618564124,-3.49146508,-3.49146508,0.1882773521
61.025,-3.708115987,-3.487059693,-3.487059693,0.1642192186
61.05,-3.79130146,-3.483250405,-3.483250405,0.1406067691
61.075,-3.867826058,-3.480024779,-3.480024779,0.1175433388
61.1,-3.937419255,-3.477367812,-3.477367812,0.09513095983
61.125,-3.999835354,-3.475261971,-3.475261971,0.07346972816
61.15,-4.054854267,-3.473687252,-3.473687252,0.05265716915
61.175,-4.102282207,-3.472621253,-3.472621253,0.03278761077
61.2,-4.141952296,-3.472039258,-3.472039258,0.01395157071
61.225,-4.173725069,-3.471914343,-3.471914343,-0.003764834558
61.25,-4.197488897,-3.472217491,-3.472217491,-0.02028045152
61.275,-4.213160312,-3.472917727,-3.472917727,-0.03551961455
61.3,-4.220684229,-3.473982252,-3.473982252,-0.04941262764
61.325,-4.220034085,-3.475376611,-3.475376611,-0.06189619635
61.35,-4.211211872,-3.477064844,-3.477064844,-0.0729138046
61.375,-4.194248076,-3.479009671,-3.479009671,-0.08241603151
61.4,-4.169201528,-3.481172665,-3.481172665,-0.09036080454
61.425,-4.136159145,-3.483514442,-3.483514442,-0.09671358592
61.45,-4.095235597,-3.485994851,-3.485994851,-0.1014474915
61.475,-4.046572864,-3.488573164,-3.488573164,-0.1045433407
61.5,-3.990339712,-3.49120827,-3.49120827,-0.105989639
61.525,-3.926731081,-3.493858865,-3.493858865,-0.1057824937
61.55,-3.85596738,-3.496483644,-3.496483644,-0.1039254678
61.575,-3.778293708,-3.499041478,-3.499041478,-0.1004293742
61.6,-3.693978983,-3.5014916,-3.5014916,-0.09531201489
61.625,-3.603315004,-3.50379377,-3.50379377,-0.08859787294
61.65,-3.506615433,-3.505908442,-3.505908442,-0.080317761
61.675,-3.404214705,-3.507796913,-3.507796913,-0.0705084342
61.7,-3.296466875,-3.509421471,-3.509421471,-0.05921217435
61.725,-3.183744401,-3.510745524,-3.510745524,-0.0464763525
61.75,-3.066436867,-3.511733725,-3.511733725,-0.03235297673
61.775,-2.944949651,-3.512352078,-3.512352078,-0.01689823221
61.8,-2.819702549,-3.51256804,-3.51256804,-0.0001720202022
61.825,-2.691128343,-3.512350609,-3.512350609,0.01776249801
61.85,-2.559671343,-3.511670395,-3.511670395,0.03683934648
61.875,-2.425785882,-3.510499691,-3.510499691,0.05699016447
61.9,-2.289934784,-3.508812523,-3.508812523,0.07814461627
61.925,-2.152587813,-3.506584695,-3.506584695,0.1002307775
61.95,-2.014220092,-3.503793829,-3.503793829,0.1231754949
61.975,-1.875310517,-3.500419383,-3.500419383,0.1469047173
62,-1.736340155,-3.496442677,-3.496442677,0.1713437968
62.025,-1.597790639,-3.491846902,-3.491846902,0.1964177579
62.05,-1.460142569,-3.486617124,-3.486617124,0.2220515367
62.075,-1.323873913,-3.480740285,-3.480740285,0.2481701875
62.1,-1.189458425,-3.474205197,-3.474205197,0.2746990597
62.125,-1.057364075,-3.467002532,-3.467002532,0.3015639461
62.15,-0.9280515041,-3.459124813,-3.459124813,0.328691202
62.175,-0.8019725049,-3.450566394,-3.450566394,0.3560078396
62.2,-0.6795685358,-3.441323445,-3.441323445,0.3834415979
62.225,-0.5612692683,-3.431393934,-3.431393934,0.4109209906
62.25,-0.4474911778,-3.420777605,-3.420777605,0.4383753348
62.275,-0.338636179,-3.409475959,-3.409475959,0.4657347618
62.3,-0.2350903108,-3.397492233,-3.397492233,0.4929302138
62.325,-0.1372224757,-3.384831383,-3.384831383,0.519893427
62.35,-0.045383236,-3.37150006,-3.37150006,0.5465569052
62.375,0.0400963276,-3.357506593,-3.357506593,0.5728538844
62.4,0.1189056935,-3.342860971,-3.342860971,0.5987182912
62.425,0.1907559078,-3.327574828,-3.327574828,0.6240846985
62.45,0.2553805224,-3.311661426,-3.311661426,0.6488882779
62.475,0.3125364583,-3.29513564,-3.29513564,0.6730647524
62.5,0.3620047937,-3.278013946,-3.278013946,0.6965503511
62.525,0.4035914721,-3.260314408,-3.260314408,0.7192817668
62.55,0.4371279308,-3.242056667,-3.242056667,0.7411961189
62.575,0.4624716461,-3.223261931,-3.223261931,0.7622309228
62.6,0.4795065953,-3.203952968,-3.203952968,0.782324068
62.625,0.488143633,-3.18415409,-3.18415409,0.8014138051
62.65,0.4883207822,-3.163891151,-3.163891151,0.8194387447
62.675,0.4800034381,-3.143191535,-3.143191535,0.8363378683
62.7,0.4631844852,-3.122084145,-3.122084145,0.8520505538
62.725,0.4378843277,-3.100599396,-3.100599396,0.8665166153
62.75,0.4041508328,-3.0787692,-3.0787692,0.8796763605
62.775,0.362059188,-3.056626956,-3.056626956,0.891470666
62.8,0.3117116722,-3.034207533,-3.034207533,0.9018410712
62.825,0.2532373434,-3.01154725,-3.01154725,0.910729893
62.85,0.1867916424,-2.988683858,-2.988683858,0.9180803628
62.875,0.1125559149,-2.965656516,-2.965656516,0.9238367853
62.9,0.03073685443,-2.942505757,-2.942505757,0.9279447219
62.925,-0.05843413362,-2.919273459,-2.919273459,0.9303511983
62.95,-0.1547016424,-2.896002803,-2.896002803,0.9310049387
62.975,-0.2577870476,-2.87273823,-2.87273823,0.929856625
63,-0.3673893619,-2.849525382,-2.849525382,0.9268591842
63.025,-0.483186156,-2.826411051,-2.826411051,0.9219681014
63.05,-0.6048345451,-2.803443105,-2.803443105,0.9151417615
63.075,-0.7319722351,-2.780670411,-2.780670411,0.9063418162
63.1,-0.8642186272,-2.758142751,-2.758142751,0.8955335786
63.125,-1.001175976,-2.735910724,-2.735910724,0.8826864428
63.15,-1.142430596,-2.714025639,-2.714025639,0.8677743273
63.175,-1.28755412,-2.692539393,-2.692539393,0.8507761417
63.2,-1.436104791,-2.671504347,-2.671504347,0.8316762721
63.225,-1.587628799,-2.650973176,-2.650973176,0.8104650845
63.25,-1.741661647,-2.630998716,-2.630998716,0.7871394422
63.275,-1.897729551,-2.611633794,-2.611633794,0.7617032348
63.3,-2.055350861,-2.592931049,-2.592931049,0.7341679136
63.325,-2.214037505,-2.574942731,-2.574942731,0.704553024
63.35,-2.373296446,-2.557720495,-2.557720495,0.6728867343
63.375,-2.532631155,-2.54131518,-2.54131518,0.6392063597
63.4,-2.691543086,-2.525776573,-2.525776573,0.6035588642
63.425,-2.849533162,-2.511153157,-2.511153157,0.5660013261
63.45,-3.006103247,-2.497491864,-2.497491864,0.5266013989
63.475,-3.160757622,-2.484837788,-2.484837788,0.4854376925
63.5,-3.313004447,-2.47323393,-2.47323393,0.442600141
63.525,-3.462357205,-2.462720888,-2.462720888,0.3981902812
63.55,-3.608336132,-2.453336577,-2.453336577,0.35232147
63.575,-3.750469619,-2.445115931,-2.445115931,0.3051190333
63.6,-3.888295589,-2.438090598,-2.438090598,0.2567202994
63.625,-4.021362842,-2.432288644,-2.432288644,0.207274554
63.65,-4.149232364,-2.427734256,-2.427734256,0.1569428698
63.675,-4.271478598,-2.424447448,-2.424447448,0.1058978177
63.7,-4.387690668,-2.422443782,-2.422443782,0.0543230495
63.725,-4.497473567,-2.421734095,-2.421734095,0.002412739668
63.75,-4.600449286,-2.422324244,-2.422324244,-0.04962912128
63.775,-4.696257891,-2.424214875,-2.424214875,-0.101589583
63.8,-4.784558552,-2.427401206,-2.427401206,-0.1532477502
63.825,-4.865030507,-2.431872847,-2.431872847,-0.2043759517
63.85,-4.937373968,-2.437613646,-2.437613646,-0.2547410717
63.875,-5.001310966,-2.444601567,-2.444601567,-0.3041060336
63.9,-5.056586124,-2.452808618,-2.452808618,-0.3522314207
63.925,-5.102967372,-2.462200808,-2.462200808,-0.3988772419
63.95,-5.140246587,-2.47273816,-2.47273816,-0.4438048141
63.975,-5.168240166,-2.484374767,-2.484374767,-0.4867787391
64,-5.186789523,-2.497058898,-2.497058898,-0.5275689567
64.025,-5.195761521,-2.510733159,-2.510733159,-0.565952849
64.05,-5.195048821,-2.525334708,-2.525334708,-0.60171736
64.075,-5.184570166,-2.540795517,-2.540795517,-0.6346610895
64.1,-5.164270584,-2.557042688,-2.557042688,-0.6645963329
64.125,-5.134121519,-2.573998824,-2.573998824,-0.6913510182
64.15,-5.094120887,-2.59158244,-2.59158244,-0.7147705087
64.175,-5.044293056,-2.60970842,-2.60970842,-0.7347192222
64.2,-4.984688758,-2.628288513,-2.628288513,-0.751082029
64.225,-4.915384916,-2.647231854,-2.647231854,-0.7637653952
64.25,-4.836484411,-2.666445521,-2.666445521,-0.7726982463
64.275,-4.74811577,-2.685835104,-2.685835104,-0.7778325136
64.3,-4.650432784,-2.705305279,-2.705305279,-0.7791433521
64.325,-4.543614064,-2.72476039,-2.72476039,-0.7766290288
64.35,-4.427862521,-2.744105022,-2.744105022,-0.7703104612
64.375,-4.303404784,-2.763244561,-2.763244561,-0.7602304322
64.4,-4.170490562,-2.782085723,-2.782085723,-0.7464524945
64.425,-4.029391928,-2.800537057,-2.800537057,-0.7290595812
64.45,-3.880402566,-2.818509412,-2.818509412,-0.7081523657
64.475,-3.72383694,-2.835916356,-2.835916356,-0.6838474086
64.5,-3.560029427,-2.852674551,-2.852674551,-0.6562751334
64.525,-3.389333387,-2.868704067,-2.868704067,-0.6255776809
64.55,-3.212120188,-2.883928654,-2.883928654,-0.5919066902
64.575,-3.028778192,-2.898275945,-2.898275945,-0.5554210569
64.6,-2.839711687,-2.911677616,-2.911677616,-0.5162847129
64.625,-2.645339793,-2.924069481,-2.924069481,-0.4746644734
64.65,-2.446095318,-2.935391538,-2.935391538,-0.4307279882
64.675,-2.242423596,-2.945587968,-2.945587968,-0.38464183
64.7,-2.034781284,-2.954607082,-2.954607082,-0.3365697475
64.725,-1.823635138,-2.962401235,-2.962401235,-0.2866711016
64.75,-1.60946077,-2.968926697,-2.968926697,-0.2350994981
64.775,-1.392741379,-2.974143493,-2.974143493,-0.1820016231
64.8,-1.173966472,-2.978015219,-2.978015219,-0.127516283
64.825,-0.9536305716,-2.980508833,-2.980508833,-0.0717736425
64.85,-0.732231914,-2.981594434,-2.981594434,-0.01489465199
64.875,-0.5102711446,-2.981245026,-2.981245026,0.04300934825
64.9,-0.2882500102,-2.979436273,-2.979436273,0.1018368636
64.925,-0.06667005543,-2.976146253,-2.976146253,0.1614963376
64.95,0.1539686772,-2.971355207,-2.971355207,0.2219061209
64.975,0.3731689363,-2.965045296,-2.965045296,0.2829943347
65,0.5904375399,-2.957200358,-2.957200358,0.3446986495
65.025,0.8052866364,-2.947805674,-2.947805674,0.4069659956
65.05,1.017234948,-2.936847737,-2.936847737,0.4697522241
65.075,1.22580899,-2.924314038,-2.924314038,0.5330217326
65.1,1.430544269,-2.910192854,-2.910192854,0.5967470716
65.125,1.630986447,-2.894473052,-2.894473052,0.6609085412
65.15,1.82669248,-2.877143897,-2.877143897,0.7254937914
65.175,2.01723172,-2.858194877,-2.858194877,0.7904974334
65.2,2.20218698,-2.837615531,-2.837615531,0.8559206678
65.225,2.381155565,-2.815395287,-2.815395287,0.9217709369
65.25,2.553750251,-2.791523315,-2.791523315,0.9880616042
65.275,2.719600232,-2.76598838,-2.76598838,1.054811666
65.3,2.878352015,-2.738778702,-2.738778702,1.122045484
65.325,3.029670268,-2.709881831,-2.709881831,1.189792567
65.35,3.173238617,-2.679284511,-2.679284511,1.258087357
65.375,3.308760394,-2.646972574,-2.646972574,1.326969074
65.4,3.43595933,-2.612930802,-2.612930802,1.396481537
65.425,3.554580192,-2.577142839,-2.577142839,1.46667309
65.45,3.664389368,-2.539591053,-2.539591053,1.537596408
65.475,3.765175393,-2.500256445,-2.500256445,1.609308463
65.5,3.856749412,-2.459118549,-2.459118549,1.681870401
65.525,3.938945592,-2.416155302,-2.416155302,1.75534737
65.55,4.01162147,-2.371342978,-2.371342978,1.829808493
65.575,4.07465824,-2.324656071,-2.324656071,1.905326602
65.6,4.127960977,-2.276067204,-2.276067204,1.98197808
65.625,4.171458812,-2.225547058,-2.225547058,2.059842606
65.65,4.205105026,-2.173064278,-2.173064278,2.139002725
65.675,4.228877104,-2.118585417,-2.118585417,2.219543488
65.7,4.242776711,-2.062074875,-2.062074875,2.301551758
65.725,4.246829618,-2.003494866,-2.003494866,2.385115522
65.75,4.241085562,-1.942805401,-1.942805401,2.470322902
65.775,4.225618052,-1.879964299,-1.879964299,2.557260885
65.8,4.200524111,-1.814927228,-1.814927228,2.646013998
65.825,4.165923964,-1.747647805,-1.747647805,2.736662124
65.85,4.121960665,-1.678077717,-1.678077717,2.829278587
65.875,4.068799675,-1.606166938,-1.606166938,2.923927117
65.9,4.006628378,-1.531864,-1.531864,3.020658569
65.925,3.935655552,-1.455116361,-1.455116361,3.119506993
65.95,3.85611078,-1.375870899,-1.375870899,3.220484673
65.975,3.76824382,-1.294074499,-1.294074499,3.323576729
66,3.672323919,-1.209674836,-1.209674836,3.428734354
66.025,3.568639089,-1.122621308,-1.122621308,3.535867264
66.05,3.457495329,-1.032866166,-1.032866166,3.644835019
66.075,3.339215815,-0.9403659182,-0.9403659182,3.755436984
66.1,3.214140042,-0.8450829411,-0.8450829411,3.867401455
66.125,3.082622935,-0.7469874228,-0.7469874228,3.980373389
66.15,2.945033916,-0.6460596062,-0.6460596062,4.093901364
66.175,2.801755944,-0.5422923662,-0.5422923662,4.207423837
66.2,2.653184527,-0.4356941367,-0.4356941367,4.320255156
66.225,2.499726696,-0.3262921883,-0.3262921883,4.431571925
66.25,2.341799961,-0.2141362298,-0.2141362298,4.5404006
66.275,2.179831241,-0.0993022943,-0.0993022943,4.645607349
66.3,2.014255774,0.01810316334,0.01810316334,4.745891536
66.325,1.845516011,0.1379390667,0.1379390667,4.839784381
66.35,1.674060488,0.2600255685,0.2600255685,4.92565458
66.375,1.500342697,0.3841401467,0.3841401467,5.001722726
66.4,1.324819933,0.5100141912,0.5100141912,5.066086327
66.425,1.14795215,0.6373303647,0.6373303647,5.116756915
66.45,0.9702007968,0.765721052,0.765721052,5.151710202
66.475,0.7920276637,0.8947682279,0.8947682279,5.168949267
66.5,0.6138937242,1.024005058,1.024005058,5.166579707
66.525,0.4362579825,1.152919502,1.152919502,5.1428941
66.55,0.259576328,1.280960104,1.280960104,5.096461621
66.575,0.08430039845,1.407544026,1.407544026,5.026217136
66.6,-0.08912354363,1.532067237,1.532067237,4.931542956
66.625,-0.2602557204,1.653916575,1.653916575,4.812335827
66.65,-0.4286639304,1.772483227,1.772483227,4.669052045
66.675,-0.5939246199,1.887176992,1.887176992,4.502724838
66.7,-0.7556239324,1.997440598,1.997440598,4.314950308
66.725,-0.9133587321,2.102763262,2.102763262,4.107841131
66.75,-1.0667376,2.202692712,2.202692712,3.883950372
66.775,-1.215381802,2.296844979,2.296844979,3.646170926
66.8,-1.358926221,2.384911457,2.384911457,3.397618474
66.825,-1.497020257,2.466662919,2.466662919,3.141507041
66.85,-1.629328692,2.541950442,2.541950442,2.881026995
66.875,-1.755532516,2.61070339,2.61070339,2.619233742
66.9,-1.875329706,2.672924827,2.672924827,2.358954063
66.925,-1.988435971,2.728684858,2.728684858,2.102714335
66.95,-2.094585451,2.778112465,2.778112465,1.852692524
66.975,-2.193531365,2.821386445,2.821386445,1.610693444
67,-2.285046616,2.858725993,2.858725993,1.378144969
67.025,-2.368924348,2.890381413,2.890381413,1.156111679
67.05,-2.444978444,2.916625355,2.916625355,0.9453217686
67.075,-2.513043987,2.937744834,2.937744834,0.7462030057
67.1,-2.572977653,2.954034229,2.954034229,0.5589238048
67.125,-2.624658058,2.965789335,2.965789335,0.3834361449
67.15,-2.667986053,2.973302483,2.973302483,0.2195176795
67.175,-2.702884952,2.976858679,2.976858679,0.06681116952
67.2,-2.729300717,2.976732689,2.976732689,-0.07513996913
67.225,-2.747202078,2.973186946,2.973186946,-0.2068606852
67.25,-2.756580595,2.966470188,2.966470188,-0.3289180761
67.275,-2.757450669,2.956816673,2.956816673,-0.4418998376
67.3,-2.749849488,2.944445897,2.944445897,-0.5463970524
67.325,-2.733836922,2.929562677,2.929562677,-0.6429908651
67.35,-2.709495352,2.912357531,2.912357531,-0.7322425336
67.375,-2.676929452,2.893007274,2.893007274,-0.8146863269
67.4,-2.636265903,2.87167575,2.87167575,-0.8908247777
67.425,-2.587653059,2.84851467,2.84851467,-0.9611258232
67.45,-2.531260554,2.823664494,2.823664494,-1.026021435
67.475,-2.467278851,2.797255335,2.797255335,-1.085907394
67.5,-2.395918743,2.76940786,2.76940786,-1.141143909
67.525,-2.317410795,2.74023416,2.74023416,-1.192056861
67.55,-2.232004737,2.709838595,2.709838595,-1.238939455
67.575,-2.139968805,2.678318579,2.678318579,-1.282054159
67.6,-2.041589037,2.64576533,2.64576533,-1.321634785
67.625,-1.937168513,2.612264556,2.612264556,-1.357888648
67.65,-1.827026557,2.57789709,2.57789709,-1.390998724
67.675,-1.711497889,2.542739473,2.542739473,-1.421125766
67.7,-1.590931742,2.506864483,2.506864483,-1.448410343
67.725,-1.465690928,2.470341618,2.470341618,-1.472974795
67.75,-1.336150878,2.433237524,2.433237524,-1.494925071
67.775,-1.202698636,2.395616385,2.395616385,-1.514352464
67.8,-1.065731825,2.35754027,2.35754027,-1.531335238
67.825,-0.9256575821,2.319069436,2.319069436,-1.545940144
67.85,-0.7828914629,2.280262604,2.280262604,-1.55822384
67.875,-0.6378563201,2.241177187,2.241177187,-1.568234215
67.9,-0.4909811614,2.201869499,2.201869499,-1.576011621
67.925,-0.3426999846,2.162394929,2.162394929,-1.581590042
67.95,-0.1934505968,2.122808082,2.122808082,-1.584998183
67.975,-0.0436734185,2.083162901,2.083162901,-1.586260484
68,0.1061897239,2.043512763,2.043512763,-1.585398114
68.025,0.2556968136,2.003910544,2.003910544,-1.582429875
68.05,0.4044068649,1.964408673,1.964408673,-1.577373082
68.075,0.5518811458,1.925059155,1.925059155,-1.570244414
68.1,0.6976844016,1.885913578,1.885913578,-1.561060692
68.125,0.8413860718,1.847023099,1.847023099,-1.549839677
68.15,0.9825615024,1.808438411,1.808438411,-1.53660077
68.175,1.120793145,1.770209695,1.770209695,-1.521365754
68.2,1.255671746,1.732386551,1.732386551,-1.504159431
68.225,1.386797512,1.695017915,1.695017915,-1.485010295
68.25,1.513781264,1.658151955,1.658151955,-1.463951117
68.275,1.636245562,1.621835964,1.621835964,-1.441019527
68.3,1.753825804,1.586116225,1.586116225,-1.416258548
68.325,1.866171296,1.551037876,1.551037876,-1.389717082
68.35,1.972946296,1.51664475,1.51664475,-1.361450365
68.375,2.073831005,1.48297922,1.48297922,-1.331520353
68.4,2.168522544,1.45008202,1.45008202,-1.299996083
68.425,2.256735866,1.417992067,1.417992067,-1.266953945
68.45,2.338204642,1.386746274,1.386746274,-1.232477926
68.475,2.412682088,1.356379357,1.356379357,-1.19665976
68.5,2.479941751,1.326923643,1.326923643,-1.159599041
68.525,2.539778239,1.298408866,1.298408866,-1.12140324
68.55,2.592007899,1.270861981,1.270861981,-1.08218767
68.575,2.636469436,1.244306958,1.244306958,-1.042075367
68.6,2.673024477,1.218764599,1.218764599,-1.001196909
68.625,2.701558071,1.19425235,1.19425235,-0.9596901427
68.65,2.721979134,1.170784123,1.170784123,-0.9176998654
68.675,2.73422082,1.148370127,1.148370127,-0.8753774018
68.7,2.738240834,1.127016711,1.127016711,-0.8328801553
68.725,2.734021677,1.106726219,1.106726219,-0.7903710345
68.75,2.721570825,1.087496861,1.087496861,-0.7480179023
68.775,2.700920829,1.069322591,1.069322591,-0.7059928459
68.8,2.672129365,1.052193021,1.052193021,-0.6644715573
68.825,2.635279193,1.036093329,1.036093329,-0.6236324736
68.85,2.590478057,1.021004209,1.021004209,-0.5836560524
68.875,2.537858514,1.006901824,1.006901824,-0.5447239036
68.9,2.47757769,0.9937577957,0.9937577957,-0.5070179025
68.925,2.409816959,0.9815391999,0.9815391999,-0.470719346
68.95,2.334781566,0.9702086012,0.9702086012,-0.4360079772
68.975,2.252700165,0.9597240956,0.9597240956,-0.4030611388
69,2.163824296,0.9500393891,0.9500393891,-0.3720527797
69.025,2.068427795,0.941103887,0.941103887,-0.343152595
69.05,1.966806128,0.9328628187,0.9328628187,-0.3165250695
69.075,1.859275671,0.9252573727,0.9252573727,-0.2923286223
69.1,1.746172914,0.918224864,0.918224864,-0.2707147169
69.125,1.627853613,0.9116989161,0.9116989161,-0.2518270404
69.15,1.504691873,0.9056096647,0.9056096647,-0.2358007088
69.175,1.377079175,0.8998839853,0.8998839853,-0.2227615111
69.2,1.245423351,0.8944457286,0.8944457286,-0.2128252321
69.225,1.110147497,0.8892159866,0.8892159866,-0.2060970016
69.25,0.9716888431,0.884113359,0.884113359,-0.2026707442
69.275,0.8304975684,0.8790542441,0.8790542441,-0.2026286752
69.3,0.6870355741,0.8739531363,0.8739531363,-0.2060408887
69.325,0.5417752137,0.8687229303,0.8687229303,-0.2129650231
69.35,0.3951979837,0.8632752408,0.8632752408,-0.2234460075
69.375,0.2477931785,0.857520719,0.857520719,-0.237515899
69.4,0.1000565141,0.8513693756,0.8513693756,-0.2551938028
69.425,-0.0475112781,0.8447309069,0.8447309069,-0.276485878
69.45,-0.1944058804,0.837515016,0.837515016,-0.3013854248
69.475,-0.3401208402,0.8296317317,0.8296317317,-0.3298730473
69.5,-0.4841490371,0.8209917249,0.8209917249,-0.3619168863
69.525,-0.6259841632,0.8115066158,0.8115066158,-0.3974729131
69.55,-0.7651222121,0.8010892735,0.8010892735,-0.4364852705
69.575,-0.9010629713,0.7896541073,0.7896541073,-0.4788866531
69.6,-1.033311516,0.7771173488,0.7771173488,-0.5245987102
69.625,-1.161379698,0.7633973218,0.7633973218,-0.573532453
69.65,-1.284787626,0.7484147029,0.7484147029,-0.6255886531
69.675,-1.403065134,0.732092775,0.732092775,-0.6806582145
69.7,-1.515753228,0.7143576672,0.7143576672,-0.7386224928
69.725,-1.622405522,0.6951385911,0.6951385911,-0.7993535531
69.75,-1.722589634,0.6743680727,0.6743680727,-0.8627143391
69.775,-1.815888563,0.651982175,0.651982175,-0.9285587388
69.8,-1.901902029,0.6279207296,0.6279207296,-0.9967315265
69.825,-1.980247768,0.6021275641,0.6021275641,-1.067068165
69.85,-2.050562797,0.5745507379,0.5745507379,-1.139394462
69.875,-2.11250462,0.5451427941,0.5451427941,-1.213526036
69.9,-2.165752392,0.5138610161,0.5138610161,-1.289267648
69.925,-2.210008028,0.4806677157,0.4806677157,-1.366412303
69.95,-2.244997249,0.4455305369,0.4455305369,-1.444740207
69.975,-2.270470574,0.4084227891,0.4084227891,-1.524017534
70,-2.286204241,0.3693238207,0.3693238207,-1.603995011
70.025,-2.292001067,0.3282194179,0.3282194179,-1.684406389
70.05,-2.287691232,0.2851022538,0.2851022538,-1.764966758
70.075,-2.273132991,0.2399723763,0.2399723763,-1.845370802
70.1,-2.248213314,0.1928377392,0.1928377392,-1.925291021
70.125,-2.21284844,0.1437147788,0.1437147788,-2.004375977
70.15,-2.166984355,0.09262903503,0.09262903503,-2.082248647
70.175,-2.110597191,0.03961580789,0.03961580789,-2.158504989
70.2,-2.043693532,-0.01527915129,-0.01527915129,-2.232712797
70.225,-1.966310641,-0.07199892655,-0.07199892655,-2.304411002
70.25,-1.878516597,-0.1304747119,-0.1304747119,-2.373109523
70.275,-1.780410345,-0.190625092,-0.190625092,-2.438289834
70.3,-1.672121655,-0.2523553461,-0.2523553461,-2.499406389
70.325,-1.553810998,-0.3155568013,-0.3155568013,-2.555889048
70.35,-1.425669319,-0.3801062608,-0.3801062608,-2.60714666
70.375,-1.28791774,-0.4458655346,-0.4458655346,-2.652571927
70.4,-1.140807152,-0.5126811114,-0.5126811114,-2.691547601
70.425,-0.9846177367,-0.5803840027,-0.5803840027,-2.723454093
70.45,-0.8196583903,-0.6487897936,-0.6487897936,-2.747678495
70.475,-0.6462660615,-0.717698936,-0.717698936,-2.763624876
70.5,-0.4648050066,-0.7868973132,-0.7868973132,-2.770725703
70.525,-0.2756659598,-0.856157103,-0.856157103,-2.76845414
70.55,-0.07926522109,-0.925237954,-0.925237954,-2.756336843
70.575,0.1239563355,-0.993888484,-0.993888484,-2.733966813
70.6,0.3335343303,-1.061848095,-1.061848095,-2.701015792
70.625,0.5489820218,-1.128849086,-1.128849086,-2.657245613
70.65,0.7697915221,-1.194619033,-1.194619033,-2.602517932
70.675,0.9954350807,-1.258883381,-1.258883381,-2.536801754
70.7,1.225366434,-1.321368195,-1.321368195,-2.460178242
70.725,1.459022216,-1.381802992,-1.381802992,-2.372842399
70.75,1.695823428,-1.439923575,-1.439923575,-2.275101358
70.775,1.93517696,-1.495474773,-1.495474773,-2.167369176
70.8,2.176477168,-1.548213019,-1.548213019,-2.050158226
70.825,2.419107485,-1.597908665,-1.597908665,-1.924067463
70.85,2.662442087,-1.644347972,-1.644347972,-1.789768022
70.875,2.905847584,-1.687334708,-1.687334708,-1.64798676
70.9,3.148684751,-1.726691329,-1.726691329,-1.499488417
70.925,3.390310279,-1.762259687,-1.762259687,-1.34505712
70.95,3.630078552,-1.793901291,-1.793901291,-1.185478112
70.975,3.867343436,-1.821497111,-1.821497111,-1.021520267
71,4.101460087,-1.844946964,-1.844946964,-0.8539200294
71.025,4.331786756,-1.864168525,-1.864168525,-0.6833673095
71.05,4.557686601,-1.879096008,-1.879096008,-0.5104936496
71.075,4.778529494,-1.889678586,-1.889678586,-0.3358628397
71.1,4.993693814,-1.895878605,-1.895878605,-0.1599640471
71.125,5.202568226,-1.897669662,-1.897669662,0.01679260959
71.15,5.404553446,-1.89503459,-1.89503459,0.1940782163
71.175,5.599063972,-1.887963428,-1.887963428,0.3716451915
71.2,5.785529786,-1.876451405,-1.876451405,0.5493256743
71.225,5.963398022,-1.860496978,-1.860496978,0.727028481
71.25,6.132134593,-1.84009997,-1.84009997,0.9047349294
71.275,6.291225766,-1.815259813,-1.815259813,1.082493798
71.3,6.440179695,-1.785973937,-1.785973937,1.260415665
71.325,6.57852789,-1.752236299,-1.752236299,1.438666847
71.35,6.70582663,-1.714036067,-1.714036067,1.617462953
71.375,6.82165831,-1.671356468,-1.671356468,1.797062229
71.4,6.925632719,-1.624173819,-1.624173819,1.977758763
71.425,7.017388246,-1.572456704,-1.572456704,2.159875058
71.45,7.096593006,-1.516165374,-1.516165374,2.343754662
71.475,7.16294589,-1.455251314,-1.455251314,2.529753428
71.5,7.216177526,-1.389657042,-1.389657042,2.718230905
71.525,7.25605116,-1.319316178,-1.319316178,2.909538721
71.55,7.282363439,-1.244153739,-1.244153739,3.104009613
71.575,7.294945106,-1.164086837,-1.164086837,3.301941908
71.6,7.293661601,-1.079025719,-1.079025719,3.50358286
71.625,7.278413564,-0.9888752988,-0.9888752988,3.70910795
71.65,7.249137237,-0.8935372587,-0.8935372587,3.91859619
71.675,7.20580477,-0.7929128073,-0.7929128073,4.132001062
71.7,7.14842442,-0.6869062338,-0.6869062338,4.349116124
71.725,7.077040656,-0.5754294012,-0.5754294012,4.569535039
71.75,6.991734155,-0.4584072983,-0.4584072983,4.792606088
71.775,6.892621693,-0.335784796,-0.335784796,5.0173815
71.8,6.779855943,-0.2075347272,-0.2075347272,5.242562778
71.825,6.65362516,-0.0736673602,-0.0736673602,5.466444243
71.85,6.514152767,0.06575873218,0.06575873218,5.686858357
71.875,6.361696847,0.2106245053,0.2106245053,5.901127981
71.9,6.196549525,0.3607372451,0.3607372451,6.106032676
71.925,6.019036258,0.515816793,0.515816793,6.297797979
71.95,5.829515029,0.6754818988,0.6754818988,6.472118156
71.975,5.628375449,0.8392376763,0.8392376763,6.624223706
72,5.41603776,1.006465419,1.006465419,6.749004027
72.025,5.192951759,1.176416256,1.176416256,6.841192695
72.05,4.95959563,1.348210241,1.348210241,6.895617018
72.075,4.716474698,1.52084243,1.52084243,6.907504984
72.1,4.464120105,1.693197173,1.693197173,6.872831704
72.125,4.203087406,1.864071258,1.864071258,6.78867559
72.15,3.933955104,2.032205696,2.032205696,6.653545268
72.175,3.657323107,2.196324824,2.196324824,6.467632493
72.2,3.373811136,2.355180394,2.355180394,6.232949534
72.225,3.084057066,2.507597287,2.507597287,5.953320427
72.25,2.788715222,2.652517068,2.652517068,5.634214716
72.275,2.488454624,2.789035492,2.789035492,5.282435876
72.3,2.183957192,2.916430759,2.916430759,4.905698909
72.325,1.875915916,3.034180336,3.034180336,4.512147689
72.35,1.565032992,3.141965562,3.141965562,4.109869942
72.375,1.252017933,3.239664654,3.239664654,3.706462387
72.4,0.937585668,3.327335907,3.327335907,3.308685818
72.425,0.6224546124,3.405193637,3.405193637,2.922232262
72.45,0.3073447451,3.473579763,3.473579763,2.551607562
72.475,-0.007024326011,3.53293379,3.53293379,2.200117958
72.5,-0.319935292,3.583763535,3.583763535,1.869939442
72.525,-0.6306750623,3.62661836,3.62661836,1.562244504
72.55,-0.9385366688,3.662066044,3.662066044,1.277361289
72.575,-1.242821151,3.690673783,3.690673783,1.014944145
72.6,-1.542839411,3.712993451,3.712993451,0.7741392291
72.625,-1.837914044,3.72955081,3.72955081,0.5537346893
72.65,-2.127381123,3.740838213,3.740838213,0.3522894091
72.675,-2.41059195,3.747310242,3.747310242,0.1682382112
72.7,-2.686914748,3.749381676,3.749381676,-2.599650622e-05
72.725,-2.955736316,3.747427251,3.747427251,-0.1540910047
72.75,-3.216463611,3.741782717,3.741782717,-0.2954820504
72.775,-3.468525279,3.732746783,3.732746783,-0.4256333036
72.8,-3.711373113,3.720583632,3.720583632,-0.5458709758
72.825,-3.944483444,3.70552573,3.70552573,-0.6574052558
72.85,-4.167358454,3.687776761,3.687776761,-0.7613286983
72.875,-4.379527412,3.66751454,3.66751454,-0.8586191217
72.9,-4.58054783,3.644893811,3.644893811,-0.9501454906
72.925,-4.770006528,3.620048875,3.620048875,-1.036675611
72.95,-4.947520617,3.593096015,3.593096015,-1.118884773
72.975,-5.112738386,3.564135692,3.564135692,-1.197364727
73,-5.265340098,3.533254528,3.533254528,-1.272632556
73.025,-5.405038691,3.500527059,3.500527059,-1.345139161
73.05,-5.531580378,3.466017294,3.466017294,-1.415277198
73.075,-5.644745151,3.429780077,3.429780077,-1.483388367
73.1,-5.744347187,3.391862278,3.391862278,-1.549769999
73.125,-5.830235148,3.352303823,3.352303823,-1.614680971
73.15,-5.902292385,3.311138596,3.311138596,-1.678346949
73.175,-5.960437034,3.268395202,3.268395202,-1.740965016
73.2,-6.004622016,3.224097634,3.224097634,-1.802707709
73.225,-6.034834937,3.178265843,3.178265843,-1.863726555
73.25,-6.051097881,3.130916221,3.130916221,-1.924155109
73.275,-6.053467107,3.082062018,3.082062018,-1.98411159
73.3,-6.042032655,3.031713697,3.031713697,-2.043701121
73.325,-6.016917845,2.979879235,2.979879235,-2.10301764
73.35,-5.978278689,2.926564384,2.926564384,-2.16214551
73.375,-5.926303206,2.871772895,2.871772895,-2.221160847
73.4,-5.861210658,2.815506703,2.815506703,-2.280132618
73.425,-5.783250687,2.757766103,2.757766103,-2.339123504
73.45,-5.692702377,2.698549892,2.698549892,-2.398190565
73.475,-5.589873234,2.637855506,2.637855506,-2.457385707
73.5,-5.47509809,2.575679146,2.575679146,-2.516755962
73.525,-5.348737934,2.512015895,2.512015895,-2.576343607
73.55,-5.211178679,2.446859841,2.446859841,-2.636186084
73.575,-5.062829857,2.380204196,2.380204196,-2.696315746
73.6,-4.904123262,2.312041435,2.312041435,-2.756759437
73.625,-4.735511536,2.242363433,2.242363433,-2.817537858
73.65,-4.557466703,2.171161636,2.171161636,-2.878664735
73.675,-4.370478664,2.098427242,2.098427242,-2.940145804
73.7,-4.17505364,2.024151421,2.024151421,-3.001977494
73.725,-3.971712596,1.948325561,1.948325561,-3.064145474
73.75,-3.760989624,1.870941566,1.870941566,-3.12662281
73.775,-3.543430302,1.791992184,1.791992184,-3.189367972
73.8,-3.319590045,1.711471417,1.711471417,-3.252322447
73.825,-3.090032427,1.629374963,1.629374963,-3.315408105
73.85,-2.855327507,1.545700749,1.545700749,-3.378524269
73.875,-2.616050151,1.460449542,1.460449542,-3.441544395
73.9,-2.372778345,1.37362562,1.37362562,-3.504312619
73.925,-2.126091535,1.285237575,1.285237575,-3.566639836
73.95,-1.876568964,1.195299178,1.195299178,-3.628299768
73.975,-1.624788036,1.103830364,1.103830364,-3.689024754
74,-1.371322705,1.010858328,1.010858328,-3.748501541
74.025,-1.116741881,0.9164186994,0.9164186994,-3.806367211
74.05,-0.8616078875,0.8205568473,0.8205568473,-3.86220531
74.075,-0.6064749417,0.7233292576,0.7233292576,-3.915542509
74.1,-0.3518876858,0.6248049863,0.6248049863,-3.965846022
74.125,-0.0983797627,0.525067169,0.525067169,-4.012522063
74.15,0.1535275558,0.4242145527,0.4242145527,-4.05491574
74.175,0.4033266859,0.322363005,0.322363005,-4.092312736
74.2,0.6505249897,0.2196469564,0.2196469564,-4.123943198
74.225,0.8946459694,0.1162207128,0.1162207128,-4.148988216
74.25,1.135230397,0.01225957152,0.01225957152,-4.16658924
74.275,1.371837373,-0.09203933966,-0.09203933966,-4.175860757
74.3,1.604045313,-0.1964565811,-0.1964565811,-4.175906321
74.325,1.831452866,-0.3007503646,-0.3007503646,-4.165837981
74.35,2.053679743,-0.4046570412,-0.4046570412,-4.144798844
74.375,2.270367482,-0.5078921885,-0.5078921885,-4.111988299
74.4,2.481180121,-0.6101523533,-0.6101523533,-4.066689123
74.425,2.685804794,-0.711117485,-0.711117485,-4.008295413
74.45,2.883952246,-0.8104540643,-0.8104540643,-3.93634003
74.475,3.075357259,-0.9078188964,-0.9078188964,-3.850520042
74.5,3.259778999,-1.002863498,-1.002863498,-3.750718548
74.525,3.437001274,-1.095238967,-1.095238967,-3.637021301
74.55,3.606832713,-1.184601192,-1.184601192,-3.50972672
74.575,3.769106852,-1.270616212,-1.270616212,-3.369348189
74.6,3.92368215,-1.352965533,-1.352965533,-3.216608011
74.625,4.070441909,-1.43135119,-1.43135119,-3.052422919
74.65,4.20929412,-1.505500338,-1.505500338,-2.877881638
74.675,4.340171232,-1.575169202,-1.575169202,-2.694215582
74.7,4.463029835,-1.64014622,-1.64014622,-2.502764199
74.725,4.577850273,-1.700254271,-1.700254271,-2.304936906
74.75,4.684636182,-1.755351934,-1.755351934,-2.102173645
74.775,4.783413957,-1.805333763,-1.805333763,-1.895906246
74.8,4.874232151,-1.85012963,-1.85012963,-1.687522282
74.825,4.957160808,-1.889703197,-1.889703197,-1.478333103
74.85,5.032290735,-1.924049681,-1.924049681,-1.269547306
74.875,5.099732713,-1.953193006,-1.953193006,-1.062250105
74.9,5.159616656,-1.977182527,-1.977182527,-0.857388966
74.925,5.212090718,-1.996089474,-1.996089474,-0.6557653152
74.95,5.257320349,-2.010003252,-2.010003252,-0.4580318159
74.975,5.295487312,-2.01902774,-2.01902774,-0.2646944852
75,5.326788657,-2.023277693,-2.023277693,-0.07611876403
75.025,5.351435664,-2.022875341,-2.022875341,0.107461384
75.05,5.369652751,-2.017947231,-2.017947231,0.2859322214
75.075,5.381676358,-2.008621384,-2.008621384,0.4592876995
75.1,5.387753807,-1.995024759,-1.995024759,0.6276163326
75.125,5.388142147,-1.97728106,-1.97728106,0.7910880795
75.15,5.383106988,-1.955508856,-1.955508856,0.9499416827
75.175,5.372921316,-1.92982001,-1.92982001,1.104472792
75.2,5.35786432,-1.9003184,-1.9003184,1.25502308
75.225,5.338220203,-1.867098888,-1.867098888,1.401970455
75.25,5.314277014,-1.830246527,-1.830246527,1.545720391
75.275,5.286325475,-1.789835972,-1.789835972,1.686698344
75.3,5.254657833,-1.745931056,-1.745931056,1.825343142
75.325,5.219566718,-1.698584538,-1.698584538,1.962101246
75.35,5.181344038,-1.647837973,-1.647837973,2.097421691
75.375,5.140279885,-1.593721706,-1.593721706,2.231751527
75.4,5.096661479,-1.536254975,-1.536254975,2.365531613
75.425,5.050772143,-1.475446114,-1.475446114,2.499192528
75.45,5.002890318,-1.41129287,-1.41129287,2.633150298
75.475,4.953288607,-1.343782811,-1.343782811,2.767801949
75.5,4.902232882,-1.272893874,-1.272893874,2.903520323
75.525,4.849981413,-1.198595039,-1.198595039,3.040648192
75.55,4.796784069,-1.120847157,-1.120847157,3.179491338
75.575,4.742881553,-1.039603993,-1.039603993,3.320310089
75.6,4.688504697,-0.9548134622,-0.9548134622,3.463309596
75.625,4.633873819,-0.8664191662,-0.8664191662,3.608627914
75.65,4.579198122,-0.7743622396,-0.7743622396,3.756322185
75.675,4.524675171,-0.6785835594,-0.6785835594,3.906352529
75.7,4.470490412,-0.5790264044,-0.5790264044,4.058563446
75.725,4.416816768,-0.4756396047,-0.4756396047,4.212662862
75.75,4.363814283,-0.3683812371,-0.3683812371,4.368198994
75.775,4.311629841,-0.2572229274,-0.2572229274,4.524535413
75.8,4.260396941,-0.1421547903,-0.1421547903,4.6808251
75.825,4.210235534,-0.02319101726,-0.02319101726,4.835984714
75.85,4.16125193,0.09962391035,0.09962391035,4.988670768
75.875,4.113538758,0.226208463,0.226208463,5.137260056
75.9,4.067174992,0.3564368946,0.3564368946,5.279837269
75.925,4.022226042,0.4901318955,0.4901318955,5.414193374
75.95,3.978743892,0.6270573769,0.6270573769,5.537838765
75.975,3.936767311,0.7669118152,0.7669118152,5.648035389
76,3.896322108,0.9093226765,0.9093226765,5.741851761
76.025,3.857421446,1.053842536,1.053842536,5.816243767
76.05,3.820066208,1.199947552,1.199947552,5.868162464
76.075,3.784245417,1.347038966,1.347038966,5.894687448
76.1,3.749936691,1.494448204,1.494448204,5.893180915
76.125,3.717106757,1.641446002,1.641446002,5.861453662
76.15,3.685712,1.787255709,1.787255709,5.797930603
76.175,3.655699046,1.931070559,1.931070559,5.701800432
76.2,3.627005395,2.072074318,2.072074318,5.573132697
76.225,3.599560069,2.209464275,2.209464275,5.412946806
76.25,3.573284304,2.34247524,2.34247524,5.22322107
76.275,3.548092258,2.470402948,2.470402948,5.006836016
76.3,3.523891747,2.592625229,2.592625229,4.767453864
76.325,3.500584996,2.708619466,2.708619466,4.509343854
76.35,3.478069406,2.817975175,2.817975175,4.237169729
76.375,3.456238334,2.920401005,2.920401005,3.955759802
76.4,3.434981876,3.015726001,3.015726001,3.669881179
76.425,3.41418766,3.103895473,3.103895473,3.384037114
76.45,3.393741637,3.184962253,3.184962253,3.102302239
76.475,3.373528862,3.259074398,3.259074398,2.828204121
76.5,3.353434278,3.326460536,3.326460536,2.564653609
76.525,3.333343483,3.387414068,3.387414068,2.313920986
76.55,3.313143485,3.44227727,3.44227727,2.077651076
76.575,3.292723438,3.491426161,3.491426161,1.85690839
76.6,3.271975355,3.535256786,3.535256786,1.65224264
76.625,3.250794806,3.574173297,3.574173297,1.463765623
76.65,3.229081576,3.608578005,3.608578005,1.291231954
76.675,3.206740301,3.638863446,3.638863446,1.134117668
76.7,3.18368107,3.665406338,3.665406338,0.9916926784
76.725,3.159819988,3.688563246,3.688563246,0.8630846605
76.75,3.135079705,3.708667721,3.708667721,0.7473331879
76.775,3.109389903,3.726028677,3.726028677,0.6434340184
76.8,3.082687738,3.740929744,3.740929744,0.5503740519
76.825,3.054918242,3.753629401,3.753629401,0.4671579117
76.85,3.026034677,3.764361671,3.764361671,0.3928272985
76.875,2.995998839,3.773337229,3.773337229,0.3264743165
76.9,2.964781319,3.780744774,3.780744774,0.2672499219
76.925,2.932361707,3.786752566,3.786752566,0.214368539
76.95,2.898728754,3.791510038,3.791510038,0.1671097509
76.975,2.863880473,3.795149426,3.795149426,0.1248178289
77,2.827824197,3.797787361,3.797787361,0.08689972443
77.025,2.79057658,3.7995264,3.7995264,0.05282202179
77.05,2.752163551,3.800456472,3.800456472,0.02210723995
77.075,2.712620212,3.800656227,3.800656227,-0.005670223243
77.1,2.671990689,3.800194277,3.800194277,-0.03088828393
77.125,2.630327932,3.799130343,3.799130343,-0.05388134617
77.15,2.587693465,3.797516284,3.797516284,-0.07494434691
77.175,2.544157094,3.79539704,3.79539704,-0.09433660035
77.2,2.49979656,3.792811475,3.792811475,-0.1122853974
77.225,2.454697158,3.789793137,3.789793137,-0.128989337
77.25,2.408951304,3.786370934,3.786370934,-0.1446213822
77.275,2.362658071,3.782569743,3.782569743,-0.1593316417
77.3,2.315922675,3.778410947,3.778410947,-0.173249889
77.325,2.268855941,3.773912914,3.773912914,-0.1864878319
77.35,2.22157372,3.769091423,3.769091423,-0.1991411495
77.375,2.174196288,3.763960046,3.763960046,-0.2112913168
77.4,2.12684771,3.758530473,3.758530473,-0.2230072334
77.425,2.079655181,3.752812819,3.752812819,-0.234346677
77.45,2.03274835,3.746815875,3.746815875,-0.2453575978
77.475,1.98625862,3.740547347,3.740547347,-0.2560792711
77.5,1.940318435,3.734014056,3.734014056,-0.2665433237
77.525,1.895060557,3.727222119,3.727222119,-0.2767746481
77.55,1.850617336,3.720177104,3.720177104,-0.2867922168
77.575,1.807119967,3.712884173,3.712884173,-0.2966098094
77.6,1.764697759,3.705348202,3.705348202,-0.3062366615
77.625,1.723477396,3.697573884,3.697573884,-0.3156780462
77.65,1.683582206,3.689565829,3.689565829,-0.3249357951
77.675,1.645131443,3.681328634,3.681328634,-0.3340087674
77.7,1.608239577,3.67286696,3.67286696,-0.3428932719
77.725,1.573015606,3.664185589,3.664185589,-0.3515834498
77.75,1.53956238,3.655289471,3.655289471,-0.3600716207
77.775,1.507975955,3.646183768,3.646183768,-0.3683485988
77.8,1.478344965,3.636873887,3.636873887,-0.3764039814
77.825,1.450750036,3.62736551,3.62736551,-0.3842264132
77.85,1.425263215,3.617664608,3.617664608,-0.3918038307
77.875,1.401947448,3.607777464,3.607777464,-0.3991236873
77.9,1.380856088,3.597710677,3.597710677,-0.4061731631
77.925,1.362032448,3.587471167,3.587471167,-0.4129393598
77.95,1.345509389,3.577066176,3.577066176,-0.4194094834
77.975,1.331308962,3.566503264,3.566503264,-0.4255710161
78,1.319442088,3.555790298,3.555790298,-0.4314118776
78.025,1.309908291,3.544935439,3.544935439,-0.4369205777
78.05,1.302695485,3.533947127,3.533947127,-0.4420863612
78.075,1.297779799,3.522834061,3.522834061,-0.4468993447
78.1,1.295125471,3.511605174,3.511605174,-0.4513506469
78.125,1.294684784,3.500269608,3.500269608,-0.4554325126
78.15,1.296398062,3.488836682,3.488836682,-0.4591384297
78.175,1.300193715,3.477315862,3.477315862,-0.4624632413
78.2,1.30598835,3.465716727,3.465716727,-0.465403251
78.225,1.313686922,3.454048925,3.454048925,-0.4679563226
78.25,1.323182954,3.44232214,3.44232214,-0.4701219741
78.275,1.334358802,3.430546045,3.430546045,-0.4719014649
78.3,1.34708598,3.418730259,3.418730259,-0.4732978772
78.325,1.361225529,3.406884302,3.406884302,-0.4743161906
78.35,1.376628453,3.395017543,3.395017543,-0.4749633498
78.375,1.393136185,3.383139153,3.383139153,-0.4752483249
78.4,1.410581121,3.371258054,3.371258054,-0.4751821638
78.425,1.428787191,3.359382862,3.359382862,-0.4747780372
78.45,1.44757047,3.347521841,3.347521841,-0.474051274
78.475,1.466739848,3.335682842,3.335682842,-0.4730193887
78.5,1.486097721,3.323873251,3.323873251,-0.4717020983
78.525,1.505440737,3.312099933,3.312099933,-0.4701213306
78.55,1.524560561,3.300369179,3.300369179,-0.4683012207
78.575,1.543244686,3.288686648,3.288686648,-0.4662680979
78.6,1.561277264,3.277057312,3.277057312,-0.4640504609
78.625,1.578439962,3.265485408,3.265485408,-0.4616789426
78.65,1.594512851,3.253974376,3.253974376,-0.4591862625
78.675,1.609275296,3.242526815,3.242526815,-0.4566071675
78.7,1.62250688,3.231144432,3.231144432,-0.4539783606
78.725,1.633988326,3.21982799,3.21982799,-0.4513384208
78.75,1.643502433,3.208577268,3.208577268,-0.4487277049
78.775,1.650835012,3.197391012,3.197391012,-0.4461882473
78.8,1.655775828,3.186266899,3.186266899,-0.4437636389
78.825,1.658119533,3.175201498,3.175201498,-0.4414989035
78.85,1.657666591,3.164190236,3.164190236,-0.4394403604
78.875,1.654224199,3.153227366,3.153227366,-0.4376354771
78.9,1.647607181,3.142305944,3.142305944,-0.4361327175
78.925,1.637638872,3.131417802,3.131417802,-0.4349813797
78.95,1.624151978,3.120553531,3.120553531,-0.4342314284
78.975,1.606989405,3.109702465,3.109702465,-0.4339333226
79,1.58600506,3.098852676,3.098852676,-0.4341378399
79.025,1.56106462,3.087990961,3.087990961,-0.4348958983
79.05,1.532046263,3.077102844,3.077102844,-0.4362583771
79.075,1.498841355,3.066172583,3.066172583,-0.4382759398
79.1,1.4613551,3.055183169,3.055183169,-0.4409988581
79.125,1.419507138,3.044116347,3.044116347,-0.4444768408
79.15,1.373232094,3.032952626,3.032952626,-0.4487588688
79.175,1.322480081,3.021671302,3.021671302,-0.4538930372
79.2,1.26721714,3.010250481,3.010250481,-0.4599264063
79.225,1.207425629,2.998667106,2.998667106,-0.4669048642
79.25,1.143104552,2.98689699,2.98689699,-0.4748730007
79.275,1.074269825,2.974914848,2.974914848,-0.4838739952
79.3,1.000954486,2.962694335,2.962694335,-0.4939495201
79.325,0.9232088333,2.950208083,2.950208083,-0.5051396593
79.35,0.8411005074,2.937427743,2.937427743,-0.5174828448
79.375,0.7547144999,2.924324026,2.924324026,-0.5310158111
79.4,0.6641531021,2.910866746,2.910866746,-0.5457735684
79.425,0.5695357845,2.897024863,2.897024863,-0.5617893957
79.45,0.4709990101,2.882766528,2.882766528,-0.5790948532
79.475,0.3686959818,2.868059124,2.868059124,-0.597719815
79.5,0.2627963233,2.852869306,2.852869306,-0.6176925224
79.525,0.1534856955,2.837163044,2.837163044,-0.6390396573
79.55,0.04096534775,2.820905659,2.820905659,-0.6617864345
79.575,-0.07454839333,2.804061859,2.804061859,-0.6859567152
79.6,-0.192824697,2.786595772,2.786595772,-0.7115731378
79.625,-0.3136188616,2.768470971,2.768470971,-0.7386572685
79.65,-0.4366730052,2.749650505,2.749650505,-0.7672297681
79.675,-0.5617168129,2.730096914,2.730096914,-0.7973105772
79.7,-0.6884683367,2.709772245,2.709772245,-0.8289191157
79.725,-0.8166348467,2.688638067,2.688638067,-0.862074498
79.75,-0.9459137303,2.666655471,2.666655471,-0.8967957623
79.775,-1.075993436,2.64378507,2.64378507,-0.9331021112
79.8,-1.206554457,2.619986993,2.619986993,-0.9710131646
79.825,-1.33727036,2.595220871,2.595220871,-1.010549223
79.85,-1.467808838,2.569445814,2.569445814,-1.051731537
79.875,-1.597832803,2.542620388,2.542620388,-1.094582592
79.9,-1.7270015,2.514702578,2.514702578,-1.139126386
79.925,-1.854971649,2.485649748,2.485649748,-1.185388722
79.95,-1.981398603,2.455418589,2.455418589,-1.233397498
79.975,-2.105937519,2.423965068,2.423965068,-1.283182997
80,-2.228244544,2.39124436,2.39124436,-1.334778175
80.025,-2.347978003,2.35721078,2.35721078,-1.388218939
80.05,-2.464799592,2.321817708,2.321817708,-1.443544422
80.075,-2.578375566,2.285017499,2.285017499,-1.500797234
80.1,-2.68837792,2.2467614,2.2467614,-1.560023702
80.125,-2.794485561,2.206999449,2.206999449,-1.621274075
80.15,-2.896385459,2.165680379,2.165680379,-1.684602701
80.175,-2.993773784,2.122751509,2.122751509,-1.750068145
80.2,-3.086357013,2.078158642,2.078158642,-1.817733268
80.225,-3.173853013,2.031845956,2.031845956,-1.887665214
80.25,-3.255992082,1.983755898,1.983755898,-1.959935315
80.275,-3.332517967,1.933829079,1.933829079,-2.034618877
80.3,-3.403188828,1.882004185,1.882004185,-2.111794836
80.325,-3.467778164,1.828217884,1.828217884,-2.191545216
80.35,-3.526075685,1.772404768,1.772404768,-2.273954408
80.375,-3.577888144,1.714497293,1.714497293,-2.359108164
80.4,-3.623040096,1.654425773,1.654425773,-2.447092286
80.425,-3.661374617,1.592118389,1.592118389,-2.537990967
80.45,-3.692753946,1.527501265,1.527501265,-2.631884622
80.475,-3.717060073,1.460498579,1.460498579,-2.728847291
80.5,-3.734195259,1.391032786,1.391032786,-2.82894326
80.525,-3.744082484,1.319024879,1.319024879,-2.932223143
80.55,-3.746665827,1.244394823,1.244394823,-3.038718902
80.575,-3.741910774,1.167062063,1.167062063,-3.148438082
80.6,-3.729804451,1.086946246,1.086946246,-3.261356722
80.625,-3.710355782,1.00396808,1.00396808,-3.377411298
80.65,-3.683595575,0.9180504725,0.9180504725,-3.496488898
80.675,-3.649576524,0.8291198676,0.8291198676,-3.618416391
80.7,-3.608373141,0.7371079298,0.7371079298,-3.742947618
80.725,-3.560081608,0.6419535371,0.6419535371,-3.8697493
80.75,-3.504819556,0.5436051458,0.5436051458,-3.998385426
80.775,-3.442725761,0.4420235719,0.4420235719,-4.128300349
80.8,-3.373959772,0.3371852036,0.3371852036,-4.258801052
80.825,-3.298701459,0.2290856592,0.2290856592,-4.389039175
80.85,-3.217150493,0.1177438892,0.1177438892,-4.51799366
80.875,-3.129525753,0.003206694374,0.003206694374,-4.644455232
80.9,-3.036064659,-0.114446409,-0.114446409,-4.767014268
80.925,-2.937022449,-0.2350980825,-0.2350980825,-4.884053985
80.95,-2.832671377,-0.3585879757,-0.3585879757,-4.993751183
80.975,-2.723299861,-0.4847076791,-0.4847076791,-5.094087043
81,-2.609211568,-0.6131960963,-0.6131960963,-5.182870521
81.025,-2.490724437,-0.7437355837,-0.7437355837,-5.257776689
81.05,-2.368169661,-0.875949257,-0.875949257,-5.316401756
81.075,-2.241890607,-1.009399888,-1.009399888,-5.356335573
81.1,-2.112241702,-1.14359083,-1.14359083,-5.375250854
81.125,-1.979587272,-1.277969351,-1.277969351,-5.371006454
81.15,-1.844300342,-1.411932686,-1.411932686,-5.34175989
81.175,-1.706761406,-1.544836939,-1.544836939,-5.286082014
81.2,-1.567357171,-1.676008789,-1.676008789,-5.203064917
81.225,-1.426479267,-1.804759706,-1.804759706,-5.092413004
81.25,-1.28452295,-1.930402127,-1.930402127,-4.954507319
81.275,-1.14188578,-2.052266818,-2.052266818,-4.790434542
81.3,-0.9989662927,-2.169720452,-2.169720452,-4.601974975
81.325,-0.8561626675,-2.282182352,-2.282182352,-4.391547855
81.35,-0.7138713911,-2.389139362,-2.389139362,-4.162116808
81.375,-0.5724859281,-2.490157925,-2.490157925,-3.917062688
81.4,-0.432395399,-2.584892683,-2.584892683,-3.6600345
81.425,-0.2939832732,-2.673091204,-2.673091204,-3.394791151
81.45,-0.15762608,-2.754594786,-2.754594786,-3.125047138
81.475,-0.02369214246,-2.829335565,-2.829335565,-2.85433353
81.5,0.1074596597,-2.897330432,-2.897330432,-2.585883283
81.525,0.235481096,-2.958672461,-2.958672461,-2.322546202
81.55,0.3600357533,-3.013520589,-3.013520589,-2.066735377
81.575,0.4808001637,-3.062088351,-3.062088351,-1.820403753
81.6,0.5974648862,-3.104632357,-3.104632357,-1.585047118
81.625,0.7097355399,-3.141441132,-3.141441132,-1.361728286
81.65,0.8173337839,-3.17282476,-3.17282476,-1.151116653
81.675,0.9199982407,-3.199105649,-3.199105649,-0.9535374529
81.7,1.017485359,-3.220610593,-3.220610593,-0.76902566
81.725,1.109570215,-3.237664204,-3.237664204,-0.597380452
81.75,1.196047244,-3.250583669,-3.250583669,-0.4382171387
81.775,1.276730907,-3.259674759,-3.259674759,-0.291014487
81.8,1.351456285,-3.265228947,-3.265228947,-0.1551562708
81.825,1.420079598,-3.267521485,-3.267521485,-0.02996651322
81.85,1.482478649,-3.266810289,-3.266810289,0.08526154154
81.875,1.538553191,-3.263335465,-3.263335465,0.1912423536
81.9,1.588225221,-3.257319355,-3.257319355,0.2886803214
81.925,1.631439181,-3.248966954,-3.248966954,0.3782566245
81.95,1.668162095,-3.238466621,-3.238466621,0.4606199505
81.975,1.698383611,-3.225990969,-3.225990969,0.5363804061
82,1.722115973,-3.211697879,-3.211697879,0.6061059742
82.025,1.739393903,-3.195731579,-3.195731579,0.6703209532
82.05,1.750274411,-3.178223737,-3.178223737,0.7295058937
82.075,1.754836515,-3.159294542,-3.159294542,0.7840986405
82.1,1.753180895,-3.139053754,-3.139053754,0.8344961431
82.125,1.745429458,-3.117601698,-3.117601698,0.8810567873
82.15,1.731724831,-3.095030192,-3.095030192,0.9241030373
82.175,1.712229786,-3.071423413,-3.071423413,0.9639242367
82.2,1.687126579,-3.046858689,-3.046858689,1.000779459
82.225,1.656616239,-3.02140722,-3.02140722,1.034900314
82.25,1.62091777,-2.99513473,-2.99513473,1.066493669
82.275,1.580267304,-2.968102054,-2.968102054,1.095744221
82.3,1.534917186,-2.940365663,-2.940365663,1.122816929
82.325,1.485135005,-2.911978123,-2.911978123,1.147859264
82.35,1.431202569,-2.882988515,-2.882988515,1.171003293
82.375,1.373414829,-2.853442787,-2.853442787,1.192367586
82.4,1.312078763,-2.823384074,-2.823384074,1.212058962
82.425,1.247512212,-2.792852972,-2.792852972,1.230174076
82.45,1.180042681,-2.761887771,-2.761887771,1.246800854
82.475,1.110006107,-2.730524659,-2.730524659,1.262019795
82.5,1.0377456,-2.698797893,-2.698797893,1.275905147
82.525,0.9636101556,-2.666739939,-2.666739939,1.288525964
82.55,0.8879533555,-2.634381591,-2.634381591,1.299947061
82.575,0.8111320479,-2.60175207,-2.60175207,1.310229867
82.6,0.7335050222,-2.568879093,-2.568879093,1.319433204
82.625,0.6554316775,-2.535788931,-2.535788931,1.327613964
82.65,0.5772706935,-2.502506453,-2.502506453,1.334827741
82.675,0.4993787052,-2.469055146,-2.469055146,1.34112938
82.7,0.4221089897,-2.43545713,-2.43545713,1.346573469
82.725,0.3458101673,-2.401733162,-2.401733162,1.351214782
82.75,0.2708249235,-2.36790262,-2.36790262,1.355108669
82.775,0.1974887555,-2.333983488,-2.333983488,1.358311394
82.8,0.1261287484,-2.299992331,-2.299992331,1.360880447
82.825,0.05706238587,-2.265944256,-2.265944256,1.362874792
82.85,-0.009403601169,-2.231852876,-2.231852876,1.364355098
82.875,-0.07297434283,-2.197730264,-2.197730264,1.365383923
82.9,-0.1333678918,-2.163586905,-2.163586905,1.366025874
82.925,-0.1903162338,-2.129431638,-2.129431638,1.366347718
82.95,-0.2435662444,-2.095271611,-2.095271611,1.366418489
82.975,-0.2928805867,-2.061112213,-2.061112213,1.36630953
83,-0.3380385487,-2.026957018,-2.026957018,1.366094547
83.025,-0.378836816,-1.992807735,-1.992807735,1.365849605
83.05,-0.4150901772,-1.958664137,-1.958664137,1.365653112
83.075,-0.44663216,-1.924524004,-1.924524004,1.365585762
83.1,-0.4733155951,-1.89038308,-1.89038308,1.365730493
83.125,-0.4950131062,-1.856235004,-1.856235004,1.366172374
83.15,-0.5116175242,-1.82207126,-1.82207126,1.36699849
83.175,-0.5230422247,-1.787881136,-1.787881136,1.368297829
83.2,-0.5292213862,-1.75365167,-1.75365167,1.370161107
83.225,-0.5301101704,-1.719367612,-1.719367612,1.372680597
83.25,-0.525684822,-1.685011391,-1.685011391,1.375949964
83.275,-0.5159426887,-1.650563076,-1.650563076,1.38006402
83.3,-0.5009021613,-1.616000353,-1.616000353,1.385118539
83.325,-0.4806025344,-1.581298508,-1.581298508,1.391210002
83.35,-0.4551037883,-1.546430404,-1.546430404,1.398435354
83.375,-0.4244862926,-1.511366481,-1.511366481,1.406891751
83.4,-0.3888504333,-1.476074749,-1.476074749,1.416676272
83.425,-0.348316165,-1.440520793,-1.440520793,1.427885659
83.45,-0.3030224895,-1.404667791,-1.404667791,1.440615994
83.475,-0.2531268633,-1.368476526,-1.368476526,1.454962419
83.5,-0.1988045366,-1.33190542,-1.33190542,1.471018789
83.525,-0.1402478254,-1.294910567,-1.294910567,1.488877361
83.55,-0.07766532079,-1.257445781,-1.257445781,1.508628409
83.575,-0.01128103836,-1.219462642,-1.219462642,1.530359879
83.6,0.05866649,-1.180910573,-1.180910573,1.554156952
83.625,0.131925177,-1.141736897,-1.141736897,1.580101646
83.65,0.2082303906,-1.10188694,-1.10188694,1.608272301
83.675,0.2873060101,-1.061304113,-1.061304113,1.638743099
83.7,0.3688655238,-1.019930037,-1.019930037,1.67158345
83.725,0.4526131636,-0.9777046586,-0.9777046586,1.706857378
83.75,0.5382450727,-0.9345664037,-0.9345664037,1.744622769
83.775,0.6254505016,-0.8904523313,-0.8904523313,1.784930569
83.8,0.713913027,-0.8452983271,-0.8452983271,1.827823842
83.825,0.8033117904,-0.7990393064,-0.7990393064,1.87333671
83.85,0.8933227506,-0.7516094588,-0.7516094588,1.921493143
83.875,0.9836199449,-0.702942512,-0.702942512,1.972305585
83.9,1.073876756,-0.6529720479,-0.6529720479,2.025773366
83.925,1.163767177,-0.6016318406,-0.6016318406,2.081880957
83.95,1.252967071,-0.5488562667,-0.5488562667,2.140595899
83.975,1.341155425,-0.4945807421,-0.4945807421,2.2018666
84,1.428015577,-0.4387422423,-0.4387422423,2.26561974
84.025,1.513236443,-0.381279876,-0.381279876,2.331757488
84.05,1.596513697,-0.3221355333,-0.3221355333,2.400154401
84.075,1.67755094,-0.2612546233,-0.2612546233,2.470654025
84.1,1.756060827,-0.1985868909,-0.1985868909,2.543065274
84.125,1.831766158,-0.1340873309,-0.1340873309,2.617158572
84.15,1.904400928,-0.06771719994,-0.06771719994,2.69266183
84.175,1.973711331,0.0005548685801,0.0005548685801,2.769256358
84.2,2.039456713,0.07075164915,0.07075164915,2.846572813
84.225,2.101410473,0.1428860093,0.1428860093,2.924187354
84.25,2.15936091,0.2169595028,0.2169595028,3.001618192
84.275,2.213112004,0.2929608842,0.2929608842,3.078322777
84.3,2.262484142,0.3708645639,0.3708645639,3.153695912
84.325,2.307314768,0.4506290312,0.4506290312,3.227069121
84.35,2.347458981,0.5321952812,0.5321952812,3.297711642
84.375,2.382790045,0.6154852895,0.6154852895,3.364833419
84.4,2.413199841,0.7004005922,0.7004005922,3.427590502
84.425,2.43859924,0.7868210367,0.7868210367,3.485093174
84.45,2.458918399,0.8746037683,0.8746037683,3.536417243
84.475,2.474106985,0.9635825432,0.9635825432,3.580618494
84.5,2.484134322,1.053567445,1.053567445,3.616750564
84.525,2.488989458,1.144345087,1.144345087,3.643885975
84.55,2.48868116,1.23567938,1.23567938,3.661140046
84.575,2.483237822,1.32731292,1.32731292,3.667696969
84.6,2.472707313,1.418969055,1.418969055,3.662837179
84.625,2.457156729,1.510354633,1.510354633,3.645964831
84.65,2.436672088,1.601163427,1.601163427,3.616633982
84.675,2.411357939,1.691080185,1.691080185,3.574571945
84.7,2.381336909,1.779785203,1.779785203,3.519698256
84.725,2.34674917,1.866959315,1.866959315,3.452137791
84.75,2.307751846,1.952289114,1.952289114,3.372226844
84.775,2.264518354,2.03547223,2.03547223,3.280511328
84.8,2.217237677,2.116222471,2.116222471,3.177736801
84.825,2.166113583,2.194274596,2.194274596,3.064830528
84.85,2.111363782,2.269388563,2.269388563,2.942876389
84.875,2.053219039,2.341353071,2.341353071,2.813083949
84.9,1.991922225,2.40998826,2.40998826,2.676753345
84.925,1.927727333,2.475147526,2.475147526,2.535237969
84.95,1.860898445,2.536718369,2.536718369,2.389907089
84.975,1.791708666,2.594622344,2.594622344,2.242109995
85,1.720439019,2.648814147,2.648814147,2.093143659
85.025,1.647377319,2.699279953,2.699279953,1.944225043
85.05,1.572817013,2.74603512,2.74603512,1.796468931
85.075,1.497056007,2.789121426,2.789121426,1.650871705
85.1,1.420395473,2.828603964,2.828603964,1.508301073
85.125,1.34313865,2.864567858,2.864567858,1.369491393
85.15,1.265589633,2.897114922,2.897114922,1.235043977
85.175,1.188052166,2.926360383,2.926360383,1.105431584
85.2,1.110828436,2.952429757,2.952429757,0.981006217
85.225,1.034217874,2.975455958,2.975455958,0.8620093351
85.25,0.9585159742,2.995576675,2.995576675,0.7485836549
85.275,0.8840131242,3.01293206,3.01293206,0.6407857598
85.3,0.810993462,3.027662738,3.027662738,0.5385989114
85.325,0.7397337579,3.039908131,3.039908131,0.4419455544
85.35,0.6705023278,3.049805084,3.049805084,0.3506991262
85.375,0.603557982,3.057486781,3.057486781,0.2646949186
85.4,0.5391490131,3.063081912,3.063081912,0.1837398222
85.425,0.477512228,3.066714077,3.066714077,0.1076208828
85.45,0.4188720259,3.06850138,3.06850138,0.03611265567
85.475,0.3634395284,3.068556201,3.068556201,-0.03101660525
85.5,0.3114117625,3.066985099,3.066985099,-0.09399984812
85.525,0.2629709021,3.06388884,3.06388884,-0.1530671202
85.55,0.218283569,3.059362508,3.059362508,-0.2084423541
85.575,0.1775001968,3.053495692,3.053495692,-0.2603409331
85.6,0.1407544607,3.046372721,3.046372721,-0.3089679241
85.625,0.1081627749,3.038072942,3.038072942,-0.3545168788
85.65,0.07982385884,3.028671013,3.028671013,-0.3971691022
85.675,0.05581837554,3.018237217,3.018237217,-0.437093308
85.7,0.03620864177,3.006837777,3.006837777,-0.4744455806
85.725,0.02103841222,2.99453517,2.99453517,-0.5093695802
85.75,0.01033273793,2.981388434,2.981388434,-0.5419969358
85.775,0.004097899696,2.967453458,2.967453458,-0.5724477764
85.8,0.002321416497,2.952783269,2.952783269,-0.6008313623
85.825,0.004972128964,2.937428289,2.937428289,-0.6272467852
85.85,0.01200035741,2.921436582,2.921436582,-0.6517837105
85.875,0.02333813379,2.90485408,2.90485408,-0.6745231408
85.9,0.03889950652,2.887724792,2.887724792,-0.6955381855
85.925,0.05858091702,2.870090989,2.870090989,-0.7148948233
85.95,0.08226164625,2.851993373,2.851993373,-0.7326526487
85.975,0.1098043296,2.833471229,2.833471229,-0.7488655955
86,0.1410555376,2.814562558,2.814562558,-0.7635826335
86.025,0.1758464213,2.79530419,2.79530419,-0.7768484334
86.05,0.2139934174,2.775731887,2.775731887,-0.7887040003
86.075,0.2552990131,2.755880425,2.755880425,-0.7991872723
86.1,0.2995525653,2.735783664,2.735783664,-0.808333687
86.125,0.3465311719,2.715474602,2.715474602,-0.8161767125
86.15,0.3960005921,2.694985423,2.694985423,-0.8227483474
86.175,0.4477162104,2.674347521,2.674347521,-0.8280795869
86.2,0.5014240419,2.653591526,2.653591526,-0.8322008596
86.225,0.5568617753,2.632747309,2.632747309,-0.8351424328
86.25,0.6137598465,2.611843982,2.611843982,-0.8369347869
86.275,0.671842543,2.590909888,2.590909888,-0.8376089637
86.3,0.7308291299,2.569972586,2.569972586,-0.8371968868
86.325,0.7904349969,2.549058821,2.549058821,-0.8357316545
86.35,0.8503728194,2.528194492,2.528194492,-0.8332478025
86.375,0.9103537299,2.507404618,2.507404618,-0.8297815449
86.4,0.9700884946,2.486713285,2.486713285,-0.8253709901
86.425,1.029288692,2.466143603,2.466143603,-0.8200563224
86.45,1.087667884,2.44571765,2.44571765,-0.8138799662
86.475,1.144942786,2.425456413,2.425456413,-0.8068867238
86.5,1.200834413,2.405379728,2.405379728,-0.7991238757
86.525,1.255069217,2.385506218,2.385506218,-0.7906412738
86.55,1.307380198,2.365853226,2.365853226,-0.7814913864
86.575,1.357507987,2.346436751,2.346436751,-0.7717293368
86.6,1.405201903,2.327271379,2.327271379,-0.7614128954
86.625,1.450220967,2.308370224,2.308370224,-0.7506024663
86.65,1.492334884,2.289744849,2.289744849,-0.7393610194
86.675,1.531324976,2.271405219,2.271405219,-0.7277540301
86.7,1.566985071,2.25335963,2.25335963,-0.7158493613
86.725,1.599122341,2.235614648,2.235614648,-0.703717121
86.75,1.627558088,2.218175068,2.218175068,-0.6914295384
86.775,1.652128463,2.201043849,2.201043849,-0.6790607528
86.8,1.672685143,2.184222075,2.184222075,-0.6666865951
86.825,1.689095924,2.167708919,2.167708919,-0.6543844089
86.85,1.70124527,2.151501601,2.151501601,-0.6422327531
86.875,1.709034775,2.135595364,2.135595364,-0.6303111321
86.9,1.712383574,2.119983458,2.119983458,-0.6186997619
86.925,1.711228668,2.104657119,2.104657119,-0.6074791995
86.95,1.705525188,2.08960557,2.08960557,-0.5967300452
86.975,1.695246578,2.074816019,2.074816019,-0.5865326631
87,1.680384711,2.060273674,2.060273674,-0.5769667775
87.025,1.660949926,2.04596176,2.04596176,-0.5681111795
87.05,1.63697099,2.03186155,2.03186155,-0.5600433691
87.075,1.60849499,2.017952395,2.017952395,-0.5528392107
87.1,1.57558715,2.004211775,2.004211775,-0.5465726144
87.125,1.538330568,1.990615353,1.990615353,-0.5413151843
87.15,1.496825892,1.977137031,1.977137031,-0.5371359276
87.175,1.451190917,1.963749021,1.963749021,-0.5341009269
87.2,1.401560117,1.950421924,1.950421924,-0.5322730769
87.225,1.348084105,1.937124811,1.937124811,-0.5317117986
87.25,1.290929033,1.923825314,1.923825314,-0.5324728148
87.275,1.230275926,1.910489718,1.910489718,-0.5346079163
87.3,1.16631996,1.897083069,1.897083069,-0.5381647855
87.325,1.099269673,1.883569268,1.883569268,-0.5431868237
87.35,1.029346135,1.869911191,1.869911191,-0.5497130309
87.375,0.9567820561,1.856070793,1.856070793,-0.5577778982
87.4,0.8818208551,1.842009224,1.842009224,-0.5674113501
87.425,0.8047156785,1.827686942,1.827686942,-0.5786387036
87.45,0.7257283846,1.813063832,1.813063832,-0.5914806743
87.475,0.6451284892,1.798099318,1.798099318,-0.6059534024
87.5,0.5631920817,1.782752473,1.782752473,-0.6220685157
87.525,0.480200713,1.766982144,1.766982144,-0.6398332283
87.55,0.3964402616,1.750747039,1.750747039,-0.6592504408
87.575,0.3121997816,1.734005858,1.734005858,-0.6803189079
87.6,0.227770337,1.716717378,1.716717378,-0.7030333957
87.625,0.1434438283,1.698840547,1.698840547,-0.7273848455
87.65,0.05951181362,1.680334598,1.680334598,-0.7533606173
87.675,-0.02373566784,1.661159114,1.661159114,-0.7809446687
87.7,-0.1060112678,1.641274121,1.641274121,-0.8101177931
87.725,-0.1870314904,1.620640166,1.620640166,-0.8408578522
87.75,-0.2665178385,1.599218377,1.599218377,-0.8731399843
87.775,-0.3441979409,1.576970543,1.576970543,-0.9069368564
87.8,-0.4198066554,1.553859158,1.553859158,-0.9422188528
87.825,-0.4930871429,1.529847488,1.529847488,-0.9789543009
87.85,-0.5637919089,1.50489961,1.50489961,-1.017109644
87.875,-0.6316838083,1.478980467,1.478980467,-1.056649614
87.9,-0.696537008,1.452055898,1.452055898,-1.097537366
87.925,-0.7581379059,1.424092685,1.424092685,-1.139734589
87.95,-0.8162859994,1.395058587,1.395058587,-1.183201578
87.975,-0.8707947029,1.364922367,1.364922367,-1.22789727
88,-0.9214921089,1.333653837,1.333653837,-1.273779225
88.025,-0.9682216906,1.301223885,1.301223885,-1.320803575
88.05,-1.010842943,1.267604516,1.267604516,-1.368924906
88.075,-1.049231958,1.232768892,1.232768892,-1.418096071
88.1,-1.083281935,1.196691372,1.196691372,-1.468267996
88.125,-1.112903625,1.159347578,1.159347578,-1.519389318
88.15,-1.138025693,1.120714445,1.120714445,-1.571406036
88.175,-1.158595025,1.080770289,1.080770289,-1.624261107
88.2,-1.174576945,1.039494908,1.039494908,-1.677893803
88.225,-1.18595537,0.9968696591,0.9968696591,-1.732239199
88.25,-1.192732882,0.9528775887,0.9528775887,-1.787227423
88.275,-1.194930727,0.9075035602,0.9075035602,-1.84278284
88.3,-1.192588741,0.8607344021,0.8607344021,-1.898823243
88.325,-1.185765194,0.8125591029,0.8125591029,-1.955258768
88.35,-1.174536566,0.7629689889,0.7629689889,-2.01199097
88.375,-1.158997245,0.7119579814,0.7119579814,-2.068911556
88.4,-1.139259151,0.6595228318,0.6595228318,-2.125901277
88.425,-1.115451293,0.605663434,0.605663434,-2.182828578
88.45,-1.08771925,0.5503831282,0.5503831282,-2.239548352
88.475,-1.056224588,0.493689075,0.493689075,-2.295900549
88.5,-1.021144214,0.4355926284,0.4355926284,-2.351708904
88.525,-0.9826696566,0.376109771,0.376109771,-2.406779624
88.55,-0.9410062975,0.3152615598,0.3152615598,-2.460900219
88.575,-0.8963725393,0.2530746074,0.2530746074,-2.513838456
88.6,-0.8489989205,0.1895815906,0.1895815906,-2.565341508
88.625,-0.7991271799,0.1248217694,0.1248217694,-2.615135394
88.65,-0.7470092737,0.05884151968,0.05884151968,-2.66292475
88.675,-0.6929063498,-0.008305131834,-0.008305131834,-2.708393046
88.7,-0.6370876825,-0.07655598791,-0.07655598791,-2.751203322
88.725,-0.5798295728,-0.1458401855,-0.1458401855,-2.790999529
88.75,-0.5214142177,-0.2160777419,-0.2160777419,-2.827408583
88.775,-0.4621285532,-0.2871791636,-0.2871791636,-2.860043184
88.8,-0.4022630766,-0.3590451341,-0.3590451341,-2.888505513
88.825,-0.3421106516,-0.4315663058,-0.4315663058,-2.912391781
88.85,-0.2819653004,-0.5046232185,-0.5046232185,-2.931297712
88.875,-0.2221209905,-0.578086365,-0.578086365,-2.944824943
88.9,-0.1628704173,-0.6518164268,-0.6518164268,-2.952588221
88.925,-0.1045037901,-0.7256647,-0.7256647,-2.954223342
88.95,-0.04730762535,-0.7994737267,-0.7994737267,-2.94939565
88.975,0.008436448137,-0.8730781439,-0.8730781439,-2.93780888
89,0.06245286673,-0.9463057548,-0.9463057548,-2.919214075
89.025,0.1144732879,-1.018978821,-1.018978821,-2.893418262
89.05,0.1642377198,-1.090915565,-1.090915565,-2.860292542
89.075,0.2114956195,-1.161931863,-1.161931863,-2.819779222
89.1,0.2560069564,-1.231843101,-1.231843101,-2.771897651
89.125,0.2975432351,-1.300466159,-1.300466159,-2.716748404
89.15,0.3358884749,-1.367621469,-1.367621469,-2.654515541
89.175,0.3708401413,-1.433135114,-1.433135114,-2.585466734
89.2,0.4022100254,-1.496840894,-1.496840894,-2.509951139
89.225,0.4298250681,-1.558582313,-1.558582313,-2.428395006
89.25,0.4535281256,-1.618214429,-1.618214429,-2.341295116
89.275,0.4731786726,-1.675605513,-1.675605513,-2.249210269
89.3,0.488653441,-1.730638479,-1.730638479,-2.152751114
89.325,0.4998469906,-1.783212034,-1.783212034,-2.052568736
89.35,0.5066722096,-1.833241544,-1.833241544,-1.949342382
89.375,0.5090607437,-1.880659575,-1.880659575,-1.843766804
89.4,0.5069633498,-1.925416127,-1.925416127,-1.736539955
89.425,0.5003501755,-1.967478559,-1.967478559,-1.628350723
89.45,0.4892109604,-2.006831227,-2.006831227,-1.519868206
89.475,0.4735551601,-2.043474864,-2.043474864,-1.411731794
89.5,0.4534119915,-2.077425725,-2.077425725,-1.304542851
89.525,0.4288303988,-2.108714554,-2.108714554,-1.198858062
89.55,0.3998789408,-2.137385402,-2.137385402,-1.095184364
89.575,0.3666455994,-2.163494329,-2.163494329,-0.9939755394
89.6,0.3292375094,-2.187108058,-2.187108058,-0.8956303723
89.625,0.2877806113,-2.208302588,-2.208302588,-0.8004922043
89.65,0.2424192283,-2.227161814,-2.227161814,-0.7088497168
89.675,0.1933155676,-2.243776184,-2.243776184,-0.6209387657
89.7,0.1406491498,-2.258241408,-2.258241408,-0.5369450278
89.725,0.0846161669,-2.270657247,-2.270657247,-0.457007255
89.75,0.025428772,-2.281126379,-2.281126379,-0.3812210078
89.775,-0.03668569682,-2.289753373,-2.289753373,-0.309642592
89.8,-0.1014855555,-2.296643758,-2.296643758,-0.2422931188
89.825,-0.1687156731,-2.301903193,-2.301903193,-0.1791625532
89.85,-0.2381084267,-2.305636739,-2.305636739,-0.12021363
89.875,-0.3093847095,-2.307948221,-2.307948221,-0.06538556498
89.9,-0.382254988,-2.308939689,-2.308939689,-0.01459751316
89.925,-0.4564204036,-2.308710953,-2.308710953,0.03224826631
89.95,-0.5315739149,-2.307359199,-2.307359199,0.07526355926
89.975,-0.6074014766,-2.304978671,-2.304978671,0.1145716656
90,-0.68358325,-2.301660406,-2.301660406,0.1503051822
90.025,-0.7597948404,-2.297492035,-2.297492035,0.1826040877
90.05,-0.8357085569,-2.292557611,-2.292557611,0.2116141094
90.075,-0.9109946893,-2.286937487,-2.286937487,0.2374853496
90.1,-0.9853227977,-2.280708222,-2.280708222,0.2603711463
90.125,-1.058363009,-2.273942512,-2.273942512,0.2804271397
90.15,-1.129787318,-2.266709137,-2.266709137,0.2978105204
90.175,-1.19927088,-2.25907294,-2.25907294,0.3126794313
90.2,-1.266493301,-2.251094798,-2.251094798,0.3251924989
90.225,-1.331139917,-2.242831624,-2.242831624,0.3355084725
90.25,-1.392903044,-2.234336362,-2.234336362,0.343785947
90.275,-1.451483219,-2.225657995,-2.225657995,0.3501831533
90.3,-1.506590405,-2.216841559,-2.216841559,0.3548577967
90.325,-1.557945162,-2.207928151,-2.207928151,0.3579669311
90.35,-1.605279789,-2.198954955,-2.198954955,0.3596668535
90.375,-1.648339416,-2.189955256,-2.189955256,0.3601130068
90.4,-1.686883053,-2.180958465,-2.180958465,0.3594598885
90.425,-1.720684591,-2.171990143,-2.171990143,0.357860946
90.45,-1.749533742,-2.16307203,-2.16307203,0.3554684658
90.475,-1.77323693,-2.154222074,-2.154222074,0.3524334405
90.5,-1.791618111,-2.145454466,-2.145454466,0.3489054187
90.525,-1.804519535,-2.136779678,-2.136779678,0.3450323307
90.55,-1.811802434,-2.128204507,-2.128204507,0.3409602929
90.575,-1.813347645,-2.11973212,-2.11973212,0.3368333866
90.6,-1.809056154,-2.111362112,-2.111362112,0.3327934205
90.625,-1.798849566,-2.103090563,-2.103090563,0.328979664
90.65,-1.782670498,-2.094910106,-2.094910106,0.3255285771
90.675,-1.760482894,-2.08681,-2.08681,0.3225735104
90.7,-1.73227225,-2.078776213,-2.078776213,0.3202444122
90.725,-1.698045769,-2.07079151,-2.07079151,0.318667514
90.75,-1.657832429,-2.062835549,-2.062835549,0.317965029
90.775,-1.611682958,-2.054884988,-2.054884988,0.3182548449
90.8,-1.559669744,-2.046913593,-2.046913593,0.3196502307
90.825,-1.501886644,-2.038892359,-2.038892359,0.3222595586
90.85,-1.438448723,-2.030789637,-2.030789637,0.3261860386
90.875,-1.369491904,-2.022571264,-2.022571264,0.3315274901
90.9,-1.295172539,-2.014200701,-2.014200701,0.3383761258
90.925,-1.215666905,-2.005639176,-2.005639176,0.3468183873
90.95,-1.131170616,-1.996845829,-1.996845829,0.3569348003
90.975,-1.041897963,-1.987777862,-1.987777862,0.3687998882
91,-0.9480811863,-1.97839069,-1.97839069,0.382482111
91.025,-0.8499696674,-1.968638091,-1.968638091,0.3980438695
91.05,-0.7478290625,-1.958472362,-1.958472362,0.4155415402
91.075,-0.6419403681,-1.94784446,-1.94784446,0.4350255651
91.1,-0.5325989275,-1.936704157,-1.936704157,0.4565405987
91.125,-0.4201133809,-1.925000178,-1.925000178,0.4801256808
91.15,-0.3048045621,-1.912680341,-1.912680341,0.5058144844
91.175,-0.1870043477,-1.899691684,-1.899691684,0.5336355749
91.2,-0.06705446148,-1.885980593,-1.885980593,0.563612744
91.225,0.05469475998,-1.871492917,-1.871492917,0.5957653502
91.25,0.1778856369,-1.856174068,-1.856174068,0.6301087165
91.275,0.3021544455,-1.839969126,-1.839969126,0.6666545424
91.3,0.4271327426,-1.822822916,-1.822822916,0.705411341
91.325,0.552448709,-1.804680086,-1.804680086,0.7463849025
91.35,0.6777285087,-1.785485168,-1.785485168,0.7895787499
91.375,0.8025976568,-1.765182631,-1.765182631,0.8349946218
91.4,0.9266823914,-1.743716916,-1.743716916,0.8826329317
91.425,1.049611045,-1.721032468,-1.721032468,0.9324932275
91.45,1.171015407,-1.697073746,-1.697073746,0.9845746325
91.475,1.290532081,-1.671785234,-1.671785234,1.038876249
91.5,1.407803813,-1.645111436,-1.645111436,1.095397543
91.525,1.522480812,-1.616996859,-1.616996859,1.154138661
91.55,1.63422203,-1.587385996,-1.587385996,1.215100712
91.575,1.742696418,-1.556223297,-1.556223297,1.278285965
91.6,1.847584142,-1.523453141,-1.523453141,1.343697972
91.625,1.948577755,-1.489019802,-1.489019802,1.411341597
91.65,2.045383325,-1.452867414,-1.452867414,1.481222934
91.675,2.137721512,-1.414939948,-1.414939948,1.55334909
91.7,2.225328587,-1.375181188,-1.375181188,1.627727831
91.725,2.307957391,-1.33353472,-1.33353472,1.704367036
91.75,2.385378238,-1.289943938,-1.289943938,1.78327399
91.775,2.45737974,-1.244352074,-1.244352074,1.864454382
91.8,2.523769571,-1.196702247,-1.196702247,1.947911168
91.825,2.584375155,-1.146937557,-1.146937557,2.033642918
91.85,2.639044274,-1.095001202,-1.095001202,2.121642168
91.875,2.687645604,-1.040836683,-1.040836683,2.211892936
91.9,2.730069168,-0.9843880131,-0.9843880131,2.304368331
91.925,2.766226703,-0.9256000659,-0.9256000659,2.399027173
91.95,2.796051948,-0.8644189443,-0.8644189443,2.495810546
91.975,2.819500847,-0.800792502,-0.800792502,2.594637383
92,2.836551659,-0.734670937,-0.734670937,2.695399775
92.025,2.847204989,-0.6660075416,-0.6660075416,2.797957366
92.05,2.851483731,-0.5947595876,-0.5947595876,2.902131248
92.075,2.84943292,-0.520889365,-0.520889365,3.007697174
92.1,2.841119501,-0.4443654197,-0.4443654197,3.114378062
92.125,2.826632013,-0.3651639664,-0.3651639664,3.221836075
92.15,2.806080188,-0.2832705103,-0.2832705103,3.329664253
92.175,2.779594468,-0.1986816842,-0.1986816842,3.437377956
92.2,2.747325438,-0.1114072966,-0.1114072966,3.544406429
92.225,2.709443183,-0.02147258466,-0.02147258466,3.650084884
92.25,2.666136569,0.07107934608,0.07107934608,3.753647604
92.275,2.617612453,0.166184929,0.166184929,3.854222713
92.3,2.56409481,0.2637574415,0.2637574415,3.950829375
92.325,2.505823811,0.3636842787,0.3636842787,4.042378273
92.35,2.443054823,0.465824291,0.465824291,4.12767633
92.375,2.376057355,0.5700053022,0.5700053022,4.205436614
92.4,2.30511395,0.67602195,0.67602195,4.274294382
92.425,2.230519018,0.7836340105,0.7836340105,4.332829945
92.45,2.152577635,0.8925653886,0.8925653886,4.379598869
92.475,2.071604283,1.002503953,1.002503953,4.41316954
92.5,1.987921571,1.113102397,1.113102397,4.432167567
92.525,1.901858907,1.223980288,1.223980288,4.435325775
92.55,1.813751158,1.334727408,1.334727408,4.421537844
92.575,1.723937273,1.444908464,1.444908464,4.389912869
92.6,1.632758906,1.554069128,1.554069128,4.339827491
92.625,1.540559012,1.661743322,1.661743322,4.270971834
92.65,1.447680453,1.767461526,1.767461526,4.183385408
92.675,1.354464591,1.870759824,1.870759824,4.077479474
92.7,1.261249896,1.97118931,1.97118931,3.954043112
92.725,1.16837056,2.068325424,2.068325424,3.814231407
92.75,1.076155133,2.161776765,2.161776765,3.659535625
92.775,0.9849251739,2.251192949,2.251192949,3.491736754
92.8,0.8949939384,2.33627112,2.33627112,3.312845305
92.825,0.8066650915,2.416760836,2.416760836,3.125031375
92.85,0.7202314643,2.492467122,2.492467122,2.930549821
92.875,0.6359738505,2.563251653,2.563251653,2.731665384
92.9,0.5541598534,2.629032106,2.629032106,2.530582514
92.925,0.4750427843,2.689779862,2.689779862,2.329383728
92.95,0.398860619,2.745516304,2.745516304,2.12997931
92.975,0.3258350156,2.796308018,2.796308018,1.934069938
93,0.256170399,2.84226122,2.84226122,1.743122643
93.025,0.1900531136,2.883515753,2.883515753,1.558359488
93.05,0.1276506504,2.920238937,2.920238937,1.380757534
93.075,0.06911094971,2.952619546,2.952619546,1.211058177
93.1,0.01456178367,2.980862108,2.980862108,1.049783663
93.125,-0.03588977925,3.00518169,3.00518169,0.8972586142
93.15,-0.08215782542,3.025799254,3.025799254,0.7536345066
93.175,-0.1241779606,3.042937657,3.042937657,0.6189153768
93.2,-0.1619075864,3.056818276,3.056818276,0.4929833387
93.225,-0.1953260872,3.067658274,3.067658274,0.3756228367
93.25,-0.2244349264,3.075668438,3.075668438,0.266542916
93.275,-0.2492576515,3.081051547,3.081051547,0.1653970544
93.3,-0.269839808,3.084001207,3.084001207,0.07180036373
93.325,-0.2862487612,3.084701073,3.084701073,-0.01465587899
93.35,-0.2985734274,3.083324412,3.083324412,-0.0943922535
93.375,-0.3069239147,3.080033934,3.080033934,-0.1678315791
93.4,-0.3114310746,3.074981826,3.074981826,-0.2353914124
93.425,-0.3122459662,3.068309966,3.068309966,-0.2974783898
93.45,-0.3095392337,3.060150245,3.060150245,-0.3544841429
93.475,-0.3035004015,3.050624982,3.050624982,-0.4067825278
93.5,-0.2943370871,3.039847388,3.039847388,-0.4547279272
93.525,-0.2822741358,3.02792207,3.02792207,-0.4986544128
93.55,-0.2675526808,3.014945539,3.014945539,-0.5388755804
93.575,-0.2504291308,3.001006718,3.001006718,-0.5756849009
93.6,-0.2311740899,2.986187437,2.986187437,-0.6093564498
93.625,-0.2100712137,2.970562908,2.970562908,-0.6401459086
93.65,-0.1874160054,2.954202168,2.954202168,-0.6682917493
93.675,-0.1635145565,2.937168492,2.937168492,-0.6940165273
93.7,-0.1386822378,2.91951978,2.91951978,-0.7175282311
93.725,-0.1132423443,2.901308896,2.901308896,-0.7390216429
93.75,-0.08752470003,2.88258399,2.88258399,-0.7586796794
93.775,-0.06186422802,2.863388768,2.863388768,-0.7766746881
93.8,-0.03659949069,2.843762753,2.843762753,-0.7931696826
93.825,-0.01207120656,2.823741492,2.823741492,-0.8083195052
93.85,0.01137925116,2.803356755,2.803356755,-0.8222719097
93.875,0.03341136816,2.782636693,2.782636693,-0.83516856
93.9,0.05368700898,2.761605986,2.761605986,-0.8471459447
93.925,0.07187193721,2.740285954,2.740285954,-0.8583362061
93.95,0.08763733018,2.718694663,2.718694663,-0.8688678868
93.975,0.1006612819,2.696847001,2.696847001,-0.8788665975
94,0.1106302887,2.674754747,2.674754747,-0.888455609
94.025,0.1172407108,2.652426622,2.652426622,-0.8977563704
94.05,0.1202002055,2.629868329,2.629868329,-0.9068889612
94.075,0.1192291241,2.607082583,2.607082583,-0.9159724847
94.1,0.1140618692,2.584069127,2.584069127,-0.925125398
94.125,0.1044482049,2.56082475,2.56082475,-0.9344657912
94.15,0.09015451595,2.537343292,2.537343292,-0.9441116263
94.175,0.07096500985,2.51361564,2.51361564,-0.9541809196
94.2,0.04668285716,2.489629732,2.489629732,-0.9647919033
94.225,0.01713126543,2.465370543,2.465370543,-0.9760631406
94.25,-0.01784551807,2.440820081,2.440820081,-0.9881136243
94.275,-0.05838127888,2.415957373,2.415957373,-1.001062846
94.3,-0.1045869873,2.390758449,2.390758449,-1.015030852
94.325,-0.1565500333,2.365196335,2.365196335,-1.03013829
94.35,-0.2143335483,2.339241029,2.339241029,-1.046506433
94.375,-0.2779758157,2.312859491,2.312859491,-1.064257228
94.4,-0.3474897751,2.286015624,2.286015624,-1.083513316
94.425,-0.4228626199,2.258670253,2.258670253,-1.10439808
94.45,-0.504055493,2.230781113,2.230781113,-1.127035698
94.475,-0.5910032803,2.20230282,2.20230282,-1.151551195
94.5,-0.6836145049,2.173186854,2.173186854,-1.178070544
94.525,-0.7817713217,2.143381536,2.143381536,-1.206720753
94.55,-0.8853296136,2.112831992,2.112831992,-1.237629995
94.575,-0.9941191906,2.081480132,2.081480132,-1.270927765
94.6,-1.107944089,2.049264608,2.049264608,-1.30674504
94.625,-1.226582972,2.016120779,2.016120779,-1.345214491
94.65,-1.349789634,1.981980662,1.981980662,-1.386470696
94.675,-1.477293597,1.946772882,1.946772882,-1.430650383
94.7,-1.608800811,1.910422621,1.910422621,-1.47789269
94.725,-1.743994444,1.872851545,1.872851545,-1.528339417
94.75,-1.882535772,1.833977741,1.833977741,-1.582135294
94.775,-2.024065152,1.79371564,1.79371564,-1.639428218
94.8,-2.168203084,1.751975929,1.751975929,-1.700369456
94.825,-2.314551358,1.708665475,1.708665475,-1.765113803
94.85,-2.462694281,1.663687228,1.663687228,-1.833819639
94.875,-2.612199978,1.616940132,1.616940132,-1.90664887
94.9,-2.762621762,1.568319047,1.568319047,-1.983766716
94.925,-2.913499578,1.517714658,1.517714658,-2.06534126
94.95,-3.064361503,1.465013426,1.465013426,-2.151542727
94.975,-3.214725299,1.410097536,1.410097536,-2.242542406
95,-3.364100028,1.352844897,1.352844897,-2.33851106
95.025,-3.511987703,1.293129172,1.293129172,-2.439616871
95.05,-3.657884982,1.230819885,1.230819885,-2.546022501
95.075,-3.801284894,1.165782599,1.165782599,-2.657881473
95.1,-3.941678598,1.097879198,1.097879198,-2.775333307
95.125,-4.078557155,1.026968324,1.026968324,-2.89849747
95.15,-4.211413325,0.9529059461,0.9529059461,-3.027465851
95.175,-4.339743361,0.8755461926,0.8755461926,-3.162293192
95.2,-4.463048814,0.7947423934,0.7947423934,-3.302985785
95.225,-4.580838331,0.7103484721,0.7103484721,-3.449487437
95.25,-4.692629442,0.6222207115,0.6222207115,-3.601662901
95.275,-4.797950329,0.530219961,0.530219961,-3.759278367
95.3,-4.896341571,0.434214379,0.434214379,-3.92197876
95.325,-4.987357861,0.3340827851,0.3340827851,-4.08926185
95.35,-5.070569682,0.2297186917,0.2297186917,-4.260449379
95.375,-5.145564948,0.1210350929,0.1210350929,-4.434655627
95.4,-5.211950586,0.007970063762,0.007970063762,-4.610754307
95.425,-5.269354074,-0.1095068098,-0.1095068098,-4.787345283
95.45,-5.317424908,-0.231387184,-0.231387184,-4.962723217
95.475,-5.355836015,-0.3576159848,-0.3576159848,-5.134851143
95.5,-5.384285083,-0.4880828715,-0.4880828715,-5.301342799
95.525,-5.402495823,-0.6226134197,-0.6226134197,-5.459458443
95.55,-5.410219146,-0.7609604232,-0.7609604232,-5.606119531
95.575,-5.40723426,-0.9027958561,-0.9027958561,-5.737947939
95.6,-5.393349666,-1.047704179,-1.047704179,-5.851335033
95.625,-5.368404075,-1.195177792,-1.195177792,-5.942544525
95.65,-5.332267216,-1.344615495,-1.344615495,-6.007850645
95.675,-5.28484055,-1.495324825,-1.495324825,-6.043709327
95.7,-5.22605788,-1.646529024,-1.646529024,-6.046955327
95.725,-5.155885853,-1.79737913,-1.79737913,-6.015012654
95.75,-5.074324353,-1.946971307,-1.946971307,-5.946100674
95.775,-4.981406793,-2.094369069,-2.094369069,-5.839414569
95.8,-4.877200284,-2.23862945,-2.23862945,-5.695257592
95.825,-4.761805702,-2.378831664,-2.378831664,-5.515105323
95.85,-4.635357634,-2.514106381,-2.514106381,-5.30158818
95.875,-4.49802422,-2.643663472,-2.643663472,-5.058388063
95.9,-4.350006876,-2.766816174,-2.766816174,-4.79005584
95.925,-4.191539908,-2.882999863,-2.882999863,-4.501766944
95.95,-4.022890012,-2.991784192,-2.991784192,-4.199040178
95.975,-3.84435567,-3.09287806,-3.09287806,-3.887448615
96,-3.656266436,-3.186127524,-3.186127524,-3.572350195
96.025,-3.458982111,-3.271507482,-3.271507482,-3.258660635
96.05,-3.252891827,-3.349108361,-3.349108361,-2.950683539
96.075,-3.03841302,-3.419119351,-3.419119351,-2.652003739
96.1,-2.81599031,-3.481809743,-3.481809743,-2.365441913
96.125,-2.586094294,-3.537509831,-3.537509831,-2.093062575
96.15,-2.34922024,-3.586592552,-3.586592552,-1.836223779
96.175,-2.105886701,-3.629456757,-3.629456757,-1.595655647
96.2,-1.856634056,-3.666512685,-3.666512685,-1.37155526
96.225,-1.602022962,-3.698169884,-3.698169884,-1.163687446
96.25,-1.342632745,-3.724827655,-3.724827655,-0.9714832868
96.275,-1.079059728,-3.746867856,-3.746867856,-0.7941306742
96.3,-0.811915493,-3.764649845,-3.764649845,-0.6306536482
96.325,-0.5418250954,-3.778507236,-3.778507236,-0.4799789659
96.35,-0.26942523,-3.788746173,-3.788746173,-0.3409898171
96.375,0.004637645051,-3.795644776,-3.795644776,-0.2125674787
96.4,0.2797092168,-3.799453508,-3.799453508,-0.0936222562
96.425,0.5551292554,-3.800396189,-3.800396189,0.01688470236
96.45,0.8302335731,-3.798671457,-3.798671457,0.1199270865
96.475,1.104355997,-3.794454516,-3.794454516,0.21640506
96.5,1.376830353,-3.787899029,-3.787899029,0.3071414805
96.525,1.646992445,-3.779139058,-3.779139058,0.3928815284
96.55,1.914182036,-3.768290989,-3.768290989,0.4742947729
96.575,2.17774481,-3.755455377,-3.755455377,0.5519788976
96.6,2.437034324,-3.740718682,-3.740718682,0.6264644748
96.625,2.691413923,-3.724154885,-3.724154885,0.698220327
96.65,2.940258633,-3.70582696,-3.70582696,0.7676591295
96.675,3.182957012,-3.685788207,-3.685788207,0.8351430135
96.7,3.418912956,-3.664083447,-3.664083447,0.9009889907
96.725,3.647547456,-3.640750088,-3.640750088,0.9654740993
96.75,3.868300297,-3.615819059,-3.615819059,1.028840192
96.775,4.080631694,-3.589315637,-3.589315637,1.091298346
96.8,4.284023866,-3.561260166,-3.561260166,1.153032866
96.825,4.477982531,-3.531668676,-3.531668676,1.214204908
96.85,4.662038325,-3.500553426,-3.500553426,1.274955714
96.875,4.835748143,-3.467923361,-3.467923361,1.335409506
96.9,4.998696383,-3.433784508,-3.433784508,1.395676047
96.925,5.150496114,-3.398140303,-3.398140303,1.455852905
96.95,5.290790134,-3.360991879,-3.360991879,1.516027453
96.975,5.419251944,-3.32233829,-3.32233829,1.576278617
97,5.535586609,-3.282176708,-3.282176708,1.636678418
97.025,5.639531526,-3.240502576,-3.240502576,1.697293313
97.05,5.730857079,-3.197309732,-3.197309732,1.758185367
97.075,5.80936719,-3.152590508,-3.152590508,1.819413277
97.1,5.874899759,-3.106335801,-3.106335801,1.881033245
97.125,5.927326993,-3.058535124,-3.058535124,1.943099744
97.15,5.966555629,-3.009176647,-3.009176647,2.005666158
97.175,5.992527038,-2.95824721,-2.95824721,2.068785328
97.2,6.005217224,-2.905732335,-2.905732335,2.132509995
97.225,6.00463671,-2.851616223,-2.851616223,2.196893142
97.25,5.990830311,-2.795881745,-2.795881745,2.261988254
97.275,5.963876803,-2.738510426,-2.738510426,2.327849483
97.3,5.923888485,-2.67948243,-2.67948243,2.394531695
97.325,5.871010629,-2.618776537,-2.618776537,2.462090431
97.35,5.805420837,-2.556370137,-2.556370137,2.530581748
97.375,5.727328287,-2.49223921,-2.49223921,2.600061901
97.4,5.636972895,-2.426358334,-2.426358334,2.670586926
97.425,5.534624371,-2.358700696,-2.358700696,2.742212006
97.45,5.420581195,-2.28923812,-2.28923812,2.81499066
97.475,5.295169499,-2.217941125,-2.217941125,2.888973731
97.5,5.158741875,-2.144779005,-2.144779005,2.964208043
97.525,5.011676098,-2.069719949,-2.069719949,3.040734872
97.55,4.85437379,-1.992731207,-1.992731207,3.118587917
97.575,4.687258999,-1.913779299,-1.913779299,3.197791069
97.6,4.510776733,-1.832830305,-1.832830305,3.278355496
97.625,4.325391432,-1.749850213,-1.749850213,3.360276504
97.65,4.131585384,-1.664805374,-1.664805374,3.44352949
97.675,3.929857104,-1.577663036,-1.577663036,3.528065669
97.7,3.720719676,-1.488392041,-1.488392041,3.613806661
97.725,3.50469905,-1.396963599,-1.396963599,3.700638851
97.75,3.282332333,-1.303352288,-1.303352288,3.788406478
97.775,3.054166037,-1.207537174,-1.207537174,3.876904397
97.8,2.820754334,-1.109503153,-1.109503153,3.965869808
97.825,2.582657289,-1.009242511,-1.009242511,4.054973408
97.85,2.3404391,-0.9067566851,-0.9067566851,4.143810086
97.875,2.09466634,-0.8020582934,-0.8020582934,4.231889158
97.9,1.845906209,-0.6951733931,-0.6951733931,4.318624703
97.925,1.594724811,-0.5861439763,-0.5861439763,4.40332632
97.95,1.341685444,-0.4750306867,-0.4750306867,4.485190896
97.975,1.087346925,-0.3619157258,-0.3619157258,4.563296101
98,0.8322619523,-0.2469058873,-0.2469058873,4.636596514
98.025,0.5769755055,-0.1301356464,-0.1301356464,4.703923381
98.05,0.3220232908,-0.01177019729,-0.01177019729,4.763989117
98.075,0.06793024139,0.1079916924,0.1079916924,4.815397732
98.1,-0.1847909289,0.2289151744,0.2289151744,4.856662302
98.125,-0.4356411088,0.3507273461,0.3507273461,4.886230413
98.15,-0.684136108,0.4731160227,0.4731160227,4.902518227
98.175,-0.9298079052,0.5957294671,0.5957294671,4.90395327
98.2,-1.172205823,0.7181772948,0.7181772948,4.889025349
98.225,-1.410897623,0.8400327403,0.8400327403,4.856344207
98.25,-1.645470524,0.9608364245,0.9608364245,4.804701562
98.275,-1.875532135,1.080101695,1.080101695,4.733134248
98.3,-2.100711297,1.197321516,1.197321516,4.640984418
98.325,-2.320658845,1.311976784,1.311976784,4.527952208
98.35,-2.535048271,1.42354581,1.42354581,4.394136243
98.375,-2.743576301,1.531514622,1.531514622,4.240057721
98.4,-2.945963373,1.635387629,1.635387629,4.066664898
98.425,-3.141954028,1.734698131,1.734698131,3.875316181
98.45,-3.331317196,1.829018138,1.829018138,3.667741919
98.475,-3.513846399,1.917966987,1.917966987,3.445986877
98.5,-3.689359848,2.001218316,2.001218316,3.212337166
98.525,-3.857700454,2.07850507,2.07850507,2.969236763
98.55,-4.018735745,2.149622351,2.149622351,2.719199476
98.575,-4.172357684,2.214428074,2.214428074,2.464722514
98.6,-4.318482408,2.272841534,2.272841534,2.208206886
98.625,-4.45704987,2.324840128,2.324840128,1.951889172
98.65,-4.5880234,2.370454532,2.370454532,1.697787525
98.675,-4.711389183,2.409762729,2.409762729,1.447663423
98.7,-4.827155652,2.442883282,2.442883282,1.202999142
98.725,-4.935352815,2.469968223,2.469968223,0.9649898234
98.75,-5.036031493,2.491195911,2.491195911,0.7345480972
98.775,-5.129262505,2.506764133,2.506764133,0.5123187775
98.8,-5.215135778,2.516883672,2.516883672,0.2987009147
98.825,-5.293759398,2.521772494,2.521772494,0.09387463322
98.85,-5.365258604,2.521650632,2.521650632,-0.1021695686
98.875,-5.429774736,2.516735825,2.516735825,-0.2896009832
98.9,-5.487464127,2.507239883,2.507239883,-0.4687198205
98.925,-5.538496959,2.493365759,2.493365759,-0.6399303489
98.95,-5.583056086,2.47530525,2.47530525,-0.8037167486
98.975,-5.621335813,2.453237275,2.453237275,-0.9606220222
99,-5.653540666,2.427326633,2.427326633,-1.111230083
99.025,-5.679884129,2.397723168,2.397723168,-1.256150929
99.05,-5.70058737,2.36456128,2.36456128,-1.396008699
99.075,-5.715877962,2.327959684,2.327959684,-1.53143231
99.1,-5.72598859,2.288021392,2.288021392,-1.663048357
99.125,-5.731155775,2.244833834,2.244833834,-1.791475919
99.15,-5.731618589,2.198469097,2.198469097,-1.917322936
99.175,-5.727617395,2.148984234,2.148984234,-2.041183833
99.2,-5.7193926,2.096421623,2.096421623,-2.163638093
99.225,-5.707183432,2.040809349,2.040809349,-2.285249492
99.25,-5.691226743,1.982161603,1.982161603,-2.406565768
99.275,-5.671755851,1.920479086,1.920479086,-2.528118454
99.3,-5.648999419,1.855749413,1.855749413,-2.650422681
99.325,-5.623180369,1.787947531,1.787947531,-2.773976737
99.35,-5.594514855,1.717036151,1.717036151,-2.899261129
99.375,-5.563211279,1.642966207,1.642966207,-3.026736965
99.4,-5.529469367,1.565677372,1.565677372,-3.156843429
99.425,-5.493479301,1.485098661,1.485098661,-3.289993944
99.45,-5.455420915,1.401149109,1.401149109,-3.426571105
99.475,-5.41546296,1.313738666,1.313738666,-3.566919363
99.5,-5.37376243,1.222769221,1.222769221,-3.711336143
99.525,-5.330463964,1.128135946,1.128135946,-3.860059794
99.55,-5.285699325,1.029728944,1.029728944,-4.013255019
99.575,-5.239586946,0.9274352934,0.9274352934,-4.170994851
99.6,-5.192231557,0.8211416279,0.8211416279,-4.333238661
99.625,-5.143723894,0.71073728,0.71073728,-4.499806391
99.65,-5.094140477,0.5961181335,0.5961181335,-4.670348431
99.675,-5.04354348,0.4771912849,0.4771912849,-4.844311345
99.7,-4.991980671,0.3538806075,0.3538806075,-5.020899909
99.725,-4.939485437,0.2261332996,0.2261332996,-5.199036413
99.75,-4.886076886,0.09392746924,0.09392746924,-5.377318886
99.775,-4.831760026,-0.04271925144,-0.04271925144,-5.553980854
99.8,-4.776526027,-0.1837401373,-0.1837401373,-5.726856285
99.825,-4.720352553,-0.3290090448,-0.3290090448,-5.893354652
99.85,-4.66320417,-0.4783296475,-0.4783296475,-6.050452248
99.875,-4.605032828,-0.6314247373,-0.6314247373,-6.194706916
99.9,-4.545778408,-0.7879262605,-0.7879262605,-6.322303856
99.925,-4.485369339,-0.947366968,-0.947366968,-6.429139807
99.95,-4.423723278,-1.10917471,-1.10917471,-6.510951135
99.975,-4.360747853,-1.272670508,-1.272670508,-6.563487984
100,-4.296341455,-1.437071531,-1.437071531,-6.582731449
100.025,-4.230394092,-1.601499946,-1.601499946,-6.565143716
100.05,-4.162788288,-1.764998252,-1.764998252,-6.507933802
100.075,-4.093400024,-1.926551214,-1.926551214,-6.409314234
100.1,-4.022099726,-2.085113783,-2.085113783,-6.268719132
100.125,-3.948753283,-2.239643685,-2.239643685,-6.086953799
100.15,-3.8732231,-2.389136602,-2.389136602,-5.8662501
100.175,-3.795369171,-2.532661399,-2.532661399,-5.610212209
100.2,-3.71505018,-2.669392588,-2.669392588,-5.323651122
100.225,-3.632124614,-2.798637386,-2.798637386,-5.012322164
100.25,-3.546451888,-2.919855293,-2.919855293,-4.68259309
100.275,-3.457893471,-3.032668869,-3.032668869,-4.341079604
100.3,-3.366314024,-3.136865405,-3.136865405,-3.994287421
100.325,-3.271582513,-3.232390103,-3.232390103,-3.648295916
100.35,-3.173573332,-3.319332141,-3.319332141,-3.308508744
100.375,-3.0721674,-3.397905498,-3.397905498,-2.979485205
100.4,-2.967253232,-3.468426603,-3.468426603,-2.664854151
100.425,-2.858727998,-3.531290783,-3.531290783,-2.367302356
100.45,-2.746498535,-3.586949214,-3.586949214,-2.088623008
100.475,-2.630482338,-3.635887651,-3.635887651,-1.829807003
100.5,-2.510608497,-3.678607794,-3.678607794,-1.591159936
100.525,-2.386818598,-3.71561174,-3.71561174,-1.372429578
100.55,-2.259067568,-3.747389635,-3.747389635,-1.172932228
100.575,-2.127324468,-3.774410367,-3.774410367,-0.9916696832
100.6,-1.991573231,-3.797115026,-3.797115026,-0.8274318523
100.625,-1.851813332,-3.815912714,-3.815912714,-0.6788827945
100.65,-1.708060395,-3.831178301,-3.831178301,-0.5446298976
100.675,-1.560346736,-3.843251701,-3.843251701,-0.4232772455
100.7,-1.408721826,-3.852438315,-3.852438315,-0.3134649875
100.725,-1.253252682,-3.859010295,-3.859010295,-0.21389686
100.75,-1.094024189,-3.863208376,-3.863208376,-0.1233580574
100.775,-0.9311393306,-3.865244056,-3.865244056,-0.04072550514
100.8,-0.7647193464,-3.865301953,-3.865301953,0.03502764512
100.825,-0.594903807,-3.863542223,-3.863542223,0.1048317656
100.85,-0.4218506034,-3.860102943,-3.860102943,0.169523492
100.875,-0.2457358536,-3.855102399,-3.855102399,0.2298504604
100.9,-0.06675372461,-3.848641234,-3.848641234,0.2864772772
100.925,0.11488383,-3.840804448,-3.840804448,0.3399921476
100.95,0.2989474166,-3.83166322,-3.83166322,0.3909137462
100.975,0.4851906313,-3.821276556,-3.821276556,0.4396980371
101,0.6733505728,-3.809692783,-3.809692783,0.4867448442
101.025,0.8631484355,-3.796950865,-3.796950865,0.5324040465
101.05,1.054290183,-3.783081586,-3.783081586,0.5769813266
101.075,1.246467298,-3.768108582,-3.768108582,0.6207434409
101.1,1.439357607,-3.75204926,-3.75204926,0.6639230008
101.125,1.632626181,-3.73491559,-3.73491559,0.7067227814
101.15,1.825926295,-3.716714806,-3.716714806,0.7493195812
101.175,2.01890047,-3.697450012,-3.697450012,0.7918676611
101.2,2.211181562,-3.677120701,-3.677120701,0.8345018008
101.225,2.402393916,-3.655723217,-3.655723217,0.8773400067
101.25,2.592154575,-3.633251133,-3.633251133,0.9204859092
101.275,2.780074538,-3.609695593,-3.609695593,0.9640308809
101.3,2.965760061,-3.585045587,-3.585045587,1.008055908
101.325,3.148814002,-3.559288193,-3.559288193,1.052633248
101.35,3.328837199,-3.532408778,-3.532408778,1.097827905
101.375,3.505429877,-3.50439116,-3.50439116,1.143698921
101.4,3.678193085,-3.475217743,-3.475217743,1.190300549
101.425,3.846730147,-3.444869623,-3.444869623,1.237683289
101.45,4.010648125,-3.413326671,-3.413326671,1.285894827
101.475,4.169559299,-3.380567593,-3.380567593,1.334980872
101.5,4.323082641,-3.346569969,-3.346569969,1.384985935
101.525,4.470845285,-3.311310271,-3.311310271,1.43595403
101.55,4.612483996,-3.274763874,-3.274763874,1.487929327
101.575,4.74764661,-3.236905038,-3.236905038,1.540956757
101.6,4.875993467,-3.197706884,-3.197706884,1.595082583
101.625,4.997198807,-3.157141355,-3.157141355,1.650354941
101.65,5.110952136,-3.115179162,-3.115179162,1.706824349
101.675,5.216959555,-3.071789718,-3.071789718,1.764544201
101.7,5.314945045,-3.02694106,-3.02694106,1.823571243
101.725,5.404651699,-2.980599759,-2.980599759,1.883966026
101.75,5.485842901,-2.932730822,-2.932730822,1.945793349
101.775,5.558303452,-2.883297576,-2.883297576,2.009122684
101.8,5.621840618,-2.832261551,-2.832261551,2.074028582
101.825,5.676285121,-2.779582344,-2.779582344,2.140591051
101.85,5.721492049,-2.72521748,-2.72521748,2.208895917
101.875,5.757341694,-2.669122264,-2.669122264,2.279035126
101.9,5.7837403,-2.61124962,-2.61124962,2.351107021
101.925,5.800620735,-2.551549934,-2.551549934,2.425216529
101.95,5.807943069,-2.489970885,-2.489970885,2.501475279
101.975,5.805695059,-2.426457276,-2.426457276,2.580001599
102,5.793892545,-2.36095087,-2.36095087,2.660920378
102.025,5.772579745,-2.293390229,-2.293390229,2.744362737
102.05,5.741829454,-2.223710565,-2.223710565,2.830465472
102.075,5.701743141,-2.151843606,-2.151843606,2.919370226
102.1,5.652450945,-2.077717493,-2.077717493,3.011222246
102.125,5.594111571,-2.001256705,-2.001256705,3.106168798
102.15,5.526912078,-1.92238204,-1.92238204,3.204356849
102.175,5.451067574,-1.841010648,-1.841010648,3.305930364
102.2,5.366820796,-1.757056165,-1.757056165,3.411026369
102.225,5.274441596,-1.670428923,-1.670428923,3.519770587
102.25,5.174226329,-1.581036326,-1.581036326,3.632271222
102.275,5.06649713,-1.48878335,-1.48878335,3.748612119
102.3,4.951601107,-1.393573286,-1.393573286,3.868843537
102.325,4.829909431,-1.295308686,-1.295308686,3.992971723
102.35,4.701816334,-1.193892629,-1.193892629,4.120945917
102.375,4.56773802,-1.08923034,-1.08923034,4.252643153
102.4,4.428111485,-0.9812311903,-0.9812311903,4.387850653
102.425,4.28339326,-0.8698112104,-0.8698112104,4.526245239
102.45,4.134058072,-0.7548961287,-0.7548961287,4.667370302
102.475,3.980597428,-0.6364250198,-0.6364250198,4.810610222
102.5,3.823518135,-0.5143546203,-0.5143546203,4.955162761
102.525,3.663340749,-0.3886643563,-0.3886643563,5.100010273
102.55,3.500597965,-0.2593620873,-0.2593620873,5.243891065
102.575,3.33583296,-0.1264905467,-0.1264905467,5.385272817
102.6,3.16959767,0.009865605882,0.009865605882,5.522330623
102.625,3.002451045,0.1495722754,0.1495722754,5.65293301
102.65,2.83495725,0.2924382097,0.2924382097,5.774639914
102.675,2.667683839,0.43820743,0.43820743,5.884717199
102.7,2.501199912,0.5865522749,0.5865522749,5.980172438
102.725,2.336074242,0.737067655,0.737067655,6.057816389
102.75,2.172873399,0.8892672003,0.8892672003,6.114353443
102.775,2.012159861,1.042582046,1.042582046,6.146502226
102.8,1.854490138,1.196362998,1.196362998,6.151144557
102.825,1.700412888,1.349886714,1.349886714,6.125496839
102.85,1.550467062,1.50236635,1.50236635,6.067293679
102.875,1.405180063,1.652966812,1.652966812,5.97496914
102.9,1.265065937,1.800824309,1.800824309,5.847817777
102.925,1.130623593,1.945069493,1.945069493,5.686116698
102.95,1.002335067,2.084852981,2.084852981,5.491191306
102.975,0.8806638375,2.219371674,2.219371674,5.265412264
103,0.7660531888,2.347894076,2.347894076,5.012118597
103.025,0.6589246342,2.469782811,2.469782811,4.735470687
103.05,0.5596764075,2.584512698,2.584512698,4.440246074
103.075,0.4686820235,2.691683217,2.691683217,4.131597729
103.1,0.3862889151,2.791024699,2.791024699,3.814798806
103.125,0.3128171523,2.882398234,2.882398234,3.494997619
103.15,0.2485582471,2.965789784,2.965789784,3.17700374
103.175,0.1937740496,3.041299512,3.041299512,2.865119808
103.2,0.1486957384,3.109127556,3.109127556,2.563026729
103.225,0.1135229118,3.16955762,3.16955762,2.273722956
103.25,0.08842277956,3.222939671,3.222939671,1.999512862
103.275,0.07352946248,3.269672872,3.269672872,1.742035473
103.3,0.06894339933,3.310189632,3.310189632,1.502322897
103.325,0.0747308659,3.344941367,3.344941367,1.280877685
103.35,0.09092360707,3.374386339,3.374386339,1.077759461
103.375,0.1175185841,3.39897968,3.39897968,0.8926729435
103.4,0.1544778382,3.419165583,3.419165583,0.7250514926
103.425,0.2017284716,3.435371478,3.435371478,0.5741324969
103.45,0.2591627461,3.448003969,3.448003969,0.4390224271
103.475,0.3266382994,3.457446262,3.457446262,0.3187508866
103.5,0.4039784795,3.464056801,3.464056801,0.212313882
103.525,0.490972795,3.468168869,3.468168869,0.1187071819
103.55,0.5873774814,3.470090903,3.470090903,0.03695097368
103.575,0.6929161811,3.470107339,3.470107339,-0.03389283609
103.6,0.8072807354,3.468479805,3.468479805,-0.09470934183
103.625,0.9301320855,3.465448536,3.465448536,-0.146324137
103.65,1.061101281,3.461233901,3.461233901,-0.1895004942
103.675,1.199790592,3.456037974,3.456037974,-0.2249392944
103.7,1.345774718,3.450046064,3.450046064,-0.2532809342
103.725,1.498602099,3.443428195,3.443428195,-0.2751085942
103.75,1.65779631,3.436340486,3.436340486,-0.2909523809
103.775,1.822857553,3.428926416,3.428926416,-0.3012939702
103.8,1.993264219,3.421317977,3.421317977,-0.3065714753
103.825,2.168474537,3.413636705,3.413636705,-0.3071843317
103.85,2.34792829,3.405994579,3.405994579,-0.3034980581
103.875,2.531048596,3.39849482,3.39849482,-0.2958487914
103.9,2.717243753,3.391232567,3.391232567,-0.2845475338
103.925,2.905909129,3.384295457,3.384295457,-0.2698840687
103.95,3.096429109,3.37776411,3.37776411,-0.2521305292
103.975,3.288179075,3.37171253,3.37171253,-0.2315446092
104,3.480527422,3.366208429,3.366208429,-0.2083724162
104.025,3.672837605,3.361313484,3.361313484,-0.1828509769
104.05,3.864470193,3.357083538,3.357083538,-0.1552104019
104.075,4.054784953,3.353568748,3.353568748,-0.1256757244
104.1,4.243142924,3.35081369,3.35081369,-0.09446842528
104.125,4.4289085,3.348857438,3.348857438,-0.06180765841
104.15,4.611451497,3.347733604,3.347733604,-0.02791119147
104.175,4.790149211,3.347470367,3.347470367,0.007003925841
104.2,4.964388442,3.348090483,3.348090483,0.0427209496
104.225,5.133567504,3.349611292,3.349611292,0.07902327276
104.25,5.29709818,3.352044721,3.352044721,0.1156944834
104.275,5.454407649,3.355397291,3.355397291,0.1525186352
104.3,5.604940351,3.359670135,3.359670135,0.1892807121
104.325,5.748159803,3.36485903,3.36485903,0.2257672698
104.35,5.883550345,3.370954442,3.370954442,0.2617672342
104.375,6.010618823,3.377941604,3.377941604,0.2970728353
104.4,6.128896194,3.385800601,3.385800601,0.3314806519
104.425,6.237939049,3.394506503,3.394506503,0.3647927454
104.45,6.337331054,3.404029511,3.404029511,0.3968178547
104.475,6.426684295,3.414335141,3.414335141,0.4273726235
104.5,6.505640533,3.425384435,3.425384435,0.4562828337
104.525,6.573872355,3.437134209,3.437134209,0.4833846154
104.55,6.631084222,3.449537322,3.449537322,0.5085256053
104.575,6.677013414,3.462542981,3.462542981,0.5315660251
104.6,6.711430854,3.476097063,3.476097063,0.5523796538
104.625,6.734141832,3.490142471,3.490142471,0.5708546718
104.65,6.744986602,3.504619498,3.504619498,0.5868943536
104.675,6.743840866,3.519466214,3.519466214,0.6004175928
104.7,6.730616138,3.53461886,3.53461886,0.6113592448
104.725,6.705259987,3.55001225,3.55001225,0.6196702796
104.75,6.667756159,3.565580173,3.565580173,0.6253177419
104.775,6.618124573,3.581255793,3.581255793,0.6282845162
104.8,6.556421205,3.596972041,3.596972041,0.6285689029
104.825,6.482737839,3.612661991,3.612661991,0.6261840213
104.85,6.397201703,3.628259221,3.628259221,0.6211570462
104.875,6.299974992,3.643698158,3.643698158,0.613528301
104.9,6.191254261,3.658914389,3.658914389,0.6033502303
104.925,6.071269715,3.673844951,3.673844951,0.5906862695
104.95,5.940284378,3.688428594,3.688428594,0.5756096423
104.975,5.79859316,3.702606007,3.702606007,0.5582021096
105,5.646521812,3.716320016,3.716320016,0.5385526921
105.025,5.484425782,3.72951575,3.72951575,0.5167563977
105.05,5.312688973,3.742140775,3.742140775,0.4929129666
105.075,5.131722404,3.754145199,3.754145199,0.4671256656
105.1,4.941962789,3.76548174,3.76548174,0.4395001376
105.125,4.743871024,3.776105778,3.776105778,0.4101433315
105.15,4.5379306,3.785975373,3.785975373,0.3791625142
105.175,4.324645945,3.79505126,3.79505126,0.3466643821
105.2,4.104540699,3.803296826,3.803296826,0.3127542687
105.225,3.878155919,3.810678068,3.810678068,0.2775354578
105.25,3.646048246,3.817163533,3.817163533,0.2411085967
105.275,3.408788009,3.822724245,3.822724245,0.2035712096
105.3,3.1669573,3.827333623,3.827333623,0.1650173066
105.325,2.921148002,3.830967392,3.830967392,0.1255370795
105.35,2.671959807,3.833603477,3.833603477,0.08521668125
105.375,2.419998193,3.835221909,3.835221909,0.04413807759
105.4,2.165872405,3.835804711,3.835804711,0.002378964103
105.425,1.910193424,3.835335799,3.835335799,-0.03998726063
105.45,1.653571933,3.833800866,3.833800866,-0.0828914741
105.475,1.396616297,3.831187284,3.831187284,-0.1262687696
105.5,1.139930555,3.827483993,3.827483993,-0.1700583644
105.525,0.884112438,3.822681404,3.822681404,-0.2142034841
105.55,0.6297514109,3.816771298,3.816771298,-0.2586512282
105.575,0.3774267556,3.809746731,3.809746731,-0.303352426
105.6,0.1277056936,3.801601945,3.801601945,-0.348261484
105.625,-0.1188584408,3.792332277,3.792332277,-0.3933362324
105.65,-0.3617279714,3.781934078,3.781934078,-0.4385377736
105.675,-0.6003825905,3.770404631,3.770404631,-0.4838303349
105.7,-0.8343210007,3.757742077,3.757742077,-0.52918113
105.725,-1.063062484,3.74394534,3.74394534,-0.5745602271
105.75,-1.28614839,3.729014057,3.729014057,-0.6199404365
105.775,-1.503143548,3.712948514,3.712948514,-0.6652971982
105.8,-1.713637577,3.695749577,3.695749577,-0.7106084933
105.825,-1.91724612,3.677418632,3.677418632,-0.7558547655
105.85,-2.113611965,3.657957524,3.657957524,-0.8010188564
105.875,-2.302406077,3.637368498,3.637368498,-0.8460859566
105.9,-2.48332852,3.615654139,3.615654139,-0.8910435699
105.925,-2.656109274,3.592817317,3.592817317,-0.9358814935
105.95,-2.820508944,3.568861128,3.568861128,-0.9805918112
105.975,-2.976319351,3.543788838,3.543788838,-1.025168901
106,-3.123364018,3.517603822,3.517603822,-1.069609457
106.025,-3.261498533,3.490309511,3.490309511,-1.113912524
106.05,-3.390610804,3.46190933,3.46190933,-1.158079546
106.075,-3.510621187,3.432406636,3.432406636,-1.20211443
106.1,-3.62148251,3.401804657,3.401804657,-1.246023617
106.125,-3.72317997,3.370106428,3.370106428,-1.289816173
106.15,-3.81573092,3.337314723,3.337314723,-1.333503885
106.175,-3.899184539,3.303431986,3.303431986,-1.37710138
106.2,-3.973621392,3.26846026,3.26846026,-1.420626246
106.225,-4.039152876,3.232401107,3.232401107,-1.464099171
106.25,-4.095920558,3.195255535,3.195255535,-1.507544095
106.275,-4.144095408,3.157023909,3.157023909,-1.550988372
106.3,-4.183876928,3.117705865,3.117705865,-1.594462943
106.325,-4.215492183,3.077300221,3.077300221,-1.638002531
106.35,-4.239194738,3.035804876,3.035804876,-1.681645834
106.375,-4.255263494,2.993216709,2.993216709,-1.725435744
106.4,-4.264001455,2.949531474,2.949531474,-1.769419561
106.425,-4.265734391,2.904743683,2.904743683,-1.813649239
106.45,-4.260809444,2.858846491,2.858846491,-1.85818163
106.475,-4.249593651,2.811831564,2.811831564,-1.903078731
106.5,-4.232472398,2.763688955,2.763688955,-1.948407956
106.525,-4.209847829,2.714406958,2.714406958,-1.994242412
106.55,-4.182137182,2.663971967,2.663971967,-2.040661154
106.575,-4.149771088,2.612368323,2.612368323,-2.08774949
106.6,-4.11319183,2.559578149,2.559578149,-2.135599231
106.625,-4.072851557,2.505581197,2.505581197,-2.184308982
106.65,-4.029210477,2.450354655,2.450354655,-2.233984368
106.675,-3.982735026,2.393872991,2.393872991,-2.284738324
106.7,-3.933896024,2.33610775,2.33610775,-2.336691232
106.725,-3.883166816,2.277027372,2.277027372,-2.389971162
106.75,-3.831021421,2.216597004,2.216597004,-2.444713928
106.775,-3.777932676,2.154778291,2.154778291,-2.501063168
106.8,-3.724370402,2.091529199,2.091529199,-2.559170287
106.825,-3.670799581,2.026803805,2.026803805,-2.619194271
106.85,-3.617678563,1.960552127,1.960552127,-2.681301412
106.875,-3.565457302,1.892719934,1.892719934,-2.745664753
106.9,-3.514575633,1.823248596,1.823248596,-2.812463417
106.925,-3.465461591,1.752074936,1.752074936,-2.88188151
106.95,-3.418529784,1.679131127,1.679131127,-2.954106842
106.975,-3.374179816,1.60434462,1.60434462,-3.029329017
107,-3.332794781,1.527638125,1.527638125,-3.10773724
107.025,-3.29473982,1.448929658,1.448929658,-3.189517247
107.05,-3.260360746,1.368132672,1.368132672,-3.274847742
107.075,-3.229982755,1.285156287,1.285156287,-3.363895743
107.1,-3.203909216,1.199905652,1.199905652,-3.456811018
107.125,-3.182420546,1.112282451,1.112282451,-3.55371934
107.15,-3.165773173,1.022185618,1.022185618,-3.654714184
107.175,-3.154198601,0.9295122445,0.9295122445,-3.759847109
107.2,-3.147902566,0.8341587754,0.8341587754,-3.869116222
107.225,-3.147064292,0.7360225143,0.7360225143,-3.982452743
107.25,-3.151835851,0.635003475,0.635003475,-4.099705672
107.275,-3.162341631,0.5310066511,0.5310066511,-4.220624302
107.3,-3.178677904,0.4239447556,0.4239447556,-4.344838716
107.325,-3.200912506,0.3137414575,0.3137414575,-4.471838602
107.35,-3.229084628,0.2003351719,0.2003351719,-4.600950713
107.375,-3.263204709,0.08368342268,0.08368342268,-4.731315767
107.4,-3.303254446,-0.03623222267,-0.03623222267,-4.861865911
107.425,-3.34918691,-0.1594006765,-0.1594006765,-4.991304276
107.45,-3.40092677,-0.2857753915,-0.2857753915,-5.118088693
107.475,-3.458370627,-0.4152680906,-0.4152680906,-5.24042211
107.5,-3.521387451,-0.5477423745,-0.5477423745,-5.356252732
107.525,-3.589819127,-0.6830074858,-0.6830074858,-5.46328725
107.55,-3.663481096,-0.8208126064,-0.8208126064,-5.559020585
107.575,-3.742163104,-0.960842136,-0.960842136,-5.640785295
107.6,-3.825630043,-1.102712478,-1.102712478,-5.705822868
107.625,-3.913622884,-1.245970892,-1.245970892,-5.751377751
107.65,-4.005859703,-1.390096964,-1.390096964,-5.77481266
107.675,-4.102036792,-1.534507194,-1.534507194,-5.773741043
107.7,-4.20182985,-1.678563033,-1.678563033,-5.746169409
107.725,-4.304895256,-1.821582491,-1.821582491,-5.690639182
107.75,-4.410871404,-1.962855166,-1.962855166,-5.606355535
107.775,-4.519380117,-2.101660182,-2.101660182,-5.493289494
107.8,-4.630028119,-2.237286213,-2.237286213,-5.352240387
107.825,-4.742408556,-2.369052457,-2.369052457,-5.184848645
107.85,-4.856102579,-2.496329254,-2.496329254,-4.993553637
107.875,-4.970680964,-2.618556969,-2.618556969,-4.781497243
107.9,-5.085705775,-2.735261839,-2.735261839,-4.552380351
107.925,-5.200732056,-2.84606778,-2.84606778,-4.310284827
107.95,-5.315309555,-2.950703485,-2.950703485,-4.059477413
107.975,-5.428984458,-3.049004564,-3.049004564,-3.804213111
108,-5.541301147,-3.140910952,-3.140910952,-3.548554581
108.025,-5.651803959,-3.226460127,-3.226460127,-3.296220601
108.05,-5.760038949,-3.30577701,-3.30577701,-3.050472079
108.075,-5.865555642,-3.379061518,-3.379061518,-2.814039061
108.1,-5.967908778,-3.4465748,-3.4465748,-2.589087572
108.125,-6.066660034,-3.508625091,-3.508625091,-2.377221675
108.15,-6.161379725,-3.565554,-3.565554,-2.179513804
108.175,-6.25164847,-3.617723811,-3.617723811,-1.996555536
108.2,-6.337058821,-3.66550624,-3.66550624,-1.828521127
108.225,-6.417216853,-3.709272863,-3.709272863,-1.675236908
108.25,-6.491743696,-3.749387297,-3.749387297,-1.536251102
108.275,-6.560277025,-3.786199082,-3.786199082,-1.410899956
108.3,-6.622472475,-3.820039145,-3.820039145,-1.298367559
108.325,-6.678005004,-3.851216664,-3.851216664,-1.197737814
108.35,-6.726570176,-3.880017125,-3.880017125,-1.108038072
108.375,-6.767885377,-3.906701368,-3.906701368,-1.028274551
108.4,-6.801690943,-3.93150542,-3.93150542,-0.9574601309
108.425,-6.827751217,-3.954640943,-3.954640943,-0.8946353877
108.45,-6.845855504,-3.976296118,-3.976296118,-0.8388838253
108.475,-6.855818946,-3.996636867,-3.996636867,-0.7893422839
108.5,-6.857483303,-4.01580827,-4.01580827,-0.7452074414
108.525,-6.850717631,-4.03393611,-4.03393611,-0.7057392381
108.55,-6.835418866,-4.051128472,-4.051128472,-0.6702619366
108.575,-6.811512308,-4.067477346,-4.067477346,-0.6381634195
108.6,-6.778951999,-4.083060196,-4.083060196,-0.6088932144
108.625,-6.737720999,-4.097941464,-4.097941464,-0.5819596422
108.65,-6.687831556,-4.112174,-4.112174,-0.5569263994
108.675,-6.629325172,-4.125800401,-4.125800401,-0.5334088093
108.7,-6.562272565,-4.138854251,-4.138854251,-0.5110699218
108.725,-6.486773516,-4.151361265,-4.151361265,-0.4896165983
108.75,-6.402956627,-4.16334034,-4.16334034,-0.4687956679
108.775,-6.310978961,-4.174804502,-4.174804502,-0.4483902292
108.8,-6.211025588,-4.185761771,-4.185761771,-0.428216134
108.825,-6.103309023,-4.19621594,-4.19621594,-0.4081186837
108.85,-5.988068573,-4.206167268,-4.206167268,-0.3879695499
108.875,-5.865569584,-4.215613108,-4.215613108,-0.3676639271
108.9,-5.73610259,-4.224548456,-4.224548456,-0.3471179118
108.925,-5.599982379,-4.232966451,-4.232966451,-0.3262661059
108.95,-5.457546969,-4.2408588,-4.2408588,-0.3050594338
108.975,-5.309156498,-4.248216172,-4.248216172,-0.2834631645
109,-5.155192035,-4.255028524,-4.255028524,-0.2614551214
109.025,-4.99605432,-4.261285401,-4.261285401,-0.2390240742
109.05,-4.832162433,-4.266976186,-4.266976186,-0.2161682952
109.075,-4.663952387,-4.272090328,-4.272090328,-0.1928942698
109.1,-4.491875676,-4.276617526,-4.276617526,-0.1692155472
109.125,-4.316397755,-4.280547895,-4.280547895,-0.1451517223
109.15,-4.137996476,-4.283872107,-4.283872107,-0.1207275331
109.175,-3.957160477,-4.28658151,-4.28658151,-0.09597206764
109.2,-3.774387533,-4.288668222,-4.288668222,-0.0709180669
109.225,-3.590182877,-4.290125223,-4.290125223,-0.04560131504
109.25,-3.405057484,-4.290946417,-4.290946417,-0.02006010885
109.275,-3.219526349,-4.291126694,-4.291126694,0.00566520282
109.3,-3.034106738,-4.290661972,-4.290661972,0.03153261719
109.325,-2.849316438,-4.289549239,-4.289549239,0.05749882011
109.35,-2.665671996,-4.287786577,-4.287786577,0.08351947987
109.375,-2.483686974,-4.285373187,-4.285373187,0.109549498
109.4,-2.303870205,-4.282309405,-4.282309405,0.1355432231
109.425,-2.126724066,-4.278596712,-4.278596712,0.1614546319
109.45,-1.952742776,-4.274237744,-4.274237744,0.187237483
109.475,-1.782410723,-4.269236295,-4.269236295,0.2128454465
109.5,-1.616200819,-4.263597315,-4.263597315,0.2382322142
109.525,-1.454572904,-4.257326913,-4.257326913,0.2633515929
109.55,-1.297972185,-4.250432347,-4.250432347,0.2881575834
109.575,-1.146827737,-4.242922026,-4.242922026,0.3126044501
109.6,-1.001551049,-4.234805496,-4.234805496,0.3366467811
109.625,-0.8625346391,-4.226093434,-4.226093434,0.3602395409
109.65,-0.7301507316,-4.216797637,-4.216797637,0.3833381213
109.675,-0.6047500066,-4.206931014,-4.206931014,0.4058983863
109.7,-0.4866604224,-4.196507568,-4.196507568,0.4278767179
109.725,-0.3761861182,-4.185542386,-4.185542386,0.4492300619
109.75,-0.2736063982,-4.174051627,-4.174051627,0.4699159722
109.775,-0.1791748025,-4.162052498,-4.162052498,0.4898926626
109.8,-0.09311826667,-4.149563246,-4.149563246,0.5091190555
109.825,-0.01563637331,-4.136603134,-4.136603134,0.5275548403
109.85,0.0530993018,-4.123192422,-4.123192422,0.5451605335
109.875,0.1129457471,-4.109352347,-4.109352347,0.5618975443
109.9,0.1637889744,-4.095105097,-4.095105097,0.5777282491
109.925,0.2055443777,-4.080473792,-4.080473792,0.5926160676
109.95,0.2381569916,-4.065482447,-4.065482447,0.6065255528
109.975,0.2616016472,-4.050155953,-4.050155953,0.6194224806
110,0.2758830268,-4.034520036,-4.034520036,0.6312739537
110.025,0.2810356156,-4.01860123,-4.01860123,0.6420485099
110.05,0.277123552,-4.002426834,-4.002426834,0.6517162379
110.075,0.2642403762,-3.986024877,-3.986024877,0.6602489052
110.1,0.2425086788,-3.969424069,-3.969424069,0.6676200875
110.125,0.2120796512,-3.952653756,-3.952653756,0.6738053123
110.15,0.1731325377,-3.935743873,-3.935743873,0.6787822067
110.175,0.1258739931,-3.918724884,-3.918724884,0.6825306511
110.2,0.07053734794,-3.901627726,-3.901627726,0.6850329439
110.225,0.007381782991,-3.884483748,-3.884483748,0.6862739676
110.25,-0.06330858291,-3.867324642,-3.867324642,0.6862413621
110.275,-0.1412256889,-3.850182373,-3.850182373,0.6849257037
110.3,-0.2260386081,-3.833089102,-3.833089102,0.6823206834
110.325,-0.3173947005,-3.816077109,-3.816077109,0.6784232901
110.35,-0.4149208376,-3.799178705,-3.799178705,0.6732339941
110.375,-0.5182246949,-3.782426142,-3.782426142,0.6667569269
110.4,-0.6268961084,-3.765851524,-3.765851524,0.6590000595
110.425,-0.7405084888,-3.749486705,-3.749486705,0.6499753774
110.45,-0.8586202903,-3.733363187,-3.733363187,0.6396990445
110.475,-0.9807765268,-3.717512014,-3.717512014,0.6281915594
110.5,-1.106510332,-3.701963662,-3.701963662,0.6154779012
110.525,-1.235344558,-3.686747925,-3.686747925,0.6015876584
110.55,-1.366793402,-3.671893799,-3.671893799,0.5865551407
110.575,-1.500364068,-3.657429362,-3.657429362,0.5704194717
110.6,-1.63555844,-3.643381653,-3.643381653,0.5532246583
110.625,-1.771874775,-3.629776549,-3.629776549,0.5350196344
110.65,-1.908809407,-3.616638642,-3.616638642,0.5158582749
110.675,-2.045858448,-3.603991116,-3.603991116,0.4957993795
110.7,-2.182519495,-3.591855623,-3.591855623,0.4749066223
110.725,-2.318293323,-3.580252165,-3.580252165,0.4532484647
110.75,-2.452685563,-3.56919897,-3.56919897,0.4308980297
110.775,-2.585208367,-3.558712387,-3.558712387,0.4079329358
110.8,-2.715382042,-3.548806764,-3.548806764,0.3844350884
110.825,-2.842736652,-3.539494357,-3.539494357,0.3604904288
110.85,-2.966813592,-3.53078522,-3.53078522,0.336188639
110.875,-3.087167111,-3.522687126,-3.522687126,0.3116228024
110.9,-3.203365797,-3.51520548,-3.51520548,0.2868890222
110.925,-3.314994,-3.508343252,-3.508343252,0.2620859968
110.95,-3.421653211,-3.502100917,-3.502100917,0.2373145557
110.975,-3.522963372,-3.496476408,-3.496476408,0.212677157
111,-3.618564124,-3.49146508,-3.49146508,0.1882773521
111.025,-3.708115987,-3.487059693,-3.487059693,0.1642192186
111.05,-3.79130146,-3.483250405,-3.483250405,0.1406067691
111.075,-3.867826058,-3.480024779,-3.480024779,0.1175433388
111.1,-3.937419255,-3.477367812,-3.477367812,0.09513095984
111.125,-3.999835354,-3.475261971,-3.475261971,0.07346972816
111.15,-4.054854267,-3.473687252,-3.473687252,0.05265716915
111.175,-4.102282207,-3.472621253,-3.472621253,0.03278761077
111.2,-4.141952296,-3.472039258,-3.472039258,0.01395157071
111.225,-4.173725069,-3.471914343,-3.471914343,-0.003764834558
111.25,-4.197488897,-3.472217491,-3.472217491,-0.02028045152
111.275,-4.213160312,-3.472917727,-3.472917727,-0.03551961455
111.3,-4.220684229,-3.473982252,-3.473982252,-0.04941262764
111.325,-4.220034085,-3.475376611,-3.475376611,-0.06189619635
111.35,-4.211211872,-3.477064844,-3.477064844,-0.07291380459
111.375,-4.194248076,-3.479009671,-3.479009671,-0.08241603151
111.4,-4.169201528,-3.481172665,-3.481172665,-0.09036080454
111.425,-4.136159145,-3.483514442,-3.483514442,-0.09671358592
111.45,-4.095235597,-3.485994851,-3.485994851,-0.1014474915
111.475,-4.046572864,-3.488573164,-3.488573164,-0.1045433407
111.5,-3.990339712,-3.49120827,-3.49120827,-0.105989639
111.525,-3.926731081,-3.493858865,-3.493858865,-0.1057824937
111.55,-3.85596738,-3.496483644,-3.496483644,-0.1039254678
111.575,-3.778293708,-3.499041478,-3.499041478,-0.1004293742
111.6,-3.693978983,-3.5014916,-3.5014916,-0.09531201489
111.625,-3.603315004,-3.50379377,-3.50379377,-0.08859787294
111.65,-3.506615433,-3.505908442,-3.505908442,-0.080317761
111.675,-3.404214705,-3.507796913,-3.507796913,-0.0705084342
111.7,-3.296466875,-3.509421471,-3.509421471,-0.05921217435
111.725,-3.183744401,-3.510745524,-3.510745524,-0.0464763525
111.75,-3.066436867,-3.511733725,-3.511733725,-0.03235297673
111.775,-2.944949651,-3.512352078,-3.512352078,-0.01689823221
111.8,-2.819702549,-3.51256804,-3.51256804,-0.0001720202019
111.825,-2.691128343,-3.512350609,-3.512350609,0.01776249801
111.85,-2.559671343,-3.511670395,-3.511670395,0.03683934648
111.875,-2.425785882,-3.510499691,-3.510499691,0.05699016447
111.9,-2.289934784,-3.508812523,-3.508812523,0.07814461627
111.925,-2.152587813,-3.506584695,-3.506584695,0.1002307775
111.95,-2.014220092,-3.503793829,-3.503793829,0.1231754949
111.975,-1.875310517,-3.500419383,-3.500419383,0.1469047173
112,-1.736340155,-3.496442677,-3.496442677,0.1713437968
112.025,-1.597790639,-3.491846902,-3.491846902,0.1964177579
112.05,-1.460142569,-3.486617124,-3.486617124,0.2220515367
112.075,-1.323873913,-3.480740285,-3.480740285,0.2481701875
112.1,-1.189458425,-3.474205197,-3.474205197,0.2746990597
112.125,-1.057364075,-3.467002532,-3.467002532,0.3015639461
112.15,-0.9280515041,-3.459124813,-3.459124813,0.328691202
112.175,-0.8019725049,-3.450566394,-3.450566394,0.3560078396
112.2,-0.6795685358,-3.441323445,-3.441323445,0.3834415979
112.225,-0.5612692683,-3.431393934,-3.431393934,0.4109209906
112.25,-0.4474911778,-3.420777605,-3.420777605,0.4383753348
112.275,-0.338636179,-3.409475959,-3.409475959,0.4657347618
112.3,-0.2350903108,-3.397492233,-3.397492233,0.4929302138
112.325,-0.1372224757,-3.384831383,-3.384831383,0.5198934269
112.35,-0.045383236,-3.37150006,-3.37150006,0.5465569052
112.375,0.0400963276,-3.357506593,-3.357506593,0.5728538844
112.4,0.1189056935,-3.342860971,-3.342860971,0.5987182912
112.425,0.1907559078,-3.327574828,-3.327574828,0.6240846985
112.45,0.2553805224,-3.311661426,-3.311661426,0.6488882779
112.475,0.3125364583,-3.29513564,-3.29513564,0.6730647524
112.5,0.3620047937,-3.278013946,-3.278013946,0.6965503511
112.525,0.4035914721,-3.260314408,-3.260314408,0.7192817668
112.55,0.4371279308,-3.242056667,-3.242056667,0.7411961189
112.575,0.4624716461,-3.223261931,-3.223261931,0.7622309228
112.6,0.4795065953,-3.203952968,-3.203952968,0.782324068
112.625,0.488143633,-3.18415409,-3.18415409,0.8014138051
112.65,0.4883207822,-3.163891151,-3.163891151,0.8194387447
112.675,0.4800034381,-3.143191535,-3.143191535,0.8363378684
112.7,0.4631844852,-3.122084145,-3.122084145,0.8520505538
112.725,0.4378843277,-3.100599396,-3.100599396,0.8665166153
112.75,0.4041508328,-3.0787692,-3.0787692,0.8796763605
112.775,0.362059188,-3.056626956,-3.056626956,0.891470666
112.8,0.3117116722,-3.034207533,-3.034207533,0.9018410712
112.825,0.2532373434,-3.01154725,-3.01154725,0.910729893
112.85,0.1867916424,-2.988683858,-2.988683858,0.9180803628
112.875,0.1125559149,-2.965656516,-2.965656516,0.9238367853
112.9,0.03073685443,-2.942505757,-2.942505757,0.9279447219
112.925,-0.05843413362,-2.919273459,-2.919273459,0.9303511983
112.95,-0.1547016424,-2.896002803,-2.896002803,0.9310049387
112.975,-0.2577870476,-2.87273823,-2.87273823,0.929856625
113,-0.3673893619,-2.849525382,-2.849525382,0.9268591842
113.025,-0.483186156,-2.826411051,-2.826411051,0.9219681015
113.05,-0.6048345451,-2.803443105,-2.803443105,0.9151417615
113.075,-0.7319722351,-2.780670411,-2.780670411,0.9063418162
113.1,-0.8642186272,-2.758142751,-2.758142751,0.8955335786
113.125,-1.001175976,-2.735910724,-2.735910724,0.8826864428
113.15,-1.142430596,-2.714025639,-2.714025639,0.8677743273
113.175,-1.28755412,-2.692539393,-2.692539393,0.8507761417
113.2,-1.436104791,-2.671504347,-2.671504347,0.8316762722
113.225,-1.587628799,-2.650973176,-2.650973176,0.8104650845
113.25,-1.741661647,-2.630998716,-2.630998716,0.7871394422
113.275,-1.897729551,-2.611633794,-2.611633794,0.7617032348
113.3,-2.055350861,-2.592931049,-2.592931049,0.7341679136
113.325,-2.214037505,-2.574942731,-2.574942731,0.704553024
113.35,-2.373296446,-2.557720495,-2.557720495,0.6728867343
113.375,-2.532631155,-2.54131518,-2.54131518,0.6392063597
113.4,-2.691543086,-2.525776573,-2.525776573,0.6035588642
113.425,-2.849533162,-2.511153157,-2.511153157,0.5660013261
113.45,-3.006103247,-2.497491864,-2.497491864,0.5266013989
113.475,-3.160757622,-2.484837788,-2.484837788,0.4854376925
113.5,-3.313004447,-2.47323393,-2.47323393,0.4426001411
113.525,-3.462357205,-2.462720888,-2.462720888,0.3981902812
113.55,-3.608336132,-2.453336577,-2.453336577,0.35232147
113.575,-3.750469619,-2.445115931,-2.445115931,0.3051190333
113.6,-3.888295589,-2.438090598,-2.438090598,0.2567202994
113.625,-4.021362842,-2.432288644,-2.432288644,0.207274554
113.65,-4.149232364,-2.427734256,-2.427734256,0.1569428698
113.675,-4.271478598,-2.424447448,-2.424447448,0.1058978177
113.7,-4.387690668,-2.422443782,-2.422443782,0.0543230495
113.725,-4.497473567,-2.421734095,-2.421734095,0.00241273967
113.75,-4.600449286,-2.422324244,-2.422324244,-0.04962912128
113.775,-4.696257891,-2.424214875,-2.424214875,-0.101589583
113.8,-4.784558552,-2.427401206,-2.427401206,-0.1532477502
113.825,-4.865030507,-2.431872847,-2.431872847,-0.2043759517
113.85,-4.937373968,-2.437613646,-2.437613646,-0.2547410717
113.875,-5.001310966,-2.444601567,-2.444601567,-0.3041060336
113.9,-5.056586124,-2.452808618,-2.452808618,-0.3522314207
113.925,-5.102967372,-2.462200808,-2.462200808,-0.3988772419
113.95,-5.140246587,-2.47273816,-2.47273816,-0.4438048141
113.975,-5.168240166,-2.484374767,-2.484374767,-0.4867787391
114,-5.186789523,-2.497058898,-2.497058898,-0.5275689567
114.025,-5.195761521,-2.510733159,-2.510733159,-0.565952849
114.05,-5.195048821,-2.525334708,-2.525334708,-0.60171736
114.075,-5.184570166,-2.540795517,-2.540795517,-0.6346610895
114.1,-5.164270584,-2.557042688,-2.557042688,-0.6645963329
114.125,-5.134121519,-2.573998824,-2.573998824,-0.6913510182
114.15,-5.094120887,-2.59158244,-2.59158244,-0.7147705087
114.175,-5.044293056,-2.60970842,-2.60970842,-0.7347192222
114.2,-4.984688758,-2.628288513,-2.628288513,-0.751082029
114.225,-4.915384916,-2.647231854,-2.647231854,-0.7637653952
114.25,-4.836484411,-2.666445521,-2.666445521,-0.7726982463
114.275,-4.74811577,-2.685835104,-2.685835104,-0.7778325136
114.3,-4.650432784,-2.705305279,-2.705305279,-0.7791433521
114.325,-4.543614064,-2.72476039,-2.72476039,-0.7766290288
114.35,-4.427862521,-2.744105022,-2.744105022,-0.7703104612
114.375,-4.303404784,-2.763244561,-2.763244561,-0.7602304322
114.4,-4.170490562,-2.782085723,-2.782085723,-0.7464524945
114.425,-4.029391928,-2.800537057,-2.800537057,-0.7290595812
114.45,-3.880402566,-2.818509412,-2.818509412,-0.7081523657
114.475,-3.72383694,-2.835916356,-2.835916356,-0.6838474086
114.5,-3.560029427,-2.852674551,-2.852674551,-0.6562751334
114.525,-3.389333387,-2.868704067,-2.868704067,-0.6255776809
114.55,-3.212120188,-2.883928654,-2.883928654,-0.5919066902
114.575,-3.028778192,-2.898275945,-2.898275945,-0.5554210569
114.6,-2.839711687,-2.911677616,-2.911677616,-0.5162847129
114.625,-2.645339793,-2.924069481,-2.924069481,-0.4746644734
114.65,-2.446095318,-2.935391538,-2.935391538,-0.4307279882
114.675,-2.242423596,-2.945587968,-2.945587968,-0.38464183
114.7,-2.034781284,-2.954607082,-2.954607082,-0.3365697475
114.725,-1.823635138,-2.962401235,-2.962401235,-0.2866711016
114.75,-1.60946077,-2.968926697,-2.968926697,-0.2350994981
114.775,-1.392741379,-2.974143493,-2.974143493,-0.1820016231
114.8,-1.173966472,-2.978015219,-2.978015219,-0.127516283
114.825,-0.9536305716,-2.980508833,-2.980508833,-0.0717736425
114.85,-0.732231914,-2.981594434,-2.981594434,-0.01489465199
114.875,-0.5102711446,-2.981245026,-2.981245026,0.04300934825
114.9,-0.2882500102,-2.979436273,-2.979436273,0.1018368636
114.925,-0.06667005543,-2.976146253,-2.976146253,0.1614963376
114.95,0.1539686772,-2.971355207,-2.971355207,0.2219061209
114.975,0.3731689363,-2.965045296,-2.965045296,0.2829943347
115,0.5904375399,-2.957200358,-2.957200358,0.3446986495
115.025,0.8052866364,-2.947805674,-2.947805674,0.4069659956
115.05,1.017234948,-2.936847737,-2.936847737,0.4697522241
115.075,1.22580899,-2.924314038,-2.924314038,0.5330217326
115.1,1.430544269,-2.910192854,-2.910192854,0.5967470716
115.125,1.630986447,-2.894473052,-2.894473052,0.6609085412
115.15,1.82669248,-2.877143897,-2.877143897,0.7254937914
115.175,2.01723172,-2.858194877,-2.858194877,0.7904974334
115.2,2.20218698,-2.837615531,-2.837615531,0.8559206678
115.225,2.381155565,-2.815395287,-2.815395287,0.9217709369
115.25,2.553750251,-2.791523315,-2.791523315,0.9880616042
115.275,2.719600232,-2.76598838,-2.76598838,1.054811666
115.3,2.878352015,-2.738778702,-2.738778702,1.122045484
115.325,3.029670268,-2.709881831,-2.709881831,1.189792567
115.35,3.173238617,-2.679284511,-2.679284511,1.258087357
115.375,3.308760394,-2.646972574,-2.646972574,1.326969074
115.4,3.43595933,-2.612930802,-2.612930802,1.396481537
115.425,3.554580192,-2.577142839,-2.577142839,1.46667309
115.45,3.664389368,-2.539591053,-2.539591053,1.537596408
115.475,3.765175393,-2.500256445,-2.500256445,1.609308463
115.5,3.856749412,-2.459118549,-2.459118549,1.681870401
115.525,3.938945592,-2.416155302,-2.416155302,1.75534737
115.55,4.01162147,-2.371342978,-2.371342978,1.829808493
115.575,4.07465824,-2.324656071,-2.324656071,1.905326602
115.6,4.127960977,-2.276067204,-2.276067204,1.98197808
115.625,4.171458812,-2.225547058,-2.225547058,2.059842606
115.65,4.205105026,-2.173064278,-2.173064278,2.139002725
115.675,4.228877104,-2.118585417,-2.118585417,2.219543488
115.7,4.242776711,-2.062074875,-2.062074875,2.301551758
115.725,4.246829618,-2.003494866,-2.003494866,2.385115522
115.75,4.241085562,-1.942805401,-1.942805401,2.470322902
115.775,4.225618052,-1.879964299,-1.879964299,2.557260885
115.8,4.200524111,-1.814927228,-1.814927228,2.646013997
115.825,4.165923964,-1.747647805,-1.747647805,2.736662124
115.85,4.121960665,-1.678077717,-1.678077717,2.829278586
115.875,4.068799675,-1.606166938,-1.606166938,2.923927117
115.9,4.006628378,-1.531864,-1.531864,3.020658569
115.925,3.935655552,-1.455116361,-1.455116361,3.119506993
115.95,3.85611078,-1.375870899,-1.375870899,3.220484673
115.975,3.76824382,-1.294074499,-1.294074499,3.323576729
116,3.672323919,-1.209674836,-1.209674836,3.428734354
116.025,3.568639089,-1.122621308,-1.122621308,3.535867264
116.05,3.457495329,-1.032866166,-1.032866166,3.644835019
116.075,3.339215815,-0.9403659182,-0.9403659182,3.755436984
116.1,3.214140042,-0.8450829411,-0.8450829411,3.867401455
116.125,3.082622935,-0.7469874227,-0.7469874227,3.980373389
116.15,2.945033916,-0.6460596062,-0.6460596062,4.093901364
116.175,2.801755944,-0.5422923662,-0.5422923662,4.207423837
116.2,2.653184527,-0.4356941367,-0.4356941367,4.320255156
116.225,2.499726696,-0.3262921883,-0.3262921883,4.431571925
116.25,2.341799961,-0.2141362298,-0.2141362298,4.5404006
116.275,2.179831241,-0.0993022943,-0.0993022943,4.645607349
116.3,2.014255774,0.01810316334,0.01810316334,4.745891536
116.325,1.845516011,0.1379390667,0.1379390667,4.839784381
116.35,1.674060488,0.2600255685,0.2600255685,4.92565458
116.375,1.500342697,0.3841401467,0.3841401467,5.001722726
116.4,1.324819933,0.5100141912,0.5100141912,5.066086327
116.425,1.14795215,0.6373303647,0.6373303647,5.116756915
116.45,0.9702007968,0.765721052,0.765721052,5.151710202
116.475,0.7920276637,0.8947682279,0.8947682279,5.168949267
116.5,0.6138937242,1.024005058,1.024005058,5.166579707
116.525,0.4362579825,1.152919502,1.152919502,5.1428941
116.55,0.259576328,1.280960104,1.280960104,5.096461621
116.575,0.08430039845,1.407544026,1.407544026,5.026217136
116.6,-0.08912354363,1.532067237,1.532067237,4.931542956
116.625,-0.2602557204,1.653916575,1.653916575,4.812335827
116.65,-0.4286639304,1.772483227,1.772483227,4.669052045
116.675,-0.5939246199,1.887176992,1.887176992,4.502724838
116.7,-0.7556239324,1.997440598,1.997440598,4.314950308
116.725,-0.9133587321,2.102763262,2.102763262,4.107841131
116.75,-1.0667376,2.202692712,2.202692712,3.883950372
116.775,-1.215381802,2.296844979,2.296844979,3.646170926
116.8,-1.358926221,2.384911457,2.384911457,3.397618474
116.825,-1.497020257,2.466662919,2.466662919,3.141507041
116.85,-1.629328692,2.541950442,2.541950442,2.881026995
116.875,-1.755532516,2.61070339,2.61070339,2.619233742
116.9,-1.875329706,2.672924827,2.672924827,2.358954063
116.925,-1.988435971,2.728684858,2.728684858,2.102714335
116.95,-2.094585451,2.778112465,2.778112465,1.852692524
116.975,-2.193531365,2.821386445,2.821386445,1.610693444
117,-2.285046616,2.858725993,2.858725993,1.378144968
117.025,-2.368924348,2.890381413,2.890381413,1.156111679
117.05,-2.444978444,2.916625355,2.916625355,0.9453217686
117.075,-2.513043987,2.937744834,2.937744834,0.7462030057
117.1,-2.572977653,2.954034229,2.954034229,0.5589238049
117.125,-2.624658058,2.965789335,2.965789335,0.3834361449
117.15,-2.667986053,2.973302483,2.973302483,0.2195176795
117.175,-2.702884952,2.976858679,2.976858679,0.06681116952
117.2,-2.729300717,2.976732689,2.976732689,-0.07513996913
117.225,-2.747202078,2.973186946,2.973186946,-0.2068606852
117.25,-2.756580595,2.966470188,2.966470188,-0.3289180761
117.275,-2.757450669,2.956816673,2.956816673,-0.4418998376
117.3,-2.749849488,2.944445897,2.944445897,-0.5463970524
117.325,-2.733836922,2.929562677,2.929562677,-0.6429908651
117.35,-2.709495352,2.912357531,2.912357531,-0.7322425336
117.375,-2.676929452,2.893007273,2.893007273,-0.8146863269
117.4,-2.636265903,2.87167575,2.87167575,-0.8908247777
117.425,-2.587653059,2.84851467,2.84851467,-0.9611258232
117.45,-2.531260554,2.823664494,2.823664494,-1.026021435
117.475,-2.467278851,2.797255335,2.797255335,-1.085907394
117.5,-2.395918743,2.76940786,2.76940786,-1.141143909
117.525,-2.317410795,2.74023416,2.74023416,-1.192056861
117.55,-2.232004737,2.709838595,2.709838595,-1.238939455
117.575,-2.139968805,2.678318579,2.678318579,-1.282054159
117.6,-2.041589037,2.64576533,2.64576533,-1.321634785
117.625,-1.937168513,2.612264556,2.612264556,-1.357888648
117.65,-1.827026557,2.57789709,2.57789709,-1.390998724
117.675,-1.711497889,2.542739473,2.542739473,-1.421125766
117.7,-1.590931742,2.506864483,2.506864483,-1.448410343
117.725,-1.465690928,2.470341618,2.470341618,-1.472974795
117.75,-1.336150878,2.433237524,2.433237524,-1.494925071
117.775,-1.202698636,2.395616385,2.395616385,-1.514352464
117.8,-1.065731825,2.35754027,2.35754027,-1.531335238
117.825,-0.9256575821,2.319069436,2.319069436,-1.545940144
117.85,-0.7828914629,2.280262604,2.280262604,-1.55822384
117.875,-0.6378563201,2.241177187,2.241177187,-1.568234215
117.9,-0.4909811614,2.201869499,2.201869499,-1.576011621
117.925,-0.3426999846,2.162394929,2.162394929,-1.581590042
117.95,-0.1934505968,2.122808082,2.122808082,-1.584998183
117.975,-0.0436734185,2.083162901,2.083162901,-1.586260484
118,0.1061897239,2.043512763,2.043512763,-1.585398115
118.025,0.2556968136,2.003910544,2.003910544,-1.582429875
118.05,0.4044068649,1.964408673,1.964408673,-1.577373082
118.075,0.5518811458,1.925059155,1.925059155,-1.570244414
118.1,0.6976844016,1.885913578,1.885913578,-1.561060692
118.125,0.8413860718,1.847023099,1.847023099,-1.549839677
118.15,0.9825615024,1.808438411,1.808438411,-1.53660077
118.175,1.120793145,1.770209695,1.770209695,-1.521365754
118.2,1.255671746,1.732386551,1.732386551,-1.504159431
118.225,1.386797512,1.695017915,1.695017915,-1.485010295
118.25,1.513781264,1.658151955,1.658151955,-1.463951117
118.275,1.636245562,1.621835964,1.621835964,-1.441019527
118.3,1.753825804,1.586116225,1.586116225,-1.416258548
118.325,1.866171296,1.551037876,1.551037876,-1.389717082
118.35,1.972946296,1.51664475,1.51664475,-1.361450365
118.375,2.073831005,1.48297922,1.48297922,-1.331520353
118.4,2.168522544,1.45008202,1.45008202,-1.299996083
118.425,2.256735866,1.417992067,1.417992067,-1.266953945
118.45,2.338204642,1.386746274,1.386746274,-1.232477926
118.475,2.412682088,1.356379357,1.356379357,-1.19665976
118.5,2.479941751,1.326923643,1.326923643,-1.159599041
118.525,2.539778239,1.298408866,1.298408866,-1.12140324
118.55,2.592007899,1.270861981,1.270861981,-1.08218767
118.575,2.636469436,1.244306958,1.244306958,-1.042075367
118.6,2.673024477,1.218764599,1.218764599,-1.001196909
118.625,2.701558071,1.19425235,1.19425235,-0.9596901427
118.65,2.721979134,1.170784123,1.170784123,-0.9176998654
118.675,2.73422082,1.148370127,1.148370127,-0.8753774018
118.7,2.738240834,1.127016711,1.127016711,-0.8328801553
118.725,2.734021677,1.106726219,1.106726219,-0.7903710345
118.75,2.721570825,1.087496861,1.087496861,-0.7480179023
118.775,2.700920829,1.069322591,1.069322591,-0.705992846
118.8,2.672129365,1.052193021,1.052193021,-0.6644715572
118.825,2.635279193,1.036093329,1.036093329,-0.6236324737
118.85,2.590478057,1.021004209,1.021004209,-0.5836560524
118.875,2.537858514,1.006901824,1.006901824,-0.5447239037
118.9,2.47757769,0.9937577957,0.9937577957,-0.5070179024
118.925,2.409816959,0.9815391999,0.9815391999,-0.470719346
118.95,2.334781566,0.9702086012,0.9702086012,-0.4360079772
118.975,2.252700165,0.9597240956,0.9597240956,-0.4030611389
119,2.163824296,0.9500393891,0.9500393891,-0.3720527796
119.025,2.068427795,0.941103887,0.941103887,-0.343152595
119.05,1.966806128,0.9328628187,0.9328628187,-0.3165250695
119.075,1.859275671,0.9252573727,0.9252573727,-0.2923286223
119.1,1.746172914,0.918224864,0.918224864,-0.2707147169
119.125,1.627853613,0.9116989161,0.9116989161,-0.2518270405
119.15,1.504691873,0.9056096647,0.9056096647,-0.2358007088
119.175,1.377079175,0.8998839853,0.8998839853,-0.2227615111
119.2,1.245423351,0.8944457286,0.8944457286,-0.2128252321
119.225,1.110147497,0.8892159866,0.8892159866,-0.2060970016
119.25,0.9716888431,0.884113359,0.884113359,-0.2026707442
119.275,0.8304975684,0.8790542441,0.8790542441,-0.2026286752
119.3,0.6870355741,0.8739531363,0.8739531363,-0.2060408887
119.325,0.5417752137,0.8687229303,0.8687229303,-0.2129650231
119.35,0.3951979837,0.8632752408,0.8632752408,-0.2234460075
119.375,0.2477931785,0.857520719,0.857520719,-0.237515899
119.4,0.1000565141,0.8513693756,0.8513693756,-0.2551938028
119.425,-0.0475112781,0.8447309069,0.8447309069,-0.276485878
119.45,-0.1944058804,0.837515016,0.837515016,-0.3013854248
119.475,-0.3401208402,0.8296317317,0.8296317317,-0.3298730473
119.5,-0.4841490371,0.8209917249,0.8209917249,-0.3619168863
119.525,-0.6259841632,0.8115066158,0.8115066158,-0.3974729131
119.55,-0.7651222121,0.8010892735,0.8010892735,-0.4364852705
119.575,-0.9010629713,0.7896541073,0.7896541073,-0.478886653
119.6,-1.033311516,0.7771173488,0.7771173488,-0.5245987102
119.625,-1.161379698,0.7633973218,0.7633973218,-0.573532453
119.65,-1.284787626,0.7484147029,0.7484147029,-0.6255886531
119.675,-1.403065134,0.732092775,0.732092775,-0.6806582145
119.7,-1.515753228,0.7143576672,0.7143576672,-0.7386224928
119.725,-1.622405522,0.6951385911,0.6951385911,-0.7993535531
119.75,-1.722589634,0.6743680727,0.6743680727,-0.8627143391
119.775,-1.815888563,0.651982175,0.651982175,-0.9285587388
119.8,-1.901902029,0.6279207296,0.6279207296,-0.9967315265
119.825,-1.980247768,0.6021275641,0.6021275641,-1.067068165
119.85,-2.050562797,0.5745507379,0.5745507379,-1.139394462
119.875,-2.11250462,0.5451427941,0.5451427941,-1.213526036
119.9,-2.165752392,0.5138610161,0.5138610161,-1.289267648
119.925,-2.210008028,0.4806677158,0.4806677158,-1.366412303
119.95,-2.244997249,0.4455305369,0.4455305369,-1.444740207
119.975,-2.270470574,0.4084227891,0.4084227891,-1.524017534
120,-2.286204241,0.3693238207,0.3693238207,-1.603995011
120.025,-2.292001067,0.3282194179,0.3282194179,-1.684406389
120.05,-2.287691232,0.2851022538,0.2851022538,-1.764966758
120.075,-2.273132991,0.2399723763,0.2399723763,-1.845370802
120.1,-2.248213314,0.1928377392,0.1928377392,-1.925291021
120.125,-2.21284844,0.1437147788,0.1437147788,-2.004375977
120.15,-2.166984355,0.09262903502,0.09262903502,-2.082248647
120.175,-2.110597191,0.03961580788,0.03961580788,-2.158504989
120.2,-2.043693532,-0.01527915129,-0.01527915129,-2.232712797
120.225,-1.966310641,-0.07199892655,-0.07199892655,-2.304411002
120.25,-1.878516597,-0.1304747119,-0.1304747119,-2.373109523
120.275,-1.780410345,-0.190625092,-0.190625092,-2.438289834
120.3,-1.672121655,-0.2523553461,-0.2523553461,-2.49940639
120.325,-1.553810998,-0.3155568013,-0.3155568013,-2.555889048
120.35,-1.425669319,-0.3801062608,-0.3801062608,-2.60714666
120.375,-1.28791774,-0.4458655346,-0.4458655346,-2.652571927
120.4,-1.140807152,-0.5126811114,-0.5126811114,-2.691547601
120.425,-0.9846177367,-0.5803840027,-0.5803840027,-2.723454093
120.45,-0.8196583903,-0.6487897936,-0.6487897936,-2.747678495
120.475,-0.6462660615,-0.7176989359,-0.7176989359,-2.763624876
120.5,-0.4648050066,-0.7868973132,-0.7868973132,-2.770725703
120.525,-0.2756659598,-0.856157103,-0.856157103,-2.76845414
120.55,-0.07926522109,-0.9252379541,-0.9252379541,-2.756336843
120.575,0.1239563355,-0.993888484,-0.993888484,-2.733966813
120.6,0.3335343303,-1.061848095,-1.061848095,-2.701015792
120.625,0.5489820218,-1.128849086,-1.128849086,-2.657245613
120.65,0.7697915221,-1.194619033,-1.194619033,-2.602517932
120.675,0.9954350807,-1.258883381,-1.258883381,-2.536801754
120.7,1.225366434,-1.321368195,-1.321368195,-2.460178242
120.725,1.459022216,-1.381802992,-1.381802992,-2.372842399
120.75,1.695823428,-1.439923575,-1.439923575,-2.275101358
120.775,1.93517696,-1.495474773,-1.495474773,-2.167369176
120.8,2.176477168,-1.548213019,-1.548213019,-2.050158226
120.825,2.419107485,-1.597908665,-1.597908665,-1.924067463
120.85,2.662442087,-1.644347972,-1.644347972,-1.789768021
120.875,2.905847584,-1.687334708,-1.687334708,-1.64798676
120.9,3.148684751,-1.726691329,-1.726691329,-1.499488417
120.925,3.390310279,-1.762259687,-1.762259687,-1.34505712
120.95,3.630078552,-1.793901291,-1.793901291,-1.185478112
120.975,3.867343436,-1.821497111,-1.821497111,-1.021520267
121,4.101460087,-1.844946964,-1.844946964,-0.8539200295
121.025,4.331786756,-1.864168525,-1.864168525,-0.6833673095
121.05,4.557686601,-1.879096008,-1.879096008,-0.5104936496
121.075,4.778529494,-1.889678586,-1.889678586,-0.3358628397
121.1,4.993693814,-1.895878605,-1.895878605,-0.1599640471
121.125,5.202568226,-1.897669662,-1.897669662,0.0167926096
121.15,5.404553446,-1.89503459,-1.89503459,0.1940782163
121.175,5.599063972,-1.887963428,-1.887963428,0.3716451915
121.2,5.785529786,-1.876451405,-1.876451405,0.5493256743
121.225,5.963398022,-1.860496978,-1.860496978,0.727028481
121.25,6.132134593,-1.84009997,-1.84009997,0.9047349294
121.275,6.291225766,-1.815259813,-1.815259813,1.082493798
121.3,6.440179695,-1.785973937,-1.785973937,1.260415665
121.325,6.57852789,-1.752236299,-1.752236299,1.438666847
121.35,6.70582663,-1.714036067,-1.714036067,1.617462953
121.375,6.82165831,-1.671356468,-1.671356468,1.797062229
121.4,6.925632719,-1.624173819,-1.624173819,1.977758763
121.425,7.017388246,-1.572456704,-1.572456704,2.159875057
121.45,7.096593006,-1.516165374,-1.516165374,2.343754662
121.475,7.16294589,-1.455251314,-1.455251314,2.529753427
121.5,7.216177526,-1.389657042,-1.389657042,2.718230906
121.525,7.25605116,-1.319316178,-1.319316178,2.909538722
121.55,7.282363439,-1.244153738,-1.244153738,3.104009614
121.575,7.294945106,-1.164086837,-1.164086837,3.301941908
121.6,7.293661601,-1.079025719,-1.079025719,3.50358286
121.625,7.278413564,-0.9888752988,-0.9888752988,3.709107951
121.65,7.249137237,-0.8935372587,-0.8935372587,3.918596189
121.675,7.20580477,-0.7929128074,-0.7929128074,4.132001061
121.7,7.14842442,-0.6869062338,-0.6869062338,4.349116124
121.725,7.077040656,-0.5754294012,-0.5754294012,4.569535039
121.75,6.991734155,-0.4584072983,-0.4584072983,4.792606088
121.775,6.892621693,-0.335784796,-0.335784796,5.0173815
121.8,6.779855943,-0.2075347272,-0.2075347272,5.242562778
121.825,6.65362516,-0.0736673602,-0.0736673602,5.466444243
121.85,6.514152767,0.06575873218,0.06575873218,5.686858357
121.875,6.361696847,0.2106245053,0.2106245053,5.901127981
121.9,6.196549525,0.3607372451,0.3607372451,6.106032676
121.925,6.019036258,0.515816793,0.515816793,6.297797979
121.95,5.829515029,0.6754818988,0.6754818988,6.472118156
121.975,5.628375449,0.8392376763,0.8392376763,6.624223706
122,5.41603776,1.006465419,1.006465419,6.749004027
122.025,5.192951759,1.176416256,1.176416256,6.841192695
122.05,4.95959563,1.348210241,1.348210241,6.895617018
122.075,4.716474698,1.52084243,1.52084243,6.907504984
122.1,4.464120105,1.693197173,1.693197173,6.872831704
122.125,4.203087406,1.864071258,1.864071258,6.78867559
122.15,3.933955104,2.032205696,2.032205696,6.653545268
122.175,3.657323107,2.196324824,2.196324824,6.467632493
122.2,3.373811136,2.355180394,2.355180394,6.232949534
122.225,3.084057066,2.507597287,2.507597287,5.953320427
122.25,2.788715222,2.652517068,2.652517068,5.634214716
122.275,2.488454624,2.789035492,2.789035492,5.282435877
122.3,2.183957192,2.916430759,2.916430759,4.905698909
122.325,1.875915916,3.034180336,3.034180336,4.512147688
122.35,1.565032992,3.141965562,3.141965562,4.109869943
122.375,1.252017933,3.239664654,3.239664654,3.706462387
122.4,0.937585668,3.327335907,3.327335907,3.308685818
122.425,0.6224546124,3.405193637,3.405193637,2.922232262
122.45,0.3073447451,3.473579763,3.473579763,2.551607562
122.475,-0.007024326011,3.53293379,3.53293379,2.200117958
122.5,-0.319935292,3.583763535,3.583763535,1.869939442
122.525,-0.6306750623,3.62661836,3.62661836,1.562244504
122.55,-0.9385366688,3.662066044,3.662066044,1.277361289
122.575,-1.242821151,3.690673783,3.690673783,1.014944145
122.6,-1.542839411,3.712993451,3.712993451,0.774139229
122.625,-1.837914044,3.72955081,3.72955081,0.5537346893
122.65,-2.127381123,3.740838213,3.740838213,0.3522894091
122.675,-2.41059195,3.747310242,3.747310242,0.1682382112
122.7,-2.686914748,3.749381676,3.749381676,-2.599650614e-05
122.725,-2.955736316,3.747427251,3.747427251,-0.1540910047
122.75,-3.216463611,3.741782717,3.741782717,-0.2954820504
122.775,-3.468525279,3.732746783,3.732746783,-0.4256333036
122.8,-3.711373113,3.720583632,3.720583632,-0.5458709758
122.825,-3.944483444,3.70552573,3.70552573,-0.6574052558
122.85,-4.167358454,3.687776761,3.687776761,-0.7613286983
122.875,-4.379527412,3.66751454,3.66751454,-0.8586191217
122.9,-4.58054783,3.644893811,3.644893811,-0.9501454906
122.925,-4.770006528,3.620048875,3.620048875,-1.036675611
122.95,-4.947520617,3.593096015,3.593096015,-1.118884773
122.975,-5.112738386,3.564135692,3.564135692,-1.197364727
123,-5.265340098,3.533254528,3.533254528,-1.272632556
123.025,-5.405038691,3.500527059,3.500527059,-1.345139161
123.05,-5.531580378,3.466017294,3.466017294,-1.415277198
123.075,-5.644745151,3.429780077,3.429780077,-1.483388367
123.1,-5.744347187,3.391862278,3.391862278,-1.549769999
123.125,-5.830235148,3.352303823,3.352303823,-1.614680971
123.15,-5.902292385,3.311138596,3.311138596,-1.678346949
123.175,-5.960437034,3.268395202,3.268395202,-1.740965016
123.2,-6.004622016,3.224097634,3.224097634,-1.802707709
123.225,-6.034834937,3.178265843,3.178265843,-1.863726555
123.25,-6.051097881,3.130916221,3.130916221,-1.924155109
123.275,-6.053467107,3.082062018,3.082062018,-1.98411159
123.3,-6.042032655,3.031713697,3.031713697,-2.043701121
123.325,-6.016917845,2.979879235,2.979879235,-2.10301764
123.35,-5.978278689,2.926564384,2.926564384,-2.16214551
123.375,-5.926303206,2.871772895,2.871772895,-2.221160847
123.4,-5.861210658,2.815506703,2.815506703,-2.280132618
123.425,-5.783250687,2.757766103,2.757766103,-2.339123504
123.45,-5.692702377,2.698549892,2.698549892,-2.398190565
123.475,-5.589873234,2.637855506,2.637855506,-2.457385707
123.5,-5.47509809,2.575679146,2.575679146,-2.516755962
123.525,-5.348737934,2.512015895,2.512015895,-2.576343607
123.55,-5.211178679,2.446859841,2.446859841,-2.636186084
123.575,-5.062829857,2.380204196,2.380204196,-2.696315746
123.6,-4.904123262,2.312041435,2.312041435,-2.756759437
123.625,-4.735511536,2.242363433,2.242363433,-2.817537858
123.65,-4.557466703,2.171161636,2.171161636,-2.878664735
123.675,-4.370478664,2.098427242,2.098427242,-2.940145804
123.7,-4.17505364,2.024151421,2.024151421,-3.001977494
123.725,-3.971712596,1.948325561,1.948325561,-3.064145474
123.75,-3.760989624,1.870941566,1.870941566,-3.12662281
123.775,-3.543430302,1.791992184,1.791992184,-3.189367972
123.8,-3.319590045,1.711471417,1.711471417,-3.252322447
123.825,-3.090032427,1.629374963,1.629374963,-3.315408105
123.85,-2.855327507,1.545700749,1.545700749,-3.378524269
123.875,-2.616050151,1.460449542,1.460449542,-3.441544395
123.9,-2.372778345,1.37362562,1.37362562,-3.504312619
123.925,-2.126091535,1.285237575,1.285237575,-3.566639836
123.95,-1.876568964,1.195299178,1.195299178,-3.628299768
123.975,-1.624788036,1.103830364,1.103830364,-3.689024754
124,-1.371322705,1.010858328,1.010858328,-3.748501541
124.025,-1.116741881,0.9164186994,0.9164186994,-3.806367211
124.05,-0.8616078875,0.8205568473,0.8205568473,-3.86220531
124.075,-0.6064749417,0.7233292576,0.7233292576,-3.915542509
124.1,-0.3518876858,0.6248049863,0.6248049863,-3.965846022
124.125,-0.0983797627,0.525067169,0.525067169,-4.012522063
124.15,0.1535275558,0.4242145527,0.4242145527,-4.05491574
124.175,0.4033266859,0.322363005,0.322363005,-4.092312736
124.2,0.6505249897,0.2196469564,0.2196469564,-4.123943198
124.225,0.8946459694,0.1162207128,0.1162207128,-4.148988216
124.25,1.135230397,0.01225957152,0.01225957152,-4.16658924
124.275,1.371837373,-0.09203933965,-0.09203933965,-4.175860757
124.3,1.604045313,-0.1964565811,-0.1964565811,-4.175906321
124.325,1.831452866,-0.3007503646,-0.3007503646,-4.165837981
124.35,2.053679743,-0.4046570412,-0.4046570412,-4.144798844
124.375,2.270367482,-0.5078921885,-0.5078921885,-4.111988299
124.4,2.481180121,-0.6101523533,-0.6101523533,-4.066689123
124.425,2.685804794,-0.7111174849,-0.7111174849,-4.008295413
124.45,2.883952246,-0.8104540643,-0.8104540643,-3.93634003
124.475,3.075357259,-0.9078188964,-0.9078188964,-3.850520042
124.5,3.259778999,-1.002863498,-1.002863498,-3.750718548
124.525,3.437001274,-1.095238967,-1.095238967,-3.637021301
124.55,3.606832713,-1.184601192,-1.184601192,-3.50972672
124.575,3.769106852,-1.270616212,-1.270616212,-3.369348189
124.6,3.92368215,-1.352965533,-1.352965533,-3.216608011
124.625,4.070441909,-1.43135119,-1.43135119,-3.052422919
124.65,4.20929412,-1.505500338,-1.505500338,-2.877881638
124.675,4.340171232,-1.575169202,-1.575169202,-2.694215582
124.7,4.463029835,-1.64014622,-1.64014622,-2.502764199
124.725,4.577850273,-1.700254271,-1.700254271,-2.304936906
124.75,4.684636182,-1.755351934,-1.755351934,-2.102173645
124.775,4.783413957,-1.805333763,-1.805333763,-1.895906246
124.8,4.874232151,-1.85012963,-1.85012963,-1.687522282
124.825,4.957160808,-1.889703197,-1.889703197,-1.478333103
124.85,5.032290735,-1.924049681,-1.924049681,-1.269547306
124.875,5.099732713,-1.953193006,-1.953193006,-1.062250105
124.9,5.159616656,-1.977182527,-1.977182527,-0.857388966
124.925,5.212090718,-1.996089474,-1.996089474,-0.6557653152
124.95,5.257320349,-2.010003252,-2.010003252,-0.4580318159
124.975,5.295487312,-2.01902774,-2.01902774,-0.2646944852
125,5.326788657,-2.023277693,-2.023277693,-0.07611876403
125.025,5.351435664,-2.022875341,-2.022875341,0.107461384
125.05,5.369652751,-2.017947231,-2.017947231,0.2859322214
125.075,5.381676358,-2.008621384,-2.008621384,0.4592876995
125.1,5.387753807,-1.995024759,-1.995024759,0.6276163326
125.125,5.388142147,-1.97728106,-1.97728106,0.7910880795
125.15,5.383106988,-1.955508856,-1.955508856,0.9499416827
125.175,5.372921316,-1.92982001,-1.92982001,1.104472792
125.2,5.35786432,-1.900318399,-1.900318399,1.25502308
125.225,5.338220203,-1.867098888,-1.867098888,1.401970455
125.25,5.314277014,-1.830246527,-1.830246527,1.545720391
125.275,5.286325475,-1.789835972,-1.789835972,1.686698344
125.3,5.254657833,-1.745931056,-1.745931056,1.825343142
125.325,5.219566718,-1.698584538,-1.698584538,1.962101246
125.35,5.181344038,-1.647837973,-1.647837973,2.097421691
125.375,5.140279885,-1.593721706,-1.593721706,2.231751527
125.4,5.096661479,-1.536254975,-1.536254975,2.365531613
125.425,5.050772143,-1.475446114,-1.475446114,2.499192529
125.45,5.002890318,-1.41129287,-1.41129287,2.633150298
125.475,4.953288607,-1.343782811,-1.343782811,2.767801949
125.5,4.902232882,-1.272893874,-1.272893874,2.903520323
125.525,4.849981413,-1.198595039,-1.198595039,3.040648193
125.55,4.796784069,-1.120847157,-1.120847157,3.179491339
125.575,4.742881553,-1.039603993,-1.039603993,3.320310088
125.6,4.688504697,-0.9548134622,-0.9548134622,3.463309596
125.625,4.633873819,-0.8664191662,-0.8664191662,3.608627914
125.65,4.579198122,-0.7743622396,-0.7743622396,3.756322185
125.675,4.524675171,-0.6785835594,-0.6785835594,3.906352529
125.7,4.470490412,-0.5790264043,-0.5790264043,4.058563446
125.725,4.416816768,-0.4756396047,-0.4756396047,4.212662862
125.75,4.363814283,-0.3683812371,-0.3683812371,4.368198994
125.775,4.311629841,-0.2572229274,-0.2572229274,4.524535413
125.8,4.260396941,-0.1421547903,-0.1421547903,4.6808251
125.825,4.210235534,-0.02319101726,-0.02319101726,4.835984714
125.85,4.16125193,0.09962391035,0.09962391035,4.988670768
125.875,4.113538758,0.226208463,0.226208463,5.137260056
125.9,4.067174992,0.3564368946,0.3564368946,5.279837269
125.925,4.022226042,0.4901318955,0.4901318955,5.414193374
125.95,3.978743892,0.6270573769,0.6270573769,5.537838765
125.975,3.936767311,0.7669118152,0.7669118152,5.648035389
126,3.896322108,0.9093226765,0.9093226765,5.741851761
126.025,3.857421446,1.053842536,1.053842536,5.816243767
126.05,3.820066208,1.199947552,1.199947552,5.868162464
126.075,3.784245417,1.347038966,1.347038966,5.894687448
126.1,3.749936691,1.494448204,1.494448204,5.893180915
126.125,3.717106757,1.641446002,1.641446002,5.861453662
126.15,3.685712,1.787255709,1.787255709,5.797930603
126.175,3.655699046,1.931070559,1.931070559,5.701800432
126.2,3.627005395,2.072074318,2.072074318,5.573132697
126.225,3.599560069,2.209464275,2.209464275,5.412946806
126.25,3.573284304,2.34247524,2.34247524,5.22322107
126.275,3.548092258,2.470402948,2.470402948,5.006836016
126.3,3.523891747,2.592625229,2.592625229,4.767453864
126.325,3.500584996,2.708619466,2.708619466,4.509343854
126.35,3.478069406,2.817975175,2.817975175,4.237169729
126.375,3.456238334,2.920401005,2.920401005,3.955759802
126.4,3.434981876,3.015726001,3.015726001,3.669881179
126.425,3.41418766,3.103895473,3.103895473,3.384037114
126.45,3.393741637,3.184962253,3.184962253,3.102302239
126.475,3.373528862,3.259074398,3.259074398,2.828204121
126.5,3.353434278,3.326460536,3.326460536,2.564653609
126.525,3.333343483,3.387414068,3.387414068,2.313920986
126.55,3.313143485,3.44227727,3.44227727,2.077651076
126.575,3.292723438,3.491426161,3.491426161,1.85690839
126.6,3.271975355,3.535256786,3.535256786,1.65224264
126.625,3.250794806,3.574173297,3.574173297,1.463765623
126.65,3.229081576,3.608578005,3.608578005,1.291231954
126.675,3.206740301,3.638863446,3.638863446,1.134117668
126.7,3.18368107,3.665406338,3.665406338,0.9916926784
126.725,3.159819988,3.688563246,3.688563246,0.8630846605
126.75,3.135079705,3.708667721,3.708667721,0.7473331879
126.775,3.109389903,3.726028677,3.726028677,0.6434340184
126.8,3.082687738,3.740929744,3.740929744,0.5503740519
126.825,3.054918242,3.753629401,3.753629401,0.4671579117
126.85,3.026034677,3.764361671,3.764361671,0.3928272985
126.875,2.995998839,3.773337229,3.773337229,0.3264743165
126.9,2.964781319,3.780744774,3.780744774,0.2672499219
126.925,2.932361707,3.786752566,3.786752566,0.214368539
126.95,2.898728754,3.791510038,3.791510038,0.1671097509
126.975,2.863880473,3.795149426,3.795149426,0.1248178289
127,2.827824197,3.797787361,3.797787361,0.08689972443
127.025,2.79057658,3.7995264,3.7995264,0.05282202179
127.05,2.752163551,3.800456472,3.800456472,0.02210723995
127.075,2.712620212,3.800656227,3.800656227,-0.005670223243
127.1,2.671990689,3.800194277,3.800194277,-0.03088828393
127.125,2.630327932,3.799130343,3.799130343,-0.05388134617
127.15,2.587693465,3.797516284,3.797516284,-0.07494434691
127.175,2.544157094,3.79539704,3.79539704,-0.09433660036
127.2,2.49979656,3.792811475,3.792811475,-0.1122853974
127.225,2.454697158,3.789793137,3.789793137,-0.128989337
127.25,2.408951304,3.786370934,3.786370934,-0.1446213822
127.275,2.362658071,3.782569743,3.782569743,-0.1593316417
127.3,2.315922675,3.778410947,3.778410947,-0.173249889
127.325,2.268855941,3.773912914,3.773912914,-0.1864878319
127.35,2.22157372,3.769091423,3.769091423,-0.1991411495
127.375,2.174196288,3.763960046,3.763960046,-0.2112913168
127.4,2.12684771,3.758530473,3.758530473,-0.2230072334
127.425,2.079655181,3.752812819,3.752812819,-0.234346677
127.45,2.03274835,3.746815875,3.746815875,-0.2453575978
127.475,1.98625862,3.740547347,3.740547347,-0.2560792711
127.5,1.940318435,3.734014056,3.734014056,-0.2665433237
127.525,1.895060557,3.727222119,3.727222119,-0.2767746481
127.55,1.850617336,3.720177104,3.720177104,-0.2867922168
127.575,1.807119967,3.712884173,3.712884173,-0.2966098094
127.6,1.764697759,3.705348202,3.705348202,-0.3062366615
127.625,1.723477396,3.697573884,3.697573884,-0.3156780462
127.65,1.683582206,3.689565829,3.689565829,-0.3249357951
127.675,1.645131443,3.681328634,3.681328634,-0.3340087674
127.7,1.608239577,3.67286696,3.67286696,-0.3428932719
127.725,1.573015606,3.664185589,3.664185589,-0.3515834498
127.75,1.53956238,3.655289471,3.655289471,-0.3600716207
127.775,1.507975955,3.646183768,3.646183768,-0.3683485988
127.8,1.478344965,3.636873887,3.636873887,-0.3764039814
127.825,1.450750036,3.62736551,3.62736551,-0.3842264132
127.85,1.425263215,3.617664608,3.617664608,-0.3918038307
127.875,1.401947448,3.607777464,3.607777464,-0.3991236873
127.9,1.380856088,3.597710677,3.597710677,-0.4061731631
127.925,1.362032448,3.587471167,3.587471167,-0.4129393598
127.95,1.345509389,3.577066176,3.577066176,-0.4194094834
127.975,1.331308962,3.566503264,3.566503264,-0.4255710161
128,1.319442088,3.555790298,3.555790298,-0.4314118776
128.025,1.309908291,3.544935439,3.544935439,-0.4369205777
128.05,1.302695485,3.533947127,3.533947127,-0.4420863612
128.075,1.297779799,3.522834061,3.522834061,-0.4468993447
128.1,1.295125471,3.511605174,3.511605174,-0.4513506469
128.125,1.294684784,3.500269608,3.500269608,-0.4554325126
128.15,1.296398062,3.488836682,3.488836682,-0.4591384297
128.175,1.300193715,3.477315862,3.477315862,-0.4624632413
128.2,1.30598835,3.465716727,3.465716727,-0.465403251
128.225,1.313686922,3.454048925,3.454048925,-0.4679563226
128.25,1.323182954,3.44232214,3.44232214,-0.4701219741
128.275,1.334358802,3.430546045,3.430546045,-0.4719014649
128.3,1.34708598,3.418730259,3.418730259,-0.4732978772
128.325,1.361225529,3.406884302,3.406884302,-0.4743161906
128.35,1.376628453,3.395017543,3.395017543,-0.4749633498
128.375,1.393136185,3.383139153,3.383139153,-0.4752483249
128.4,1.410581121,3.371258054,3.371258054,-0.4751821638
128.425,1.428787191,3.359382862,3.359382862,-0.4747780372
128.45,1.44757047,3.347521841,3.347521841,-0.474051274
128.475,1.466739848,3.335682842,3.335682842,-0.4730193887
128.5,1.486097721,3.323873251,3.323873251,-0.4717020983
128.525,1.505440737,3.312099933,3.312099933,-0.4701213306
128.55,1.524560561,3.300369179,3.300369179,-0.4683012207
128.575,1.543244686,3.288686648,3.288686648,-0.4662680979
128.6,1.561277264,3.277057312,3.277057312,-0.4640504609
128.625,1.578439962,3.265485408,3.265485408,-0.4616789426
128.65,1.594512851,3.253974376,3.253974376,-0.4591862625
128.675,1.609275296,3.242526815,3.242526815,-0.4566071675
128.7,1.62250688,3.231144432,3.231144432,-0.4539783606
128.725,1.633988326,3.21982799,3.21982799,-0.4513384208
128.75,1.643502433,3.208577268,3.208577268,-0.4487277049
128.775,1.650835012,3.197391012,3.197391012,-0.4461882473
128.8,1.655775828,3.186266899,3.186266899,-0.4437636389
128.825,1.658119533,3.175201498,3.175201498,-0.4414989035
128.85,1.657666591,3.164190236,3.164190236,-0.4394403604
128.875,1.654224199,3.153227366,3.153227366,-0.4376354771
128.9,1.647607181,3.142305944,3.142305944,-0.4361327175
128.925,1.637638872,3.131417802,3.131417802,-0.4349813797
128.95,1.624151978,3.120553531,3.120553531,-0.4342314284
128.975,1.606989405,3.109702465,3.109702465,-0.4339333226
129,1.58600506,3.098852676,3.098852676,-0.4341378399
129.025,1.56106462,3.087990961,3.087990961,-0.4348958983
129.05,1.532046263,3.077102844,3.077102844,-0.4362583771
129.075,1.498841355,3.066172583,3.066172583,-0.4382759398
129.1,1.4613551,3.055183169,3.055183169,-0.4409988581
129.125,1.419507138,3.044116347,3.044116347,-0.4444768408
129.15,1.373232094,3.032952626,3.032952626,-0.4487588688
129.175,1.322480081,3.021671302,3.021671302,-0.4538930372
129.2,1.26721714,3.010250481,3.010250481,-0.4599264063
129.225,1.207425629,2.998667106,2.998667106,-0.4669048642
129.25,1.143104552,2.98689699,2.98689699,-0.4748730007
129.275,1.074269825,2.974914848,2.974914848,-0.4838739952
129.3,1.000954486,2.962694335,2.962694335,-0.4939495201
129.325,0.9232088333,2.950208083,2.950208083,-0.5051396593
129.35,0.8411005074,2.937427743,2.937427743,-0.5174828448
129.375,0.7547144999,2.924324026,2.924324026,-0.5310158111
129.4,0.6641531021,2.910866746,2.910866746,-0.5457735684
129.425,0.5695357845,2.897024863,2.897024863,-0.5617893957
129.45,0.4709990101,2.882766528,2.882766528,-0.5790948532
129.475,0.3686959818,2.868059124,2.868059124,-0.597719815
129.5,0.2627963233,2.852869306,2.852869306,-0.6176925224
129.525,0.1534856955,2.837163044,2.837163044,-0.6390396573
129.55,0.04096534775,2.820905659,2.820905659,-0.6617864345
129.575,-0.07454839333,2.804061859,2.804061859,-0.6859567152
129.6,-0.192824697,2.786595772,2.786595772,-0.7115731378
129.625,-0.3136188616,2.768470971,2.768470971,-0.7386572685
129.65,-0.4366730052,2.749650505,2.749650505,-0.7672297681
129.675,-0.5617168129,2.730096914,2.730096914,-0.7973105772
129.7,-0.6884683367,2.709772245,2.709772245,-0.8289191157
129.725,-0.8166348467,2.688638067,2.688638067,-0.862074498
129.75,-0.9459137303,2.666655471,2.666655471,-0.8967957623
129.775,-1.075993436,2.64378507,2.64378507,-0.9331021112
129.8,-1.206554457,2.619986993,2.619986993,-0.9710131646
129.825,-1.33727036,2.595220871,2.595220871,-1.010549223
129.85,-1.467808838,2.569445814,2.569445814,-1.051731537
129.875,-1.597832803,2.542620388,2.542620388,-1.094582592
129.9,-1.7270015,2.514702578,2.514702578,-1.139126386
129.925,-1.854971649,2.485649748,2.485649748,-1.185388722
129.95,-1.981398603,2.455418589,2.455418589,-1.233397498
129.975,-2.105937519,2.423965068,2.423965068,-1.283182997
130,-2.228244544,2.39124436,2.39124436,-1.334778175
130.025,-2.347978003,2.35721078,2.35721078,-1.388218939
130.05,-2.464799592,2.321817708,2.321817708,-1.443544422
130.075,-2.578375566,2.285017499,2.285017499,-1.500797234
130.1,-2.68837792,2.2467614,2.2467614,-1.560023702
130.125,-2.794485561,2.206999449,2.206999449,-1.621274075
130.15,-2.896385459,2.165680379,2.165680379,-1.684602701
130.175,-2.993773784,2.122751509,2.122751509,-1.750068145
130.2,-3.086357013,2.078158642,2.078158642,-1.817733268
130.225,-3.173853013,2.031845956,2.031845956,-1.887665214
130.25,-3.255992082,1.983755898,1.983755898,-1.959935315
130.275,-3.332517967,1.933829079,1.933829079,-2.034618877
130.3,-3.403188828,1.882004185,1.882004185,-2.111794836
130.325,-3.467778164,1.828217884,1.828217884,-2.191545216
130.35,-3.526075685,1.772404768,1.772404768,-2.273954408
130.375,-3.577888144,1.714497293,1.714497293,-2.359108164
130.4,-3.623040096,1.654425773,1.654425773,-2.447092286
130.425,-3.661374617,1.592118389,1.592118389,-2.537990967
130.45,-3.692753946,1.527501265,1.527501265,-2.631884622
130.475,-3.717060073,1.460498579,1.460498579,-2.72884729
130.5,-3.734195259,1.391032786,1.391032786,-2.82894326
130.525,-3.744082484,1.319024879,1.319024879,-2.932223143
130.55,-3.746665827,1.244394823,1.244394823,-3.038718902
130.575,-3.741910774,1.167062063,1.167062063,-3.148438082
130.6,-3.729804451,1.086946246,1.086946246,-3.261356722
130.625,-3.710355782,1.00396808,1.00396808,-3.377411298
130.65,-3.683595575,0.9180504725,0.9180504725,-3.496488898
130.675,-3.649576524,0.8291198676,0.8291198676,-3.618416391
130.7,-3.608373141,0.7371079298,0.7371079298,-3.742947618
130.725,-3.560081608,0.6419535371,0.6419535371,-3.8697493
130.75,-3.504819556,0.5436051458,0.5436051458,-3.998385426
130.775,-3.442725761,0.4420235719,0.4420235719,-4.128300349
130.8,-3.373959772,0.3371852036,0.3371852036,-4.258801052
130.825,-3.298701459,0.2290856592,0.2290856592,-4.389039175
130.85,-3.217150493,0.1177438892,0.1177438892,-4.51799366
130.875,-3.129525753,0.003206694373,0.003206694373,-4.644455232
130.9,-3.036064659,-0.114446409,-0.114446409,-4.767014268
130.925,-2.937022449,-0.2350980825,-0.2350980825,-4.884053985
130.95,-2.832671377,-0.3585879757,-0.3585879757,-4.993751183
130.975,-2.723299861,-0.4847076791,-0.4847076791,-5.094087043
131,-2.609211568,-0.6131960963,-0.6131960963,-5.182870521
131.025,-2.490724437,-0.7437355837,-0.7437355837,-5.257776689
131.05,-2.368169661,-0.875949257,-0.875949257,-5.316401756
131.075,-2.241890607,-1.009399888,-1.009399888,-5.356335573
131.1,-2.112241702,-1.14359083,-1.14359083,-5.375250854
131.125,-1.979587272,-1.277969351,-1.277969351,-5.371006454
131.15,-1.844300342,-1.411932686,-1.411932686,-5.34175989
131.175,-1.706761406,-1.544836939,-1.544836939,-5.286082014
131.2,-1.567357171,-1.676008789,-1.676008789,-5.203064917
131.225,-1.426479267,-1.804759706,-1.804759706,-5.092413004
131.25,-1.28452295,-1.930402127,-1.930402127,-4.954507319
131.275,-1.14188578,-2.052266818,-2.052266818,-4.790434542
131.3,-0.9989662927,-2.169720452,-2.169720452,-4.601974975
131.325,-0.8561626675,-2.282182352,-2.282182352,-4.391547855
131.35,-0.7138713911,-2.389139362,-2.389139362,-4.162116808
131.375,-0.5724859281,-2.490157925,-2.490157925,-3.917062688
131.4,-0.432395399,-2.584892683,-2.584892683,-3.6600345
131.425,-0.2939832732,-2.673091204,-2.673091204,-3.394791151
131.45,-0.15762608,-2.754594786,-2.754594786,-3.125047138
131.475,-0.02369214247,-2.829335565,-2.829335565,-2.85433353
131.5,0.1074596597,-2.897330432,-2.897330432,-2.585883283
131.525,0.235481096,-2.958672461,-2.958672461,-2.322546202
131.55,0.3600357533,-3.013520589,-3.013520589,-2.066735377
131.575,0.4808001637,-3.062088351,-3.062088351,-1.820403753
131.6,0.5974648862,-3.104632357,-3.104632357,-1.585047118
131.625,0.7097355399,-3.141441132,-3.141441132,-1.361728286
131.65,0.8173337839,-3.17282476,-3.17282476,-1.151116653
131.675,0.9199982407,-3.199105649,-3.199105649,-0.9535374529
131.7,1.017485359,-3.220610593,-3.220610593,-0.76902566
131.725,1.109570215,-3.237664204,-3.237664204,-0.597380452
131.75,1.196047244,-3.250583669,-3.250583669,-0.4382171387
131.775,1.276730907,-3.259674759,-3.259674759,-0.291014487
131.8,1.351456285,-3.265228947,-3.265228947,-0.1551562708
131.825,1.420079598,-3.267521485,-3.267521485,-0.02996651322
131.85,1.482478649,-3.266810289,-3.266810289,0.08526154154
131.875,1.538553191,-3.263335465,-3.263335465,0.1912423536
131.9,1.588225221,-3.257319355,-3.257319355,0.2886803214
131.925,1.631439181,-3.248966954,-3.248966954,0.3782566245
131.95,1.668162095,-3.238466621,-3.238466621,0.4606199505
131.975,1.698383611,-3.225990969,-3.225990969,0.5363804061
132,1.722115973,-3.211697879,-3.211697879,0.6061059742
132.025,1.739393903,-3.195731579,-3.195731579,0.6703209532
132.05,1.750274411,-3.178223737,-3.178223737,0.7295058937
132.075,1.754836515,-3.159294542,-3.159294542,0.7840986405
132.1,1.753180895,-3.139053754,-3.139053754,0.8344961431
132.125,1.745429458,-3.117601698,-3.117601698,0.8810567873
132.15,1.731724831,-3.095030192,-3.095030192,0.9241030373
132.175,1.712229786,-3.071423413,-3.071423413,0.9639242367
132.2,1.687126579,-3.046858689,-3.046858689,1.000779459
132.225,1.656616239,-3.02140722,-3.02140722,1.034900314
132.25,1.62091777,-2.99513473,-2.99513473,1.066493669
132.275,1.580267304,-2.968102054,-2.968102054,1.095744221
132.3,1.534917186,-2.940365663,-2.940365663,1.122816929
132.325,1.485135005,-2.911978123,-2.911978123,1.147859264
132.35,1.431202569,-2.882988515,-2.882988515,1.171003293
132.375,1.373414829,-2.853442787,-2.853442787,1.192367586
132.4,1.312078763,-2.823384074,-2.823384074,1.212058962
132.425,1.247512212,-2.792852972,-2.792852972,1.230174076
132.45,1.180042681,-2.761887771,-2.761887771,1.246800854
132.475,1.110006107,-2.730524659,-2.730524659,1.262019795
132.5,1.0377456,-2.698797893,-2.698797893,1.275905147
132.525,0.9636101556,-2.666739939,-2.666739939,1.288525964
132.55,0.8879533555,-2.634381591,-2.634381591,1.299947061
132.575,0.8111320479,-2.60175207,-2.60175207,1.310229867
132.6,0.7335050222,-2.568879093,-2.568879093,1.319433204
132.625,0.6554316775,-2.535788931,-2.535788931,1.327613964
132.65,0.5772706935,-2.502506453,-2.502506453,1.334827741
132.675,0.4993787052,-2.469055146,-2.469055146,1.34112938
132.7,0.4221089897,-2.43545713,-2.43545713,1.346573469
132.725,0.3458101673,-2.401733162,-2.401733162,1.351214782
132.75,0.2708249235,-2.36790262,-2.36790262,1.355108669
132.775,0.1974887555,-2.333983488,-2.333983488,1.358311394
132.8,0.1261287484,-2.299992331,-2.299992331,1.360880447
132.825,0.05706238587,-2.265944256,-2.265944256,1.362874792
132.85,-0.009403601169,-2.231852876,-2.231852876,1.364355098
132.875,-0.07297434283,-2.197730264,-2.197730264,1.365383923
132.9,-0.1333678918,-2.163586905,-2.163586905,1.366025874
132.925,-0.1903162338,-2.129431638,-2.129431638,1.366347718
132.95,-0.2435662444,-2.095271611,-2.095271611,1.366418489
132.975,-0.2928805867,-2.061112213,-2.061112213,1.36630953
133,-0.3380385487,-2.026957018,-2.026957018,1.366094547
133.025,-0.378836816,-1.992807735,-1.992807735,1.365849605
133.05,-0.4150901772,-1.958664137,-1.958664137,1.365653112
133.075,-0.44663216,-1.924524004,-1.924524004,1.365585762
133.1,-0.4733155951,-1.89038308,-1.89038308,1.365730493
133.125,-0.4950131062,-1.856235004,-1.856235004,1.366172374
133.15,-0.5116175242,-1.82207126,-1.82207126,1.36699849
133.175,-0.5230422247,-1.787881136,-1.787881136,1.368297829
133.2,-0.5292213862,-1.75365167,-1.75365167,1.370161107
133.225,-0.5301101704,-1.719367612,-1.719367612,1.372680597
133.25,-0.525684822,-1.685011391,-1.685011391,1.375949964
133.275,-0.5159426887,-1.650563076,-1.650563076,1.38006402
133.3,-0.5009021613,-1.616000353,-1.616000353,1.385118539
133.325,-0.4806025344,-1.581298508,-1.581298508,1.391210002
133.35,-0.4551037883,-1.546430404,-1.546430404,1.398435354
133.375,-0.4244862926,-1.511366481,-1.511366481,1.406891751
133.4,-0.3888504333,-1.476074749,-1.476074749,1.416676272
133.425,-0.348316165,-1.440520793,-1.440520793,1.427885659
133.45,-0.3030224895,-1.404667791,-1.404667791,1.440615994
133.475,-0.2531268633,-1.368476526,-1.368476526,1.454962419
133.5,-0.1988045366,-1.33190542,-1.33190542,1.471018789
133.525,-0.1402478254,-1.294910567,-1.294910567,1.488877361
133.55,-0.07766532079,-1.257445781,-1.257445781,1.508628409
133.575,-0.01128103836,-1.219462642,-1.219462642,1.530359879
133.6,0.05866649,-1.180910573,-1.180910573,1.554156952
133.625,0.131925177,-1.141736897,-1.141736897,1.580101646
133.65,0.2082303906,-1.10188694,-1.10188694,1.608272301
133.675,0.2873060101,-1.061304113,-1.061304113,1.638743099
133.7,0.3688655238,-1.019930037,-1.019930037,1.67158345
133.725,0.4526131636,-0.9777046586,-0.9777046586,1.706857378
133.75,0.5382450727,-0.9345664037,-0.9345664037,1.744622769
133.775,0.6254505016,-0.8904523313,-0.8904523313,1.784930569
133.8,0.713913027,-0.8452983271,-0.8452983271,1.827823842
133.825,0.8033117904,-0.7990393064,-0.7990393064,1.87333671
133.85,0.8933227505,-0.7516094588,-0.7516094588,1.921493143
133.875,0.9836199449,-0.702942512,-0.702942512,1.972305585
133.9,1.073876756,-0.6529720479,-0.6529720479,2.025773366
133.925,1.163767177,-0.6016318406,-0.6016318406,2.081880957
133.95,1.252967071,-0.5488562667,-0.5488562667,2.140595899
133.975,1.341155425,-0.4945807421,-0.4945807421,2.2018666
134,1.428015577,-0.4387422423,-0.4387422423,2.26561974
134.025,1.513236443,-0.381279876,-0.381279876,2.331757488
134.05,1.596513697,-0.3221355333,-0.3221355333,2.400154401
134.075,1.67755094,-0.2612546233,-0.2612546233,2.470654025
134.1,1.756060827,-0.1985868909,-0.1985868909,2.543065274
134.125,1.831766158,-0.1340873309,-0.1340873309,2.617158572
134.15,1.904400928,-0.06771719995,-0.06771719995,2.69266183
134.175,1.973711331,0.0005548685791,0.0005548685791,2.769256358
134.2,2.039456713,0.07075164915,0.07075164915,2.846572813
134.225,2.101410473,0.1428860093,0.1428860093,2.924187354
134.25,2.15936091,0.2169595028,0.2169595028,3.001618192
134.275,2.213112004,0.2929608842,0.2929608842,3.078322777
134.3,2.262484142,0.3708645639,0.3708645639,3.153695912
134.325,2.307314768,0.4506290312,0.4506290312,3.227069121
134.35,2.347458981,0.5321952812,0.5321952812,3.297711642
134.375,2.382790045,0.6154852895,0.6154852895,3.364833419
134.4,2.413199841,0.7004005922,0.7004005922,3.427590502
134.425,2.43859924,0.7868210367,0.7868210367,3.485093174
134.45,2.458918399,0.8746037683,0.8746037683,3.536417243
134.475,2.474106985,0.9635825432,0.9635825432,3.580618494
134.5,2.484134322,1.053567445,1.053567445,3.616750564
134.525,2.488989458,1.144345087,1.144345087,3.643885975
134.55,2.48868116,1.23567938,1.23567938,3.661140046
134.575,2.483237822,1.32731292,1.32731292,3.667696969
134.6,2.472707313,1.418969055,1.418969055,3.662837179
134.625,2.457156729,1.510354633,1.510354633,3.645964831
134.65,2.436672088,1.601163427,1.601163427,3.616633982
134.675,2.411357939,1.691080185,1.691080185,3.574571945
134.7,2.381336909,1.779785203,1.779785203,3.519698256
134.725,2.34674917,1.866959315,1.866959315,3.452137791
134.75,2.307751846,1.952289114,1.952289114,3.372226844
134.775,2.264518354,2.03547223,2.03547223,3.280511328
134.8,2.217237677,2.116222471,2.116222471,3.177736801
134.825,2.166113583,2.194274596,2.194274596,3.064830528
134.85,2.111363782,2.269388563,2.269388563,2.942876389
134.875,2.053219039,2.341353071,2.341353071,2.813083949
134.9,1.991922225,2.40998826,2.40998826,2.676753345
134.925,1.927727333,2.475147526,2.475147526,2.535237969
134.95,1.860898445,2.536718369,2.536718369,2.389907089
134.975,1.791708666,2.594622344,2.594622344,2.242109995
135,1.720439019,2.648814147,2.648814147,2.093143659
135.025,1.647377319,2.699279953,2.699279953,1.944225043
135.05,1.572817013,2.74603512,2.74603512,1.796468931
135.075,1.497056007,2.789121426,2.789121426,1.650871705
135.1,1.420395473,2.828603964,2.828603964,1.508301073
135.125,1.34313865,2.864567858,2.864567858,1.369491393
135.15,1.265589633,2.897114922,2.897114922,1.235043977
135.175,1.188052166,2.926360383,2.926360383,1.105431584
135.2,1.110828436,2.952429757,2.952429757,0.981006217
135.225,1.034217874,2.975455958,2.975455958,0.8620093351
135.25,0.9585159742,2.995576675,2.995576675,0.7485836549
135.275,0.8840131242,3.01293206,3.01293206,0.6407857598
135.3,0.810993462,3.027662738,3.027662738,0.5385989114
135.325,0.7397337579,3.039908131,3.039908131,0.4419455544
135.35,0.6705023278,3.049805084,3.049805084,0.3506991262
135.375,0.603557982,3.057486781,3.057486781,0.2646949186
135.4,0.5391490131,3.063081912,3.063081912,0.1837398222
135.425,0.477512228,3.066714077,3.066714077,0.1076208828
135.45,0.4188720259,3.06850138,3.06850138,0.03611265567
135.475,0.3634395284,3.068556201,3.068556201,-0.03101660525
135.5,0.3114117625,3.066985099,3.066985099,-0.09399984812
135.525,0.2629709021,3.06388884,3.06388884,-0.1530671202
135.55,0.218283569,3.059362508,3.059362508,-0.2084423541
135.575,0.1775001968,3.053495692,3.053495692,-0.2603409331
135.6,0.1407544607,3.046372721,3.046372721,-0.3089679241
135.625,0.1081627749,3.038072942,3.038072942,-0.3545168788
135.65,0.07982385884,3.028671013,3.028671013,-0.3971691022
135.675,0.05581837554,3.018237217,3.018237217,-0.437093308
135.7,0.03620864177,3.006837777,3.006837777,-0.4744455806
135.725,0.02103841222,2.99453517,2.99453517,-0.5093695802
135.75,0.01033273793,2.981388434,2.981388434,-0.5419969358
135.775,0.004097899696,2.967453458,2.967453458,-0.5724477764
135.8,0.002321416497,2.952783269,2.952783269,-0.6008313623
135.825,0.004972128964,2.937428289,2.937428289,-0.6272467852
135.85,0.01200035741,2.921436582,2.921436582,-0.6517837105
135.875,0.02333813379,2.90485408,2.90485408,-0.6745231408
135.9,0.03889950652,2.887724792,2.887724792,-0.6955381855
135.925,0.05858091702,2.870090989,2.870090989,-0.7148948233
135.95,0.08226164625,2.851993373,2.851993373,-0.7326526487
135.975,0.1098043296,2.833471229,2.833471229,-0.7488655955
136,0.1410555376,2.814562558,2.814562558,-0.7635826335
136.025,0.1758464213,2.79530419,2.79530419,-0.7768484334
136.05,0.2139934174,2.775731887,2.775731887,-0.7887040003
136.075,0.2552990131,2.755880425,2.755880425,-0.7991872723
136.1,0.2995525653,2.735783664,2.735783664,-0.808333687
136.125,0.3465311719,2.715474602,2.715474602,-0.8161767125
136.15,0.3960005921,2.694985423,2.694985423,-0.8227483474
136.175,0.4477162104,2.674347521,2.674347521,-0.8280795869
136.2,0.5014240419,2.653591526,2.653591526,-0.8322008596
136.225,0.5568617753,2.632747309,2.632747309,-0.8351424328
136.25,0.6137598465,2.611843982,2.611843982,-0.8369347869
136.275,0.671842543,2.590909888,2.590909888,-0.8376089637
136.3,0.7308291299,2.569972586,2.569972586,-0.8371968868
136.325,0.7904349969,2.549058821,2.549058821,-0.8357316545
136.35,0.8503728194,2.528194492,2.528194492,-0.8332478025
136.375,0.9103537299,2.507404618,2.507404618,-0.8297815449
136.4,0.9700884946,2.486713285,2.486713285,-0.8253709901
136.425,1.029288692,2.466143603,2.466143603,-0.8200563224
136.45,1.087667884,2.44571765,2.44571765,-0.8138799662
136.475,1.144942786,2.425456413,2.425456413,-0.8068867238
136.5,1.200834413,2.405379728,2.405379728,-0.7991238757
136.525,1.255069217,2.385506218,2.385506218,-0.7906412738
136.55,1.307380198,2.365853226,2.365853226,-0.7814913864
136.575,1.357507987,2.346436751,2.346436751,-0.7717293369
136.6,1.405201903,2.327271379,2.327271379,-0.7614128954
136.625,1.450220967,2.308370224,2.308370224,-0.7506024663
136.65,1.492334884,2.289744849,2.289744849,-0.7393610194
136.675,1.531324976,2.271405219,2.271405219,-0.7277540301
136.7,1.566985071,2.25335963,2.25335963,-0.7158493613
136.725,1.599122341,2.235614648,2.235614648,-0.703717121
136.75,1.627558088,2.218175068,2.218175068,-0.6914295384
136.775,1.652128463,2.201043849,2.201043849,-0.6790607528
136.8,1.672685143,2.184222075,2.184222075,-0.6666865951
136.825,1.689095924,2.167708919,2.167708919,-0.6543844089
136.85,1.70124527,2.151501601,2.151501601,-0.6422327531
136.875,1.709034775,2.135595364,2.135595364,-0.6303111321
136.9,1.712383574,2.119983458,2.119983458,-0.6186997618
136.925,1.711228668,2.104657119,2.104657119,-0.6074791995
136.95,1.705525188,2.08960557,2.08960557,-0.5967300452
136.975,1.695246578,2.074816019,2.074816019,-0.5865326631
137,1.680384711,2.060273674,2.060273674,-0.5769667775
137.025,1.660949926,2.04596176,2.04596176,-0.5681111795
137.05,1.63697099,2.03186155,2.03186155,-0.5600433691
137.075,1.60849499,2.017952395,2.017952395,-0.5528392107
137.1,1.57558715,2.004211775,2.004211775,-0.5465726144
137.125,1.538330568,1.990615353,1.990615353,-0.5413151843
137.15,1.496825892,1.977137031,1.977137031,-0.5371359276
137.175,1.451190917,1.963749021,1.963749021,-0.5341009269
137.2,1.401560117,1.950421924,1.950421924,-0.5322730769
137.225,1.348084105,1.937124811,1.937124811,-0.5317117986
137.25,1.290929033,1.923825314,1.923825314,-0.5324728148
137.275,1.230275926,1.910489718,1.910489718,-0.5346079163
137.3,1.16631996,1.897083069,1.897083069,-0.5381647855
137.325,1.099269673,1.883569268,1.883569268,-0.5431868237
137.35,1.029346135,1.869911191,1.869911191,-0.5497130309
137.375,0.9567820561,1.856070793,1.856070793,-0.5577778982
137.4,0.8818208551,1.842009224,1.842009224,-0.5674113501
137.425,0.8047156785,1.827686942,1.827686942,-0.5786387036
137.45,0.7257283846,1.813063832,1.813063832,-0.5914806743
137.475,0.6451284892,1.798099318,1.798099318,-0.6059534024
137.5,0.5631920817,1.782752473,1.782752473,-0.6220685157
137.525,0.480200713,1.766982144,1.766982144,-0.6398332283
137.55,0.3964402616,1.75074704,1.75074704,-0.6592504408
137.575,0.3121997816,1.734005858,1.734005858,-0.6803189079
137.6,0.227770337,1.716717378,1.716717378,-0.7030333957
137.625,0.1434438283,1.698840547,1.698840547,-0.7273848455
137.65,0.05951181362,1.680334598,1.680334598,-0.7533606173
137.675,-0.02373566784,1.661159114,1.661159114,-0.7809446687
137.7,-0.1060112678,1.641274121,1.641274121,-0.8101177931
137.725,-0.1870314904,1.620640166,1.620640166,-0.8408578522
137.75,-0.2665178385,1.599218377,1.599218377,-0.8731399843
137.775,-0.3441979409,1.576970543,1.576970543,-0.9069368564
137.8,-0.4198066554,1.553859158,1.553859158,-0.9422188528
137.825,-0.4930871429,1.529847488,1.529847488,-0.9789543009
137.85,-0.5637919089,1.50489961,1.50489961,-1.017109644
137.875,-0.6316838083,1.478980467,1.478980467,-1.056649614
137.9,-0.696537008,1.452055898,1.452055898,-1.097537366
137.925,-0.7581379059,1.424092685,1.424092685,-1.139734589
137.95,-0.8162859994,1.395058587,1.395058587,-1.183201578
137.975,-0.8707947029,1.364922367,1.364922367,-1.22789727
138,-0.9214921089,1.333653837,1.333653837,-1.273779225
138.025,-0.9682216906,1.301223885,1.301223885,-1.320803575
138.05,-1.010842943,1.267604516,1.267604516,-1.368924906
138.075,-1.049231958,1.232768892,1.232768892,-1.418096071
138.1,-1.083281935,1.196691372,1.196691372,-1.468267996
138.125,-1.112903625,1.159347578,1.159347578,-1.519389318
138.15,-1.138025693,1.120714445,1.120714445,-1.571406036
138.175,-1.158595025,1.080770289,1.080770289,-1.624261107
138.2,-1.174576945,1.039494908,1.039494908,-1.677893803
138.225,-1.18595537,0.9968696591,0.9968696591,-1.732239199
138.25,-1.192732882,0.9528775887,0.9528775887,-1.787227423
138.275,-1.194930727,0.9075035602,0.9075035602,-1.84278284
138.3,-1.192588741,0.8607344021,0.8607344021,-1.898823243
138.325,-1.185765194,0.8125591029,0.8125591029,-1.955258768
138.35,-1.174536566,0.7629689889,0.7629689889,-2.01199097
138.375,-1.158997245,0.7119579814,0.7119579814,-2.068911556
138.4,-1.139259151,0.6595228318,0.6595228318,-2.125901277
138.425,-1.115451293,0.605663434,0.605663434,-2.182828578
138.45,-1.08771925,0.5503831282,0.5503831282,-2.239548352
138.475,-1.056224588,0.493689075,0.493689075,-2.295900549
138.5,-1.021144214,0.4355926284,0.4355926284,-2.351708904
138.525,-0.9826696566,0.376109771,0.376109771,-2.406779624
138.55,-0.9410062975,0.3152615598,0.3152615598,-2.460900219
138.575,-0.8963725393,0.2530746074,0.2530746074,-2.513838456
138.6,-0.8489989205,0.1895815906,0.1895815906,-2.565341508
138.625,-0.7991271799,0.1248217694,0.1248217694,-2.615135394
138.65,-0.7470092737,0.05884151968,0.05884151968,-2.66292475
138.675,-0.6929063498,-0.008305131836,-0.008305131836,-2.708393046
138.7,-0.6370876825,-0.07655598791,-0.07655598791,-2.751203322
138.725,-0.5798295728,-0.1458401855,-0.1458401855,-2.790999529
138.75,-0.5214142177,-0.2160777419,-0.2160777419,-2.827408583
138.775,-0.4621285532,-0.2871791636,-0.2871791636,-2.860043184
138.8,-0.4022630766,-0.3590451341,-0.3590451341,-2.888505513
138.825,-0.3421106516,-0.4315663058,-0.4315663058,-2.912391781
138.85,-0.2819653004,-0.5046232185,-0.5046232185,-2.931297712
138.875,-0.2221209905,-0.578086365,-0.578086365,-2.944824943
138.9,-0.1628704173,-0.6518164268,-0.6518164268,-2.952588221
138.925,-0.1045037901,-0.7256647,-0.7256647,-2.954223342
138.95,-0.04730762535,-0.7994737267,-0.7994737267,-2.94939565
138.975,0.008436448136,-0.8730781439,-0.8730781439,-2.93780888
139,0.06245286673,-0.9463057548,-0.9463057548,-2.919214075
139.025,0.1144732879,-1.018978821,-1.018978821,-2.893418262
139.05,0.1642377198,-1.090915565,-1.090915565,-2.860292542
139.075,0.2114956195,-1.161931863,-1.161931863,-2.819779222
139.1,0.2560069564,-1.231843101,-1.231843101,-2.771897651
139.125,0.2975432351,-1.300466159,-1.300466159,-2.716748404
139.15,0.3358884749,-1.367621469,-1.367621469,-2.654515541
139.175,0.3708401413,-1.433135114,-1.433135114,-2.585466734
139.2,0.4022100254,-1.496840894,-1.496840894,-2.509951139
139.225,0.4298250681,-1.558582313,-1.558582313,-2.428395006
139.25,0.4535281256,-1.618214429,-1.618214429,-2.341295116
139.275,0.4731786726,-1.675605513,-1.675605513,-2.249210269
139.3,0.488653441,-1.730638479,-1.730638479,-2.152751114
139.325,0.4998469906,-1.783212034,-1.783212034,-2.052568737
139.35,0.5066722096,-1.833241544,-1.833241544,-1.949342382
139.375,0.5090607437,-1.880659575,-1.880659575,-1.843766804
139.4,0.5069633498,-1.925416127,-1.925416127,-1.736539955
139.425,0.5003501755,-1.967478559,-1.967478559,-1.628350723
139.45,0.4892109604,-2.006831227,-2.006831227,-1.519868206
139.475,0.4735551601,-2.043474864,-2.043474864,-1.411731794
139.5,0.4534119915,-2.077425725,-2.077425725,-1.304542851
139.525,0.4288303988,-2.108714554,-2.108714554,-1.198858062
139.55,0.3998789408,-2.137385402,-2.137385402,-1.095184364
139.575,0.3666455994,-2.163494329,-2.163494329,-0.9939755394
139.6,0.3292375094,-2.187108058,-2.187108058,-0.8956303723
139.625,0.2877806113,-2.208302588,-2.208302588,-0.8004922043
139.65,0.2424192283,-2.227161814,-2.227161814,-0.7088497168
139.675,0.1933155676,-2.243776184,-2.243776184,-0.6209387657
139.7,0.1406491498,-2.258241408,-2.258241408,-0.5369450278
139.725,0.0846161669,-2.270657247,-2.270657247,-0.457007255
139.75,0.025428772,-2.281126379,-2.281126379,-0.3812210078
139.775,-0.03668569682,-2.289753373,-2.289753373,-0.309642592
139.8,-0.1014855555,-2.296643758,-2.296643758,-0.2422931188
139.825,-0.1687156731,-2.301903193,-2.301903193,-0.1791625532
139.85,-0.2381084267,-2.305636739,-2.305636739,-0.12021363
139.875,-0.3093847095,-2.307948221,-2.307948221,-0.06538556498
139.9,-0.382254988,-2.308939689,-2.308939689,-0.01459751316
139.925,-0.4564204036,-2.308710953,-2.308710953,0.03224826632
139.95,-0.5315739149,-2.307359199,-2.307359199,0.07526355926
139.975,-0.6074014766,-2.304978671,-2.304978671,0.1145716656
140,-0.68358325,-2.301660406,-2.301660406,0.1503051822
140.025,-0.7597948404,-2.297492035,-2.297492035,0.1826040877
140.05,-0.8357085569,-2.292557611,-2.292557611,0.2116141094
140.075,-0.9109946893,-2.286937487,-2.286937487,0.2374853496
140.1,-0.9853227977,-2.280708222,-2.280708222,0.2603711463
140.125,-1.058363009,-2.273942512,-2.273942512,0.2804271397
140.15,-1.129787318,-2.266709137,-2.266709137,0.2978105205
140.175,-1.19927088,-2.25907294,-2.25907294,0.3126794313
140.2,-1.266493301,-2.251094798,-2.251094798,0.3251924989
140.225,-1.331139917,-2.242831624,-2.242831624,0.3355084725
140.25,-1.392903044,-2.234336362,-2.234336362,0.343785947
140.275,-1.451483219,-2.225657995,-2.225657995,0.3501831533
140.3,-1.506590405,-2.216841559,-2.216841559,0.3548577967
140.325,-1.557945162,-2.207928151,-2.207928151,0.3579669311
140.35,-1.605279789,-2.198954955,-2.198954955,0.3596668535
140.375,-1.648339416,-2.189955256,-2.189955256,0.3601130068
140.4,-1.686883053,-2.180958465,-2.180958465,0.3594598885
140.425,-1.720684591,-2.171990143,-2.171990143,0.357860946
140.45,-1.749533742,-2.16307203,-2.16307203,0.3554684658
140.475,-1.77323693,-2.154222074,-2.154222074,0.3524334405
140.5,-1.791618111,-2.145454466,-2.145454466,0.3489054187
140.525,-1.804519535,-2.136779678,-2.136779678,0.3450323307
140.55,-1.811802434,-2.128204507,-2.128204507,0.3409602929
140.575,-1.813347645,-2.11973212,-2.11973212,0.3368333866
140.6,-1.809056154,-2.111362112,-2.111362112,0.3327934205
140.625,-1.798849566,-2.103090563,-2.103090563,0.3289796639
140.65,-1.782670498,-2.094910106,-2.094910106,0.3255285771
140.675,-1.760482894,-2.08681,-2.08681,0.3225735104
140.7,-1.73227225,-2.078776213,-2.078776213,0.3202444122
140.725,-1.698045769,-2.07079151,-2.07079151,0.318667514
140.75,-1.657832429,-2.062835549,-2.062835549,0.317965029
140.775,-1.611682958,-2.054884988,-2.054884988,0.3182548449
140.8,-1.559669744,-2.046913593,-2.046913593,0.3196502307
140.825,-1.501886644,-2.038892359,-2.038892359,0.3222595586
140.85,-1.438448723,-2.030789637,-2.030789637,0.3261860386
140.875,-1.369491904,-2.022571264,-2.022571264,0.3315274902
140.9,-1.295172539,-2.014200701,-2.014200701,0.3383761258
140.925,-1.215666905,-2.005639176,-2.005639176,0.3468183873
140.95,-1.131170616,-1.996845829,-1.996845829,0.3569348003
140.975,-1.041897963,-1.987777862,-1.987777862,0.3687998882
141,-0.9480811863,-1.97839069,-1.97839069,0.382482111
141.025,-0.8499696674,-1.968638091,-1.968638091,0.3980438695
141.05,-0.7478290625,-1.958472362,-1.958472362,0.4155415402
141.075,-0.6419403681,-1.94784446,-1.94784446,0.4350255651
141.1,-0.5325989275,-1.936704157,-1.936704157,0.4565405987
141.125,-0.4201133809,-1.925000178,-1.925000178,0.4801256808
141.15,-0.3048045621,-1.912680341,-1.912680341,0.5058144844
141.175,-0.1870043477,-1.899691684,-1.899691684,0.5336355749
141.2,-0.06705446148,-1.885980593,-1.885980593,0.563612744
141.225,0.05469475998,-1.871492917,-1.871492917,0.5957653502
141.25,0.1778856369,-1.856174068,-1.856174068,0.6301087165
141.275,0.3021544455,-1.839969126,-1.839969126,0.6666545424
141.3,0.4271327426,-1.822822916,-1.822822916,0.705411341
141.325,0.552448709,-1.804680086,-1.804680086,0.7463849025
141.35,0.6777285087,-1.785485168,-1.785485168,0.7895787499
141.375,0.8025976568,-1.765182631,-1.765182631,0.8349946218
141.4,0.9266823914,-1.743716916,-1.743716916,0.8826329317
141.425,1.049611045,-1.721032468,-1.721032468,0.9324932275
141.45,1.171015407,-1.697073746,-1.697073746,0.9845746325
141.475,1.290532081,-1.671785234,-1.671785234,1.038876249
141.5,1.407803813,-1.645111436,-1.645111436,1.095397543
141.525,1.522480812,-1.616996859,-1.616996859,1.154138661
141.55,1.63422203,-1.587385996,-1.587385996,1.215100712
141.575,1.742696418,-1.556223297,-1.556223297,1.278285965
141.6,1.847584142,-1.523453141,-1.523453141,1.343697972
141.625,1.948577755,-1.489019802,-1.489019802,1.411341597
141.65,2.045383325,-1.452867414,-1.452867414,1.481222934
141.675,2.137721512,-1.414939948,-1.414939948,1.55334909
141.7,2.225328587,-1.375181188,-1.375181188,1.627727831
141.725,2.307957391,-1.33353472,-1.33353472,1.704367036
141.75,2.385378238,-1.289943938,-1.289943938,1.78327399
141.775,2.45737974,-1.244352074,-1.244352074,1.864454382
141.8,2.523769571,-1.196702247,-1.196702247,1.947911168
141.825,2.584375155,-1.146937557,-1.146937557,2.033642918
141.85,2.639044274,-1.095001202,-1.095001202,2.121642168
141.875,2.687645604,-1.040836683,-1.040836683,2.211892936
141.9,2.730069168,-0.9843880131,-0.9843880131,2.304368331
141.925,2.766226703,-0.9256000659,-0.9256000659,2.399027173
141.95,2.796051948,-0.8644189443,-0.8644189443,2.495810546
141.975,2.819500847,-0.800792502,-0.800792502,2.594637383
142,2.836551659,-0.734670937,-0.734670937,2.695399775
142.025,2.847204989,-0.6660075416,-0.6660075416,2.797957366
142.05,2.851483731,-0.5947595876,-0.5947595876,2.902131248
142.075,2.84943292,-0.520889365,-0.520889365,3.007697174
142.1,2.841119501,-0.4443654197,-0.4443654197,3.114378062
142.125,2.826632013,-0.3651639664,-0.3651639664,3.221836075
142.15,2.806080188,-0.2832705103,-0.2832705103,3.329664253
142.175,2.779594468,-0.1986816842,-0.1986816842,3.437377956
142.2,2.747325438,-0.1114072966,-0.1114072966,3.544406429
142.225,2.709443183,-0.02147258466,-0.02147258466,3.650084884
142.25,2.666136569,0.07107934608,0.07107934608,3.753647604
142.275,2.617612453,0.166184929,0.166184929,3.854222713
142.3,2.56409481,0.2637574415,0.2637574415,3.950829375
142.325,2.505823811,0.3636842787,0.3636842787,4.042378273
142.35,2.443054823,0.465824291,0.465824291,4.12767633
142.375,2.376057355,0.5700053022,0.5700053022,4.205436614
142.4,2.30511395,0.67602195,0.67602195,4.274294382
142.425,2.230519018,0.7836340105,0.7836340105,4.332829945
142.45,2.152577635,0.8925653886,0.8925653886,4.379598869
142.475,2.071604283,1.002503953,1.002503953,4.41316954
142.5,1.987921571,1.113102397,1.113102397,4.432167567
142.525,1.901858907,1.223980288,1.223980288,4.435325775
142.55,1.813751158,1.334727408,1.334727408,4.421537844
142.575,1.723937273,1.444908464,1.444908464,4.389912869
142.6,1.632758906,1.554069128,1.554069128,4.339827491
142.625,1.540559012,1.661743322,1.661743322,4.270971834
142.65,1.447680453,1.767461526,1.767461526,4.183385408
142.675,1.354464591,1.870759824,1.870759824,4.077479474
142.7,1.261249896,1.97118931,1.97118931,3.954043112
142.725,1.16837056,2.068325424,2.068325424,3.814231407
142.75,1.076155133,2.161776765,2.161776765,3.659535625
142.775,0.9849251739,2.251192949,2.251192949,3.491736754
142.8,0.8949939384,2.33627112,2.33627112,3.312845305
142.825,0.8066650915,2.416760836,2.416760836,3.125031375
142.85,0.7202314643,2.492467122,2.492467122,2.930549821
142.875,0.6359738505,2.563251653,2.563251653,2.731665384
142.9,0.5541598534,2.629032106,2.629032106,2.530582514
142.925,0.4750427843,2.689779862,2.689779862,2.329383728
142.95,0.398860619,2.745516304,2.745516304,2.12997931
142.975,0.3258350156,2.796308018,2.796308018,1.934069938
143,0.256170399,2.84226122,2.84226122,1.743122643
143.025,0.1900531136,2.883515753,2.883515753,1.558359488
143.05,0.1276506504,2.920238937,2.920238937,1.380757534
143.075,0.06911094971,2.952619546,2.952619546,1.211058177
143.1,0.01456178367,2.980862108,2.980862108,1.049783663
143.125,-0.03588977925,3.00518169,3.00518169,0.8972586142
143.15,-0.08215782542,3.025799254,3.025799254,0.7536345066
143.175,-0.1241779606,3.042937657,3.042937657,0.6189153768
143.2,-0.1619075864,3.056818276,3.056818276,0.4929833387
143.225,-0.1953260872,3.067658274,3.067658274,0.3756228367
143.25,-0.2244349264,3.075668438,3.075668438,0.266542916
143.275,-0.2492576515,3.081051547,3.081051547,0.1653970544
143.3,-0.269839808,3.084001207,3.084001207,0.07180036373
143.325,-0.2862487612,3.084701073,3.084701073,-0.01465587899
143.35,-0.2985734274,3.083324412,3.083324412,-0.0943922535
143.375,-0.3069239147,3.080033934,3.080033934,-0.1678315791
143.4,-0.3114310746,3.074981826,3.074981826,-0.2353914124
143.425,-0.3122459662,3.068309966,3.068309966,-0.2974783898
143.45,-0.3095392337,3.060150245,3.060150245,-0.3544841429
143.475,-0.3035004015,3.050624982,3.050624982,-0.4067825278
143.5,-0.2943370871,3.039847388,3.039847388,-0.4547279272
143.525,-0.2822741358,3.02792207,3.02792207,-0.4986544128
143.55,-0.2675526808,3.014945539,3.014945539,-0.5388755804
143.575,-0.2504291308,3.001006718,3.001006718,-0.5756849009
143.6,-0.2311740899,2.986187437,2.986187437,-0.6093564498
143.625,-0.2100712137,2.970562908,2.970562908,-0.6401459086
143.65,-0.1874160054,2.954202168,2.954202168,-0.6682917493
143.675,-0.1635145565,2.937168492,2.937168492,-0.6940165273
143.7,-0.1386822378,2.91951978,2.91951978,-0.7175282311
143.725,-0.1132423443,2.901308896,2.901308896,-0.7390216429
143.75,-0.08752470003,2.88258399,2.88258399,-0.7586796794
143.775,-0.06186422802,2.863388768,2.863388768,-0.7766746881
143.8,-0.03659949069,2.843762753,2.843762753,-0.7931696826
143.825,-0.01207120656,2.823741492,2.823741492,-0.8083195052
143.85,0.01137925116,2.803356755,2.803356755,-0.8222719097
143.875,0.03341136816,2.782636693,2.782636693,-0.83516856
143.9,0.05368700898,2.761605986,2.761605986,-0.8471459447
143.925,0.07187193721,2.740285954,2.740285954,-0.8583362061
143.95,0.08763733018,2.718694663,2.718694663,-0.8688678868
143.975,0.1006612819,2.696847001,2.696847001,-0.8788665975
144,0.1106302887,2.674754747,2.674754747,-0.888455609
144.025,0.1172407108,2.652426622,2.652426622,-0.8977563704
144.05,0.1202002055,2.629868329,2.629868329,-0.9068889612
144.075,0.1192291241,2.607082583,2.607082583,-0.9159724847
144.1,0.1140618692,2.584069127,2.584069127,-0.925125398
144.125,0.1044482049,2.56082475,2.56082475,-0.9344657912
144.15,0.09015451595,2.537343292,2.537343292,-0.9441116263
144.175,0.07096500985,2.51361564,2.51361564,-0.9541809196
144.2,0.04668285716,2.489629732,2.489629732,-0.9647919033
144.225,0.01713126543,2.465370543,2.465370543,-0.9760631406
144.25,-0.01784551807,2.440820081,2.440820081,-0.9881136243
144.275,-0.05838127888,2.415957373,2.415957373,-1.001062846
144.3,-0.1045869873,2.390758449,2.390758449,-1.015030852
144.325,-0.1565500333,2.365196335,2.365196335,-1.03013829
144.35,-0.2143335483,2.339241029,2.339241029,-1.046506433
144.375,-0.2779758157,2.312859491,2.312859491,-1.064257228
144.4,-0.3474897751,2.286015624,2.286015624,-1.083513316
144.425,-0.4228626199,2.258670253,2.258670253,-1.10439808
144.45,-0.504055493,2.230781113,2.230781113,-1.127035698
144.475,-0.5910032803,2.20230282,2.20230282,-1.151551195
144.5,-0.6836145049,2.173186854,2.173186854,-1.178070544
144.525,-0.7817713217,2.143381536,2.143381536,-1.206720753
144.55,-0.8853296136,2.112831992,2.112831992,-1.237629995
144.575,-0.9941191906,2.081480132,2.081480132,-1.270927765
144.6,-1.107944089,2.049264608,2.049264608,-1.30674504
144.625,-1.226582972,2.016120779,2.016120779,-1.345214491
144.65,-1.349789634,1.981980662,1.981980662,-1.386470696
144.675,-1.477293597,1.946772882,1.946772882,-1.430650383
144.7,-1.608800811,1.910422621,1.910422621,-1.47789269
144.725,-1.743994444,1.872851545,1.872851545,-1.528339417
144.75,-1.882535772,1.833977741,1.833977741,-1.582135294
144.775,-2.024065152,1.79371564,1.79371564,-1.639428218
144.8,-2.168203084,1.751975929,1.751975929,-1.700369456
144.825,-2.314551358,1.708665475,1.708665475,-1.765113803
144.85,-2.462694281,1.663687228,1.663687228,-1.833819639
144.875,-2.612199978,1.616940132,1.616940132,-1.90664887
144.9,-2.762621762,1.568319047,1.568319047,-1.983766716
144.925,-2.913499578,1.517714658,1.517714658,-2.06534126
144.95,-3.064361503,1.465013426,1.465013426,-2.151542727
144.975,-3.214725299,1.410097536,1.410097536,-2.242542406
145,-3.364100028,1.352844897,1.352844897,-2.33851106
145.025,-3.511987703,1.293129172,1.293129172,-2.439616871
145.05,-3.657884982,1.230819885,1.230819885,-2.546022501
145.075,-3.801284894,1.165782599,1.165782599,-2.657881473
145.1,-3.941678598,1.097879198,1.097879198,-2.775333307
145.125,-4.078557155,1.026968324,1.026968324,-2.89849747
145.15,-4.211413325,0.9529059461,0.9529059461,-3.027465851
145.175,-4.339743361,0.8755461926,0.8755461926,-3.162293192
145.2,-4.463048814,0.7947423934,0.7947423934,-3.302985785
145.225,-4.580838331,0.710348472,0.710348472,-3.449487437
145.25,-4.692629442,0.6222207115,0.6222207115,-3.601662901
145.275,-4.797950329,0.530219961,0.530219961,-3.759278367
145.3,-4.896341571,0.434214379,0.434214379,-3.92197876
145.325,-4.987357861,0.3340827851,0.3340827851,-4.08926185
145.35,-5.070569682,0.2297186917,0.2297186917,-4.260449379
145.375,-5.145564948,0.1210350929,0.1210350929,-4.434655627
145.4,-5.211950586,0.007970063761,0.007970063761,-4.610754307
145.425,-5.269354074,-0.1095068098,-0.1095068098,-4.787345283
145.45,-5.317424908,-0.231387184,-0.231387184,-4.962723217
145.475,-5.355836015,-0.3576159848,-0.3576159848,-5.134851143
145.5,-5.384285083,-0.4880828715,-0.4880828715,-5.301342799
145.525,-5.402495823,-0.6226134197,-0.6226134197,-5.459458443
145.55,-5.410219146,-0.7609604232,-0.7609604232,-5.606119531
145.575,-5.40723426,-0.9027958561,-0.9027958561,-5.737947939
145.6,-5.393349666,-1.047704179,-1.047704179,-5.851335033
145.625,-5.368404075,-1.195177792,-1.195177792,-5.942544525
145.65,-5.332267216,-1.344615495,-1.344615495,-6.007850645
145.675,-5.28484055,-1.495324825,-1.495324825,-6.043709327
145.7,-5.22605788,-1.646529024,-1.646529024,-6.046955327
145.725,-5.155885853,-1.79737913,-1.79737913,-6.015012654
145.75,-5.074324353,-1.946971307,-1.946971307,-5.946100674
145.775,-4.981406793,-2.094369069,-2.094369069,-5.839414569
145.8,-4.877200284,-2.23862945,-2.23862945,-5.695257592
145.825,-4.761805702,-2.378831664,-2.378831664,-5.515105323
145.85,-4.635357634,-2.514106381,-2.514106381,-5.30158818
145.875,-4.49802422,-2.643663472,-2.643663472,-5.058388063
145.9,-4.350006876,-2.766816174,-2.766816174,-4.790055839
145.925,-4.191539908,-2.882999863,-2.882999863,-4.501766944
145.95,-4.022890012,-2.991784192,-2.991784192,-4.199040178
145.975,-3.84435567,-3.09287806,-3.09287806,-3.887448615
146,-3.656266436,-3.186127524,-3.186127524,-3.572350195
146.025,-3.458982111,-3.271507482,-3.271507482,-3.258660635
146.05,-3.252891827,-3.349108361,-3.349108361,-2.950683539
146.075,-3.03841302,-3.419119351,-3.419119351,-2.652003739
146.1,-2.81599031,-3.481809743,-3.481809743,-2.365441913
146.125,-2.586094294,-3.537509831,-3.537509831,-2.093062575
146.15,-2.34922024,-3.586592552,-3.586592552,-1.836223779
146.175,-2.105886701,-3.629456757,-3.629456757,-1.595655647
146.2,-1.856634056,-3.666512685,-3.666512685,-1.37155526
146.225,-1.602022962,-3.698169884,-3.698169884,-1.163687446
146.25,-1.342632745,-3.724827655,-3.724827655,-0.9714832868
146.275,-1.079059728,-3.746867856,-3.746867856,-0.7941306742
146.3,-0.811915493,-3.764649845,-3.764649845,-0.6306536482
146.325,-0.5418250954,-3.778507236,-3.778507236,-0.4799789659
146.35,-0.26942523,-3.788746173,-3.788746173,-0.3409898171
146.375,0.00463764505,-3.795644776,-3.795644776,-0.2125674787
146.4,0.2797092168,-3.799453508,-3.799453508,-0.0936222562
146.425,0.5551292554,-3.800396189,-3.800396189,0.01688470236
146.45,0.8302335731,-3.798671457,-3.798671457,0.1199270865
146.475,1.104355997,-3.794454516,-3.794454516,0.21640506
146.5,1.376830353,-3.787899029,-3.787899029,0.3071414805
146.525,1.646992445,-3.779139058,-3.779139058,0.3928815284
146.55,1.914182036,-3.768290989,-3.768290989,0.4742947729
146.575,2.17774481,-3.755455377,-3.755455377,0.5519788976
146.6,2.437034324,-3.740718682,-3.740718682,0.6264644748
146.625,2.691413923,-3.724154885,-3.724154885,0.698220327
146.65,2.940258633,-3.70582696,-3.70582696,0.7676591295
146.675,3.182957012,-3.685788207,-3.685788207,0.8351430135
146.7,3.418912956,-3.664083447,-3.664083447,0.9009889907
146.725,3.647547456,-3.640750088,-3.640750088,0.9654740993
146.75,3.868300297,-3.615819059,-3.615819059,1.028840192
146.775,4.080631694,-3.589315637,-3.589315637,1.091298346
146.8,4.284023866,-3.561260166,-3.561260166,1.153032866
146.825,4.477982531,-3.531668676,-3.531668676,1.214204908
146.85,4.662038325,-3.500553426,-3.500553426,1.274955714
146.875,4.835748143,-3.467923361,-3.467923361,1.335409506
146.9,4.998696383,-3.433784508,-3.433784508,1.395676047
146.925,5.150496114,-3.398140303,-3.398140303,1.455852905
146.95,5.290790134,-3.360991879,-3.360991879,1.516027453
146.975,5.419251944,-3.32233829,-3.32233829,1.576278617
147,5.535586609,-3.282176708,-3.282176708,1.636678418
147.025,5.639531526,-3.240502576,-3.240502576,1.697293313
147.05,5.730857079,-3.197309732,-3.197309732,1.758185367
147.075,5.80936719,-3.152590508,-3.152590508,1.819413277
147.1,5.874899759,-3.106335801,-3.106335801,1.881033245
147.125,5.927326993,-3.058535124,-3.058535124,1.943099744
147.15,5.966555629,-3.009176647,-3.009176647,2.005666158
147.175,5.992527038,-2.95824721,-2.95824721,2.068785328
147.2,6.005217224,-2.905732335,-2.905732335,2.132509995
147.225,6.00463671,-2.851616223,-2.851616223,2.196893142
147.25,5.990830311,-2.795881745,-2.795881745,2.261988254
147.275,5.963876803,-2.738510426,-2.738510426,2.327849483
147.3,5.923888485,-2.67948243,-2.67948243,2.394531695
147.325,5.871010629,-2.618776537,-2.618776537,2.462090431
147.35,5.805420837,-2.556370137,-2.556370137,2.530581748
147.375,5.727328287,-2.49223921,-2.49223921,2.600061901
147.4,5.636972895,-2.426358334,-2.426358334,2.670586926
147.425,5.534624371,-2.358700696,-2.358700696,2.742212006
147.45,5.420581195,-2.28923812,-2.28923812,2.81499066
147.475,5.295169499,-2.217941125,-2.217941125,2.888973731
147.5,5.158741875,-2.144779005,-2.144779005,2.964208043
147.525,5.011676098,-2.069719949,-2.069719949,3.040734872
147.55,4.85437379,-1.992731207,-1.992731207,3.118587917
147.575,4.687258999,-1.913779299,-1.913779299,3.197791069
147.6,4.510776733,-1.832830305,-1.832830305,3.278355496
147.625,4.325391432,-1.749850213,-1.749850213,3.360276504
147.65,4.131585384,-1.664805374,-1.664805374,3.44352949
147.675,3.929857104,-1.577663036,-1.577663036,3.528065669
147.7,3.720719676,-1.488392041,-1.488392041,3.613806661
147.725,3.50469905,-1.396963599,-1.396963599,3.700638851
147.75,3.282332333,-1.303352288,-1.303352288,3.788406478
147.775,3.054166037,-1.207537174,-1.207537174,3.876904397
147.8,2.820754334,-1.109503153,-1.109503153,3.965869808
147.825,2.582657289,-1.009242511,-1.009242511,4.054973408
147.85,2.3404391,-0.9067566851,-0.9067566851,4.143810086
147.875,2.09466634,-0.8020582934,-0.8020582934,4.231889158
147.9,1.845906209,-0.6951733931,-0.6951733931,4.318624703
147.925,1.594724811,-0.5861439763,-0.5861439763,4.40332632
147.95,1.341685444,-0.4750306867,-0.4750306867,4.485190896
147.975,1.087346925,-0.3619157258,-0.3619157258,4.563296101
148,0.8322619523,-0.2469058873,-0.2469058873,4.636596514
148.025,0.5769755055,-0.1301356464,-0.1301356464,4.703923381
148.05,0.3220232908,-0.01177019729,-0.01177019729,4.763989117
148.075,0.06793024139,0.1079916924,0.1079916924,4.815397732
148.1,-0.1847909289,0.2289151744,0.2289151744,4.856662302
148.125,-0.4356411088,0.3507273461,0.3507273461,4.886230413
148.15,-0.684136108,0.4731160227,0.4731160227,4.902518227
148.175,-0.9298079052,0.5957294671,0.5957294671,4.903953271
148.2,-1.172205823,0.7181772948,0.7181772948,4.889025349
148.225,-1.410897623,0.8400327403,0.8400327403,4.856344207
148.25,-1.645470524,0.9608364245,0.9608364245,4.804701562
148.275,-1.875532135,1.080101695,1.080101695,4.733134248
148.3,-2.100711297,1.197321516,1.197321516,4.640984418
148.325,-2.320658845,1.311976784,1.311976784,4.527952208
148.35,-2.535048271,1.42354581,1.42354581,4.394136243
148.375,-2.743576301,1.531514622,1.531514622,4.240057721
148.4,-2.945963373,1.635387629,1.635387629,4.066664898
148.425,-3.141954028,1.734698131,1.734698131,3.875316181
148.45,-3.331317196,1.829018138,1.829018138,3.667741919
148.475,-3.513846399,1.917966987,1.917966987,3.445986877
148.5,-3.689359848,2.001218316,2.001218316,3.212337166
148.525,-3.857700454,2.07850507,2.07850507,2.969236763
148.55,-4.018735745,2.149622351,2.149622351,2.719199476
148.575,-4.172357684,2.214428074,2.214428074,2.464722514
148.6,-4.318482408,2.272841534,2.272841534,2.208206886
148.625,-4.45704987,2.324840128,2.324840128,1.951889172
148.65,-4.5880234,2.370454532,2.370454532,1.697787525
148.675,-4.711389183,2.409762729,2.409762729,1.447663423
148.7,-4.827155652,2.442883282,2.442883282,1.202999142
148.725,-4.935352815,2.469968223,2.469968223,0.9649898234
148.75,-5.036031493,2.491195911,2.491195911,0.7345480972
148.775,-5.129262505,2.506764133,2.506764133,0.5123187775
148.8,-5.215135778,2.516883672,2.516883672,0.2987009147
148.825,-5.293759398,2.521772494,2.521772494,0.09387463321
148.85,-5.365258604,2.521650632,2.521650632,-0.1021695686
148.875,-5.429774736,2.516735825,2.516735825,-0.2896009832
148.9,-5.487464127,2.507239883,2.507239883,-0.4687198205
148.925,-5.538496959,2.493365759,2.493365759,-0.6399303489
148.95,-5.583056086,2.47530525,2.47530525,-0.8037167486
148.975,-5.621335813,2.453237275,2.453237275,-0.9606220222
149,-5.653540666,2.427326633,2.427326633,-1.111230083
149.025,-5.679884129,2.397723168,2.397723168,-1.256150929
149.05,-5.70058737,2.36456128,2.36456128,-1.396008699
149.075,-5.715877962,2.327959684,2.327959684,-1.53143231
149.1,-5.72598859,2.288021392,2.288021392,-1.663048357
149.125,-5.731155775,2.244833834,2.244833834,-1.791475919
149.15,-5.731618589,2.198469097,2.198469097,-1.917322936
149.175,-5.727617395,2.148984234,2.148984234,-2.041183833
149.2,-5.7193926,2.096421623,2.096421623,-2.163638093
149.225,-5.707183432,2.040809349,2.040809349,-2.285249492
149.25,-5.691226743,1.982161603,1.982161603,-2.406565768
149.275,-5.671755851,1.920479086,1.920479086,-2.528118454
149.3,-5.648999419,1.855749413,1.855749413,-2.650422681
149.325,-5.623180369,1.787947531,1.787947531,-2.773976737
149.35,-5.594514855,1.717036151,1.717036151,-2.899261129
149.375,-5.563211279,1.642966207,1.642966207,-3.026736965
149.4,-5.529469367,1.565677372,1.565677372,-3.156843429
149.425,-5.493479301,1.485098661,1.485098661,-3.289993944
149.45,-5.455420915,1.401149109,1.401149109,-3.426571105
149.475,-5.41546296,1.313738666,1.313738666,-3.566919363
149.5,-5.37376243,1.222769221,1.222769221,-3.711336143
149.525,-5.330463964,1.128135946,1.128135946,-3.860059794
149.55,-5.285699325,1.029728944,1.029728944,-4.013255019
149.575,-5.239586946,0.9274352934,0.9274352934,-4.170994851
149.6,-5.192231557,0.8211416279,0.8211416279,-4.333238661
149.625,-5.143723894,0.71073728,0.71073728,-4.499806391
149.65,-5.094140477,0.5961181335,0.5961181335,-4.670348431
149.675,-5.04354348,0.4771912849,0.4771912849,-4.844311345
149.7,-4.991980671,0.3538806075,0.3538806075,-5.020899909
149.725,-4.939485437,0.2261332996,0.2261332996,-5.199036413
149.75,-4.886076886,0.09392746924,0.09392746924,-5.377318886
149.775,-4.831760026,-0.04271925144,-0.04271925144,-5.553980854
149.8,-4.776526027,-0.1837401373,-0.1837401373,-5.726856285
149.825,-4.720352553,-0.3290090448,-0.3290090448,-5.893354652
149.85,-4.66320417,-0.4783296475,-0.4783296475,-6.050452248
149.875,-4.605032828,-0.6314247373,-0.6314247373,-6.194706916
149.9,-4.545778408,-0.7879262605,-0.7879262605,-6.322303856
149.925,-4.485369339,-0.947366968,-0.947366968,-6.429139807
149.95,-4.423723278,-1.10917471,-1.10917471,-6.510951135
149.975,-4.360747853,-1.272670508,-1.272670508,-6.563487984
150,-4.296341455,-1.437071531,-1.437071531,-6.582731449
150.025,-4.230394092,-1.601499946,-1.601499946,-6.565143716
150.05,-4.162788288,-1.764998252,-1.764998252,-6.507933802
150.075,-4.093400024,-1.926551214,-1.926551214,-6.409314234
150.1,-4.022099726,-2.085113783,-2.085113783,-6.268719132
150.125,-3.948753283,-2.239643685,-2.239643685,-6.086953799
150.15,-3.8732231,-2.389136602,-2.389136602,-5.8662501
150.175,-3.795369171,-2.532661399,-2.532661399,-5.610212209
150.2,-3.71505018,-2.669392588,-2.669392588,-5.323651122
150.225,-3.632124614,-2.798637386,-2.798637386,-5.012322164
150.25,-3.546451888,-2.919855293,-2.919855293,-4.68259309
150.275,-3.457893471,-3.032668869,-3.032668869,-4.341079604
150.3,-3.366314024,-3.136865405,-3.136865405,-3.994287421
150.325,-3.271582513,-3.232390103,-3.232390103,-3.648295916
150.35,-3.173573332,-3.319332141,-3.319332141,-3.308508744
150.375,-3.0721674,-3.397905498,-3.397905498,-2.979485205
150.4,-2.967253232,-3.468426603,-3.468426603,-2.664854151
150.425,-2.858727998,-3.531290783,-3.531290783,-2.367302356
150.45,-2.746498535,-3.586949214,-3.586949214,-2.088623008
150.475,-2.630482338,-3.635887651,-3.635887651,-1.829807003
150.5,-2.510608497,-3.678607794,-3.678607794,-1.591159936
150.525,-2.386818598,-3.71561174,-3.71561174,-1.372429578
150.55,-2.259067568,-3.747389635,-3.747389635,-1.172932228
150.575,-2.127324468,-3.774410367,-3.774410367,-0.9916696832
150.6,-1.991573231,-3.797115026,-3.797115026,-0.8274318523
150.625,-1.851813332,-3.815912714,-3.815912714,-0.6788827945
150.65,-1.708060395,-3.831178301,-3.831178301,-0.5446298976
150.675,-1.560346736,-3.843251701,-3.843251701,-0.4232772455
150.7,-1.408721826,-3.852438315,-3.852438315,-0.3134649875
150.725,-1.253252682,-3.859010295,-3.859010295,-0.21389686
150.75,-1.094024189,-3.863208376,-3.863208376,-0.1233580574
150.775,-0.9311393306,-3.865244056,-3.865244056,-0.04072550514
150.8,-0.7647193464,-3.865301953,-3.865301953,0.03502764512
150.825,-0.594903807,-3.863542223,-3.863542223,0.1048317656
150.85,-0.4218506034,-3.860102943,-3.860102943,0.169523492
150.875,-0.2457358536,-3.855102399,-3.855102399,0.2298504604
150.9,-0.06675372461,-3.848641234,-3.848641234,0.2864772772
150.925,0.11488383,-3.840804448,-3.840804448,0.3399921476
150.95,0.2989474166,-3.83166322,-3.83166322,0.3909137462
150.975,0.4851906313,-3.821276556,-3.821276556,0.4396980371
151,0.6733505728,-3.809692783,-3.809692783,0.4867448442
151.025,0.8631484355,-3.796950865,-3.796950865,0.5324040465
151.05,1.054290183,-3.783081586,-3.783081586,0.5769813266
151.075,1.246467298,-3.768108582,-3.768108582,0.6207434409
151.1,1.439357607,-3.75204926,-3.75204926,0.6639230008
151.125,1.632626181,-3.73491559,-3.73491559,0.7067227814
151.15,1.825926295,-3.716714806,-3.716714806,0.7493195812
151.175,2.01890047,-3.697450012,-3.697450012,0.7918676611
151.2,2.211181562,-3.677120701,-3.677120701,0.8345018008
151.225,2.402393916,-3.655723217,-3.655723217,0.8773400067
151.25,2.592154575,-3.633251133,-3.633251133,0.9204859092
151.275,2.780074538,-3.609695593,-3.609695593,0.9640308809
151.3,2.965760061,-3.585045587,-3.585045587,1.008055908
151.325,3.148814002,-3.559288193,-3.559288193,1.052633248
151.35,3.328837199,-3.532408778,-3.532408778,1.097827905
151.375,3.505429877,-3.50439116,-3.50439116,1.143698921
151.4,3.678193085,-3.475217743,-3.475217743,1.190300549
151.425,3.846730147,-3.444869623,-3.444869623,1.237683289
151.45,4.010648125,-3.413326671,-3.413326671,1.285894827
151.475,4.169559299,-3.380567593,-3.380567593,1.334980872
151.5,4.323082641,-3.346569969,-3.346569969,1.384985935
151.525,4.470845285,-3.311310271,-3.311310271,1.43595403
151.55,4.612483996,-3.274763874,-3.274763874,1.487929327
151.575,4.74764661,-3.236905038,-3.236905038,1.540956757
151.6,4.875993467,-3.197706884,-3.197706884,1.595082583
151.625,4.997198807,-3.157141355,-3.157141355,1.650354941
151.65,5.110952136,-3.115179162,-3.115179162,1.706824349
151.675,5.216959555,-3.071789718,-3.071789718,1.764544201
151.7,5.314945045,-3.02694106,-3.02694106,1.823571243
151.725,5.404651699,-2.980599759,-2.980599759,1.883966026
151.75,5.485842901,-2.932730822,-2.932730822,1.945793349
151.775,5.558303452,-2.883297576,-2.883297576,2.009122684
151.8,5.621840618,-2.832261551,-2.832261551,2.074028582
151.825,5.676285121,-2.779582344,-2.779582344,2.140591051
151.85,5.721492049,-2.72521748,-2.72521748,2.208895917
151.875,5.757341694,-2.669122264,-2.669122264,2.279035126
151.9,5.7837403,-2.61124962,-2.61124962,2.351107021
151.925,5.800620735,-2.551549934,-2.551549934,2.425216529
151.95,5.807943069,-2.489970885,-2.489970885,2.501475279
151.975,5.805695059,-2.426457276,-2.426457276,2.580001599
152,5.793892545,-2.36095087,-2.36095087,2.660920378
152.025,5.772579745,-2.293390229,-2.293390229,2.744362737
152.05,5.741829454,-2.223710565,-2.223710565,2.830465472
152.075,5.701743141,-2.151843606,-2.151843606,2.919370226
152.1,5.652450945,-2.077717493,-2.077717493,3.011222246
152.125,5.594111571,-2.001256705,-2.001256705,3.106168798
152.15,5.526912078,-1.92238204,-1.92238204,3.204356849
152.175,5.451067574,-1.841010648,-1.841010648,3.305930364
152.2,5.366820796,-1.757056165,-1.757056165,3.41102637
152.225,5.274441596,-1.670428923,-1.670428923,3.519770587
152.25,5.174226329,-1.581036326,-1.581036326,3.632271222
152.275,5.06649713,-1.48878335,-1.48878335,3.748612119
152.3,4.951601107,-1.393573286,-1.393573286,3.868843537
152.325,4.829909431,-1.295308686,-1.295308686,3.992971723
152.35,4.701816334,-1.193892629,-1.193892629,4.120945917
152.375,4.56773802,-1.08923034,-1.08923034,4.252643153
152.4,4.428111485,-0.9812311903,-0.9812311903,4.387850653
152.425,4.28339326,-0.8698112103,-0.8698112103,4.526245239
152.45,4.134058072,-0.7548961287,-0.7548961287,4.667370302
152.475,3.980597428,-0.6364250198,-0.6364250198,4.810610222
152.5,3.823518135,-0.5143546203,-0.5143546203,4.955162761
152.525,3.663340749,-0.3886643563,-0.3886643563,5.100010273
152.55,3.500597965,-0.2593620873,-0.2593620873,5.243891065
152.575,3.33583296,-0.1264905467,-0.1264905467,5.385272817
152.6,3.16959767,0.009865605882,0.009865605882,5.522330623
152.625,3.002451045,0.1495722754,0.1495722754,5.65293301
152.65,2.83495725,0.2924382097,0.2924382097,5.774639914
152.675,2.667683839,0.43820743,0.43820743,5.884717199
152.7,2.501199912,0.5865522749,0.5865522749,5.980172438
152.725,2.336074242,0.737067655,0.737067655,6.057816389
152.75,2.172873399,0.8892672003,0.8892672003,6.114353443
152.775,2.012159861,1.042582046,1.042582046,6.146502226
152.8,1.854490138,1.196362998,1.196362998,6.151144557
152.825,1.700412888,1.349886714,1.349886714,6.125496839
152.85,1.550467062,1.50236635,1.50236635,6.067293679
152.875,1.405180063,1.652966812,1.652966812,5.97496914
152.9,1.265065937,1.800824309,1.800824309,5.847817777
152.925,1.130623593,1.945069493,1.945069493,5.686116698
152.95,1.002335067,2.084852981,2.084852981,5.491191306
152.975,0.8806638375,2.219371674,2.219371674,5.265412264
153,0.7660531888,2.347894076,2.347894076,5.012118596
153.025,0.6589246342,2.469782811,2.469782811,4.735470687
153.05,0.5596764075,2.584512698,2.584512698,4.440246074
153.075,0.4686820235,2.691683217,2.691683217,4.131597729
153.1,0.3862889151,2.791024699,2.791024699,3.814798806
153.125,0.3128171523,2.882398234,2.882398234,3.494997619
153.15,0.2485582471,2.965789784,2.965789784,3.17700374
153.175,0.1937740496,3.041299512,3.041299512,2.865119808
153.2,0.1486957384,3.109127556,3.109127556,2.563026729
153.225,0.1135229118,3.16955762,3.16955762,2.273722956
153.25,0.08842277956,3.222939671,3.222939671,1.999512862
153.275,0.07352946248,3.269672872,3.269672872,1.742035473
153.3,0.06894339933,3.310189632,3.310189632,1.502322897
153.325,0.0747308659,3.344941367,3.344941367,1.280877685
153.35,0.09092360707,3.374386339,3.374386339,1.077759461
153.375,0.1175185841,3.39897968,3.39897968,0.8926729435
153.4,0.1544778382,3.419165583,3.419165583,0.7250514926
153.425,0.2017284716,3.435371478,3.435371478,0.5741324969
153.45,0.2591627461,3.448003969,3.448003969,0.4390224271
153.475,0.3266382994,3.457446262,3.457446262,0.3187508866
153.5,0.4039784795,3.464056801,3.464056801,0.212313882
153.525,0.490972795,3.468168869,3.468168869,0.1187071819
153.55,0.5873774814,3.470090903,3.470090903,0.03695097368
153.575,0.6929161811,3.470107339,3.470107339,-0.03389283609
153.6,0.8072807354,3.468479805,3.468479805,-0.09470934183
153.625,0.9301320855,3.465448536,3.465448536,-0.146324137
153.65,1.061101281,3.461233901,3.461233901,-0.1895004942
153.675,1.199790592,3.456037974,3.456037974,-0.2249392944
153.7,1.345774718,3.450046064,3.450046064,-0.2532809342
153.725,1.498602099,3.443428195,3.443428195,-0.2751085942
153.75,1.65779631,3.436340486,3.436340486,-0.2909523809
153.775,1.822857553,3.428926416,3.428926416,-0.3012939702
153.8,1.993264219,3.421317977,3.421317977,-0.3065714753
153.825,2.168474537,3.413636705,3.413636705,-0.3071843317
153.85,2.34792829,3.405994579,3.405994579,-0.3034980581
153.875,2.531048596,3.39849482,3.39849482,-0.2958487914
153.9,2.717243753,3.391232567,3.391232567,-0.2845475338
153.925,2.905909129,3.384295457,3.384295457,-0.2698840687
153.95,3.096429109,3.37776411,3.37776411,-0.2521305292
153.975,3.288179075,3.37171253,3.37171253,-0.2315446092
154,3.480527422,3.366208429,3.366208429,-0.2083724162
154.025,3.672837605,3.361313484,3.361313484,-0.1828509769
154.05,3.864470193,3.357083538,3.357083538,-0.1552104019
154.075,4.054784953,3.353568748,3.353568748,-0.1256757244
154.1,4.243142924,3.35081369,3.35081369,-0.09446842528
154.125,4.4289085,3.348857438,3.348857438,-0.06180765841
154.15,4.611451497,3.347733604,3.347733604,-0.02791119147
154.175,4.790149211,3.347470367,3.347470367,0.007003925841
154.2,4.964388442,3.348090483,3.348090483,0.0427209496
154.225,5.133567504,3.349611292,3.349611292,0.07902327276
154.25,5.29709818,3.352044721,3.352044721,0.1156944834
154.275,5.454407649,3.355397291,3.355397291,0.1525186352
154.3,5.604940351,3.359670135,3.359670135,0.1892807121
154.325,5.748159803,3.36485903,3.36485903,0.2257672698
154.35,5.883550345,3.370954442,3.370954442,0.2617672342
154.375,6.010618823,3.377941604,3.377941604,0.2970728353
154.4,6.128896194,3.385800601,3.385800601,0.3314806519
154.425,6.237939049,3.394506503,3.394506503,0.3647927454
154.45,6.337331054,3.404029511,3.404029511,0.3968178547
154.475,6.426684295,3.414335141,3.414335141,0.4273726235
154.5,6.505640533,3.425384435,3.425384435,0.4562828337
154.525,6.573872355,3.437134209,3.437134209,0.4833846154
154.55,6.631084222,3.449537322,3.449537322,0.5085256053
154.575,6.677013414,3.462542981,3.462542981,0.5315660251
154.6,6.711430854,3.476097063,3.476097063,0.5523796538
154.625,6.734141832,3.490142471,3.490142471,0.5708546718
154.65,6.744986602,3.504619498,3.504619498,0.5868943536
154.675,6.743840866,3.519466214,3.519466214,0.6004175928
154.7,6.730616138,3.53461886,3.53461886,0.6113592448
154.725,6.705259987,3.55001225,3.55001225,0.6196702796
154.75,6.667756159,3.565580173,3.565580173,0.6253177419
154.775,6.618124573,3.581255793,3.581255793,0.6282845162
154.8,6.556421205,3.596972041,3.596972041,0.6285689029
154.825,6.482737839,3.612661991,3.612661991,0.6261840212
154.85,6.397201703,3.628259221,3.628259221,0.6211570462
154.875,6.299974992,3.643698158,3.643698158,0.613528301
154.9,6.191254261,3.658914389,3.658914389,0.6033502303
154.925,6.071269715,3.673844951,3.673844951,0.5906862695
154.95,5.940284378,3.688428594,3.688428594,0.5756096423
154.975,5.79859316,3.702606007,3.702606007,0.5582021096
155,5.646521812,3.716320016,3.716320016,0.5385526921
155.025,5.484425782,3.72951575,3.72951575,0.5167563977
155.05,5.312688973,3.742140775,3.742140775,0.4929129666
155.075,5.131722404,3.754145199,3.754145199,0.4671256656
155.1,4.941962789,3.76548174,3.76548174,0.4395001376
155.125,4.743871024,3.776105778,3.776105778,0.4101433315
155.15,4.5379306,3.785975373,3.785975373,0.3791625142
155.175,4.324645945,3.79505126,3.79505126,0.3466643821
155.2,4.104540699,3.803296826,3.803296826,0.3127542687
155.225,3.878155919,3.810678068,3.810678068,0.2775354578
155.25,3.646048246,3.817163533,3.817163533,0.2411085967
155.275,3.408788009,3.822724245,3.822724245,0.2035712096
155.3,3.1669573,3.827333623,3.827333623,0.1650173066
155.325,2.921148002,3.830967392,3.830967392,0.1255370795
155.35,2.671959807,3.833603477,3.833603477,0.08521668125
155.375,2.419998193,3.835221909,3.835221909,0.04413807759
155.4,2.165872405,3.835804711,3.835804711,0.002378964103
155.425,1.910193424,3.835335799,3.835335799,-0.03998726063
155.45,1.653571933,3.833800866,3.833800866,-0.0828914741
155.475,1.396616297,3.831187284,3.831187284,-0.1262687696
155.5,1.139930555,3.827483993,3.827483993,-0.1700583644
155.525,0.884112438,3.822681404,3.822681404,-0.2142034841
155.55,0.6297514109,3.816771298,3.816771298,-0.2586512282
155.575,0.3774267556,3.809746731,3.809746731,-0.303352426
155.6,0.1277056936,3.801601945,3.801601945,-0.348261484
155.625,-0.1188584408,3.792332277,3.792332277,-0.3933362324
155.65,-0.3617279714,3.781934078,3.781934078,-0.4385377736
155.675,-0.6003825905,3.770404631,3.770404631,-0.4838303349
155.7,-0.8343210007,3.757742077,3.757742077,-0.52918113
155.725,-1.063062484,3.74394534,3.74394534,-0.5745602271
155.75,-1.28614839,3.729014057,3.729014057,-0.6199404365
155.775,-1.503143548,3.712948514,3.712948514,-0.6652971982
155.8,-1.713637577,3.695749577,3.695749577,-0.7106084933
155.825,-1.91724612,3.677418632,3.677418632,-0.7558547655
155.85,-2.113611965,3.657957524,3.657957524,-0.8010188564
155.875,-2.302406077,3.637368498,3.637368498,-0.8460859566
155.9,-2.48332852,3.615654139,3.615654139,-0.8910435699
155.925,-2.656109274,3.592817317,3.592817317,-0.9358814935
155.95,-2.820508944,3.568861128,3.568861128,-0.9805918112
155.975,-2.976319351,3.543788838,3.543788838,-1.025168901
156,-3.123364018,3.517603822,3.517603822,-1.069609457
156.025,-3.261498533,3.490309511,3.490309511,-1.113912524
156.05,-3.390610804,3.46190933,3.46190933,-1.158079546
156.075,-3.510621187,3.432406636,3.432406636,-1.20211443
156.1,-3.62148251,3.401804657,3.401804657,-1.246023617
156.125,-3.72317997,3.370106428,3.370106428,-1.289816173
156.15,-3.81573092,3.337314723,3.337314723,-1.333503885
156.175,-3.899184539,3.303431986,3.303431986,-1.37710138
156.2,-3.973621392,3.26846026,3.26846026,-1.420626246
156.225,-4.039152876,3.232401107,3.232401107,-1.464099171
156.25,-4.095920558,3.195255535,3.195255535,-1.507544095
156.275,-4.144095408,3.157023909,3.157023909,-1.550988372
156.3,-4.183876928,3.117705865,3.117705865,-1.594462943
156.325,-4.215492183,3.077300221,3.077300221,-1.638002531
156.35,-4.239194738,3.035804876,3.035804876,-1.681645834
156.375,-4.255263494,2.993216709,2.993216709,-1.725435744
156.4,-4.264001455,2.949531474,2.949531474,-1.769419561
156.425,-4.265734391,2.904743683,2.904743683,-1.813649239
156.45,-4.260809444,2.858846491,2.858846491,-1.85818163
156.475,-4.249593651,2.811831564,2.811831564,-1.903078731
156.5,-4.232472398,2.763688955,2.763688955,-1.948407956
156.525,-4.209847829,2.714406958,2.714406958,-1.994242412
156.55,-4.182137182,2.663971967,2.663971967,-2.040661154
156.575,-4.149771088,2.612368323,2.612368323,-2.08774949
156.6,-4.11319183,2.559578149,2.559578149,-2.135599231
156.625,-4.072851557,2.505581197,2.505581197,-2.184308982
156.65,-4.029210477,2.450354655,2.450354655,-2.233984368
156.675,-3.982735026,2.393872991,2.393872991,-2.284738324
156.7,-3.933896024,2.33610775,2.33610775,-2.336691232
156.725,-3.883166816,2.277027372,2.277027372,-2.389971162
156.75,-3.831021421,2.216597004,2.216597004,-2.444713928
156.775,-3.777932676,2.154778291,2.154778291,-2.501063168
156.8,-3.724370402,2.091529199,2.091529199,-2.559170287
156.825,-3.670799581,2.026803805,2.026803805,-2.619194271
156.85,-3.617678563,1.960552127,1.960552127,-2.681301412
156.875,-3.565457302,1.892719934,1.892719934,-2.745664753
156.9,-3.514575633,1.823248596,1.823248596,-2.812463417
156.925,-3.465461591,1.752074936,1.752074936,-2.88188151
156.95,-3.418529784,1.679131127,1.679131127,-2.954106842
156.975,-3.374179816,1.60434462,1.60434462,-3.029329017
157,-3.332794781,1.527638125,1.527638125,-3.10773724
157.025,-3.29473982,1.448929658,1.448929658,-3.189517247
157.05,-3.260360746,1.368132672,1.368132672,-3.274847742
157.075,-3.229982755,1.285156287,1.285156287,-3.363895743
157.1,-3.203909216,1.199905652,1.199905652,-3.456811018
157.125,-3.182420546,1.112282451,1.112282451,-3.55371934
157.15,-3.165773173,1.022185618,1.022185618,-3.654714184
157.175,-3.154198601,0.9295122445,0.9295122445,-3.759847109
157.2,-3.147902566,0.8341587754,0.8341587754,-3.869116222
157.225,-3.147064292,0.7360225143,0.7360225143,-3.982452743
157.25,-3.151835851,0.635003475,0.635003475,-4.099705672
157.275,-3.162341631,0.5310066511,0.5310066511,-4.220624302
157.3,-3.178677904,0.4239447556,0.4239447556,-4.344838716
157.325,-3.200912506,0.3137414575,0.3137414575,-4.471838602
157.35,-3.229084628,0.2003351719,0.2003351719,-4.600950713
157.375,-3.263204709,0.08368342268,0.08368342268,-4.731315767
157.4,-3.303254446,-0.03623222267,-0.03623222267,-4.861865911
157.425,-3.34918691,-0.1594006765,-0.1594006765,-4.991304276
157.45,-3.40092677,-0.2857753915,-0.2857753915,-5.118088693
157.475,-3.458370627,-0.4152680906,-0.4152680906,-5.24042211
157.5,-3.521387451,-0.5477423745,-0.5477423745,-5.356252732
157.525,-3.589819127,-0.6830074858,-0.6830074858,-5.46328725
157.55,-3.663481096,-0.8208126064,-0.8208126064,-5.559020585
157.575,-3.742163104,-0.960842136,-0.960842136,-5.640785295
157.6,-3.825630043,-1.102712478,-1.102712478,-5.705822868
157.625,-3.913622884,-1.245970892,-1.245970892,-5.751377751
157.65,-4.005859703,-1.390096964,-1.390096964,-5.77481266
157.675,-4.102036792,-1.534507194,-1.534507194,-5.773741043
157.7,-4.20182985,-1.678563033,-1.678563033,-5.746169409
157.725,-4.304895256,-1.821582491,-1.821582491,-5.690639182
157.75,-4.410871404,-1.962855166,-1.962855166,-5.606355535
157.775,-4.519380117,-2.101660182,-2.101660182,-5.493289494
157.8,-4.630028119,-2.237286213,-2.237286213,-5.352240387
157.825,-4.742408556,-2.369052457,-2.369052457,-5.184848645
157.85,-4.856102579,-2.496329254,-2.496329254,-4.993553637
157.875,-4.970680964,-2.618556969,-2.618556969,-4.781497243
157.9,-5.085705775,-2.735261839,-2.735261839,-4.552380351
157.925,-5.200732056,-2.84606778,-2.84606778,-4.310284827
157.95,-5.315309555,-2.950703485,-2.950703485,-4.059477413
157.975,-5.428984458,-3.049004564,-3.049004564,-3.804213111
158,-5.541301147,-3.140910952,-3.140910952,-3.548554581
158.025,-5.651803959,-3.226460127,-3.226460127,-3.296220601
158.05,-5.760038949,-3.30577701,-3.30577701,-3.050472079
158.075,-5.865555642,-3.379061518,-3.379061518,-2.814039061
158.1,-5.967908778,-3.4465748,-3.4465748,-2.589087572
158.125,-6.066660034,-3.508625091,-3.508625091,-2.377221675
158.15,-6.161379725,-3.565554,-3.565554,-2.179513804
158.175,-6.25164847,-3.617723811,-3.617723811,-1.996555536
158.2,-6.337058821,-3.66550624,-3.66550624,-1.828521127
158.225,-6.417216853,-3.709272863,-3.709272863,-1.675236908
158.25,-6.491743696,-3.749387297,-3.749387297,-1.536251102
158.275,-6.560277025,-3.786199082,-3.786199082,-1.410899956
158.3,-6.622472475,-3.820039145,-3.820039145,-1.298367559
158.325,-6.678005004,-3.851216664,-3.851216664,-1.197737814
158.35,-6.726570176,-3.880017125,-3.880017125,-1.108038072
158.375,-6.767885377,-3.906701368,-3.906701368,-1.028274551
158.4,-6.801690943,-3.93150542,-3.93150542,-0.9574601309
158.425,-6.827751217,-3.954640943,-3.954640943,-0.8946353877
158.45,-6.845855504,-3.976296118,-3.976296118,-0.8388838253
158.475,-6.855818946,-3.996636867,-3.996636867,-0.7893422839
158.5,-6.857483303,-4.01580827,-4.01580827,-0.7452074414
158.525,-6.850717631,-4.03393611,-4.03393611,-0.7057392381
158.55,-6.835418866,-4.051128472,-4.051128472,-0.6702619366
158.575,-6.811512308,-4.067477346,-4.067477346,-0.6381634195
158.6,-6.778951999,-4.083060196,-4.083060196,-0.6088932144
158.625,-6.737720999,-4.097941464,-4.097941464,-0.5819596422
158.65,-6.687831556,-4.112174,-4.112174,-0.5569263994
158.675,-6.629325172,-4.125800401,-4.125800401,-0.5334088093
158.7,-6.562272565,-4.138854251,-4.138854251,-0.5110699218
158.725,-6.486773516,-4.151361265,-4.151361265,-0.4896165983
158.75,-6.402956627,-4.16334034,-4.16334034,-0.4687956679
158.775,-6.310978961,-4.174804502,-4.174804502,-0.4483902292
158.8,-6.211025588,-4.185761771,-4.185761771,-0.428216134
158.825,-6.103309023,-4.19621594,-4.19621594,-0.4081186837
158.85,-5.988068573,-4.206167268,-4.206167268,-0.3879695499
158.875,-5.865569584,-4.215613108,-4.215613108,-0.3676639271
158.9,-5.73610259,-4.224548456,-4.224548456,-0.3471179118
158.925,-5.599982379,-4.232966451,-4.232966451,-0.3262661059
158.95,-5.457546969,-4.2408588,-4.2408588,-0.3050594338
158.975,-5.309156498,-4.248216172,-4.248216172,-0.2834631645
159,-5.155192035,-4.255028524,-4.255028524,-0.2614551214
159.025,-4.99605432,-4.261285401,-4.261285401,-0.2390240742
159.05,-4.832162433,-4.266976186,-4.266976186,-0.2161682952
159.075,-4.663952387,-4.272090328,-4.272090328,-0.1928942698
159.1,-4.491875676,-4.276617526,-4.276617526,-0.1692155472
159.125,-4.316397755,-4.280547895,-4.280547895,-0.1451517223
159.15,-4.137996476,-4.283872107,-4.283872107,-0.1207275331
159.175,-3.957160477,-4.28658151,-4.28658151,-0.09597206764
159.2,-3.774387533,-4.288668222,-4.288668222,-0.0709180669
159.225,-3.590182877,-4.290125223,-4.290125223,-0.04560131504
159.25,-3.405057484,-4.290946417,-4.290946417,-0.02006010885
159.275,-3.219526349,-4.291126694,-4.291126694,0.00566520282
159.3,-3.034106738,-4.290661972,-4.290661972,0.03153261719
159.325,-2.849316438,-4.289549239,-4.289549239,0.05749882011
159.35,-2.665671996,-4.287786577,-4.287786577,0.08351947987
159.375,-2.483686974,-4.285373187,-4.285373187,0.109549498
159.4,-2.303870205,-4.282309405,-4.282309405,0.1355432231
159.425,-2.126724066,-4.278596712,-4.278596712,0.1614546319
159.45,-1.952742776,-4.274237744,-4.274237744,0.187237483
159.475,-1.782410723,-4.269236295,-4.269236295,0.2128454465
159.5,-1.616200819,-4.263597315,-4.263597315,0.2382322142
159.525,-1.454572904,-4.257326913,-4.257326913,0.2633515929
159.55,-1.297972185,-4.250432347,-4.250432347,0.2881575834
159.575,-1.146827737,-4.242922026,-4.242922026,0.3126044501
159.6,-1.001551049,-4.234805496,-4.234805496,0.3366467811
159.625,-0.8625346391,-4.226093434,-4.226093434,0.3602395409
159.65,-0.7301507316,-4.216797637,-4.216797637,0.3833381213
159.675,-0.6047500066,-4.206931014,-4.206931014,0.4058983863
159.7,-0.4866604224,-4.196507568,-4.196507568,0.4278767179
159.725,-0.3761861182,-4.185542386,-4.185542386,0.4492300619
159.75,-0.2736063982,-4.174051627,-4.174051627,0.4699159722
159.775,-0.1791748025,-4.162052498,-4.162052498,0.4898926626
159.8,-0.09311826667,-4.149563246,-4.149563246,0.5091190555
159.825,-0.01563637331,-4.136603134,-4.136603134,0.5275548403
159.85,0.0530993018,-4.123192422,-4.123192422,0.5451605335
159.875,0.1129457471,-4.109352347,-4.109352347,0.5618975443
159.9,0.1637889744,-4.095105097,-4.095105097,0.5777282491
159.925,0.2055443777,-4.080473792,-4.080473792,0.5926160676
159.95,0.2381569916,-4.065482447,-4.065482447,0.6065255528
159.975,0.2616016472,-4.050155953,-4.050155953,0.6194224806
160,0.2758830268,-4.034520036,-4.034520036,0.6312739537
160.025,0.2810356156,-4.01860123,-4.01860123,0.6420485099
160.05,0.277123552,-4.002426834,-4.002426834,0.6517162379
160.075,0.2642403762,-3.986024877,-3.986024877,0.6602489052
160.1,0.2425086788,-3.969424069,-3.969424069,0.6676200875
160.125,0.2120796512,-3.952653756,-3.952653756,0.6738053123
160.15,0.1731325377,-3.935743873,-3.935743873,0.6787822067
160.175,0.1258739931,-3.918724884,-3.918724884,0.6825306511
160.2,0.07053734794,-3.901627726,-3.901627726,0.6850329439
160.225,0.007381782991,-3.884483748,-3.884483748,0.6862739676
160.25,-0.06330858291,-3.867324642,-3.867324642,0.6862413621
160.275,-0.1412256889,-3.850182373,-3.850182373,0.6849257037
160.3,-0.2260386081,-3.833089102,-3.833089102,0.6823206834
160.325,-0.3173947005,-3.816077109,-3.816077109,0.6784232901
160.35,-0.4149208376,-3.799178705,-3.799178705,0.6732339941
160.375,-0.5182246949,-3.782426142,-3.782426142,0.6667569269
160.4,-0.6268961084,-3.765851524,-3.765851524,0.6590000595
160.425,-0.7405084888,-3.749486705,-3.749486705,0.6499753774
160.45,-0.8586202903,-3.733363187,-3.733363187,0.6396990445
160.475,-0.9807765268,-3.717512014,-3.717512014,0.6281915594
160.5,-1.106510332,-3.701963662,-3.701963662,0.6154779012
160.525,-1.235344558,-3.686747925,-3.686747925,0.6015876584
160.55,-1.366793402,-3.671893799,-3.671893799,0.5865551407
160.575,-1.500364068,-3.657429362,-3.657429362,0.5704194717
160.6,-1.63555844,-3.643381653,-3.643381653,0.5532246583
160.625,-1.771874775,-3.629776549,-3.629776549,0.5350196344
160.65,-1.908809407,-3.616638642,-3.616638642,0.5158582749
160.675,-2.045858448,-3.603991116,-3.603991116,0.4957993795
160.7,-2.182519495,-3.591855623,-3.591855623,0.4749066223
160.725,-2.318293323,-3.580252165,-3.580252165,0.4532484647
160.75,-2.452685563,-3.56919897,-3.56919897,0.4308980297
160.775,-2.585208367,-3.558712387,-3.558712387,0.4079329358
160.8,-2.715382042,-3.548806764,-3.548806764,0.3844350884
160.825,-2.842736652,-3.539494357,-3.539494357,0.3604904288
160.85,-2.966813592,-3.53078522,-3.53078522,0.336188639
160.875,-3.087167111,-3.522687126,-3.522687126,0.3116228024
160.9,-3.203365797,-3.51520548,-3.51520548,0.2868890222
160.925,-3.314994,-3.508343252,-3.508343252,0.2620859968
160.95,-3.421653211,-3.502100917,-3.502100917,0.2373145557
160.975,-3.522963372,-3.496476408,-3.496476408,0.212677157
161,-3.618564124,-3.49146508,-3.49146508,0.1882773521
161.025,-3.708115987,-3.487059693,-3.487059693,0.1642192186
161.05,-3.79130146,-3.483250405,-3.483250405,0.1406067691
161.075,-3.867826058,-3.480024779,-3.480024779,0.1175433388
161.1,-3.937419255,-3.477367812,-3.477367812,0.09513095984
161.125,-3.999835354,-3.475261971,-3.475261971,0.07346972816
161.15,-4.054854267,-3.473687252,-3.473687252,0.05265716915
161.175,-4.102282207,-3.472621253,-3.472621253,0.03278761077
161.2,-4.141952296,-3.472039258,-3.472039258,0.01395157071
161.225,-4.173725069,-3.471914343,-3.471914343,-0.003764834558
161.25,-4.197488897,-3.472217491,-3.472217491,-0.02028045152
161.275,-4.213160312,-3.472917727,-3.472917727,-0.03551961455
161.3,-4.220684229,-3.473982252,-3.473982252,-0.04941262764
161.325,-4.220034085,-3.475376611,-3.475376611,-0.06189619635
161.35,-4.211211872,-3.477064844,-3.477064844,-0.07291380459
161.375,-4.194248076,-3.479009671,-3.479009671,-0.08241603151
161.4,-4.169201528,-3.481172665,-3.481172665,-0.09036080454
161.425,-4.136159145,-3.483514442,-3.483514442,-0.09671358592
161.45,-4.095235597,-3.485994851,-3.485994851,-0.1014474915
161.475,-4.046572864,-3.488573164,-3.488573164,-0.1045433407
161.5,-3.990339712,-3.49120827,-3.49120827,-0.105989639
161.525,-3.926731081,-3.493858865,-3.493858865,-0.1057824937
161.55,-3.85596738,-3.496483644,-3.496483644,-0.1039254678
161.575,-3.778293708,-3.499041478,-3.499041478,-0.1004293742
161.6,-3.693978983,-3.5014916,-3.5014916,-0.09531201489
161.625,-3.603315004,-3.50379377,-3.50379377,-0.08859787294
161.65,-3.506615433,-3.505908442,-3.505908442,-0.080317761
161.675,-3.404214705,-3.507796913,-3.507796913,-0.0705084342
161.7,-3.296466875,-3.509421471,-3.509421471,-0.05921217435
161.725,-3.183744401,-3.510745524,-3.510745524,-0.0464763525
161.75,-3.066436867,-3.511733725,-3.511733725,-0.03235297673
161.775,-2.944949651,-3.512352078,-3.512352078,-0.01689823221
161.8,-2.819702549,-3.51256804,-3.51256804,-0.0001720202019
161.825,-2.691128343,-3.512350609,-3.512350609,0.01776249801
161.85,-2.559671343,-3.511670395,-3.511670395,0.03683934648
161.875,-2.425785882,-3.510499691,-3.510499691,0.05699016447
161.9,-2.289934784,-3.508812523,-3.508812523,0.07814461627
161.925,-2.152587813,-3.506584695,-3.506584695,0.1002307775
161.95,-2.014220092,-3.503793829,-3.503793829,0.1231754949
161.975,-1.875310517,-3.500419383,-3.500419383,0.1469047173
162,-1.736340155,-3.496442677,-3.496442677,0.1713437968
162.025,-1.597790639,-3.491846902,-3.491846902,0.1964177579
162.05,-1.460142569,-3.486617124,-3.486617124,0.2220515367
162.075,-1.323873913,-3.480740285,-3.480740285,0.2481701875
162.1,-1.189458425,-3.474205197,-3.474205197,0.2746990597
162.125,-1.057364075,-3.467002532,-3.467002532,0.3015639461
162.15,-0.9280515041,-3.459124813,-3.459124813,0.328691202
162.175,-0.8019725049,-3.450566394,-3.450566394,0.3560078396
162.2,-0.6795685358,-3.441323445,-3.441323445,0.3834415979
162.225,-0.5612692683,-3.431393934,-3.431393934,0.4109209906
162.25,-0.4474911778,-3.420777605,-3.420777605,0.4383753348
162.275,-0.338636179,-3.409475959,-3.409475959,0.4657347618
162.3,-0.2350903108,-3.397492233,-3.397492233,0.4929302138
162.325,-0.1372224757,-3.384831383,-3.384831383,0.5198934269
162.35,-0.045383236,-3.37150006,-3.37150006,0.5465569052
162.375,0.0400963276,-3.357506593,-3.357506593,0.5728538844
162.4,0.1189056935,-3.342860971,-3.342860971,0.5987182912
162.425,0.1907559078,-3.327574828,-3.327574828,0.6240846985
162.45,0.2553805224,-3.311661426,-3.311661426,0.6488882779
162.475,0.3125364583,-3.29513564,-3.29513564,0.6730647524
162.5,0.3620047937,-3.278013946,-3.278013946,0.6965503511
162.525,0.4035914721,-3.260314408,-3.260314408,0.7192817668
162.55,0.4371279308,-3.242056667,-3.242056667,0.7411961189
162.575,0.4624716461,-3.223261931,-3.223261931,0.7622309228
162.6,0.4795065953,-3.203952968,-3.203952968,0.782324068
162.625,0.488143633,-3.18415409,-3.18415409,0.8014138051
162.65,0.4883207822,-3.163891151,-3.163891151,0.8194387447
162.675,0.4800034381,-3.143191535,-3.143191535,0.8363378684
162.7,0.4631844852,-3.122084145,-3.122084145,0.8520505538
162.725,0.4378843277,-3.100599396,-3.100599396,0.8665166153
162.75,0.4041508328,-3.0787692,-3.0787692,0.8796763605
162.775,0.362059188,-3.056626956,-3.056626956,0.891470666
162.8,0.3117116722,-3.034207533,-3.034207533,0.9018410712
162.825,0.2532373434,-3.01154725,-3.01154725,0.910729893
162.85,0.1867916424,-2.988683858,-2.988683858,0.9180803628
162.875,0.1125559149,-2.965656516,-2.965656516,0.9238367853
162.9,0.03073685443,-2.942505757,-2.942505757,0.9279447219
162.925,-0.05843413362,-2.919273459,-2.919273459,0.9303511983
162.95,-0.1547016424,-2.896002803,-2.896002803,0.9310049387
162.975,-0.2577870476,-2.87273823,-2.87273823,0.929856625
163,-0.3673893619,-2.849525382,-2.849525382,0.9268591842
163.025,-0.483186156,-2.826411051,-2.826411051,0.9219681015
163.05,-0.6048345451,-2.803443105,-2.803443105,0.9151417615
163.075,-0.7319722351,-2.780670411,-2.780670411,0.9063418162
163.1,-0.8642186272,-2.758142751,-2.758142751,0.8955335786
163.125,-1.001175976,-2.735910724,-2.735910724,0.8826864428
163.15,-1.142430596,-2.714025639,-2.714025639,0.8677743273
163.175,-1.28755412,-2.692539393,-2.692539393,0.8507761417
163.2,-1.436104791,-2.671504347,-2.671504347,0.8316762722
163.225,-1.587628799,-2.650973176,-2.650973176,0.8104650845
163.25,-1.741661647,-2.630998716,-2.630998716,0.7871394422
163.275,-1.897729551,-2.611633794,-2.611633794,0.7617032348
163.3,-2.055350861,-2.592931049,-2.592931049,0.7341679136
163.325,-2.214037505,-2.574942731,-2.574942731,0.704553024
163.35,-2.373296446,-2.557720495,-2.557720495,0.6728867343
163.375,-2.532631155,-2.54131518,-2.54131518,0.6392063597
163.4,-2.691543086,-2.525776573,-2.525776573,0.6035588642
163.425,-2.849533162,-2.511153157,-2.511153157,0.5660013261
163.45,-3.006103247,-2.497491864,-2.497491864,0.5266013989
163.475,-3.160757622,-2.484837788,-2.484837788,0.4854376925
163.5,-3.313004447,-2.47323393,-2.47323393,0.4426001411
163.525,-3.462357205,-2.462720888,-2.462720888,0.3981902812
163.55,-3.608336132,-2.453336577,-2.453336577,0.35232147
163.575,-3.750469619,-2.445115931,-2.445115931,0.3051190333
163.6,-3.888295589,-2.438090598,-2.438090598,0.2567202994
163.625,-4.021362842,-2.432288644,-2.432288644,0.207274554
163.65,-4.149232364,-2.427734256,-2.427734256,0.1569428698
163.675,-4.271478598,-2.424447448,-2.424447448,0.1058978177
163.7,-4.387690668,-2.422443782,-2.422443782,0.0543230495
163.725,-4.497473567,-2.421734095,-2.421734095,0.00241273967
163.75,-4.600449286,-2.422324244,-2.422324244,-0.04962912128
163.775,-4.696257891,-2.424214875,-2.424214875,-0.101589583
163.8,-4.784558552,-2.427401206,-2.427401206,-0.1532477502
163.825,-4.865030507,-2.431872847,-2.431872847,-0.2043759517
163.85,-4.937373968,-2.437613646,-2.437613646,-0.2547410717
163.875,-5.001310966,-2.444601567,-2.444601567,-0.3041060336
163.9,-5.056586124,-2.452808618,-2.452808618,-0.3522314207
163.925,-5.102967372,-2.462200808,-2.462200808,-0.3988772419
163.95,-5.140246587,-2.47273816,-2.47273816,-0.4438048141
163.975,-5.168240166,-2.484374767,-2.484374767,-0.4867787391
164,-5.186789523,-2.497058898,-2.497058898,-0.5275689567
164.025,-5.195761521,-2.510733159,-2.510733159,-0.565952849
164.05,-5.195048821,-2.525334708,-2.525334708,-0.60171736
164.075,-5.184570166,-2.540795517,-2.540795517,-0.6346610895
164.1,-5.164270584,-2.557042688,-2.557042688,-0.6645963329
164.125,-5.134121519,-2.573998824,-2.573998824,-0.6913510182
164.15,-5.094120887,-2.59158244,-2.59158244,-0.7147705087
164.175,-5.044293056,-2.60970842,-2.60970842,-0.7347192222
164.2,-4.984688758,-2.628288513,-2.628288513,-0.751082029
164.225,-4.915384916,-2.647231854,-2.647231854,-0.7637653952
164.25,-4.836484411,-2.666445521,-2.666445521,-0.7726982463
164.275,-4.74811577,-2.685835104,-2.685835104,-0.7778325136
164.3,-4.650432784,-2.705305279,-2.705305279,-0.7791433521
164.325,-4.543614064,-2.72476039,-2.72476039,-0.7766290288
164.35,-4.427862521,-2.744105022,-2.744105022,-0.7703104612
164.375,-4.303404784,-2.763244561,-2.763244561,-0.7602304322
164.4,-4.170490562,-2.782085723,-2.782085723,-0.7464524945
164.425,-4.029391928,-2.800537057,-2.800537057,-0.7290595812
164.45,-3.880402566,-2.818509412,-2.818509412,-0.7081523657
164.475,-3.72383694,-2.835916356,-2.835916356,-0.6838474086
164.5,-3.560029427,-2.852674551,-2.852674551,-0.6562751334
164.525,-3.389333387,-2.868704067,-2.868704067,-0.6255776809
164.55,-3.212120188,-2.883928654,-2.883928654,-0.5919066902
164.575,-3.028778192,-2.898275945,-2.898275945,-0.5554210569
164.6,-2.839711687,-2.911677616,-2.911677616,-0.5162847129
164.625,-2.645339793,-2.924069481,-2.924069481,-0.4746644734
164.65,-2.446095318,-2.935391538,-2.935391538,-0.4307279882
164.675,-2.242423596,-2.945587968,-2.945587968,-0.38464183
164.7,-2.034781284,-2.954607082,-2.954607082,-0.3365697475
164.725,-1.823635138,-2.962401235,-2.962401235,-0.2866711016
164.75,-1.60946077,-2.968926697,-2.968926697,-0.2350994981
164.775,-1.392741379,-2.974143493,-2.974143493,-0.1820016231
164.8,-1.173966472,-2.978015219,-2.978015219,-0.127516283
164.825,-0.9536305716,-2.980508833,-2.980508833,-0.0717736425
164.85,-0.732231914,-2.981594434,-2.981594434,-0.01489465199
164.875,-0.5102711446,-2.981245026,-2.981245026,0.04300934825
164.9,-0.2882500102,-2.979436273,-2.979436273,0.1018368636
164.925,-0.06667005543,-2.976146253,-2.976146253,0.1614963376
164.95,0.1539686772,-2.971355207,-2.971355207,0.2219061209
164.975,0.3731689363,-2.965045296,-2.965045296,0.2829943347
165,0.5904375399,-2.957200358,-2.957200358,0.3446986495
165.025,0.8052866364,-2.947805674,-2.947805674,0.4069659956
165.05,1.017234948,-2.936847737,-2.936847737,0.4697522241
165.075,1.22580899,-2.924314038,-2.924314038,0.5330217326
165.1,1.430544269,-2.910192854,-2.910192854,0.5967470716
165.125,1.630986447,-2.894473052,-2.894473052,0.6609085412
165.15,1.82669248,-2.877143897,-2.877143897,0.7254937914
165.175,2.01723172,-2.858194877,-2.858194877,0.7904974334
165.2,2.20218698,-2.837615531,-2.837615531,0.8559206678
165.225,2.381155565,-2.815395287,-2.815395287,0.9217709369
165.25,2.553750251,-2.791523315,-2.791523315,0.9880616042
165.275,2.719600232,-2.76598838,-2.76598838,1.054811666
165.3,2.878352015,-2.738778702,-2.738778702,1.122045484
165.325,3.029670268,-2.709881831,-2.709881831,1.189792567
165.35,3.173238617,-2.679284511,-2.679284511,1.258087357
165.375,3.308760394,-2.646972574,-2.646972574,1.326969074
165.4,3.43595933,-2.612930802,-2.612930802,1.396481537
165.425,3.554580192,-2.577142839,-2.577142839,1.46667309
165.45,3.664389368,-2.539591053,-2.539591053,1.537596408
165.475,3.765175393,-2.500256445,-2.500256445,1.609308463
165.5,3.856749412,-2.459118549,-2.459118549,1.681870401
165.525,3.938945592,-2.416155302,-2.416155302,1.75534737
165.55,4.01162147,-2.371342978,-2.371342978,1.829808493
165.575,4.07465824,-2.324656071,-2.324656071,1.905326602
165.6,4.127960977,-2.276067204,-2.276067204,1.98197808
165.625,4.171458812,-2.225547058,-2.225547058,2.059842606
165.65,4.205105026,-2.173064278,-2.173064278,2.139002725
165.675,4.228877104,-2.118585417,-2.118585417,2.219543488
165.7,4.242776711,-2.062074875,-2.062074875,2.301551758
165.725,4.246829618,-2.003494866,-2.003494866,2.385115522
165.75,4.241085562,-1.942805401,-1.942805401,2.470322902
165.775,4.225618052,-1.879964299,-1.879964299,2.557260885
165.8,4.200524111,-1.814927228,-1.814927228,2.646013997
165.825,4.165923964,-1.747647805,-1.747647805,2.736662124
165.85,4.121960665,-1.678077717,-1.678077717,2.829278586
165.875,4.068799675,-1.606166938,-1.606166938,2.923927117
165.9,4.006628378,-1.531864,-1.531864,3.020658569
165.925,3.935655552,-1.455116361,-1.455116361,3.119506993
165.95,3.85611078,-1.375870899,-1.375870899,3.220484673
165.975,3.76824382,-1.294074499,-1.294074499,3.323576729
166,3.672323919,-1.209674836,-1.209674836,3.428734354
166.025,3.568639089,-1.122621308,-1.122621308,3.535867264
166.05,3.457495329,-1.032866166,-1.032866166,3.644835019
166.075,3.339215815,-0.9403659182,-0.9403659182,3.755436984
166.1,3.214140042,-0.8450829411,-0.8450829411,3.867401455
166.125,3.082622935,-0.7469874227,-0.7469874227,3.980373389
166.15,2.945033916,-0.6460596062,-0.6460596062,4.093901364
166.175,2.801755944,-0.5422923662,-0.5422923662,4.207423837
166.2,2.653184527,-0.4356941367,-0.4356941367,4.320255156
166.225,2.499726696,-0.3262921883,-0.3262921883,4.431571925
166.25,2.341799961,-0.2141362299,-0.2141362299,4.5404006
166.275,2.179831241,-0.0993022943,-0.0993022943,4.645607349
166.3,2.014255774,0.01810316334,0.01810316334,4.745891536
166.325,1.845516011,0.1379390667,0.1379390667,4.839784381
166.35,1.674060488,0.2600255685,0.2600255685,4.92565458
166.375,1.500342697,0.3841401467,0.3841401467,5.001722726
166.4,1.324819933,0.5100141912,0.5100141912,5.066086327
166.425,1.14795215,0.6373303647,0.6373303647,5.116756915
166.45,0.9702007968,0.765721052,0.765721052,5.151710202
166.475,0.7920276637,0.8947682279,0.8947682279,5.168949267
166.5,0.6138937242,1.024005058,1.024005058,5.166579707
166.525,0.4362579825,1.152919502,1.152919502,5.1428941
166.55,0.259576328,1.280960104,1.280960104,5.096461621
166.575,0.08430039845,1.407544026,1.407544026,5.026217136
166.6,-0.08912354363,1.532067237,1.532067237,4.931542956
166.625,-0.2602557204,1.653916575,1.653916575,4.812335827
166.65,-0.4286639304,1.772483227,1.772483227,4.669052045
166.675,-0.5939246199,1.887176992,1.887176992,4.502724838
166.7,-0.7556239324,1.997440598,1.997440598,4.314950308
166.725,-0.9133587321,2.102763262,2.102763262,4.107841131
166.75,-1.0667376,2.202692712,2.202692712,3.883950372
166.775,-1.215381802,2.296844979,2.296844979,3.646170926
166.8,-1.358926221,2.384911457,2.384911457,3.397618474
166.825,-1.497020257,2.466662919,2.466662919,3.141507041
166.85,-1.629328692,2.541950442,2.541950442,2.881026995
166.875,-1.755532516,2.61070339,2.61070339,2.619233742
166.9,-1.875329706,2.672924827,2.672924827,2.358954063
166.925,-1.988435971,2.728684858,2.728684858,2.102714335
166.95,-2.094585451,2.778112465,2.778112465,1.852692524
166.975,-2.193531365,2.821386445,2.821386445,1.610693444
167,-2.285046616,2.858725993,2.858725993,1.378144968
167.025,-2.368924348,2.890381413,2.890381413,1.156111679
167.05,-2.444978444,2.916625355,2.916625355,0.9453217686
167.075,-2.513043987,2.937744834,2.937744834,0.7462030057
167.1,-2.572977653,2.954034229,2.954034229,0.5589238049
167.125,-2.624658058,2.965789335,2.965789335,0.3834361449
167.15,-2.667986053,2.973302483,2.973302483,0.2195176795
167.175,-2.702884952,2.976858679,2.976858679,0.06681116952
167.2,-2.729300717,2.976732689,2.976732689,-0.07513996913
167.225,-2.747202078,2.973186946,2.973186946,-0.2068606852
167.25,-2.756580595,2.966470188,2.966470188,-0.3289180761
167.275,-2.757450669,2.956816673,2.956816673,-0.4418998376
167.3,-2.749849488,2.944445897,2.944445897,-0.5463970524
167.325,-2.733836922,2.929562677,2.929562677,-0.6429908651
167.35,-2.709495352,2.912357531,2.912357531,-0.7322425336
167.375,-2.676929452,2.893007273,2.893007273,-0.8146863269
167.4,-2.636265903,2.87167575,2.87167575,-0.8908247777
167.425,-2.587653059,2.84851467,2.84851467,-0.9611258232
167.45,-2.531260554,2.823664494,2.823664494,-1.026021435
167.475,-2.467278851,2.797255335,2.797255335,-1.085907394
167.5,-2.395918743,2.76940786,2.76940786,-1.141143909
167.525,-2.317410795,2.74023416,2.74023416,-1.192056861
167.55,-2.232004737,2.709838595,2.709838595,-1.238939455
167.575,-2.139968805,2.678318579,2.678318579,-1.282054159
167.6,-2.041589037,2.64576533,2.64576533,-1.321634785
167.625,-1.937168513,2.612264556,2.612264556,-1.357888648
167.65,-1.827026557,2.57789709,2.57789709,-1.390998724
167.675,-1.711497889,2.542739473,2.542739473,-1.421125766
167.7,-1.590931742,2.506864483,2.506864483,-1.448410343
167.725,-1.465690928,2.470341618,2.470341618,-1.472974795
167.75,-1.336150878,2.433237524,2.433237524,-1.494925071
167.775,-1.202698636,2.395616385,2.395616385,-1.514352464
167.8,-1.065731825,2.35754027,2.35754027,-1.531335238
167.825,-0.9256575821,2.319069436,2.319069436,-1.545940144
167.85,-0.7828914629,2.280262604,2.280262604,-1.55822384
167.875,-0.6378563201,2.241177187,2.241177187,-1.568234215
167.9,-0.4909811614,2.201869499,2.201869499,-1.576011621
167.925,-0.3426999846,2.162394929,2.162394929,-1.581590042
167.95,-0.1934505968,2.122808082,2.122808082,-1.584998183
167.975,-0.0436734185,2.083162901,2.083162901,-1.586260484
168,0.1061897239,2.043512763,2.043512763,-1.585398115
168.025,0.2556968136,2.003910544,2.003910544,-1.582429875
168.05,0.4044068649,1.964408673,1.964408673,-1.577373082
168.075,0.5518811458,1.925059155,1.925059155,-1.570244414
168.1,0.6976844016,1.885913578,1.885913578,-1.561060692
168.125,0.8413860718,1.847023099,1.847023099,-1.549839677
168.15,0.9825615024,1.808438411,1.808438411,-1.53660077
168.175,1.120793145,1.770209695,1.770209695,-1.521365754
168.2,1.255671746,1.732386551,1.732386551,-1.504159431
168.225,1.386797512,1.695017915,1.695017915,-1.485010295
168.25,1.513781264,1.658151955,1.658151955,-1.463951117
168.275,1.636245562,1.621835964,1.621835964,-1.441019527
168.3,1.753825804,1.586116225,1.586116225,-1.416258548
168.325,1.866171296,1.551037876,1.551037876,-1.389717082
168.35,1.972946296,1.51664475,1.51664475,-1.361450365
168.375,2.073831005,1.48297922,1.48297922,-1.331520353
168.4,2.168522544,1.45008202,1.45008202,-1.299996083
168.425,2.256735866,1.417992067,1.417992067,-1.266953945
168.45,2.338204642,1.386746274,1.386746274,-1.232477926
168.475,2.412682088,1.356379357,1.356379357,-1.19665976
168.5,2.479941751,1.326923643,1.326923643,-1.159599041
168.525,2.539778239,1.298408866,1.298408866,-1.12140324
168.55,2.592007899,1.270861981,1.270861981,-1.08218767
168.575,2.636469436,1.244306958,1.244306958,-1.042075367
168.6,2.673024477,1.218764599,1.218764599,-1.001196909
168.625,2.701558071,1.19425235,1.19425235,-0.9596901427
168.65,2.721979134,1.170784123,1.170784123,-0.9176998654
168.675,2.73422082,1.148370127,1.148370127,-0.8753774018
168.7,2.738240834,1.127016711,1.127016711,-0.8328801553
168.725,2.734021677,1.106726219,1.106726219,-0.7903710345
168.75,2.721570825,1.087496861,1.087496861,-0.7480179023
168.775,2.700920829,1.069322591,1.069322591,-0.705992846
168.8,2.672129365,1.052193021,1.052193021,-0.6644715572
168.825,2.635279193,1.036093329,1.036093329,-0.6236324737
168.85,2.590478057,1.021004209,1.021004209,-0.5836560524
168.875,2.537858514,1.006901824,1.006901824,-0.5447239037
168.9,2.47757769,0.9937577957,0.9937577957,-0.5070179024
168.925,2.409816959,0.9815391999,0.9815391999,-0.470719346
168.95,2.334781566,0.9702086012,0.9702086012,-0.4360079772
168.975,2.252700165,0.9597240956,0.9597240956,-0.4030611389
169,2.163824296,0.9500393891,0.9500393891,-0.3720527796
169.025,2.068427795,0.941103887,0.941103887,-0.343152595
169.05,1.966806128,0.9328628187,0.9328628187,-0.3165250695
169.075,1.859275671,0.9252573727,0.9252573727,-0.2923286223
169.1,1.746172914,0.918224864,0.918224864,-0.2707147169
169.125,1.627853613,0.9116989161,0.9116989161,-0.2518270405
169.15,1.504691873,0.9056096647,0.9056096647,-0.2358007088
169.175,1.377079175,0.8998839853,0.8998839853,-0.2227615111
169.2,1.245423351,0.8944457286,0.8944457286,-0.2128252321
169.225,1.110147497,0.8892159866,0.8892159866,-0.2060970016
169.25,0.9716888431,0.884113359,0.884113359,-0.2026707442
169.275,0.8304975684,0.8790542441,0.8790542441,-0.2026286752
169.3,0.6870355741,0.8739531363,0.8739531363,-0.2060408887
169.325,0.5417752137,0.8687229303,0.8687229303,-0.2129650231
169.35,0.3951979837,0.8632752408,0.8632752408,-0.2234460075
169.375,0.2477931785,0.857520719,0.857520719,-0.237515899
169.4,0.1000565141,0.8513693756,0.8513693756,-0.2551938028
169.425,-0.0475112781,0.8447309069,0.8447309069,-0.276485878
169.45,-0.1944058804,0.837515016,0.837515016,-0.3013854249
169.475,-0.3401208402,0.8296317317,0.8296317317,-0.3298730473
169.5,-0.4841490371,0.8209917249,0.8209917249,-0.3619168863
169.525,-0.6259841632,0.8115066158,0.8115066158,-0.3974729131
169.55,-0.7651222121,0.8010892735,0.8010892735,-0.4364852705
169.575,-0.9010629713,0.7896541073,0.7896541073,-0.478886653
169.6,-1.033311516,0.7771173488,0.7771173488,-0.5245987102
169.625,-1.161379698,0.7633973218,0.7633973218,-0.573532453
169.65,-1.284787626,0.7484147029,0.7484147029,-0.6255886531
169.675,-1.403065134,0.732092775,0.732092775,-0.6806582145
169.7,-1.515753228,0.7143576672,0.7143576672,-0.7386224928
169.725,-1.622405522,0.6951385911,0.6951385911,-0.7993535531
169.75,-1.722589634,0.6743680727,0.6743680727,-0.8627143391
169.775,-1.815888563,0.651982175,0.651982175,-0.9285587388
169.8,-1.901902029,0.6279207296,0.6279207296,-0.9967315265
169.825,-1.980247768,0.6021275641,0.6021275641,-1.067068165
169.85,-2.050562797,0.5745507379,0.5745507379,-1.139394462
169.875,-2.11250462,0.5451427941,0.5451427941,-1.213526036
169.9,-2.165752392,0.5138610161,0.5138610161,-1.289267648
169.925,-2.210008028,0.4806677158,0.4806677158,-1.366412303
169.95,-2.244997249,0.4455305369,0.4455305369,-1.444740207
169.975,-2.270470574,0.4084227891,0.4084227891,-1.524017534
170,-2.286204241,0.3693238207,0.3693238207,-1.603995011
170.025,-2.292001067,0.3282194179,0.3282194179,-1.684406389
170.05,-2.287691232,0.2851022538,0.2851022538,-1.764966758
170.075,-2.273132991,0.2399723763,0.2399723763,-1.845370802
170.1,-2.248213314,0.1928377392,0.1928377392,-1.925291021
170.125,-2.21284844,0.1437147788,0.1437147788,-2.004375977
170.15,-2.166984355,0.09262903502,0.09262903502,-2.082248647
170.175,-2.110597191,0.03961580788,0.03961580788,-2.158504989
170.2,-2.043693532,-0.01527915129,-0.01527915129,-2.232712797
170.225,-1.966310641,-0.07199892655,-0.07199892655,-2.304411002
170.25,-1.878516597,-0.1304747119,-0.1304747119,-2.373109523
170.275,-1.780410345,-0.190625092,-0.190625092,-2.438289834
170.3,-1.672121655,-0.2523553461,-0.2523553461,-2.49940639
170.325,-1.553810998,-0.3155568013,-0.3155568013,-2.555889048
170.35,-1.425669319,-0.3801062608,-0.3801062608,-2.60714666
170.375,-1.28791774,-0.4458655346,-0.4458655346,-2.652571927
170.4,-1.140807152,-0.5126811114,-0.5126811114,-2.691547601
170.425,-0.9846177367,-0.5803840027,-0.5803840027,-2.723454093
170.45,-0.8196583903,-0.6487897936,-0.6487897936,-2.747678495
170.475,-0.6462660615,-0.7176989359,-0.7176989359,-2.763624876
170.5,-0.4648050066,-0.7868973132,-0.7868973132,-2.770725703
170.525,-0.2756659598,-0.856157103,-0.856157103,-2.76845414
170.55,-0.07926522109,-0.9252379541,-0.9252379541,-2.756336843
170.575,0.1239563355,-0.993888484,-0.993888484,-2.733966813
170.6,0.3335343303,-1.061848095,-1.061848095,-2.701015792
170.625,0.5489820218,-1.128849086,-1.128849086,-2.657245613
170.65,0.7697915221,-1.194619033,-1.194619033,-2.602517932
170.675,0.9954350807,-1.258883381,-1.258883381,-2.536801754
170.7,1.225366434,-1.321368195,-1.321368195,-2.460178242
170.725,1.459022216,-1.381802992,-1.381802992,-2.372842399
170.75,1.695823428,-1.439923575,-1.439923575,-2.275101358
170.775,1.93517696,-1.495474773,-1.495474773,-2.167369176
170.8,2.176477168,-1.548213019,-1.548213019,-2.050158226
170.825,2.419107485,-1.597908665,-1.597908665,-1.924067463
170.85,2.662442087,-1.644347972,-1.644347972,-1.789768021
170.875,2.905847584,-1.687334708,-1.687334708,-1.64798676
170.9,3.148684751,-1.726691329,-1.726691329,-1.499488417
170.925,3.390310279,-1.762259687,-1.762259687,-1.34505712
170.95,3.630078552,-1.793901291,-1.793901291,-1.185478112
170.975,3.867343436,-1.821497111,-1.821497111,-1.021520267
171,4.101460087,-1.844946964,-1.844946964,-0.8539200295
171.025,4.331786756,-1.864168525,-1.864168525,-0.6833673095
171.05,4.557686601,-1.879096008,-1.879096008,-0.5104936496
171.075,4.778529494,-1.889678586,-1.889678586,-0.3358628397
171.1,4.993693814,-1.895878605,-1.895878605,-0.1599640471
171.125,5.202568226,-1.897669662,-1.897669662,0.0167926096
171.15,5.404553446,-1.89503459,-1.89503459,0.1940782163
171.175,5.599063972,-1.887963428,-1.887963428,0.3716451915
171.2,5.785529786,-1.876451405,-1.876451405,0.5493256743
171.225,5.963398022,-1.860496978,-1.860496978,0.727028481
171.25,6.132134593,-1.84009997,-1.84009997,0.9047349294
171.275,6.291225766,-1.815259813,-1.815259813,1.082493798
171.3,6.440179695,-1.785973937,-1.785973937,1.260415665
171.325,6.57852789,-1.752236299,-1.752236299,1.438666847
171.35,6.70582663,-1.714036067,-1.714036067,1.617462953
171.375,6.82165831,-1.671356468,-1.671356468,1.797062229
171.4,6.925632719,-1.624173819,-1.624173819,1.977758763
171.425,7.017388246,-1.572456704,-1.572456704,2.159875057
171.45,7.096593006,-1.516165374,-1.516165374,2.343754662
171.475,7.16294589,-1.455251314,-1.455251314,2.529753427
171.5,7.216177526,-1.389657042,-1.389657042,2.718230906
171.525,7.25605116,-1.319316178,-1.319316178,2.909538722
171.55,7.282363439,-1.244153738,-1.244153738,3.104009614
171.575,7.294945106,-1.164086837,-1.164086837,3.301941908
171.6,7.293661601,-1.079025719,-1.079025719,3.50358286
171.625,7.278413564,-0.9888752988,-0.9888752988,3.709107951
171.65,7.249137237,-0.8935372587,-0.8935372587,3.918596189
171.675,7.20580477,-0.7929128074,-0.7929128074,4.132001061
171.7,7.14842442,-0.6869062338,-0.6869062338,4.349116124
171.725,7.077040656,-0.5754294012,-0.5754294012,4.569535039
171.75,6.991734155,-0.4584072983,-0.4584072983,4.792606088
171.775,6.892621693,-0.335784796,-0.335784796,5.0173815
171.8,6.779855943,-0.2075347272,-0.2075347272,5.242562778
171.825,6.65362516,-0.0736673602,-0.0736673602,5.466444243
171.85,6.514152767,0.06575873219,0.06575873219,5.686858357
171.875,6.361696847,0.2106245053,0.2106245053,5.901127981
171.9,6.196549525,0.3607372451,0.3607372451,6.106032676
171.925,6.019036258,0.515816793,0.515816793,6.297797979
171.95,5.829515029,0.6754818988,0.6754818988,6.472118156
171.975,5.628375449,0.8392376763,0.8392376763,6.624223706
172,5.41603776,1.006465419,1.006465419,6.749004027
172.025,5.192951759,1.176416256,1.176416256,6.841192695
172.05,4.95959563,1.348210241,1.348210241,6.895617018
172.075,4.716474698,1.52084243,1.52084243,6.907504984
172.1,4.464120105,1.693197173,1.693197173,6.872831704
172.125,4.203087406,1.864071258,1.864071258,6.78867559
172.15,3.933955104,2.032205696,2.032205696,6.653545268
172.175,3.657323107,2.196324824,2.196324824,6.467632493
172.2,3.373811136,2.355180394,2.355180394,6.232949534
172.225,3.084057066,2.507597287,2.507597287,5.953320427
172.25,2.788715222,2.652517068,2.652517068,5.634214716
172.275,2.488454624,2.789035492,2.789035492,5.282435877
172.3,2.183957192,2.916430759,2.916430759,4.905698909
172.325,1.875915916,3.034180336,3.034180336,4.512147688
172.35,1.565032992,3.141965562,3.141965562,4.109869943
172.375,1.252017933,3.239664654,3.239664654,3.706462387
172.4,0.937585668,3.327335907,3.327335907,3.308685818
172.425,0.6224546124,3.405193637,3.405193637,2.922232262
172.45,0.3073447451,3.473579763,3.473579763,2.551607562
172.475,-0.007024326011,3.53293379,3.53293379,2.200117958
172.5,-0.319935292,3.583763535,3.583763535,1.869939442
172.525,-0.6306750623,3.62661836,3.62661836,1.562244504
172.55,-0.9385366688,3.662066044,3.662066044,1.277361289
172.575,-1.242821151,3.690673783,3.690673783,1.014944145
172.6,-1.542839411,3.712993451,3.712993451,0.774139229
172.625,-1.837914044,3.72955081,3.72955081,0.5537346893
172.65,-2.127381123,3.740838213,3.740838213,0.3522894091
172.675,-2.41059195,3.747310242,3.747310242,0.1682382112
172.7,-2.686914748,3.749381676,3.749381676,-2.59965063e-05
172.725,-2.955736316,3.747427251,3.747427251,-0.1540910047
172.75,-3.216463611,3.741782717,3.741782717,-0.2954820504
172.775,-3.468525279,3.732746783,3.732746783,-0.4256333036
172.8,-3.711373113,3.720583632,3.720583632,-0.5458709758
172.825,-3.944483444,3.70552573,3.70552573,-0.6574052558
172.85,-4.167358454,3.687776761,3.687776761,-0.7613286983
172.875,-4.379527412,3.66751454,3.66751454,-0.8586191217
172.9,-4.58054783,3.644893811,3.644893811,-0.9501454906
172.925,-4.770006528,3.620048875,3.620048875,-1.036675611
172.95,-4.947520617,3.593096015,3.593096015,-1.118884773
172.975,-5.112738386,3.564135692,3.564135692,-1.197364727
173,-5.265340098,3.533254528,3.533254528,-1.272632556
173.025,-5.405038691,3.500527059,3.500527059,-1.345139161
173.05,-5.531580378,3.466017294,3.466017294,-1.415277198
173.075,-5.644745151,3.429780077,3.429780077,-1.483388367
173.1,-5.744347187,3.391862278,3.391862278,-1.549769999
173.125,-5.830235148,3.352303823,3.352303823,-1.614680971
173.15,-5.902292385,3.311138596,3.311138596,-1.678346949
173.175,-5.960437034,3.268395202,3.268395202,-1.740965016
173.2,-6.004622016,3.224097634,3.224097634,-1.802707709
173.225,-6.034834937,3.178265843,3.178265843,-1.863726555
173.25,-6.051097881,3.130916221,3.130916221,-1.924155109
173.275,-6.053467107,3.082062018,3.082062018,-1.98411159
173.3,-6.042032655,3.031713697,3.031713697,-2.043701121
173.325,-6.016917845,2.979879235,2.979879235,-2.10301764
173.35,-5.978278689,2.926564384,2.926564384,-2.16214551
173.375,-5.926303206,2.871772895,2.871772895,-2.221160847
173.4,-5.861210658,2.815506703,2.815506703,-2.280132618
173.425,-5.783250687,2.757766103,2.757766103,-2.339123504
173.45,-5.692702377,2.698549892,2.698549892,-2.398190565
173.475,-5.589873234,2.637855506,2.637855506,-2.457385707
173.5,-5.47509809,2.575679146,2.575679146,-2.516755962
173.525,-5.348737934,2.512015895,2.512015895,-2.576343607
173.55,-5.211178679,2.446859841,2.446859841,-2.636186084
173.575,-5.062829857,2.380204196,2.380204196,-2.696315746
173.6,-4.904123262,2.312041435,2.312041435,-2.756759437
173.625,-4.735511536,2.242363433,2.242363433,-2.817537858
173.65,-4.557466703,2.171161636,2.171161636,-2.878664735
173.675,-4.370478664,2.098427242,2.098427242,-2.940145804
173.7,-4.17505364,2.024151421,2.024151421,-3.001977494
173.725,-3.971712596,1.948325561,1.948325561,-3.064145474
173.75,-3.760989624,1.870941566,1.870941566,-3.12662281
173.775,-3.543430302,1.791992184,1.791992184,-3.189367972
173.8,-3.319590045,1.711471417,1.711471417,-3.252322447
173.825,-3.090032427,1.629374963,1.629374963,-3.315408105
173.85,-2.855327507,1.545700749,1.545700749,-3.378524269
173.875,-2.616050151,1.460449542,1.460449542,-3.441544395
173.9,-2.372778345,1.37362562,1.37362562,-3.504312619
173.925,-2.126091535,1.285237575,1.285237575,-3.566639836
173.95,-1.876568964,1.195299178,1.195299178,-3.628299768
173.975,-1.624788036,1.103830364,1.103830364,-3.689024754
174,-1.371322705,1.010858328,1.010858328,-3.748501541
174.025,-1.116741881,0.9164186994,0.9164186994,-3.806367211
174.05,-0.8616078875,0.8205568473,0.8205568473,-3.86220531
174.075,-0.6064749417,0.7233292576,0.7233292576,-3.915542509
174.1,-0.3518876858,0.6248049863,0.6248049863,-3.965846022
174.125,-0.0983797627,0.525067169,0.525067169,-4.012522063
174.15,0.1535275558,0.4242145527,0.4242145527,-4.05491574
174.175,0.4033266859,0.322363005,0.322363005,-4.092312736
174.2,0.6505249897,0.2196469564,0.2196469564,-4.123943198
174.225,0.8946459694,0.1162207128,0.1162207128,-4.148988216
174.25,1.135230397,0.01225957152,0.01225957152,-4.16658924
174.275,1.371837373,-0.09203933965,-0.09203933965,-4.175860757
174.3,1.604045313,-0.1964565811,-0.1964565811,-4.175906321
174.325,1.831452866,-0.3007503646,-0.3007503646,-4.165837981
174.35,2.053679743,-0.4046570412,-0.4046570412,-4.144798844
174.375,2.270367482,-0.5078921885,-0.5078921885,-4.111988299
174.4,2.481180121,-0.6101523533,-0.6101523533,-4.066689123
174.425,2.685804794,-0.7111174849,-0.7111174849,-4.008295413
174.45,2.883952246,-0.8104540643,-0.8104540643,-3.93634003
174.475,3.075357259,-0.9078188964,-0.9078188964,-3.850520042
174.5,3.259778999,-1.002863498,-1.002863498,-3.750718548
174.525,3.437001274,-1.095238967,-1.095238967,-3.637021301
174.55,3.606832713,-1.184601192,-1.184601192,-3.50972672
174.575,3.769106852,-1.270616212,-1.270616212,-3.369348189
174.6,3.92368215,-1.352965533,-1.352965533,-3.216608011
174.625,4.070441909,-1.43135119,-1.43135119,-3.052422919
174.65,4.20929412,-1.505500338,-1.505500338,-2.877881638
174.675,4.340171232,-1.575169202,-1.575169202,-2.694215582
174.7,4.463029835,-1.64014622,-1.64014622,-2.502764199
174.725,4.577850273,-1.700254271,-1.700254271,-2.304936907
174.75,4.684636182,-1.755351934,-1.755351934,-2.102173645
174.775,4.783413957,-1.805333763,-1.805333763,-1.895906246
174.8,4.874232151,-1.85012963,-1.85012963,-1.687522282
174.825,4.957160808,-1.889703197,-1.889703197,-1.478333103
174.85,5.032290735,-1.924049681,-1.924049681,-1.269547306
174.875,5.099732713,-1.953193006,-1.953193006,-1.062250105
174.9,5.159616656,-1.977182527,-1.977182527,-0.857388966
174.925,5.212090718,-1.996089474,-1.996089474,-0.6557653152
174.95,5.257320349,-2.010003252,-2.010003252,-0.4580318159
174.975,5.295487312,-2.01902774,-2.01902774,-0.2646944852
175,5.326788657,-2.023277693,-2.023277693,-0.07611876403
175.025,5.351435664,-2.022875341,-2.022875341,0.107461384
175.05,5.369652751,-2.017947231,-2.017947231,0.2859322214
175.075,5.381676358,-2.008621384,-2.008621384,0.4592876995
175.1,5.387753807,-1.995024759,-1.995024759,0.6276163326
175.125,5.388142147,-1.97728106,-1.97728106,0.7910880795
175.15,5.383106988,-1.955508856,-1.955508856,0.9499416827
175.175,5.372921316,-1.92982001,-1.92982001,1.104472792
175.2,5.35786432,-1.900318399,-1.900318399,1.25502308
175.225,5.338220203,-1.867098888,-1.867098888,1.401970455
175.25,5.314277014,-1.830246527,-1.830246527,1.545720391
175.275,5.286325475,-1.789835972,-1.789835972,1.686698344
175.3,5.254657833,-1.745931056,-1.745931056,1.825343142
175.325,5.219566718,-1.698584538,-1.698584538,1.962101246
175.35,5.181344038,-1.647837973,-1.647837973,2.097421691
175.375,5.140279885,-1.593721706,-1.593721706,2.231751527
175.4,5.096661479,-1.536254975,-1.536254975,2.365531613
175.425,5.050772143,-1.475446114,-1.475446114,2.499192529
175.45,5.002890318,-1.41129287,-1.41129287,2.633150298
175.475,4.953288607,-1.343782811,-1.343782811,2.767801949
175.5,4.902232882,-1.272893874,-1.272893874,2.903520323
175.525,4.849981413,-1.198595039,-1.198595039,3.040648193
175.55,4.796784069,-1.120847157,-1.120847157,3.179491339
175.575,4.742881553,-1.039603993,-1.039603993,3.320310088
175.6,4.688504697,-0.9548134622,-0.9548134622,3.463309596
175.625,4.633873819,-0.8664191662,-0.8664191662,3.608627914
175.65,4.579198122,-0.7743622396,-0.7743622396,3.756322185
175.675,4.524675171,-0.6785835594,-0.6785835594,3.906352529
175.7,4.470490412,-0.5790264043,-0.5790264043,4.058563446
175.725,4.416816768,-0.4756396047,-0.4756396047,4.212662862
175.75,4.363814283,-0.3683812371,-0.3683812371,4.368198994
175.775,4.311629841,-0.2572229274,-0.2572229274,4.524535413
175.8,4.260396941,-0.1421547903,-0.1421547903,4.6808251
175.825,4.210235534,-0.02319101726,-0.02319101726,4.835984714
175.85,4.16125193,0.09962391035,0.09962391035,4.988670768
175.875,4.113538758,0.226208463,0.226208463,5.137260056
175.9,4.067174992,0.3564368946,0.3564368946,5.279837269
175.925,4.022226042,0.4901318955,0.4901318955,5.414193374
175.95,3.978743892,0.6270573769,0.6270573769,5.537838765
175.975,3.936767311,0.7669118152,0.7669118152,5.648035389
176,3.896322108,0.9093226765,0.9093226765,5.741851761
176.025,3.857421446,1.053842536,1.053842536,5.816243767
176.05,3.820066208,1.199947552,1.199947552,5.868162464
176.075,3.784245417,1.347038966,1.347038966,5.894687448
176.1,3.749936691,1.494448204,1.494448204,5.893180915
176.125,3.717106757,1.641446002,1.641446002,5.861453662
176.15,3.685712,1.787255709,1.787255709,5.797930603
176.175,3.655699046,1.931070559,1.931070559,5.701800432
176.2,3.627005395,2.072074318,2.072074318,5.573132697
176.225,3.599560069,2.209464275,2.209464275,5.412946806
176.25,3.573284304,2.34247524,2.34247524,5.22322107
176.275,3.548092258,2.470402948,2.470402948,5.006836016
176.3,3.523891747,2.592625229,2.592625229,4.767453864
176.325,3.500584996,2.708619466,2.708619466,4.509343854
176.35,3.478069406,2.817975175,2.817975175,4.237169729
176.375,3.456238334,2.920401005,2.920401005,3.955759802
176.4,3.434981876,3.015726001,3.015726001,3.669881179
176.425,3.41418766,3.103895473,3.103895473,3.384037114
176.45,3.393741637,3.184962253,3.184962253,3.102302239
176.475,3.373528862,3.259074398,3.259074398,2.828204121
176.5,3.353434278,3.326460536,3.326460536,2.564653609
176.525,3.333343483,3.387414068,3.387414068,2.313920986
176.55,3.313143485,3.44227727,3.44227727,2.077651076
176.575,3.292723438,3.491426161,3.491426161,1.85690839
176.6,3.271975355,3.535256786,3.535256786,1.65224264
176.625,3.250794806,3.574173297,3.574173297,1.463765623
176.65,3.229081576,3.608578005,3.608578005,1.291231954
176.675,3.206740301,3.638863446,3.638863446,1.134117668
176.7,3.18368107,3.665406338,3.665406338,0.9916926784
176.725,3.159819988,3.688563246,3.688563246,0.8630846605
176.75,3.135079705,3.708667721,3.708667721,0.7473331879
176.775,3.109389903,3.726028677,3.726028677,0.6434340184
176.8,3.082687738,3.740929744,3.740929744,0.5503740519
176.825,3.054918242,3.753629401,3.753629401,0.4671579117
176.85,3.026034677,3.764361671,3.764361671,0.3928272985
176.875,2.995998839,3.773337229,3.773337229,0.3264743165
176.9,2.964781319,3.780744774,3.780744774,0.2672499219
176.925,2.932361707,3.786752566,3.786752566,0.214368539
176.95,2.898728754,3.791510038,3.791510038,0.1671097509
176.975,2.863880473,3.795149426,3.795149426,0.1248178289
177,2.827824197,3.797787361,3.797787361,0.08689972443
177.025,2.79057658,3.7995264,3.7995264,0.05282202179
177.05,2.752163551,3.800456472,3.800456472,0.02210723995
177.075,2.712620212,3.800656227,3.800656227,-0.005670223243
177.1,2.671990689,3.800194277,3.800194277,-0.03088828393
177.125,2.630327932,3.799130343,3.799130343,-0.05388134617
177.15,2.587693465,3.797516284,3.797516284,-0.07494434691
177.175,2.544157094,3.79539704,3.79539704,-0.09433660036
177.2,2.49979656,3.792811475,3.792811475,-0.1122853974
177.225,2.454697158,3.789793137,3.789793137,-0.128989337
177.25,2.408951304,3.786370934,3.786370934,-0.1446213822
177.275,2.362658071,3.782569743,3.782569743,-0.1593316417
177.3,2.315922675,3.778410947,3.778410947,-0.173249889
177.325,2.268855941,3.773912914,3.773912914,-0.1864878319
177.35,2.22157372,3.769091423,3.769091423,-0.1991411495
177.375,2.174196288,3.763960046,3.763960046,-0.2112913168
177.4,2.12684771,3.758530473,3.758530473,-0.2230072334
177.425,2.079655181,3.752812819,3.752812819,-0.234346677
177.45,2.03274835,3.746815875,3.746815875,-0.2453575978
177.475,1.98625862,3.740547347,3.740547347,-0.2560792711
177.5,1.940318435,3.734014056,3.734014056,-0.2665433237
177.525,1.895060557,3.727222119,3.727222119,-0.2767746481
177.55,1.850617336,3.720177104,3.720177104,-0.2867922168
177.575,1.807119967,3.712884173,3.712884173,-0.2966098094
177.6,1.764697759,3.705348202,3.705348202,-0.3062366615
177.625,1.723477396,3.697573884,3.697573884,-0.3156780462
177.65,1.683582206,3.689565829,3.689565829,-0.3249357951
177.675,1.645131443,3.681328634,3.681328634,-0.3340087674
177.7,1.608239577,3.67286696,3.67286696,-0.3428932719
177.725,1.573015606,3.664185589,3.664185589,-0.3515834498
177.75,1.53956238,3.655289471,3.655289471,-0.3600716207
177.775,1.507975955,3.646183768,3.646183768,-0.3683485988
177.8,1.478344965,3.636873887,3.636873887,-0.3764039814
177.825,1.450750036,3.62736551,3.62736551,-0.3842264132
177.85,1.425263215,3.617664608,3.617664608,-0.3918038307
177.875,1.401947448,3.607777464,3.607777464,-0.3991236873
177.9,1.380856088,3.597710677,3.597710677,-0.4061731631
177.925,1.362032448,3.587471167,3.587471167,-0.4129393598
177.95,1.345509389,3.577066176,3.577066176,-0.4194094834
177.975,1.331308962,3.566503264,3.566503264,-0.4255710161
178,1.319442088,3.555790298,3.555790298,-0.4314118776
178.025,1.309908291,3.544935439,3.544935439,-0.4369205777
178.05,1.302695485,3.533947127,3.533947127,-0.4420863612
178.075,1.297779799,3.522834061,3.522834061,-0.4468993447
178.1,1.295125471,3.511605174,3.511605174,-0.4513506469
178.125,1.294684784,3.500269608,3.500269608,-0.4554325126
178.15,1.296398062,3.488836682,3.488836682,-0.4591384297
178.175,1.300193715,3.477315862,3.477315862,-0.4624632413
178.2,1.30598835,3.465716727,3.465716727,-0.465403251
178.225,1.313686922,3.454048925,3.454048925,-0.4679563226
178.25,1.323182954,3.44232214,3.44232214,-0.4701219741
178.275,1.334358802,3.430546045,3.430546045,-0.4719014649
178.3,1.34708598,3.418730259,3.418730259,-0.4732978772
178.325,1.361225529,3.406884302,3.406884302,-0.4743161906
178.35,1.376628453,3.395017543,3.395017543,-0.4749633498
178.375,1.393136185,3.383139153,3.383139153,-0.4752483249
178.4,1.410581121,3.371258054,3.371258054,-0.4751821638
178.425,1.428787191,3.359382862,3.359382862,-0.4747780372
178.45,1.44757047,3.347521841,3.347521841,-0.474051274
178.475,1.466739848,3.335682842,3.335682842,-0.4730193887
178.5,1.486097721,3.323873251,3.323873251,-0.4717020983
178.525,1.505440737,3.312099933,3.312099933,-0.4701213306
178.55,1.524560561,3.300369179,3.300369179,-0.4683012207
178.575,1.543244686,3.288686648,3.288686648,-0.4662680979
178.6,1.561277264,3.277057312,3.277057312,-0.4640504609
178.625,1.578439962,3.265485408,3.265485408,-0.4616789426
178.65,1.594512851,3.253974376,3.253974376,-0.4591862625
178.675,1.609275296,3.242526815,3.242526815,-0.4566071675
178.7,1.62250688,3.231144432,3.231144432,-0.4539783606
178.725,1.633988326,3.21982799,3.21982799,-0.4513384208
178.75,1.643502433,3.208577268,3.208577268,-0.4487277049
178.775,1.650835012,3.197391012,3.197391012,-0.4461882473
178.8,1.655775828,3.186266899,3.186266899,-0.4437636389
178.825,1.658119533,3.175201498,3.175201498,-0.4414989035
178.85,1.657666591,3.164190236,3.164190236,-0.4394403604
178.875,1.654224199,3.153227366,3.153227366,-0.4376354771
178.9,1.647607181,3.142305944,3.142305944,-0.4361327175
178.925,1.637638872,3.131417802,3.131417802,-0.4349813797
178.95,1.624151978,3.120553531,3.120553531,-0.4342314284
178.975,1.606989405,3.109702465,3.109702465,-0.4339333226
179,1.58600506,3.098852676,3.098852676,-0.4341378399
179.025,1.56106462,3.087990961,3.087990961,-0.4348958983
179.05,1.532046263,3.077102844,3.077102844,-0.4362583771
179.075,1.498841355,3.066172583,3.066172583,-0.4382759398
179.1,1.4613551,3.055183169,3.055183169,-0.4409988581
179.125,1.419507138,3.044116347,3.044116347,-0.4444768408
179.15,1.373232094,3.032952626,3.032952626,-0.4487588688
179.175,1.322480081,3.021671302,3.021671302,-0.4538930372
179.2,1.26721714,3.010250481,3.010250481,-0.4599264063
179.225,1.207425629,2.998667106,2.998667106,-0.4669048642
179.25,1.143104552,2.98689699,2.98689699,-0.4748730007
179.275,1.074269825,2.974914848,2.974914848,-0.4838739952
179.3,1.000954486,2.962694335,2.962694335,-0.4939495201
179.325,0.9232088333,2.950208083,2.950208083,-0.5051396593
179.35,0.8411005074,2.937427743,2.937427743,-0.5174828448
179.375,0.7547144999,2.924324026,2.924324026,-0.5310158111
179.4,0.6641531021,2.910866746,2.910866746,-0.5457735684
179.425,0.5695357845,2.897024863,2.897024863,-0.5617893957
179.45,0.4709990101,2.882766528,2.882766528,-0.5790948532
179.475,0.3686959818,2.868059124,2.868059124,-0.597719815
179.5,0.2627963233,2.852869306,2.852869306,-0.6176925224
179.525,0.1534856955,2.837163044,2.837163044,-0.6390396573
179.55,0.04096534775,2.820905659,2.820905659,-0.6617864345
179.575,-0.07454839333,2.804061859,2.804061859,-0.6859567152
179.6,-0.192824697,2.786595772,2.786595772,-0.7115731378
179.625,-0.3136188616,2.768470971,2.768470971,-0.7386572685
179.65,-0.4366730052,2.749650505,2.749650505,-0.7672297681
179.675,-0.5617168129,2.730096914,2.730096914,-0.7973105772
179.7,-0.6884683367,2.709772245,2.709772245,-0.8289191157
179.725,-0.8166348467,2.688638067,2.688638067,-0.862074498
179.75,-0.9459137303,2.666655471,2.666655471,-0.8967957623
179.775,-1.075993436,2.64378507,2.64378507,-0.9331021112
179.8,-1.206554457,2.619986993,2.619986993,-0.9710131646
179.825,-1.33727036,2.595220871,2.595220871,-1.010549223
179.85,-1.467808838,2.569445814,2.569445814,-1.051731537
179.875,-1.597832803,2.542620388,2.542620388,-1.094582592
179.9,-1.7270015,2.514702578,2.514702578,-1.139126386
179.925,-1.854971649,2.485649748,2.485649748,-1.185388722
179.95,-1.981398603,2.455418589,2.455418589,-1.233397498
179.975,-2.105937519,2.423965068,2.423965068,-1.283182997
180,-2.228244544,2.39124436,2.39124436,-1.334778175
180.025,-2.347978003,2.35721078,2.35721078,-1.388218939
180.05,-2.464799592,2.321817708,2.321817708,-1.443544422
180.075,-2.578375566,2.285017499,2.285017499,-1.500797234
180.1,-2.68837792,2.2467614,2.2467614,-1.560023702
180.125,-2.794485561,2.206999449,2.206999449,-1.621274075
180.15,-2.896385459,2.165680379,2.165680379,-1.684602701
180.175,-2.993773784,2.122751509,2.122751509,-1.750068145
180.2,-3.086357013,2.078158642,2.078158642,-1.817733268
180.225,-3.173853013,2.031845956,2.031845956,-1.887665214
180.25,-3.255992082,1.983755898,1.983755898,-1.959935315
180.275,-3.332517967,1.933829079,1.933829079,-2.034618877
180.3,-3.403188828,1.882004185,1.882004185,-2.111794836
180.325,-3.467778164,1.828217884,1.828217884,-2.191545216
180.35,-3.526075685,1.772404768,1.772404768,-2.273954408
180.375,-3.577888144,1.714497293,1.714497293,-2.359108164
180.4,-3.623040096,1.654425773,1.654425773,-2.447092286
180.425,-3.661374617,1.592118389,1.592118389,-2.537990967
180.45,-3.692753946,1.527501265,1.527501265,-2.631884622
180.475,-3.717060073,1.460498579,1.460498579,-2.72884729
180.5,-3.734195259,1.391032786,1.391032786,-2.82894326
180.525,-3.744082484,1.319024879,1.319024879,-2.932223143
180.55,-3.746665827,1.244394823,1.244394823,-3.038718902
180.575,-3.741910774,1.167062063,1.167062063,-3.148438082
180.6,-3.729804451,1.086946246,1.086946246,-3.261356722
180.625,-3.710355782,1.00396808,1.00396808,-3.377411298
180.65,-3.683595575,0.9180504725,0.9180504725,-3.496488898
180.675,-3.649576524,0.8291198676,0.8291198676,-3.618416391
180.7,-3.608373141,0.7371079298,0.7371079298,-3.742947618
180.725,-3.560081608,0.6419535371,0.6419535371,-3.8697493
180.75,-3.504819556,0.5436051458,0.5436051458,-3.998385426
180.775,-3.442725761,0.4420235719,0.4420235719,-4.128300349
180.8,-3.373959772,0.3371852036,0.3371852036,-4.258801052
180.825,-3.298701459,0.2290856592,0.2290856592,-4.389039175
180.85,-3.217150493,0.1177438892,0.1177438892,-4.51799366
180.875,-3.129525753,0.003206694373,0.003206694373,-4.644455232
180.9,-3.036064659,-0.114446409,-0.114446409,-4.767014268
180.925,-2.937022449,-0.2350980825,-0.2350980825,-4.884053985
180.95,-2.832671377,-0.3585879757,-0.3585879757,-4.993751183
180.975,-2.723299861,-0.4847076791,-0.4847076791,-5.094087043
181,-2.609211568,-0.6131960963,-0.6131960963,-5.182870521
181.025,-2.490724437,-0.7437355837,-0.7437355837,-5.257776689
181.05,-2.368169661,-0.875949257,-0.875949257,-5.316401756
181.075,-2.241890607,-1.009399888,-1.009399888,-5.356335573
181.1,-2.112241702,-1.14359083,-1.14359083,-5.375250854
181.125,-1.979587272,-1.277969351,-1.277969351,-5.371006454
181.15,-1.844300342,-1.411932686,-1.411932686,-5.34175989
181.175,-1.706761406,-1.544836939,-1.544836939,-5.286082014
181.2,-1.567357171,-1.676008789,-1.676008789,-5.203064917
181.225,-1.426479267,-1.804759706,-1.804759706,-5.092413004
181.25,-1.28452295,-1.930402127,-1.930402127,-4.954507319
181.275,-1.14188578,-2.052266818,-2.052266818,-4.790434542
181.3,-0.9989662927,-2.169720452,-2.169720452,-4.601974975
181.325,-0.8561626675,-2.282182352,-2.282182352,-4.391547855
181.35,-0.7138713911,-2.389139362,-2.389139362,-4.162116808
181.375,-0.5724859281,-2.490157925,-2.490157925,-3.917062688
181.4,-0.432395399,-2.584892683,-2.584892683,-3.6600345
181.425,-0.2939832732,-2.673091204,-2.673091204,-3.394791151
181.45,-0.15762608,-2.754594786,-2.754594786,-3.125047138
181.475,-0.02369214246,-2.829335565,-2.829335565,-2.85433353
181.5,0.1074596597,-2.897330432,-2.897330432,-2.585883283
181.525,0.235481096,-2.958672461,-2.958672461,-2.322546202
181.55,0.3600357533,-3.013520589,-3.013520589,-2.066735377
181.575,0.4808001637,-3.062088351,-3.062088351,-1.820403753
181.6,0.5974648862,-3.104632357,-3.104632357,-1.585047118
181.625,0.7097355399,-3.141441132,-3.141441132,-1.361728286
181.65,0.8173337839,-3.17282476,-3.17282476,-1.151116653
181.675,0.9199982407,-3.199105649,-3.199105649,-0.9535374529
181.7,1.017485359,-3.220610593,-3.220610593,-0.76902566
181.725,1.109570215,-3.237664204,-3.237664204,-0.597380452
181.75,1.196047244,-3.250583669,-3.250583669,-0.4382171387
181.775,1.276730907,-3.259674759,-3.259674759,-0.291014487
181.8,1.351456285,-3.265228947,-3.265228947,-0.1551562708
181.825,1.420079598,-3.267521485,-3.267521485,-0.02996651322
181.85,1.482478649,-3.266810289,-3.266810289,0.08526154154
181.875,1.538553191,-3.263335465,-3.263335465,0.1912423536
181.9,1.588225221,-3.257319355,-3.257319355,0.2886803214
181.925,1.631439181,-3.248966954,-3.248966954,0.3782566245
181.95,1.668162095,-3.238466621,-3.238466621,0.4606199505
181.975,1.698383611,-3.225990969,-3.225990969,0.5363804061
182,1.722115973,-3.211697879,-3.211697879,0.6061059742
182.025,1.739393903,-3.195731579,-3.195731579,0.6703209532
182.05,1.750274411,-3.178223737,-3.178223737,0.7295058937
182.075,1.754836515,-3.159294542,-3.159294542,0.7840986405
182.1,1.753180895,-3.139053754,-3.139053754,0.8344961431
182.125,1.745429458,-3.117601698,-3.117601698,0.8810567873
182.15,1.731724831,-3.095030192,-3.095030192,0.9241030373
182.175,1.712229786,-3.071423413,-3.071423413,0.9639242367
182.2,1.687126579,-3.046858689,-3.046858689,1.000779459
182.225,1.656616239,-3.02140722,-3.02140722,1.034900314
182.25,1.62091777,-2.99513473,-2.99513473,1.066493669
182.275,1.580267304,-2.968102054,-2.968102054,1.095744221
182.3,1.534917186,-2.940365663,-2.940365663,1.122816929
182.325,1.485135005,-2.911978123,-2.911978123,1.147859264
182.35,1.431202569,-2.882988515,-2.882988515,1.171003293
182.375,1.373414829,-2.853442787,-2.853442787,1.192367586
182.4,1.312078763,-2.823384074,-2.823384074,1.212058962
182.425,1.247512212,-2.792852972,-2.792852972,1.230174076
182.45,1.180042681,-2.761887771,-2.761887771,1.246800854
182.475,1.110006107,-2.730524659,-2.730524659,1.262019795
182.5,1.0377456,-2.698797893,-2.698797893,1.275905147
182.525,0.9636101556,-2.666739939,-2.666739939,1.288525964
182.55,0.8879533555,-2.634381591,-2.634381591,1.299947061
182.575,0.8111320479,-2.60175207,-2.60175207,1.310229867
182.6,0.7335050222,-2.568879093,-2.568879093,1.319433204
182.625,0.6554316775,-2.535788931,-2.535788931,1.327613964
182.65,0.5772706935,-2.502506453,-2.502506453,1.334827741
182.675,0.4993787052,-2.469055146,-2.469055146,1.34112938
182.7,0.4221089897,-2.43545713,-2.43545713,1.346573469
182.725,0.3458101673,-2.401733162,-2.401733162,1.351214782
182.75,0.2708249235,-2.36790262,-2.36790262,1.355108669
182.775,0.1974887555,-2.333983488,-2.333983488,1.358311394
182.8,0.1261287484,-2.299992331,-2.299992331,1.360880447
182.825,0.05706238587,-2.265944256,-2.265944256,1.362874792
182.85,-0.009403601169,-2.231852876,-2.231852876,1.364355098
182.875,-0.07297434283,-2.197730264,-2.197730264,1.365383923
182.9,-0.1333678918,-2.163586905,-2.163586905,1.366025874
182.925,-0.1903162338,-2.129431638,-2.129431638,1.366347718
182.95,-0.2435662444,-2.095271611,-2.095271611,1.366418489
182.975,-0.2928805867,-2.061112213,-2.061112213,1.36630953
183,-0.3380385487,-2.026957018,-2.026957018,1.366094547
183.025,-0.378836816,-1.992807735,-1.992807735,1.365849605
183.05,-0.4150901772,-1.958664137,-1.958664137,1.365653112
183.075,-0.44663216,-1.924524004,-1.924524004,1.365585762
183.1,-0.4733155951,-1.89038308,-1.89038308,1.365730493
183.125,-0.4950131062,-1.856235004,-1.856235004,1.366172374
183.15,-0.5116175242,-1.82207126,-1.82207126,1.36699849
183.175,-0.5230422247,-1.787881136,-1.787881136,1.368297829
183.2,-0.5292213862,-1.75365167,-1.75365167,1.370161107
183.225,-0.5301101704,-1.719367612,-1.719367612,1.372680597
183.25,-0.525684822,-1.685011391,-1.685011391,1.375949964
183.275,-0.5159426887,-1.650563076,-1.650563076,1.38006402
183.3,-0.5009021613,-1.616000353,-1.616000353,1.385118539
183.325,-0.4806025344,-1.581298508,-1.581298508,1.391210002
183.35,-0.4551037883,-1.546430404,-1.546430404,1.398435354
183.375,-0.4244862926,-1.511366481,-1.511366481,1.406891751
183.4,-0.3888504333,-1.476074749,-1.476074749,1.416676272
183.425,-0.348316165,-1.440520793,-1.440520793,1.427885659
183.45,-0.3030224895,-1.404667791,-1.404667791,1.440615994
183.475,-0.2531268633,-1.368476526,-1.368476526,1.454962419
183.5,-0.1988045366,-1.33190542,-1.33190542,1.471018789
183.525,-0.1402478254,-1.294910567,-1.294910567,1.488877361
183.55,-0.07766532079,-1.257445781,-1.257445781,1.508628409
183.575,-0.01128103836,-1.219462642,-1.219462642,1.530359879
183.6,0.05866649,-1.180910573,-1.180910573,1.554156952
183.625,0.131925177,-1.141736897,-1.141736897,1.580101646
183.65,0.2082303906,-1.10188694,-1.10188694,1.608272301
183.675,0.2873060101,-1.061304113,-1.061304113,1.638743099
183.7,0.3688655238,-1.019930037,-1.019930037,1.67158345
183.725,0.4526131636,-0.9777046586,-0.9777046586,1.706857378
183.75,0.5382450727,-0.9345664037,-0.9345664037,1.744622769
183.775,0.6254505016,-0.8904523313,-0.8904523313,1.784930569
183.8,0.713913027,-0.8452983271,-0.8452983271,1.827823842
183.825,0.8033117904,-0.7990393064,-0.7990393064,1.87333671
183.85,0.8933227506,-0.7516094588,-0.7516094588,1.921493143
183.875,0.9836199449,-0.702942512,-0.702942512,1.972305585
183.9,1.073876756,-0.6529720479,-0.6529720479,2.025773366
183.925,1.163767177,-0.6016318406,-0.6016318406,2.081880957
183.95,1.252967071,-0.5488562667,-0.5488562667,2.140595899
183.975,1.341155425,-0.4945807421,-0.4945807421,2.2018666
184,1.428015577,-0.4387422423,-0.4387422423,2.26561974
184.025,1.513236443,-0.381279876,-0.381279876,2.331757488
184.05,1.596513697,-0.3221355333,-0.3221355333,2.400154401
184.075,1.67755094,-0.2612546233,-0.2612546233,2.470654025
184.1,1.756060827,-0.1985868909,-0.1985868909,2.543065274
184.125,1.831766158,-0.1340873309,-0.1340873309,2.617158572
184.15,1.904400928,-0.06771719995,-0.06771719995,2.69266183
184.175,1.973711331,0.000554868579,0.000554868579,2.769256358
184.2,2.039456713,0.07075164915,0.07075164915,2.846572813
184.225,2.101410473,0.1428860093,0.1428860093,2.924187354
184.25,2.15936091,0.2169595028,0.2169595028,3.001618192
184.275,2.213112004,0.2929608842,0.2929608842,3.078322777
184.3,2.262484142,0.3708645639,0.3708645639,3.153695912
184.325,2.307314768,0.4506290312,0.4506290312,3.227069121
184.35,2.347458981,0.5321952812,0.5321952812,3.297711642
184.375,2.382790045,0.6154852895,0.6154852895,3.364833419
184.4,2.413199841,0.7004005922,0.7004005922,3.427590502
184.425,2.43859924,0.7868210367,0.7868210367,3.485093174
184.45,2.458918399,0.8746037683,0.8746037683,3.536417243
184.475,2.474106985,0.9635825432,0.9635825432,3.580618494
184.5,2.484134322,1.053567445,1.053567445,3.616750564
184.525,2.488989458,1.144345087,1.144345087,3.643885975
184.55,2.48868116,1.23567938,1.23567938,3.661140046
184.575,2.483237822,1.32731292,1.32731292,3.667696969
184.6,2.472707313,1.418969055,1.418969055,3.662837179
184.625,2.457156729,1.510354633,1.510354633,3.645964831
184.65,2.436672088,1.601163427,1.601163427,3.616633982
184.675,2.411357939,1.691080185,1.691080185,3.574571945
184.7,2.381336909,1.779785203,1.779785203,3.519698256
184.725,2.34674917,1.866959315,1.866959315,3.452137791
184.75,2.307751846,1.952289114,1.952289114,3.372226844
184.775,2.264518354,2.03547223,2.03547223,3.280511328
184.8,2.217237677,2.116222471,2.116222471,3.177736801
184.825,2.166113583,2.194274596,2.194274596,3.064830528
184.85,2.111363782,2.269388563,2.269388563,2.942876389
184.875,2.053219039,2.341353071,2.341353071,2.813083949
184.9,1.991922225,2.40998826,2.40998826,2.676753345
184.925,1.927727333,2.475147526,2.475147526,2.535237969
184.95,1.860898445,2.536718369,2.536718369,2.389907089
184.975,1.791708666,2.594622344,2.594622344,2.242109995
185,1.720439019,2.648814147,2.648814147,2.093143659
185.025,1.647377319,2.699279953,2.699279953,1.944225043
185.05,1.572817013,2.74603512,2.74603512,1.796468931
185.075,1.497056007,2.789121426,2.789121426,1.650871705
185.1,1.420395473,2.828603964,2.828603964,1.508301073
185.125,1.34313865,2.864567858,2.864567858,1.369491393
185.15,1.265589633,2.897114922,2.897114922,1.235043977
185.175,1.188052166,2.926360383,2.926360383,1.105431584
185.2,1.110828436,2.952429757,2.952429757,0.981006217
185.225,1.034217874,2.975455958,2.975455958,0.8620093351
185.25,0.9585159742,2.995576675,2.995576675,0.7485836549
185.275,0.8840131242,3.01293206,3.01293206,0.6407857598
185.3,0.810993462,3.027662738,3.027662738,0.5385989114
185.325,0.7397337579,3.039908131,3.039908131,0.4419455544
185.35,0.6705023278,3.049805084,3.049805084,0.3506991262
185.375,0.603557982,3.057486781,3.057486781,0.2646949186
185.4,0.5391490131,3.063081912,3.063081912,0.1837398222
185.425,0.477512228,3.066714077,3.066714077,0.1076208828
185.45,0.4188720259,3.06850138,3.06850138,0.03611265567
185.475,0.3634395284,3.068556201,3.068556201,-0.03101660525
185.5,0.3114117625,3.066985099,3.066985099,-0.09399984812
185.525,0.2629709021,3.06388884,3.06388884,-0.1530671202
185.55,0.218283569,3.059362508,3.059362508,-0.2084423541
185.575,0.1775001968,3.053495692,3.053495692,-0.2603409331
185.6,0.1407544607,3.046372721,3.046372721,-0.3089679241
185.625,0.1081627749,3.038072942,3.038072942,-0.3545168788
185.65,0.07982385884,3.028671013,3.028671013,-0.3971691022
185.675,0.05581837554,3.018237217,3.018237217,-0.437093308
185.7,0.03620864177,3.006837777,3.006837777,-0.4744455806
185.725,0.02103841222,2.99453517,2.99453517,-0.5093695802
185.75,0.01033273793,2.981388434,2.981388434,-0.5419969358
185.775,0.004097899696,2.967453458,2.967453458,-0.5724477764
185.8,0.002321416497,2.952783269,2.952783269,-0.6008313623
185.825,0.004972128964,2.937428289,2.937428289,-0.6272467852
185.85,0.01200035741,2.921436582,2.921436582,-0.6517837105
185.875,0.02333813379,2.90485408,2.90485408,-0.6745231408
185.9,0.03889950652,2.887724792,2.887724792,-0.6955381855
185.925,0.05858091702,2.870090989,2.870090989,-0.7148948233
185.95,0.08226164625,2.851993373,2.851993373,-0.7326526487
185.975,0.1098043296,2.833471229,2.833471229,-0.7488655955
186,0.1410555376,2.814562558,2.814562558,-0.7635826335
186.025,0.1758464213,2.79530419,2.79530419,-0.7768484334
186.05,0.2139934174,2.775731887,2.775731887,-0.7887040003
186.075,0.2552990131,2.755880425,2.755880425,-0.7991872723
186.1,0.2995525653,2.735783664,2.735783664,-0.808333687
186.125,0.3465311719,2.715474602,2.715474602,-0.8161767125
186.15,0.3960005921,2.694985423,2.694985423,-0.8227483474
186.175,0.4477162104,2.674347521,2.674347521,-0.8280795869
186.2,0.5014240419,2.653591526,2.653591526,-0.8322008596
186.225,0.5568617753,2.632747309,2.632747309,-0.8351424328
186.25,0.6137598465,2.611843982,2.611843982,-0.8369347869
186.275,0.671842543,2.590909888,2.590909888,-0.8376089637
186.3,0.7308291299,2.569972586,2.569972586,-0.8371968868
186.325,0.7904349969,2.549058821,2.549058821,-0.8357316545
186.35,0.8503728194,2.528194492,2.528194492,-0.8332478025
186.375,0.9103537299,2.507404618,2.507404618,-0.8297815449
186.4,0.9700884946,2.486713285,2.486713285,-0.8253709901
186.425,1.029288692,2.466143603,2.466143603,-0.8200563224
186.45,1.087667884,2.44571765,2.44571765,-0.8138799662
186.475,1.144942786,2.425456413,2.425456413,-0.8068867238
186.5,1.200834413,2.405379728,2.405379728,-0.7991238757
186.525,1.255069217,2.385506218,2.385506218,-0.7906412738
186.55,1.307380198,2.365853226,2.365853226,-0.7814913864
186.575,1.357507987,2.346436751,2.346436751,-0.7717293369
186.6,1.405201903,2.327271379,2.327271379,-0.7614128954
186.625,1.450220967,2.308370224,2.308370224,-0.7506024663
186.65,1.492334884,2.289744849,2.289744849,-0.7393610194
186.675,1.531324976,2.271405219,2.271405219,-0.7277540301
186.7,1.566985071,2.25335963,2.25335963,-0.7158493613
186.725,1.599122341,2.235614648,2.235614648,-0.703717121
186.75,1.627558088,2.218175068,2.218175068,-0.6914295384
186.775,1.652128463,2.201043849,2.201043849,-0.6790607528
186.8,1.672685143,2.184222075,2.184222075,-0.6666865951
186.825,1.689095924,2.167708919,2.167708919,-0.6543844089
186.85,1.70124527,2.151501601,2.151501601,-0.6422327531
186.875,1.709034775,2.135595364,2.135595364,-0.6303111321
186.9,1.712383574,2.119983458,2.119983458,-0.6186997618
186.925,1.711228668,2.104657119,2.104657119,-0.6074791995
186.95,1.705525188,2.08960557,2.08960557,-0.5967300452
186.975,1.695246578,2.074816019,2.074816019,-0.5865326631
187,1.680384711,2.060273674,2.060273674,-0.5769667775
187.025,1.660949926,2.04596176,2.04596176,-0.5681111794
187.05,1.63697099,2.03186155,2.03186155,-0.5600433691
187.075,1.60849499,2.017952395,2.017952395,-0.5528392107
187.1,1.57558715,2.004211775,2.004211775,-0.5465726144
187.125,1.538330568,1.990615353,1.990615353,-0.5413151843
187.15,1.496825892,1.977137031,1.977137031,-0.5371359276
187.175,1.451190917,1.963749021,1.963749021,-0.5341009269
187.2,1.401560117,1.950421924,1.950421924,-0.5322730769
187.225,1.348084105,1.937124811,1.937124811,-0.5317117986
187.25,1.290929033,1.923825314,1.923825314,-0.5324728148
187.275,1.230275926,1.910489718,1.910489718,-0.5346079163
187.3,1.16631996,1.897083069,1.897083069,-0.5381647855
187.325,1.099269673,1.883569268,1.883569268,-0.5431868237
187.35,1.029346135,1.869911191,1.869911191,-0.5497130309
187.375,0.9567820561,1.856070793,1.856070793,-0.5577778982
187.4,0.8818208551,1.842009224,1.842009224,-0.5674113501
187.425,0.8047156785,1.827686942,1.827686942,-0.5786387036
187.45,0.7257283846,1.813063832,1.813063832,-0.5914806743
187.475,0.6451284892,1.798099318,1.798099318,-0.6059534024
187.5,0.5631920817,1.782752473,1.782752473,-0.6220685157
187.525,0.480200713,1.766982144,1.766982144,-0.6398332283
187.55,0.3964402616,1.75074704,1.75074704,-0.6592504408
187.575,0.3121997816,1.734005858,1.734005858,-0.6803189079
187.6,0.227770337,1.716717378,1.716717378,-0.7030333957
187.625,0.1434438283,1.698840547,1.698840547,-0.7273848455
187.65,0.05951181362,1.680334598,1.680334598,-0.7533606173
187.675,-0.02373566784,1.661159114,1.661159114,-0.7809446687
187.7,-0.1060112678,1.641274121,1.641274121,-0.8101177931
187.725,-0.1870314904,1.620640166,1.620640166,-0.8408578522
187.75,-0.2665178385,1.599218377,1.599218377,-0.8731399843
187.775,-0.3441979409,1.576970543,1.576970543,-0.9069368564
187.8,-0.4198066554,1.553859158,1.553859158,-0.9422188528
187.825,-0.4930871429,1.529847488,1.529847488,-0.9789543009
187.85,-0.5637919089,1.50489961,1.50489961,-1.017109644
187.875,-0.6316838083,1.478980467,1.478980467,-1.056649614
187.9,-0.696537008,1.452055898,1.452055898,-1.097537366
187.925,-0.7581379059,1.424092685,1.424092685,-1.139734589
187.95,-0.8162859994,1.395058587,1.395058587,-1.183201578
187.975,-0.8707947029,1.364922367,1.364922367,-1.22789727
188,-0.9214921089,1.333653837,1.333653837,-1.273779225
188.025,-0.9682216906,1.301223885,1.301223885,-1.320803575
188.05,-1.010842943,1.267604516,1.267604516,-1.368924906
188.075,-1.049231958,1.232768892,1.232768892,-1.418096071
188.1,-1.083281935,1.196691372,1.196691372,-1.468267996
188.125,-1.112903625,1.159347578,1.159347578,-1.519389318
188.15,-1.138025693,1.120714445,1.120714445,-1.571406036
188.175,-1.158595025,1.080770289,1.080770289,-1.624261107
188.2,-1.174576945,1.039494908,1.039494908,-1.677893803
188.225,-1.18595537,0.9968696591,0.9968696591,-1.732239199
188.25,-1.192732882,0.9528775887,0.9528775887,-1.787227423
188.275,-1.194930727,0.9075035602,0.9075035602,-1.84278284
188.3,-1.192588741,0.8607344021,0.8607344021,-1.898823243
188.325,-1.185765194,0.8125591029,0.8125591029,-1.955258768
188.35,-1.174536566,0.7629689889,0.7629689889,-2.01199097
188.375,-1.158997245,0.7119579814,0.7119579814,-2.068911556
188.4,-1.139259151,0.6595228318,0.6595228318,-2.125901277
188.425,-1.115451293,0.605663434,0.605663434,-2.182828578
188.45,-1.08771925,0.5503831282,0.5503831282,-2.239548352
188.475,-1.056224588,0.493689075,0.493689075,-2.295900549
188.5,-1.021144214,0.4355926284,0.4355926284,-2.351708904
188.525,-0.9826696566,0.376109771,0.376109771,-2.406779624
188.55,-0.9410062975,0.3152615598,0.3152615598,-2.460900219
188.575,-0.8963725393,0.2530746074,0.2530746074,-2.513838456
188.6,-0.8489989205,0.1895815906,0.1895815906,-2.565341508
188.625,-0.7991271799,0.1248217694,0.1248217694,-2.615135394
188.65,-0.7470092737,0.05884151968,0.05884151968,-2.66292475
188.675,-0.6929063498,-0.008305131836,-0.008305131836,-2.708393046
188.7,-0.6370876825,-0.07655598791,-0.07655598791,-2.751203322
188.725,-0.5798295728,-0.1458401855,-0.1458401855,-2.790999529
188.75,-0.5214142177,-0.2160777419,-0.2160777419,-2.827408583
188.775,-0.4621285532,-0.2871791636,-0.2871791636,-2.860043184
188.8,-0.4022630766,-0.3590451341,-0.3590451341,-2.888505513
188.825,-0.3421106516,-0.4315663058,-0.4315663058,-2.912391781
188.85,-0.2819653004,-0.5046232185,-0.5046232185,-2.931297712
188.875,-0.2221209905,-0.578086365,-0.578086365,-2.944824943
188.9,-0.1628704173,-0.6518164268,-0.6518164268,-2.952588221
188.925,-0.1045037901,-0.7256647,-0.7256647,-2.954223342
188.95,-0.04730762535,-0.7994737267,-0.7994737267,-2.94939565
188.975,0.008436448137,-0.8730781439,-0.8730781439,-2.93780888
189,0.06245286673,-0.9463057548,-0.9463057548,-2.919214075
189.025,0.1144732879,-1.018978821,-1.018978821,-2.893418262
189.05,0.1642377198,-1.090915565,-1.090915565,-2.860292542
189.075,0.2114956195,-1.161931863,-1.161931863,-2.819779222
189.1,0.2560069564,-1.231843101,-1.231843101,-2.771897651
189.125,0.2975432351,-1.300466159,-1.300466159,-2.716748404
189.15,0.3358884749,-1.367621469,-1.367621469,-2.654515541
189.175,0.3708401413,-1.433135114,-1.433135114,-2.585466734
189.2,0.4022100254,-1.496840894,-1.496840894,-2.509951139
189.225,0.4298250681,-1.558582313,-1.558582313,-2.428395006
189.25,0.4535281256,-1.618214429,-1.618214429,-2.341295116
189.275,0.4731786726,-1.675605513,-1.675605513,-2.249210269
189.3,0.488653441,-1.730638479,-1.730638479,-2.152751114
189.325,0.4998469906,-1.783212034,-1.783212034,-2.052568737
189.35,0.5066722096,-1.833241544,-1.833241544,-1.949342382
189.375,0.5090607437,-1.880659575,-1.880659575,-1.843766804
189.4,0.5069633498,-1.925416127,-1.925416127,-1.736539955
189.425,0.5003501755,-1.967478559,-1.967478559,-1.628350723
189.45,0.4892109604,-2.006831227,-2.006831227,-1.519868206
189.475,0.4735551601,-2.043474864,-2.043474864,-1.411731794
189.5,0.4534119915,-2.077425725,-2.077425725,-1.304542851
189.525,0.4288303988,-2.108714554,-2.108714554,-1.198858062
189.55,0.3998789408,-2.137385402,-2.137385402,-1.095184364
189.575,0.3666455994,-2.163494329,-2.163494329,-0.9939755394
189.6,0.3292375094,-2.187108058,-2.187108058,-0.8956303723
189.625,0.2877806113,-2.208302588,-2.208302588,-0.8004922043
189.65,0.2424192283,-2.227161814,-2.227161814,-0.7088497168
189.675,0.1933155676,-2.243776184,-2.243776184,-0.6209387657
189.7,0.1406491498,-2.258241408,-2.258241408,-0.5369450278
189.725,0.0846161669,-2.270657247,-2.270657247,-0.457007255
189.75,0.025428772,-2.281126379,-2.281126379,-0.3812210078
189.775,-0.03668569682,-2.289753373,-2.289753373,-0.309642592
189.8,-0.1014855555,-2.296643758,-2.296643758,-0.2422931188
189.825,-0.1687156731,-2.301903193,-2.301903193,-0.1791625532
189.85,-0.2381084267,-2.305636739,-2.305636739,-0.12021363
189.875,-0.3093847095,-2.307948221,-2.307948221,-0.06538556498
189.9,-0.382254988,-2.308939689,-2.308939689,-0.01459751316
189.925,-0.4564204036,-2.308710953,-2.308710953,0.03224826632
189.95,-0.5315739149,-2.307359199,-2.307359199,0.07526355926
189.975,-0.6074014766,-2.304978671,-2.304978671,0.1145716656
190,-0.68358325,-2.301660406,-2.301660406,0.1503051822
190.025,-0.7597948404,-2.297492035,-2.297492035,0.1826040877
190.05,-0.8357085569,-2.292557611,-2.292557611,0.2116141094
190.075,-0.9109946893,-2.286937487,-2.286937487,0.2374853496
190.1,-0.9853227977,-2.280708222,-2.280708222,0.2603711463
190.125,-1.058363009,-2.273942512,-2.273942512,0.2804271397
190.15,-1.129787318,-2.266709137,-2.266709137,0.2978105205
190.175,-1.19927088,-2.25907294,-2.25907294,0.3126794313
190.2,-1.266493301,-2.251094798,-2.251094798,0.3251924989
190.225,-1.331139917,-2.242831624,-2.242831624,0.3355084725
190.25,-1.392903044,-2.234336362,-2.234336362,0.343785947
190.275,-1.451483219,-2.225657995,-2.225657995,0.3501831533
190.3,-1.506590405,-2.216841559,-2.216841559,0.3548577967
190.325,-1.557945162,-2.207928151,-2.207928151,0.3579669311
190.35,-1.605279789,-2.198954955,-2.198954955,0.3596668535
190.375,-1.648339416,-2.189955256,-2.189955256,0.3601130068
190.4,-1.686883053,-2.180958465,-2.180958465,0.3594598885
190.425,-1.720684591,-2.171990143,-2.171990143,0.357860946
190.45,-1.749533742,-2.16307203,-2.16307203,0.3554684658
190.475,-1.77323693,-2.154222074,-2.154222074,0.3524334405
190.5,-1.791618111,-2.145454466,-2.145454466,0.3489054187
190.525,-1.804519535,-2.136779678,-2.136779678,0.3450323307
190.55,-1.811802434,-2.128204507,-2.128204507,0.3409602929
190.575,-1.813347645,-2.11973212,-2.11973212,0.3368333866
190.6,-1.809056154,-2.111362112,-2.111362112,0.3327934205
190.625,-1.798849566,-2.103090563,-2.103090563,0.3289796639
190.65,-1.782670498,-2.094910106,-2.094910106,0.3255285771
190.675,-1.760482894,-2.08681,-2.08681,0.3225735104
190.7,-1.73227225,-2.078776213,-2.078776213,0.3202444122
190.725,-1.698045769,-2.07079151,-2.07079151,0.318667514
190.75,-1.657832429,-2.062835549,-2.062835549,0.317965029
190.775,-1.611682958,-2.054884988,-2.054884988,0.3182548449
190.8,-1.559669744,-2.046913593,-2.046913593,0.3196502307
190.825,-1.501886644,-2.038892359,-2.038892359,0.3222595586
190.85,-1.438448723,-2.030789637,-2.030789637,0.3261860386
190.875,-1.369491904,-2.022571264,-2.022571264,0.3315274902
190.9,-1.295172539,-2.014200701,-2.014200701,0.3383761258
190.925,-1.215666905,-2.005639176,-2.005639176,0.3468183873
190.95,-1.131170616,-1.996845829,-1.996845829,0.3569348003
190.975,-1.041897963,-1.987777862,-1.987777862,0.3687998882
191,-0.9480811863,-1.97839069,-1.97839069,0.382482111
191.025,-0.8499696674,-1.968638091,-1.968638091,0.3980438695
191.05,-0.7478290625,-1.958472362,-1.958472362,0.4155415402
191.075,-0.6419403681,-1.94784446,-1.94784446,0.4350255651
191.1,-0.5325989275,-1.936704157,-1.936704157,0.4565405987
191.125,-0.4201133809,-1.925000178,-1.925000178,0.4801256808
191.15,-0.3048045621,-1.912680341,-1.912680341,0.5058144844
191.175,-0.1870043477,-1.899691684,-1.899691684,0.5336355749
191.2,-0.06705446148,-1.885980593,-1.885980593,0.563612744
191.225,0.05469475998,-1.871492917,-1.871492917,0.5957653502
191.25,0.1778856369,-1.856174068,-1.856174068,0.6301087165
191.275,0.3021544455,-1.839969126,-1.839969126,0.6666545424
191.3,0.4271327426,-1.822822916,-1.822822916,0.705411341
191.325,0.552448709,-1.804680086,-1.804680086,0.7463849025
191.35,0.6777285087,-1.785485168,-1.785485168,0.7895787499
191.375,0.8025976568,-1.765182631,-1.765182631,0.8349946218
191.4,0.9266823914,-1.743716916,-1.743716916,0.8826329317
191.425,1.049611045,-1.721032468,-1.721032468,0.9324932275
191.45,1.171015407,-1.697073746,-1.697073746,0.9845746325
191.475,1.290532081,-1.671785234,-1.671785234,1.038876249
191.5,1.407803813,-1.645111436,-1.645111436,1.095397543
191.525,1.522480812,-1.616996859,-1.616996859,1.154138661
191.55,1.63422203,-1.587385996,-1.587385996,1.215100712
191.575,1.742696418,-1.556223297,-1.556223297,1.278285965
191.6,1.847584142,-1.523453141,-1.523453141,1.343697972
191.625,1.948577755,-1.489019802,-1.489019802,1.411341597
191.65,2.045383325,-1.452867414,-1.452867414,1.481222934
191.675,2.137721512,-1.414939948,-1.414939948,1.55334909
191.7,2.225328587,-1.375181188,-1.375181188,1.627727831
191.725,2.307957391,-1.33353472,-1.33353472,1.704367036
191.75,2.385378238,-1.289943938,-1.289943938,1.78327399
191.775,2.45737974,-1.244352074,-1.244352074,1.864454382
191.8,2.523769571,-1.196702247,-1.196702247,1.947911168
191.825,2.584375155,-1.146937557,-1.146937557,2.033642918
191.85,2.639044274,-1.095001202,-1.095001202,2.121642168
191.875,2.687645604,-1.040836683,-1.040836683,2.211892936
191.9,2.730069168,-0.9843880131,-0.9843880131,2.304368331
191.925,2.766226703,-0.9256000659,-0.9256000659,2.399027173
191.95,2.796051948,-0.8644189443,-0.8644189443,2.495810546
191.975,2.819500847,-0.800792502,-0.800792502,2.594637383
192,2.836551659,-0.734670937,-0.734670937,2.695399775
192.025,2.847204989,-0.6660075416,-0.6660075416,2.797957366
192.05,2.851483731,-0.5947595876,-0.5947595876,2.902131248
192.075,2.84943292,-0.520889365,-0.520889365,3.007697174
192.1,2.841119501,-0.4443654197,-0.4443654197,3.114378062
192.125,2.826632013,-0.3651639664,-0.3651639664,3.221836075
192.15,2.806080188,-0.2832705103,-0.2832705103,3.329664253
192.175,2.779594468,-0.1986816842,-0.1986816842,3.437377956
192.2,2.747325438,-0.1114072966,-0.1114072966,3.544406429
192.225,2.709443183,-0.02147258466,-0.02147258466,3.650084884
192.25,2.666136569,0.07107934608,0.07107934608,3.753647604
192.275,2.617612453,0.166184929,0.166184929,3.854222713
192.3,2.56409481,0.2637574415,0.2637574415,3.950829375
192.325,2.505823811,0.3636842787,0.3636842787,4.042378273
192.35,2.443054823,0.465824291,0.465824291,4.12767633
192.375,2.376057355,0.5700053022,0.5700053022,4.205436614
192.4,2.30511395,0.67602195,0.67602195,4.274294382
192.425,2.230519018,0.7836340105,0.7836340105,4.332829945
192.45,2.152577635,0.8925653886,0.8925653886,4.379598869
192.475,2.071604283,1.002503953,1.002503953,4.41316954
192.5,1.987921571,1.113102397,1.113102397,4.432167567
192.525,1.901858907,1.223980288,1.223980288,4.435325775
192.55,1.813751158,1.334727408,1.334727408,4.421537844
192.575,1.723937273,1.444908464,1.444908464,4.389912869
192.6,1.632758906,1.554069128,1.554069128,4.339827491
192.625,1.540559012,1.661743322,1.661743322,4.270971834
192.65,1.447680453,1.767461526,1.767461526,4.183385408
192.675,1.354464591,1.870759824,1.870759824,4.077479474
192.7,1.261249896,1.97118931,1.97118931,3.954043112
192.725,1.16837056,2.068325424,2.068325424,3.814231407
192.75,1.076155133,2.161776765,2.161776765,3.659535625
192.775,0.9849251739,2.251192949,2.251192949,3.491736754
192.8,0.8949939384,2.33627112,2.33627112,3.312845305
192.825,0.8066650915,2.416760836,2.416760836,3.125031375
192.85,0.7202314643,2.492467122,2.492467122,2.930549821
192.875,0.6359738505,2.563251653,2.563251653,2.731665384
192.9,0.5541598534,2.629032106,2.629032106,2.530582514
192.925,0.4750427843,2.689779862,2.689779862,2.329383728
192.95,0.398860619,2.745516304,2.745516304,2.12997931
192.975,0.3258350156,2.796308018,2.796308018,1.934069938
193,0.256170399,2.84226122,2.84226122,1.743122643
193.025,0.1900531136,2.883515753,2.883515753,1.558359488
193.05,0.1276506504,2.920238937,2.920238937,1.380757534
193.075,0.06911094971,2.952619546,2.952619546,1.211058177
193.1,0.01456178367,2.980862108,2.980862108,1.049783663
193.125,-0.03588977925,3.00518169,3.00518169,0.8972586142
193.15,-0.08215782542,3.025799254,3.025799254,0.7536345066
193.175,-0.1241779606,3.042937657,3.042937657,0.6189153768
193.2,-0.1619075864,3.056818276,3.056818276,0.4929833387
193.225,-0.1953260872,3.067658274,3.067658274,0.3756228367
193.25,-0.2244349264,3.075668438,3.075668438,0.266542916
193.275,-0.2492576515,3.081051547,3.081051547,0.1653970544
193.3,-0.269839808,3.084001207,3.084001207,0.07180036373
193.325,-0.2862487612,3.084701073,3.084701073,-0.01465587899
193.35,-0.2985734274,3.083324412,3.083324412,-0.0943922535
193.375,-0.3069239147,3.080033934,3.080033934,-0.1678315791
193.4,-0.3114310746,3.074981826,3.074981826,-0.2353914124
193.425,-0.3122459662,3.068309966,3.068309966,-0.2974783898
193.45,-0.3095392337,3.060150245,3.060150245,-0.3544841429
193.475,-0.3035004015,3.050624982,3.050624982,-0.4067825278
193.5,-0.2943370871,3.039847388,3.039847388,-0.4547279272
193.525,-0.2822741358,3.02792207,3.02792207,-0.4986544128
193.55,-0.2675526808,3.014945539,3.014945539,-0.5388755804
193.575,-0.2504291308,3.001006718,3.001006718,-0.5756849009
193.6,-0.2311740899,2.986187437,2.986187437,-0.6093564498
193.625,-0.2100712137,2.970562908,2.970562908,-0.6401459086
193.65,-0.1874160054,2.954202168,2.954202168,-0.6682917493
193.675,-0.1635145565,2.937168492,2.937168492,-0.6940165273
193.7,-0.1386822378,2.91951978,2.91951978,-0.7175282311
193.725,-0.1132423443,2.901308896,2.901308896,-0.7390216429
193.75,-0.08752470003,2.88258399,2.88258399,-0.7586796794
193.775,-0.06186422802,2.863388768,2.863388768,-0.7766746881
193.8,-0.03659949069,2.843762753,2.843762753,-0.7931696826
193.825,-0.01207120656,2.823741492,2.823741492,-0.8083195052
193.85,0.01137925116,2.803356755,2.803356755,-0.8222719097
193.875,0.03341136816,2.782636693,2.782636693,-0.83516856
193.9,0.05368700898,2.761605986,2.761605986,-0.8471459447
193.925,0.07187193721,2.740285954,2.740285954,-0.8583362061
193.95,0.08763733018,2.718694663,2.718694663,-0.8688678868
193.975,0.1006612819,2.696847001,2.696847001,-0.8788665975
194,0.1106302887,2.674754747,2.674754747,-0.888455609
194.025,0.1172407108,2.652426622,2.652426622,-0.8977563704
194.05,0.1202002055,2.629868329,2.629868329,-0.9068889612
194.075,0.1192291241,2.607082583,2.607082583,-0.9159724847
194.1,0.1140618692,2.584069127,2.584069127,-0.925125398
194.125,0.1044482049,2.56082475,2.56082475,-0.9344657912
194.15,0.09015451595,2.537343292,2.537343292,-0.9441116263
194.175,0.07096500985,2.51361564,2.51361564,-0.9541809196
194.2,0.04668285716,2.489629732,2.489629732,-0.9647919033
194.225,0.01713126543,2.465370543,2.465370543,-0.9760631406
194.25,-0.01784551807,2.440820081,2.440820081,-0.9881136243
194.275,-0.05838127888,2.415957373,2.415957373,-1.001062846
194.3,-0.1045869873,2.390758449,2.390758449,-1.015030852
194.325,-0.1565500333,2.365196335,2.365196335,-1.03013829
194.35,-0.2143335483,2.339241029,2.339241029,-1.046506433
194.375,-0.2779758157,2.312859491,2.312859491,-1.064257228
194.4,-0.3474897751,2.286015624,2.286015624,-1.083513316
194.425,-0.4228626199,2.258670253,2.258670253,-1.10439808
194.45,-0.504055493,2.230781113,2.230781113,-1.127035698
194.475,-0.5910032803,2.20230282,2.20230282,-1.151551195
194.5,-0.6836145049,2.173186854,2.173186854,-1.178070544
194.525,-0.7817713217,2.143381536,2.143381536,-1.206720753
194.55,-0.8853296136,2.112831992,2.112831992,-1.237629995
194.575,-0.9941191906,2.081480132,2.081480132,-1.270927765
194.6,-1.107944089,2.049264608,2.049264608,-1.30674504
194.625,-1.226582972,2.016120779,2.016120779,-1.345214491
194.65,-1.349789634,1.981980662,1.981980662,-1.386470696
194.675,-1.477293597,1.946772882,1.946772882,-1.430650383
194.7,-1.608800811,1.910422621,1.910422621,-1.47789269
194.725,-1.743994444,1.872851545,1.872851545,-1.528339417
194.75,-1.882535772,1.833977741,1.833977741,-1.582135294
194.775,-2.024065152,1.79371564,1.79371564,-1.639428218
194.8,-2.168203084,1.751975929,1.751975929,-1.700369456
194.825,-2.314551358,1.708665475,1.708665475,-1.765113803
194.85,-2.462694281,1.663687228,1.663687228,-1.833819639
194.875,-2.612199978,1.616940132,1.616940132,-1.90664887
194.9,-2.762621762,1.568319047,1.568319047,-1.983766716
194.925,-2.913499578,1.517714658,1.517714658,-2.06534126
194.95,-3.064361503,1.465013426,1.465013426,-2.151542727
194.975,-3.214725299,1.410097536,1.410097536,-2.242542406
195,-3.364100028,1.352844897,1.352844897,-2.33851106
195.025,-3.511987703,1.293129172,1.293129172,-2.439616871
195.05,-3.657884982,1.230819885,1.230819885,-2.546022501
195.075,-3.801284894,1.165782599,1.165782599,-2.657881473
195.1,-3.941678598,1.097879198,1.097879198,-2.775333307
195.125,-4.078557155,1.026968324,1.026968324,-2.89849747
195.15,-4.211413325,0.9529059461,0.9529059461,-3.027465851
195.175,-4.339743361,0.8755461926,0.8755461926,-3.162293192
195.2,-4.463048814,0.7947423934,0.7947423934,-3.302985785
195.225,-4.580838331,0.710348472,0.710348472,-3.449487437
195.25,-4.692629442,0.6222207115,0.6222207115,-3.601662901
195.275,-4.797950329,0.530219961,0.530219961,-3.759278367
195.3,-4.896341571,0.434214379,0.434214379,-3.92197876
195.325,-4.987357861,0.3340827851,0.3340827851,-4.08926185
195.35,-5.070569682,0.2297186917,0.2297186917,-4.260449379
195.375,-5.145564948,0.1210350929,0.1210350929,-4.434655627
195.4,-5.211950586,0.007970063761,0.007970063761,-4.610754307
195.425,-5.269354074,-0.1095068098,-0.1095068098,-4.787345283
195.45,-5.317424908,-0.231387184,-0.231387184,-4.962723217
195.475,-5.355836015,-0.3576159848,-0.3576159848,-5.134851143
195.5,-5.384285083,-0.4880828715,-0.4880828715,-5.301342799
195.525,-5.402495823,-0.6226134197,-0.6226134197,-5.459458443
195.55,-5.410219146,-0.7609604232,-0.7609604232,-5.606119531
195.575,-5.40723426,-0.9027958561,-0.9027958561,-5.737947939
195.6,-5.393349666,-1.047704179,-1.047704179,-5.851335033
195.625,-5.368404075,-1.195177792,-1.195177792,-5.942544525
195.65,-5.332267216,-1.344615495,-1.344615495,-6.007850645
195.675,-5.28484055,-1.495324825,-1.495324825,-6.043709327
195.7,-5.22605788,-1.646529024,-1.646529024,-6.046955327
195.725,-5.155885853,-1.79737913,-1.79737913,-6.015012654
195.75,-5.074324353,-1.946971307,-1.946971307,-5.946100674
195.775,-4.981406793,-2.094369069,-2.094369069,-5.839414569
195.8,-4.877200284,-2.23862945,-2.23862945,-5.695257592
195.825,-4.761805702,-2.378831664,-2.378831664,-5.515105323
195.85,-4.635357634,-2.514106381,-2.514106381,-5.30158818
195.875,-4.49802422,-2.643663472,-2.643663472,-5.058388063
195.9,-4.350006876,-2.766816174,-2.766816174,-4.790055839
195.925,-4.191539908,-2.882999863,-2.882999863,-4.501766944
195.95,-4.022890012,-2.991784192,-2.991784192,-4.199040178
195.975,-3.84435567,-3.09287806,-3.09287806,-3.887448615
196,-3.656266436,-3.186127524,-3.186127524,-3.572350195
196.025,-3.458982111,-3.271507482,-3.271507482,-3.258660635
196.05,-3.252891827,-3.349108361,-3.349108361,-2.950683539
196.075,-3.03841302,-3.419119351,-3.419119351,-2.652003739
196.1,-2.81599031,-3.481809743,-3.481809743,-2.365441913
196.125,-2.586094294,-3.537509831,-3.537509831,-2.093062575
196.15,-2.34922024,-3.586592552,-3.586592552,-1.836223779
196.175,-2.105886701,-3.629456757,-3.629456757,-1.595655647
196.2,-1.856634056,-3.666512685,-3.666512685,-1.37155526
196.225,-1.602022962,-3.698169884,-3.698169884,-1.163687446
196.25,-1.342632745,-3.724827655,-3.724827655,-0.9714832868
196.275,-1.079059728,-3.746867856,-3.746867856,-0.7941306742
196.3,-0.811915493,-3.764649845,-3.764649845,-0.6306536482
196.325,-0.5418250954,-3.778507236,-3.778507236,-0.4799789659
196.35,-0.26942523,-3.788746173,-3.788746173,-0.3409898171
196.375,0.00463764505,-3.795644776,-3.795644776,-0.2125674787
196.4,0.2797092168,-3.799453508,-3.799453508,-0.0936222562
196.425,0.5551292554,-3.800396189,-3.800396189,0.01688470236
196.45,0.8302335731,-3.798671457,-3.798671457,0.1199270865
196.475,1.104355997,-3.794454516,-3.794454516,0.21640506
196.5,1.376830353,-3.787899029,-3.787899029,0.3071414805
196.525,1.646992445,-3.779139058,-3.779139058,0.3928815284
196.55,1.914182036,-3.768290989,-3.768290989,0.4742947729
196.575,2.17774481,-3.755455377,-3.755455377,0.5519788976
196.6,2.437034324,-3.740718682,-3.740718682,0.6264644748
196.625,2.691413923,-3.724154885,-3.724154885,0.698220327
196.65,2.940258633,-3.70582696,-3.70582696,0.7676591295
196.675,3.182957012,-3.685788207,-3.685788207,0.8351430135
196.7,3.418912956,-3.664083447,-3.664083447,0.9009889907
196.725,3.647547456,-3.640750088,-3.640750088,0.9654740993
196.75,3.868300297,-3.615819059,-3.615819059,1.028840192
196.775,4.080631694,-3.589315637,-3.589315637,1.091298346
196.8,4.284023866,-3.561260166,-3.561260166,1.153032866
196.825,4.477982531,-3.531668676,-3.531668676,1.214204908
196.85,4.662038325,-3.500553426,-3.500553426,1.274955714
196.875,4.835748143,-3.467923361,-3.467923361,1.335409506
196.9,4.998696383,-3.433784508,-3.433784508,1.395676047
196.925,5.150496114,-3.398140303,-3.398140303,1.455852905
196.95,5.290790134,-3.360991879,-3.360991879,1.516027453
196.975,5.419251944,-3.32233829,-3.32233829,1.576278617
197,5.535586609,-3.282176708,-3.282176708,1.636678418
197.025,5.639531526,-3.240502576,-3.240502576,1.697293313
197.05,5.730857079,-3.197309732,-3.197309732,1.758185367
197.075,5.80936719,-3.152590508,-3.152590508,1.819413277
197.1,5.874899759,-3.106335801,-3.106335801,1.881033245
197.125,5.927326993,-3.058535124,-3.058535124,1.943099744
197.15,5.966555629,-3.009176647,-3.009176647,2.005666158
197.175,5.992527038,-2.95824721,-2.95824721,2.068785328
197.2,6.005217224,-2.905732335,-2.905732335,2.132509995
197.225,6.00463671,-2.851616223,-2.851616223,2.196893142
197.25,5.990830311,-2.795881745,-2.795881745,2.261988254
197.275,5.963876803,-2.738510426,-2.738510426,2.327849483
197.3,5.923888485,-2.67948243,-2.67948243,2.394531695
197.325,5.871010629,-2.618776537,-2.618776537,2.462090431
197.35,5.805420837,-2.556370137,-2.556370137,2.530581748
197.375,5.727328287,-2.49223921,-2.49223921,2.600061901
197.4,5.636972895,-2.426358334,-2.426358334,2.670586926
197.425,5.534624371,-2.358700696,-2.358700696,2.742212006
197.45,5.420581195,-2.28923812,-2.28923812,2.81499066
197.475,5.295169499,-2.217941125,-2.217941125,2.888973731
197.5,5.158741875,-2.144779005,-2.144779005,2.964208043
197.525,5.011676098,-2.069719949,-2.069719949,3.040734872
197.55,4.85437379,-1.992731207,-1.992731207,3.118587917
197.575,4.687258999,-1.913779299,-1.913779299,3.197791069
197.6,4.510776733,-1.832830305,-1.832830305,3.278355496
197.625,4.325391432,-1.749850213,-1.749850213,3.360276504
197.65,4.131585384,-1.664805374,-1.664805374,3.44352949
197.675,3.929857104,-1.577663036,-1.577663036,3.528065669
197.7,3.720719676,-1.488392041,-1.488392041,3.613806661
197.725,3.50469905,-1.396963599,-1.396963599,3.700638851
197.75,3.282332333,-1.303352288,-1.303352288,3.788406478
197.775,3.054166037,-1.207537174,-1.207537174,3.876904397
197.8,2.820754334,-1.109503153,-1.109503153,3.965869808
197.825,2.582657289,-1.009242511,-1.009242511,4.054973408
197.85,2.3404391,-0.9067566851,-0.9067566851,4.143810086
197.875,2.09466634,-0.8020582934,-0.8020582934,4.231889158
197.9,1.845906209,-0.6951733931,-0.6951733931,4.318624703
197.925,1.594724811,-0.5861439763,-0.5861439763,4.40332632
197.95,1.341685444,-0.4750306867,-0.4750306867,4.485190896
197.975,1.087346925,-0.3619157258,-0.3619157258,4.563296101
198,0.8322619523,-0.2469058873,-0.2469058873,4.636596514
198.025,0.5769755055,-0.1301356464,-0.1301356464,4.703923381
198.05,0.3220232908,-0.01177019729,-0.01177019729,4.763989117
198.075,0.06793024139,0.1079916924,0.1079916924,4.815397732
198.1,-0.1847909289,0.2289151744,0.2289151744,4.856662302
198.125,-0.4356411088,0.3507273461,0.3507273461,4.886230413
198.15,-0.684136108,0.4731160227,0.4731160227,4.902518227
198.175,-0.9298079052,0.5957294671,0.5957294671,4.903953271
198.2,-1.172205823,0.7181772948,0.7181772948,4.889025349
198.225,-1.410897623,0.8400327403,0.8400327403,4.856344207
198.25,-1.645470524,0.9608364245,0.9608364245,4.804701562
198.275,-1.875532135,1.080101695,1.080101695,4.733134248
198.3,-2.100711297,1.197321516,1.197321516,4.640984418
198.325,-2.320658845,1.311976784,1.311976784,4.527952208
198.35,-2.535048271,1.42354581,1.42354581,4.394136243
198.375,-2.743576301,1.531514622,1.531514622,4.240057721
198.4,-2.945963373,1.635387629,1.635387629,4.066664898
198.425,-3.141954028,1.734698131,1.734698131,3.875316181
198.45,-3.331317196,1.829018138,1.829018138,3.667741919
198.475,-3.513846399,1.917966987,1.917966987,3.445986877
198.5,-3.689359848,2.001218316,2.001218316,3.212337166
198.525,-3.857700454,2.07850507,2.07850507,2.969236763
198.55,-4.018735745,2.149622351,2.149622351,2.719199476
198.575,-4.172357684,2.214428074,2.214428074,2.464722514
198.6,-4.318482408,2.272841534,2.272841534,2.208206886
198.625,-4.45704987,2.324840128,2.324840128,1.951889172
198.65,-4.5880234,2.370454532,2.370454532,1.697787525
198.675,-4.711389183,2.409762729,2.409762729,1.447663423
198.7,-4.827155652,2.442883282,2.442883282,1.202999142
198.725,-4.935352815,2.469968223,2.469968223,0.9649898234
198.75,-5.036031493,2.491195911,2.491195911,0.7345480972
198.775,-5.129262505,2.506764133,2.506764133,0.5123187775
198.8,-5.215135778,2.516883672,2.516883672,0.2987009147
198.825,-5.293759398,2.521772494,2.521772494,0.09387463321
198.85,-5.365258604,2.521650632,2.521650632,-0.1021695686
198.875,-5.429774736,2.516735825,2.516735825,-0.2896009832
198.9,-5.487464127,2.507239883,2.507239883,-0.4687198205
198.925,-5.538496959,2.493365759,2.493365759,-0.6399303489
198.95,-5.583056086,2.47530525,2.47530525,-0.8037167486
198.975,-5.621335813,2.453237275,2.453237275,-0.9606220222
199,-5.653540666,2.427326633,2.427326633,-1.111230083
199.025,-5.679884129,2.397723168,2.397723168,-1.256150929
199.05,-5.70058737,2.36456128,2.36456128,-1.396008699
199.075,-5.715877962,2.327959684,2.327959684,-1.53143231
199.1,-5.72598859,2.288021392,2.288021392,-1.663048357
199.125,-5.731155775,2.244833834,2.244833834,-1.791475919
199.15,-5.731618589,2.198469097,2.198469097,-1.917322936
199.175,-5.727617395,2.148984234,2.148984234,-2.041183833
199.2,-5.7193926,2.096421623,2.096421623,-2.163638093
199.225,-5.707183432,2.040809349,2.040809349,-2.285249492
199.25,-5.691226743,1.982161603,1.982161603,-2.406565768
199.275,-5.671755851,1.920479086,1.920479086,-2.528118454
199.3,-5.648999419,1.855749413,1.855749413,-2.650422681
199.325,-5.623180369,1.787947531,1.787947531,-2.773976737
199.35,-5.594514855,1.717036151,1.717036151,-2.899261129
199.375,-5.563211279,1.642966207,1.642966207,-3.026736965
199.4,-5.529469367,1.565677372,1.565677372,-3.156843429
199.425,-5.493479301,1.485098661,1.485098661,-3.289993944
199.45,-5.455420915,1.401149109,1.401149109,-3.426571105
199.475,-5.41546296,1.313738666,1.313738666,-3.566919363
199.5,-5.37376243,1.222769221,1.222769221,-3.711336143
199.525,-5.330463964,1.128135946,1.128135946,-3.860059794
199.55,-5.285699325,1.029728944,1.029728944,-4.013255019
199.575,-5.239586946,0.9274352934,0.9274352934,-4.170994851
199.6,-5.192231557,0.8211416279,0.8211416279,-4.333238661
199.625,-5.143723894,0.71073728,0.71073728,-4.499806391
199.65,-5.094140477,0.5961181335,0.5961181335,-4.670348431
199.675,-5.04354348,0.4771912849,0.4771912849,-4.844311345
199.7,-4.991980671,0.3538806075,0.3538806075,-5.020899909
199.725,-4.939485437,0.2261332996,0.2261332996,-5.199036413
199.75,-4.886076886,0.09392746924,0.09392746924,-5.377318886
199.775,-4.831760026,-0.04271925144,-0.04271925144,-5.553980854
199.8,-4.776526027,-0.1837401373,-0.1837401373,-5.726856285
199.825,-4.720352553,-0.3290090448,-0.3290090448,-5.893354652
199.85,-4.66320417,-0.4783296475,-0.4783296475,-6.050452248
199.875,-4.605032828,-0.6314247373,-0.6314247373,-6.194706916
199.9,-4.545778408,-0.7879262605,-0.7879262605,-6.322303856
199.925,-4.485369339,-0.947366968,-0.947366968,-6.429139807
199.95,-4.423723278,-1.10917471,-1.10917471,-6.510951135
199.975,-4.360747853,-1.272670508,-1.272670508,-6.563487984
200,-4.296341455,-1.437071531,-1.437071531,-6.582731449
200.025,-4.230394092,-1.601499946,-1.601499946,-6.565143716
200.05,-4.162788288,-1.764998252,-1.764998252,-6.507933802
200.075,-4.093400024,-1.926551214,-1.926551214,-6.409314234
200.1,-4.022099726,-2.085113783,-2.085113783,-6.268719132
200.125,-3.948753283,-2.239643685,-2.239643685,-6.086953799
200.15,-3.8732231,-2.389136602,-2.389136602,-5.8662501
200.175,-3.795369171,-2.532661399,-2.532661399,-5.610212209
200.2,-3.71505018,-2.669392588,-2.669392588,-5.323651122
200.225,-3.632124614,-2.798637386,-2.798637386,-5.012322164
200.25,-3.546451888,-2.919855293,-2.919855293,-4.68259309
200.275,-3.457893471,-3.032668869,-3.032668869,-4.341079604
200.3,-3.366314024,-3.136865405,-3.136865405,-3.994287421
200.325,-3.271582513,-3.232390103,-3.232390103,-3.648295916
200.35,-3.173573332,-3.319332141,-3.319332141,-3.308508744
200.375,-3.0721674,-3.397905498,-3.397905498,-2.979485205
200.4,-2.967253232,-3.468426603,-3.468426603,-2.664854151
200.425,-2.858727998,-3.531290783,-3.531290783,-2.367302356
200.45,-2.746498535,-3.586949214,-3.586949214,-2.088623008
200.475,-2.630482338,-3.635887651,-3.635887651,-1.829807003
200.5,-2.510608497,-3.678607794,-3.678607794,-1.591159936
200.525,-2.386818598,-3.71561174,-3.71561174,-1.372429578
200.55,-2.259067568,-3.747389635,-3.747389635,-1.172932228
200.575,-2.127324468,-3.774410367,-3.774410367,-0.9916696832
200.6,-1.991573231,-3.797115026,-3.797115026,-0.8274318523
200.625,-1.851813332,-3.815912714,-3.815912714,-0.6788827945
200.65,-1.708060395,-3.831178301,-3.831178301,-0.5446298976
200.675,-1.560346736,-3.843251701,-3.843251701,-0.4232772455
200.7,-1.408721826,-3.852438315,-3.852438315,-0.3134649875
200.725,-1.253252682,-3.859010295,-3.859010295,-0.21389686
200.75,-1.094024189,-3.863208376,-3.863208376,-0.1233580574
200.775,-0.9311393306,-3.865244056,-3.865244056,-0.04072550514
200.8,-0.7647193464,-3.865301953,-3.865301953,0.03502764512
200.825,-0.594903807,-3.863542223,-3.863542223,0.1048317656
200.85,-0.4218506034,-3.860102943,-3.860102943,0.169523492
200.875,-0.2457358536,-3.855102399,-3.855102399,0.2298504604
200.9,-0.06675372461,-3.848641234,-3.848641234,0.2864772772
200.925,0.11488383,-3.840804448,-3.840804448,0.3399921476
200.95,0.2989474166,-3.83166322,-3.83166322,0.3909137462
200.975,0.4851906313,-3.821276556,-3.821276556,0.4396980371
201,0.6733505728,-3.809692783,-3.809692783,0.4867448442
201.025,0.8631484355,-3.796950865,-3.796950865,0.5324040465
201.05,1.054290183,-3.783081586,-3.783081586,0.5769813266
201.075,1.246467298,-3.768108582,-3.768108582,0.6207434409
201.1,1.439357607,-3.75204926,-3.75204926,0.6639230008
201.125,1.632626181,-3.73491559,-3.73491559,0.7067227814
201.15,1.825926295,-3.716714806,-3.716714806,0.7493195812
201.175,2.01890047,-3.697450012,-3.697450012,0.7918676611
201.2,2.211181562,-3.677120701,-3.677120701,0.8345018008
201.225,2.402393916,-3.655723217,-3.655723217,0.8773400067
201.25,2.592154575,-3.633251133,-3.633251133,0.9204859092
201.275,2.780074538,-3.609695593,-3.609695593,0.9640308809
201.3,2.965760061,-3.585045587,-3.585045587,1.008055908
201.325,3.148814002,-3.559288193,-3.559288193,1.052633248
201.35,3.328837199,-3.532408778,-3.532408778,1.097827905
201.375,3.505429877,-3.50439116,-3.50439116,1.143698921
201.4,3.678193085,-3.475217743,-3.475217743,1.190300549
201.425,3.846730147,-3.444869623,-3.444869623,1.237683289
201.45,4.010648125,-3.413326671,-3.413326671,1.285894827
201.475,4.169559299,-3.380567593,-3.380567593,1.334980872
201.5,4.323082641,-3.346569969,-3.346569969,1.384985935
201.525,4.470845285,-3.311310271,-3.311310271,1.43595403
201.55,4.612483996,-3.274763874,-3.274763874,1.487929327
201.575,4.74764661,-3.236905038,-3.236905038,1.540956757
201.6,4.875993467,-3.197706884,-3.197706884,1.595082583
201.625,4.997198807,-3.157141355,-3.157141355,1.650354941
201.65,5.110952136,-3.115179162,-3.115179162,1.706824349
201.675,5.216959555,-3.071789718,-3.071789718,1.764544201
201.7,5.314945045,-3.02694106,-3.02694106,1.823571243
201.725,5.404651699,-2.980599759,-2.980599759,1.883966026
201.75,5.485842901,-2.932730822,-2.932730822,1.945793349
201.775,5.558303452,-2.883297576,-2.883297576,2.009122684
201.8,5.621840618,-2.832261551,-2.832261551,2.074028582
201.825,5.676285121,-2.779582344,-2.779582344,2.140591051
201.85,5.721492049,-2.72521748,-2.72521748,2.208895917
201.875,5.757341694,-2.669122264,-2.669122264,2.279035126
201.9,5.7837403,-2.61124962,-2.61124962,2.351107021
201.925,5.800620735,-2.551549934,-2.551549934,2.425216529
201.95,5.807943069,-2.489970885,-2.489970885,2.501475279
201.975,5.805695059,-2.426457276,-2.426457276,2.580001599
202,5.793892545,-2.36095087,-2.36095087,2.660920378
202.025,5.772579745,-2.293390229,-2.293390229,2.744362737
202.05,5.741829454,-2.223710565,-2.223710565,2.830465472
202.075,5.701743141,-2.151843606,-2.151843606,2.919370226
202.1,5.652450945,-2.077717493,-2.077717493,3.011222246
202.125,5.594111571,-2.001256705,-2.001256705,3.106168798
202.15,5.526912078,-1.92238204,-1.92238204,3.204356849
202.175,5.451067574,-1.841010648,-1.841010648,3.305930364
202.2,5.366820796,-1.757056165,-1.757056165,3.41102637
202.225,5.274441596,-1.670428923,-1.670428923,3.519770587
202.25,5.174226329,-1.581036326,-1.581036326,3.632271222
202.275,5.06649713,-1.48878335,-1.48878335,3.748612119
202.3,4.951601107,-1.393573286,-1.393573286,3.868843537
202.325,4.829909431,-1.295308686,-1.295308686,3.992971723
202.35,4.701816334,-1.193892629,-1.193892629,4.120945917
202.375,4.56773802,-1.08923034,-1.08923034,4.252643153
202.4,4.428111485,-0.9812311903,-0.9812311903,4.387850653
202.425,4.28339326,-0.8698112103,-0.8698112103,4.526245239
202.45,4.134058072,-0.7548961287,-0.7548961287,4.667370302
202.475,3.980597428,-0.6364250198,-0.6364250198,4.810610222
202.5,3.823518135,-0.5143546203,-0.5143546203,4.955162761
202.525,3.663340749,-0.3886643563,-0.3886643563,5.100010273
202.55,3.500597965,-0.2593620873,-0.2593620873,5.243891065
202.575,3.33583296,-0.1264905467,-0.1264905467,5.385272817
202.6,3.16959767,0.009865605882,0.009865605882,5.522330623
202.625,3.002451045,0.1495722754,0.1495722754,5.65293301
202.65,2.83495725,0.2924382097,0.2924382097,5.774639914
202.675,2.667683839,0.43820743,0.43820743,5.884717199
202.7,2.501199912,0.5865522749,0.5865522749,5.980172438
202.725,2.336074242,0.737067655,0.737067655,6.057816389
202.75,2.172873399,0.8892672003,0.8892672003,6.114353443
202.775,2.012159861,1.042582046,1.042582046,6.146502226
202.8,1.854490138,1.196362998,1.196362998,6.151144557
202.825,1.700412888,1.349886714,1.349886714,6.125496839
202.85,1.550467062,1.50236635,1.50236635,6.067293679
202.875,1.405180063,1.652966812,1.652966812,5.97496914
202.9,1.265065937,1.800824309,1.800824309,5.847817777
202.925,1.130623593,1.945069493,1.945069493,5.686116698
202.95,1.002335067,2.084852981,2.084852981,5.491191306
202.975,0.8806638375,2.219371674,2.219371674,5.265412264
203,0.7660531888,2.347894076,2.347894076,5.012118596
203.025,0.6589246342,2.469782811,2.469782811,4.735470687
203.05,0.5596764075,2.584512698,2.584512698,4.440246074
203.075,0.4686820235,2.691683217,2.691683217,4.131597729
203.1,0.3862889151,2.791024699,2.791024699,3.814798806
203.125,0.3128171523,2.882398234,2.882398234,3.494997619
203.15,0.2485582471,2.965789784,2.965789784,3.17700374
203.175,0.1937740496,3.041299512,3.041299512,2.865119808
203.2,0.1486957384,3.109127556,3.109127556,2.563026729
203.225,0.1135229118,3.16955762,3.16955762,2.273722956
203.25,0.08842277956,3.222939671,3.222939671,1.999512862
203.275,0.07352946248,3.269672872,3.269672872,1.742035473
203.3,0.06894339933,3.310189632,3.310189632,1.502322897
203.325,0.0747308659,3.344941367,3.344941367,1.280877685
203.35,0.09092360707,3.374386339,3.374386339,1.077759461
203.375,0.1175185841,3.39897968,3.39897968,0.8926729435
203.4,0.1544778382,3.419165583,3.419165583,0.7250514926
203.425,0.2017284716,3.435371478,3.435371478,0.5741324969
203.45,0.2591627461,3.448003969,3.448003969,0.4390224271
203.475,0.3266382994,3.457446262,3.457446262,0.3187508866
203.5,0.4039784795,3.464056801,3.464056801,0.212313882
203.525,0.490972795,3.468168869,3.468168869,0.1187071819
203.55,0.5873774814,3.470090903,3.470090903,0.03695097368
203.575,0.6929161811,3.470107339,3.470107339,-0.03389283609
203.6,0.8072807354,3.468479805,3.468479805,-0.09470934183
203.625,0.9301320855,3.465448536,3.465448536,-0.146324137
203.65,1.061101281,3.461233901,3.461233901,-0.1895004942
203.675,1.199790592,3.456037974,3.456037974,-0.2249392944
203.7,1.345774718,3.450046064,3.450046064,-0.2532809342
203.725,1.498602099,3.443428195,3.443428195,-0.2751085942
203.75,1.65779631,3.436340486,3.436340486,-0.2909523809
203.775,1.822857553,3.428926416,3.428926416,-0.3012939702
203.8,1.993264219,3.421317977,3.421317977,-0.3065714753
203.825,2.168474537,3.413636705,3.413636705,-0.3071843317
203.85,2.34792829,3.405994579,3.405994579,-0.3034980581
203.875,2.531048596,3.39849482,3.39849482,-0.2958487914
203.9,2.717243753,3.391232567,3.391232567,-0.2845475338
203.925,2.905909129,3.384295457,3.384295457,-0.2698840687
203.95,3.096429109,3.37776411,3.37776411,-0.2521305292
203.975,3.288179075,3.37171253,3.37171253,-0.2315446092
204,3.480527422,3.366208429,3.366208429,-0.2083724162
204.025,3.672837605,3.361313484,3.361313484,-0.1828509769
204.05,3.864470193,3.357083538,3.357083538,-0.1552104019
204.075,4.054784953,3.353568748,3.353568748,-0.1256757244
204.1,4.243142924,3.35081369,3.35081369,-0.09446842528
204.125,4.4289085,3.348857438,3.348857438,-0.06180765841
204.15,4.611451497,3.347733604,3.347733604,-0.02791119147
204.175,4.790149211,3.347470367,3.347470367,0.007003925841
204.2,4.964388442,3.348090483,3.348090483,0.0427209496
204.225,5.133567504,3.349611292,3.349611292,0.07902327276
204.25,5.29709818,3.352044721,3.352044721,0.1156944834
204.275,5.454407649,3.355397291,3.355397291,0.1525186352
204.3,5.604940351,3.359670135,3.359670135,0.1892807121
204.325,5.748159803,3.36485903,3.36485903,0.2257672698
204.35,5.883550345,3.370954442,3.370954442,0.2617672342
204.375,6.010618823,3.377941604,3.377941604,0.2970728353
204.4,6.128896194,3.385800601,3.385800601,0.3314806519
204.425,6.237939049,3.394506503,3.394506503,0.3647927454
204.45,6.337331054,3.404029511,3.404029511,0.3968178547
204.475,6.426684295,3.414335141,3.414335141,0.4273726235
204.5,6.505640533,3.425384435,3.425384435,0.4562828337
204.525,6.573872355,3.437134209,3.437134209,0.4833846154
204.55,6.631084222,3.449537322,3.449537322,0.5085256053
204.575,6.677013414,3.462542981,3.462542981,0.5315660251
204.6,6.711430854,3.476097063,3.476097063,0.5523796538
204.625,6.734141832,3.490142471,3.490142471,0.5708546718
204.65,6.744986602,3.504619498,3.504619498,0.5868943536
204.675,6.743840866,3.519466214,3.519466214,0.6004175928
204.7,6.730616138,3.53461886,3.53461886,0.6113592448
204.725,6.705259987,3.55001225,3.55001225,0.6196702796
204.75,6.667756159,3.565580173,3.565580173,0.6253177419
204.775,6.618124573,3.581255793,3.581255793,0.6282845162
204.8,6.556421205,3.596972041,3.596972041,0.6285689029
204.825,6.482737839,3.612661991,3.612661991,0.6261840212
204.85,6.397201703,3.628259221,3.628259221,0.6211570462
204.875,6.299974992,3.643698158,3.643698158,0.613528301
204.9,6.191254261,3.658914389,3.658914389,0.6033502303
204.925,6.071269715,3.673844951,3.673844951,0.5906862695
204.95,5.940284378,3.688428594,3.688428594,0.5756096423
204.975,5.79859316,3.702606007,3.702606007,0.5582021096
205,5.646521812,3.716320016,3.716320016,0.5385526921
205.025,5.484425782,3.72951575,3.72951575,0.5167563977
205.05,5.312688973,3.742140775,3.742140775,0.4929129666
205.075,5.131722404,3.754145199,3.754145199,0.4671256656
205.1,4.941962789,3.76548174,3.76548174,0.4395001376
205.125,4.743871024,3.776105778,3.776105778,0.4101433315
205.15,4.5379306,3.785975373,3.785975373,0.3791625142
205.175,4.324645945,3.79505126,3.79505126,0.3466643821
205.2,4.104540699,3.803296826,3.803296826,0.3127542687
205.225,3.878155919,3.810678068,3.810678068,0.2775354578
205.25,3.646048246,3.817163533,3.817163533,0.2411085967
205.275,3.408788009,3.822724245,3.822724245,0.2035712096
205.3,3.1669573,3.827333623,3.827333623,0.1650173066
205.325,2.921148002,3.830967392,3.830967392,0.1255370795
205.35,2.671959807,3.833603477,3.833603477,0.08521668125
205.375,2.419998193,3.835221909,3.835221909,0.04413807759
205.4,2.165872405,3.835804711,3.835804711,0.002378964103
205.425,1.910193424,3.835335799,3.835335799,-0.03998726063
205.45,1.653571933,3.833800866,3.833800866,-0.0828914741
205.475,1.396616297,3.831187284,3.831187284,-0.1262687696
205.5,1.139930555,3.827483993,3.827483993,-0.1700583644
205.525,0.884112438,3.822681404,3.822681404,-0.2142034841
205.55,0.6297514109,3.816771298,3.816771298,-0.2586512282
205.575,0.3774267556,3.809746731,3.809746731,-0.303352426
205.6,0.1277056936,3.801601945,3.801601945,-0.348261484
205.625,-0.1188584408,3.792332277,3.792332277,-0.3933362324
205.65,-0.3617279714,3.781934078,3.781934078,-0.4385377736
205.675,-0.6003825905,3.770404631,3.770404631,-0.4838303349
205.7,-0.8343210007,3.757742077,3.757742077,-0.52918113
205.725,-1.063062484,3.74394534,3.74394534,-0.5745602271
205.75,-1.28614839,3.729014057,3.729014057,-0.6199404365
205.775,-1.503143548,3.712948514,3.712948514,-0.6652971982
205.8,-1.713637577,3.695749577,3.695749577,-0.7106084933
205.825,-1.91724612,3.677418632,3.677418632,-0.7558547655
205.85,-2.113611965,3.657957524,3.657957524,-0.8010188564
205.875,-2.302406077,3.637368498,3.637368498,-0.8460859566
205.9,-2.48332852,3.615654139,3.615654139,-0.8910435699
205.925,-2.656109274,3.592817317,3.592817317,-0.9358814935
205.95,-2.820508944,3.568861128,3.568861128,-0.9805918112
205.975,-2.976319351,3.543788838,3.543788838,-1.025168901
206,-3.123364018,3.517603822,3.517603822,-1.069609457
206.025,-3.261498533,3.490309511,3.490309511,-1.113912524
206.05,-3.390610804,3.46190933,3.46190933,-1.158079546
206.075,-3.510621187,3.432406636,3.432406636,-1.20211443
206.1,-3.62148251,3.401804657,3.401804657,-1.246023617
206.125,-3.72317997,3.370106428,3.370106428,-1.289816173
206.15,-3.81573092,3.337314723,3.337314723,-1.333503885
206.175,-3.899184539,3.303431986,3.303431986,-1.37710138
206.2,-3.973621392,3.26846026,3.26846026,-1.420626246
206.225,-4.039152876,3.232401107,3.232401107,-1.464099171
206.25,-4.095920558,3.195255535,3.195255535,-1.507544095
206.275,-4.144095408,3.157023909,3.157023909,-1.550988372
206.3,-4.183876928,3.117705865,3.117705865,-1.594462943
206.325,-4.215492183,3.077300221,3.077300221,-1.638002531
206.35,-4.239194738,3.035804876,3.035804876,-1.681645834
206.375,-4.255263494,2.993216709,2.993216709,-1.725435744
206.4,-4.264001455,2.949531474,2.949531474,-1.769419561
206.425,-4.265734391,2.904743683,2.904743683,-1.813649239
206.45,-4.260809444,2.858846491,2.858846491,-1.85818163
206.475,-4.249593651,2.811831564,2.811831564,-1.903078731
206.5,-4.232472398,2.763688955,2.763688955,-1.948407956
206.525,-4.209847829,2.714406958,2.714406958,-1.994242412
206.55,-4.182137182,2.663971967,2.663971967,-2.040661154
206.575,-4.149771088,2.612368323,2.612368323,-2.08774949
206.6,-4.11319183,2.559578149,2.559578149,-2.135599231
206.625,-4.072851557,2.505581197,2.505581197,-2.184308982
206.65,-4.029210477,2.450354655,2.450354655,-2.233984368
206.675,-3.982735026,2.393872991,2.393872991,-2.284738324
206.7,-3.933896024,2.33610775,2.33610775,-2.336691232
206.725,-3.883166816,2.277027372,2.277027372,-2.389971162
206.75,-3.831021421,2.216597004,2.216597004,-2.444713928
206.775,-3.777932676,2.154778291,2.154778291,-2.501063168
206.8,-3.724370402,2.091529199,2.091529199,-2.559170287
206.825,-3.670799581,2.026803805,2.026803805,-2.619194271
206.85,-3.617678563,1.960552127,1.960552127,-2.681301412
206.875,-3.565457302,1.892719934,1.892719934,-2.745664753
206.9,-3.514575633,1.823248596,1.823248596,-2.812463417
206.925,-3.465461591,1.752074936,1.752074936,-2.88188151
206.95,-3.418529784,1.679131127,1.679131127,-2.954106842
206.975,-3.374179816,1.60434462,1.60434462,-3.029329017
207,-3.332794781,1.527638125,1.527638125,-3.10773724
207.025,-3.29473982,1.448929658,1.448929658,-3.189517247
207.05,-3.260360746,1.368132672,1.368132672,-3.274847742
207.075,-3.229982755,1.285156287,1.285156287,-3.363895743
207.1,-3.203909216,1.199905652,1.199905652,-3.456811018
207.125,-3.182420546,1.112282451,1.112282451,-3.55371934
207.15,-3.165773173,1.022185618,1.022185618,-3.654714184
207.175,-3.154198601,0.9295122445,0.9295122445,-3.759847109
207.2,-3.147902566,0.8341587754,0.8341587754,-3.869116222
207.225,-3.147064292,0.7360225143,0.7360225143,-3.982452743
207.25,-3.151835851,0.635003475,0.635003475,-4.099705672
207.275,-3.162341631,0.5310066511,0.5310066511,-4.220624302
207.3,-3.178677904,0.4239447556,0.4239447556,-4.344838716
207.325,-3.200912506,0.3137414575,0.3137414575,-4.471838602
207.35,-3.229084628,0.2003351719,0.2003351719,-4.600950713
207.375,-3.263204709,0.08368342268,0.08368342268,-4.731315767
207.4,-3.303254446,-0.03623222267,-0.03623222267,-4.861865911
207.425,-3.34918691,-0.1594006765,-0.1594006765,-4.991304276
207.45,-3.40092677,-0.2857753915,-0.2857753915,-5.118088693
207.475,-3.458370627,-0.4152680906,-0.4152680906,-5.24042211
207.5,-3.521387451,-0.5477423745,-0.5477423745,-5.356252732
207.525,-3.589819127,-0.6830074858,-0.6830074858,-5.46328725
207.55,-3.663481096,-0.8208126064,-0.8208126064,-5.559020585
207.575,-3.742163104,-0.960842136,-0.960842136,-5.640785295
207.6,-3.825630043,-1.102712478,-1.102712478,-5.705822868
207.625,-3.913622884,-1.245970892,-1.245970892,-5.751377751
207.65,-4.005859703,-1.390096964,-1.390096964,-5.77481266
207.675,-4.102036792,-1.534507194,-1.534507194,-5.773741043
207.7,-4.20182985,-1.678563033,-1.678563033,-5.746169409
207.725,-4.304895256,-1.821582491,-1.821582491,-5.690639182
207.75,-4.410871404,-1.962855166,-1.962855166,-5.606355535
207.775,-4.519380117,-2.101660182,-2.101660182,-5.493289494
207.8,-4.630028119,-2.237286213,-2.237286213,-5.352240387
207.825,-4.742408556,-2.369052457,-2.369052457,-5.184848645
207.85,-4.856102579,-2.496329254,-2.496329254,-4.993553637
207.875,-4.970680964,-2.618556969,-2.618556969,-4.781497243
207.9,-5.085705775,-2.735261839,-2.735261839,-4.552380351
207.925,-5.200732056,-2.84606778,-2.84606778,-4.310284827
207.95,-5.315309555,-2.950703485,-2.950703485,-4.059477413
207.975,-5.428984458,-3.049004564,-3.049004564,-3.804213111
208,-5.541301147,-3.140910952,-3.140910952,-3.548554581
208.025,-5.651803959,-3.226460127,-3.226460127,-3.296220601
208.05,-5.760038949,-3.30577701,-3.30577701,-3.050472079
208.075,-5.865555642,-3.379061518,-3.379061518,-2.814039061
208.1,-5.967908778,-3.4465748,-3.4465748,-2.589087572
208.125,-6.066660034,-3.508625091,-3.508625091,-2.377221675
208.15,-6.161379725,-3.565554,-3.565554,-2.179513804
208.175,-6.25164847,-3.617723811,-3.617723811,-1.996555536
208.2,-6.337058821,-3.66550624,-3.66550624,-1.828521127
208.225,-6.417216853,-3.709272863,-3.709272863,-1.675236908
208.25,-6.491743696,-3.749387297,-3.749387297,-1.536251102
208.275,-6.560277025,-3.786199082,-3.786199082,-1.410899956
208.3,-6.622472475,-3.820039145,-3.820039145,-1.298367559
208.325,-6.678005004,-3.851216664,-3.851216664,-1.197737814
208.35,-6.726570176,-3.880017125,-3.880017125,-1.108038072
208.375,-6.767885377,-3.906701368,-3.906701368,-1.028274551
208.4,-6.801690943,-3.93150542,-3.93150542,-0.9574601309
208.425,-6.827751217,-3.954640943,-3.954640943,-0.8946353877
208.45,-6.845855504,-3.976296118,-3.976296118,-0.8388838253
208.475,-6.855818946,-3.996636867,-3.996636867,-0.7893422839
208.5,-6.857483303,-4.01580827,-4.01580827,-0.7452074414
208.525,-6.850717631,-4.03393611,-4.03393611,-0.7057392381
208.55,-6.835418866,-4.051128472,-4.051128472,-0.6702619366
208.575,-6.811512308,-4.067477346,-4.067477346,-0.6381634195
208.6,-6.778951999,-4.083060196,-4.083060196,-0.6088932144
208.625,-6.737720999,-4.097941464,-4.097941464,-0.5819596422
208.65,-6.687831556,-4.112174,-4.112174,-0.5569263994
208.675,-6.629325172,-4.125800401,-4.125800401,-0.5334088093
208.7,-6.562272565,-4.138854251,-4.138854251,-0.5110699218
208.725,-6.486773516,-4.151361265,-4.151361265,-0.4896165983
208.75,-6.402956627,-4.16334034,-4.16334034,-0.4687956679
208.775,-6.310978961,-4.174804502,-4.174804502,-0.4483902292
208.8,-6.211025588,-4.185761771,-4.185761771,-0.428216134
208.825,-6.103309023,-4.19621594,-4.19621594,-0.4081186837
208.85,-5.988068573,-4.206167268,-4.206167268,-0.3879695499
208.875,-5.865569584,-4.215613108,-4.215613108,-0.3676639271
208.9,-5.73610259,-4.224548456,-4.224548456,-0.3471179118
208.925,-5.599982379,-4.232966451,-4.232966451,-0.3262661059
208.95,-5.457546969,-4.2408588,-4.2408588,-0.3050594338
208.975,-5.309156498,-4.248216172,-4.248216172,-0.2834631645
209,-5.155192035,-4.255028524,-4.255028524,-0.2614551214
209.025,-4.99605432,-4.261285401,-4.261285401,-0.2390240742
209.05,-4.832162433,-4.266976186,-4.266976186,-0.2161682952
209.075,-4.663952387,-4.272090328,-4.272090328,-0.1928942698
209.1,-4.491875676,-4.276617526,-4.276617526,-0.1692155472
209.125,-4.316397755,-4.280547895,-4.280547895,-0.1451517223
209.15,-4.137996476,-4.283872107,-4.283872107,-0.1207275331
209.175,-3.957160477,-4.28658151,-4.28658151,-0.09597206764
209.2,-3.774387533,-4.288668222,-4.288668222,-0.0709180669
209.225,-3.590182877,-4.290125223,-4.290125223,-0.04560131504
209.25,-3.405057484,-4.290946417,-4.290946417,-0.02006010885
209.275,-3.219526349,-4.291126694,-4.291126694,0.00566520282
209.3,-3.034106738,-4.290661972,-4.290661972,0.03153261719
209.325,-2.849316438,-4.289549239,-4.289549239,0.05749882011
209.35,-2.665671996,-4.287786577,-4.287786577,0.08351947987
209.375,-2.483686974,-4.285373187,-4.285373187,0.109549498
209.4,-2.303870205,-4.282309405,-4.282309405,0.1355432231
209.425,-2.126724066,-4.278596712,-4.278596712,0.1614546319
209.45,-1.952742776,-4.274237744,-4.274237744,0.187237483
209.475,-1.782410723,-4.269236295,-4.269236295,0.2128454465
209.5,-1.616200819,-4.263597315,-4.263597315,0.2382322142
209.525,-1.454572904,-4.257326913,-4.257326913,0.2633515929
209.55,-1.297972185,-4.250432347,-4.250432347,0.2881575834
209.575,-1.146827737,-4.242922026,-4.242922026,0.3126044501
209.6,-1.001551049,-4.234805496,-4.234805496,0.3366467811
209.625,-0.8625346391,-4.226093434,-4.226093434,0.3602395409
209.65,-0.7301507316,-4.216797637,-4.216797637,0.3833381213
209.675,-0.6047500066,-4.206931014,-4.206931014,0.4058983863
209.7,-0.4866604224,-4.196507568,-4.196507568,0.4278767179
209.725,-0.3761861182,-4.185542386,-4.185542386,0.4492300619
209.75,-0.2736063982,-4.174051627,-4.174051627,0.4699159722
209.775,-0.1791748025,-4.162052498,-4.162052498,0.4898926626
209.8,-0.09311826667,-4.149563246,-4.149563246,0.5091190555
209.825,-0.01563637331,-4.136603134,-4.136603134,0.5275548403
209.85,0.0530993018,-4.123192422,-4.123192422,0.5451605335
209.875,0.1129457471,-4.109352347,-4.109352347,0.5618975443
209.9,0.1637889744,-4.095105097,-4.095105097,0.5777282491
209.925,0.2055443777,-4.080473792,-4.080473792,0.5926160676
209.95,0.2381569916,-4.065482447,-4.065482447,0.6065255528
209.975,0.2616016472,-4.050155953,-4.050155953,0.6194224806
210,0.2758830268,-4.034520036,-4.034520036,0.6312739537
210.025,0.2810356156,-4.01860123,-4.01860123,0.6420485099
210.05,0.277123552,-4.002426834,-4.002426834,0.6517162379
210.075,0.2642403762,-3.986024877,-3.986024877,0.6602489052
210.1,0.2425086788,-3.969424069,-3.969424069,0.6676200875
210.125,0.2120796512,-3.952653756,-3.952653756,0.6738053123
210.15,0.1731325377,-3.935743873,-3.935743873,0.6787822067
210.175,0.1258739931,-3.918724884,-3.918724884,0.6825306511
210.2,0.07053734794,-3.901627726,-3.901627726,0.6850329439
210.225,0.007381782991,-3.884483748,-3.884483748,0.6862739676
210.25,-0.06330858291,-3.867324642,-3.867324642,0.6862413621
210.275,-0.1412256889,-3.850182373,-3.850182373,0.6849257037
210.3,-0.2260386081,-3.833089102,-3.833089102,0.6823206834
210.325,-0.3173947005,-3.816077109,-3.816077109,0.6784232901
210.35,-0.4149208376,-3.799178705,-3.799178705,0.6732339941
210.375,-0.5182246949,-3.782426142,-3.782426142,0.6667569269
210.4,-0.6268961084,-3.765851524,-3.765851524,0.6590000595
210.425,-0.7405084888,-3.749486705,-3.749486705,0.6499753774
210.45,-0.8586202903,-3.733363187,-3.733363187,0.6396990445
210.475,-0.9807765268,-3.717512014,-3.717512014,0.6281915594
210.5,-1.106510332,-3.701963662,-3.701963662,0.6154779012
210.525,-1.235344558,-3.686747925,-3.686747925,0.6015876584
210.55,-1.366793402,-3.671893799,-3.671893799,0.5865551407
210.575,-1.500364068,-3.657429362,-3.657429362,0.5704194717
210.6,-1.63555844,-3.643381653,-3.643381653,0.5532246583
210.625,-1.771874775,-3.629776549,-3.629776549,0.5350196344
210.65,-1.908809407,-3.616638642,-3.616638642,0.5158582749
210.675,-2.045858448,-3.603991116,-3.603991116,0.4957993795
210.7,-2.182519495,-3.591855623,-3.591855623,0.4749066223
210.725,-2.318293323,-3.580252165,-3.580252165,0.4532484647
210.75,-2.452685563,-3.56919897,-3.56919897,0.4308980297
210.775,-2.585208367,-3.558712387,-3.558712387,0.4079329358
210.8,-2.715382042,-3.548806764,-3.548806764,0.3844350884
210.825,-2.842736652,-3.539494357,-3.539494357,0.3604904288
210.85,-2.966813592,-3.53078522,-3.53078522,0.336188639
210.875,-3.087167111,-3.522687126,-3.522687126,0.3116228024
210.9,-3.203365797,-3.51520548,-3.51520548,0.2868890222
210.925,-3.314994,-3.508343252,-3.508343252,0.2620859968
210.95,-3.421653211,-3.502100917,-3.502100917,0.2373145557
210.975,-3.522963372,-3.496476408,-3.496476408,0.212677157
211,-3.618564124,-3.49146508,-3.49146508,0.1882773521
211.025,-3.708115987,-3.487059693,-3.487059693,0.1642192186
211.05,-3.79130146,-3.483250405,-3.483250405,0.1406067691
211.075,-3.867826058,-3.480024779,-3.480024779,0.1175433388
211.1,-3.937419255,-3.477367812,-3.477367812,0.09513095984
211.125,-3.999835354,-3.475261971,-3.475261971,0.07346972816
211.15,-4.054854267,-3.473687252,-3.473687252,0.05265716915
211.175,-4.102282207,-3.472621253,-3.472621253,0.03278761077
211.2,-4.141952296,-3.472039258,-3.472039258,0.01395157071
211.225,-4.173725069,-3.471914343,-3.471914343,-0.003764834558
211.25,-4.197488897,-3.472217491,-3.472217491,-0.02028045152
211.275,-4.213160312,-3.472917727,-3.472917727,-0.03551961455
211.3,-4.220684229,-3.473982252,-3.473982252,-0.04941262764
211.325,-4.220034085,-3.475376611,-3.475376611,-0.06189619635
211.35,-4.211211872,-3.477064844,-3.477064844,-0.07291380459
211.375,-4.194248076,-3.479009671,-3.479009671,-0.08241603151
211.4,-4.169201528,-3.481172665,-3.481172665,-0.09036080454
211.425,-4.136159145,-3.483514442,-3.483514442,-0.09671358592
211.45,-4.095235597,-3.485994851,-3.485994851,-0.1014474915
211.475,-4.046572864,-3.488573164,-3.488573164,-0.1045433407
211.5,-3.990339712,-3.49120827,-3.49120827,-0.105989639
211.525,-3.926731081,-3.493858865,-3.493858865,-0.1057824937
211.55,-3.85596738,-3.496483644,-3.496483644,-0.1039254678
211.575,-3.778293708,-3.499041478,-3.499041478,-0.1004293742
211.6,-3.693978983,-3.5014916,-3.5014916,-0.09531201489
211.625,-3.603315004,-3.50379377,-3.50379377,-0.08859787294
211.65,-3.506615433,-3.505908442,-3.505908442,-0.080317761
211.675,-3.404214705,-3.507796913,-3.507796913,-0.0705084342
211.7,-3.296466875,-3.509421471,-3.509421471,-0.05921217435
211.725,-3.183744401,-3.510745524,-3.510745524,-0.0464763525
211.75,-3.066436867,-3.511733725,-3.511733725,-0.03235297673
211.775,-2.944949651,-3.512352078,-3.512352078,-0.01689823221
211.8,-2.819702549,-3.51256804,-3.51256804,-0.0001720202019
211.825,-2.691128343,-3.512350609,-3.512350609,0.01776249801
211.85,-2.559671343,-3.511670395,-3.511670395,0.03683934648
211.875,-2.425785882,-3.510499691,-3.510499691,0.05699016447
211.9,-2.289934784,-3.508812523,-3.508812523,0.07814461627
211.925,-2.152587813,-3.506584695,-3.506584695,0.1002307775
211.95,-2.014220092,-3.503793829,-3.503793829,0.1231754949
211.975,-1.875310517,-3.500419383,-3.500419383,0.1469047173
212,-1.736340155,-3.496442677,-3.496442677,0.1713437968
212.025,-1.597790639,-3.491846902,-3.491846902,0.1964177579
212.05,-1.460142569,-3.486617124,-3.486617124,0.2220515367
212.075,-1.323873913,-3.480740285,-3.480740285,0.2481701875
212.1,-1.189458425,-3.474205197,-3.474205197,0.2746990597
212.125,-1.057364075,-3.467002532,-3.467002532,0.3015639461
212.15,-0.9280515041,-3.459124813,-3.459124813,0.328691202
212.175,-0.8019725049,-3.450566394,-3.450566394,0.3560078396
212.2,-0.6795685358,-3.441323445,-3.441323445,0.3834415979
212.225,-0.5612692683,-3.431393934,-3.431393934,0.4109209906
212.25,-0.4474911778,-3.420777605,-3.420777605,0.4383753348
212.275,-0.338636179,-3.409475959,-3.409475959,0.4657347618
212.3,-0.2350903108,-3.397492233,-3.397492233,0.4929302138
212.325,-0.1372224757,-3.384831383,-3.384831383,0.5198934269
212.35,-0.045383236,-3.37150006,-3.37150006,0.5465569052
212.375,0.0400963276,-3.357506593,-3.357506593,0.5728538844
212.4,0.1189056935,-3.342860971,-3.342860971,0.5987182912
212.425,0.1907559078,-3.327574828,-3.327574828,0.6240846985
212.45,0.2553805224,-3.311661426,-3.311661426,0.6488882779
212.475,0.3125364583,-3.29513564,-3.29513564,0.6730647524
212.5,0.3620047937,-3.278013946,-3.278013946,0.6965503511
212.525,0.4035914721,-3.260314408,-3.260314408,0.7192817668
212.55,0.4371279308,-3.242056667,-3.242056667,0.7411961189
212.575,0.4624716461,-3.223261931,-3.223261931,0.7622309228
212.6,0.4795065953,-3.203952968,-3.203952968,0.782324068
212.625,0.488143633,-3.18415409,-3.18415409,0.8014138051
212.65,0.4883207822,-3.163891151,-3.163891151,0.8194387447
212.675,0.4800034381,-3.143191535,-3.143191535,0.8363378684
212.7,0.4631844852,-3.122084145,-3.122084145,0.8520505538
212.725,0.4378843277,-3.100599396,-3.100599396,0.8665166153
212.75,0.4041508328,-3.0787692,-3.0787692,0.8796763605
212.775,0.362059188,-3.056626956,-3.056626956,0.891470666
212.8,0.3117116722,-3.034207533,-3.034207533,0.9018410712
212.825,0.2532373434,-3.01154725,-3.01154725,0.910729893
212.85,0.1867916424,-2.988683858,-2.988683858,0.9180803628
212.875,0.1125559149,-2.965656516,-2.965656516,0.9238367853
212.9,0.03073685443,-2.942505757,-2.942505757,0.9279447219
212.925,-0.05843413362,-2.919273459,-2.919273459,0.9303511983
212.95,-0.1547016424,-2.896002803,-2.896002803,0.9310049387
212.975,-0.2577870476,-2.87273823,-2.87273823,0.929856625
213,-0.3673893619,-2.849525382,-2.849525382,0.9268591842
213.025,-0.483186156,-2.826411051,-2.826411051,0.9219681015
213.05,-0.6048345451,-2.803443105,-2.803443105,0.9151417615
213.075,-0.7319722351,-2.780670411,-2.780670411,0.9063418162
213.1,-0.8642186272,-2.758142751,-2.758142751,0.8955335786
213.125,-1.001175976,-2.735910724,-2.735910724,0.8826864428
213.15,-1.142430596,-2.714025639,-2.714025639,0.8677743273
213.175,-1.28755412,-2.692539393,-2.692539393,0.8507761417
213.2,-1.436104791,-2.671504347,-2.671504347,0.8316762722
213.225,-1.587628799,-2.650973176,-2.650973176,0.8104650845
213.25,-1.741661647,-2.630998716,-2.630998716,0.7871394422
213.275,-1.897729551,-2.611633794,-2.611633794,0.7617032348
213.3,-2.055350861,-2.592931049,-2.592931049,0.7341679136
213.325,-2.214037505,-2.574942731,-2.574942731,0.704553024
213.35,-2.373296446,-2.557720495,-2.557720495,0.6728867343
213.375,-2.532631155,-2.54131518,-2.54131518,0.6392063597
213.4,-2.691543086,-2.525776573,-2.525776573,0.6035588642
213.425,-2.849533162,-2.511153157,-2.511153157,0.5660013261
213.45,-3.006103247,-2.497491864,-2.497491864,0.5266013989
213.475,-3.160757622,-2.484837788,-2.484837788,0.4854376925
213.5,-3.313004447,-2.47323393,-2.47323393,0.4426001411
213.525,-3.462357205,-2.462720888,-2.462720888,0.3981902812
213.55,-3.608336132,-2.453336577,-2.453336577,0.35232147
213.575,-3.750469619,-2.445115931,-2.445115931,0.3051190333
213.6,-3.888295589,-2.438090598,-2.438090598,0.2567202994
213.625,-4.021362842,-2.432288644,-2.432288644,0.207274554
213.65,-4.149232364,-2.427734256,-2.427734256,0.1569428698
213.675,-4.271478598,-2.424447448,-2.424447448,0.1058978177
213.7,-4.387690668,-2.422443782,-2.422443782,0.0543230495
213.725,-4.497473567,-2.421734095,-2.421734095,0.00241273967
213.75,-4.600449286,-2.422324244,-2.422324244,-0.04962912128
213.775,-4.696257891,-2.424214875,-2.424214875,-0.101589583
213.8,-4.784558552,-2.427401206,-2.427401206,-0.1532477502
213.825,-4.865030507,-2.431872847,-2.431872847,-0.2043759517
213.85,-4.937373968,-2.437613646,-2.437613646,-0.2547410717
213.875,-5.001310966,-2.444601567,-2.444601567,-0.3041060336
213.9,-5.056586124,-2.452808618,-2.452808618,-0.3522314207
213.925,-5.102967372,-2.462200808,-2.462200808,-0.3988772419
213.95,-5.140246587,-2.47273816,-2.47273816,-0.4438048141
213.975,-5.168240166,-2.484374767,-2.484374767,-0.4867787391
214,-5.186789523,-2.497058898,-2.497058898,-0.5275689567
214.025,-5.195761521,-2.510733159,-2.510733159,-0.565952849
214.05,-5.195048821,-2.525334708,-2.525334708,-0.60171736
214.075,-5.184570166,-2.540795517,-2.540795517,-0.6346610895
214.1,-5.164270584,-2.557042688,-2.557042688,-0.6645963329
214.125,-5.134121519,-2.573998824,-2.573998824,-0.6913510182
214.15,-5.094120887,-2.59158244,-2.59158244,-0.7147705087
214.175,-5.044293056,-2.60970842,-2.60970842,-0.7347192222
214.2,-4.984688758,-2.628288513,-2.628288513,-0.751082029
214.225,-4.915384916,-2.647231854,-2.647231854,-0.7637653952
214.25,-4.836484411,-2.666445521,-2.666445521,-0.7726982463
214.275,-4.74811577,-2.685835104,-2.685835104,-0.7778325136
214.3,-4.650432784,-2.705305279,-2.705305279,-0.7791433521
214.325,-4.543614064,-2.72476039,-2.72476039,-0.7766290288
214.35,-4.427862521,-2.744105022,-2.744105022,-0.7703104612
214.375,-4.303404784,-2.763244561,-2.763244561,-0.7602304322
214.4,-4.170490562,-2.782085723,-2.782085723,-0.7464524945
214.425,-4.029391928,-2.800537057,-2.800537057,-0.7290595812
214.45,-3.880402566,-2.818509412,-2.818509412,-0.7081523657
214.475,-3.72383694,-2.835916356,-2.835916356,-0.6838474086
214.5,-3.560029427,-2.852674551,-2.852674551,-0.6562751334
214.525,-3.389333387,-2.868704067,-2.868704067,-0.6255776809
214.55,-3.212120188,-2.883928654,-2.883928654,-0.5919066902
214.575,-3.028778192,-2.898275945,-2.898275945,-0.5554210569
214.6,-2.839711687,-2.911677616,-2.911677616,-0.5162847129
214.625,-2.645339793,-2.924069481,-2.924069481,-0.4746644734
214.65,-2.446095318,-2.935391538,-2.935391538,-0.4307279882
214.675,-2.242423596,-2.945587968,-2.945587968,-0.38464183
214.7,-2.034781284,-2.954607082,-2.954607082,-0.3365697475
214.725,-1.823635138,-2.962401235,-2.962401235,-0.2866711016
214.75,-1.60946077,-2.968926697,-2.968926697,-0.2350994981
214.775,-1.392741379,-2.974143493,-2.974143493,-0.1820016231
214.8,-1.173966472,-2.978015219,-2.978015219,-0.127516283
214.825,-0.9536305716,-2.980508833,-2.980508833,-0.0717736425
214.85,-0.732231914,-2.981594434,-2.981594434,-0.01489465199
214.875,-0.5102711446,-2.981245026,-2.981245026,0.04300934825
214.9,-0.2882500102,-2.979436273,-2.979436273,0.1018368636
214.925,-0.06667005543,-2.976146253,-2.976146253,0.1614963376
214.95,0.1539686772,-2.971355207,-2.971355207,0.2219061209
214.975,0.3731689363,-2.965045296,-2.965045296,0.2829943347
215,0.5904375399,-2.957200358,-2.957200358,0.3446986495
215.025,0.8052866364,-2.947805674,-2.947805674,0.4069659956
215.05,1.017234948,-2.936847737,-2.936847737,0.4697522241
215.075,1.22580899,-2.924314038,-2.924314038,0.5330217326
215.1,1.430544269,-2.910192854,-2.910192854,0.5967470716
215.125,1.630986447,-2.894473052,-2.894473052,0.6609085412
215.15,1.82669248,-2.877143897,-2.877143897,0.7254937914
215.175,2.01723172,-2.858194877,-2.858194877,0.7904974334
215.2,2.20218698,-2.837615531,-2.837615531,0.8559206678
215.225,2.381155565,-2.815395287,-2.815395287,0.9217709369
215.25,2.553750251,-2.791523315,-2.791523315,0.9880616042
215.275,2.719600232,-2.76598838,-2.76598838,1.054811666
215.3,2.878352015,-2.738778702,-2.738778702,1.122045484
215.325,3.029670268,-2.709881831,-2.709881831,1.189792567
215.35,3.173238617,-2.679284511,-2.679284511,1.258087357
215.375,3.308760394,-2.646972574,-2.646972574,1.326969074
215.4,3.43595933,-2.612930802,-2.612930802,1.396481537
215.425,3.554580192,-2.577142839,-2.577142839,1.46667309
215.45,3.664389368,-2.539591053,-2.539591053,1.537596408
215.475,3.765175393,-2.500256445,-2.500256445,1.609308463
215.5,3.856749412,-2.459118549,-2.459118549,1.681870401
215.525,3.938945592,-2.416155302,-2.416155302,1.75534737
215.55,4.01162147,-2.371342978,-2.371342978,1.829808493
215.575,4.07465824,-2.324656071,-2.324656071,1.905326602
215.6,4.127960977,-2.276067204,-2.276067204,1.98197808
215.625,4.171458812,-2.225547058,-2.225547058,2.059842606
215.65,4.205105026,-2.173064278,-2.173064278,2.139002725
215.675,4.228877104,-2.118585417,-2.118585417,2.219543488
215.7,4.242776711,-2.062074875,-2.062074875,2.301551758
215.725,4.246829618,-2.003494866,-2.003494866,2.385115522
215.75,4.241085562,-1.942805401,-1.942805401,2.470322902
215.775,4.225618052,-1.879964299,-1.879964299,2.557260885
215.8,4.200524111,-1.814927228,-1.814927228,2.646013997
215.825,4.165923964,-1.747647805,-1.747647805,2.736662124
215.85,4.121960665,-1.678077717,-1.678077717,2.829278586
215.875,4.068799675,-1.606166938,-1.606166938,2.923927117
215.9,4.006628378,-1.531864,-1.531864,3.020658569
215.925,3.935655552,-1.455116361,-1.455116361,3.119506993
215.95,3.85611078,-1.375870899,-1.375870899,3.220484673
215.975,3.76824382,-1.294074499,-1.294074499,3.323576729
216,3.672323919,-1.209674836,-1.209674836,3.428734354
216.025,3.568639089,-1.122621308,-1.122621308,3.535867264
216.05,3.457495329,-1.032866166,-1.032866166,3.644835019
216.075,3.339215815,-0.9403659182,-0.9403659182,3.755436984
216.1,3.214140042,-0.8450829411,-0.8450829411,3.867401455
216.125,3.082622935,-0.7469874227,-0.7469874227,3.980373389
216.15,2.945033916,-0.6460596062,-0.6460596062,4.093901364
216.175,2.801755944,-0.5422923662,-0.5422923662,4.207423837
216.2,2.653184527,-0.4356941367,-0.4356941367,4.320255156
216.225,2.499726696,-0.3262921883,-0.3262921883,4.431571925
216.25,2.341799961,-0.2141362299,-0.2141362299,4.5404006
216.275,2.179831241,-0.0993022943,-0.0993022943,4.645607349
216.3,2.014255774,0.01810316334,0.01810316334,4.745891536
216.325,1.845516011,0.1379390667,0.1379390667,4.839784381
216.35,1.674060488,0.2600255685,0.2600255685,4.92565458
216.375,1.500342697,0.3841401467,0.3841401467,5.001722726
216.4,1.324819933,0.5100141912,0.5100141912,5.066086327
216.425,1.14795215,0.6373303647,0.6373303647,5.116756915
216.45,0.9702007968,0.765721052,0.765721052,5.151710202
216.475,0.7920276637,0.8947682279,0.8947682279,5.168949267
216.5,0.6138937242,1.024005058,1.024005058,5.166579707
216.525,0.4362579825,1.152919502,1.152919502,5.1428941
216.55,0.259576328,1.280960104,1.280960104,5.096461621
216.575,0.08430039845,1.407544026,1.407544026,5.026217136
216.6,-0.08912354363,1.532067237,1.532067237,4.931542956
216.625,-0.2602557204,1.653916575,1.653916575,4.812335827
216.65,-0.4286639304,1.772483227,1.772483227,4.669052045
216.675,-0.5939246199,1.887176992,1.887176992,4.502724838
216.7,-0.7556239324,1.997440598,1.997440598,4.314950308
216.725,-0.9133587321,2.102763262,2.102763262,4.107841131
216.75,-1.0667376,2.202692712,2.202692712,3.883950372
216.775,-1.215381802,2.296844979,2.296844979,3.646170926
216.8,-1.358926221,2.384911457,2.384911457,3.397618474
216.825,-1.497020257,2.466662919,2.466662919,3.141507041
216.85,-1.629328692,2.541950442,2.541950442,2.881026995
216.875,-1.755532516,2.61070339,2.61070339,2.619233742
216.9,-1.875329706,2.672924827,2.672924827,2.358954063
216.925,-1.988435971,2.728684858,2.728684858,2.102714335
216.95,-2.094585451,2.778112465,2.778112465,1.852692524
216.975,-2.193531365,2.821386445,2.821386445,1.610693444
217,-2.285046616,2.858725993,2.858725993,1.378144968
217.025,-2.368924348,2.890381413,2.890381413,1.156111679
217.05,-2.444978444,2.916625355,2.916625355,0.9453217686
217.075,-2.513043987,2.937744834,2.937744834,0.7462030057
217.1,-2.572977653,2.954034229,2.954034229,0.5589238049
217.125,-2.624658058,2.965789335,2.965789335,0.3834361449
217.15,-2.667986053,2.973302483,2.973302483,0.2195176795
217.175,-2.702884952,2.976858679,2.976858679,0.06681116952
217.2,-2.729300717,2.976732689,2.976732689,-0.07513996913
217.225,-2.747202078,2.973186946,2.973186946,-0.2068606852
217.25,-2.756580595,2.966470188,2.966470188,-0.3289180761
217.275,-2.757450669,2.956816673,2.956816673,-0.4418998376
217.3,-2.749849488,2.944445897,2.944445897,-0.5463970524
217.325,-2.733836922,2.929562677,2.929562677,-0.6429908651
217.35,-2.709495352,2.912357531,2.912357531,-0.7322425336
217.375,-2.676929452,2.893007273,2.893007273,-0.8146863269
217.4,-2.636265903,2.87167575,2.87167575,-0.8908247777
217.425,-2.587653059,2.84851467,2.84851467,-0.9611258232
217.45,-2.531260554,2.823664494,2.823664494,-1.026021435
217.475,-2.467278851,2.797255335,2.797255335,-1.085907394
217.5,-2.395918743,2.76940786,2.76940786,-1.141143909
217.525,-2.317410795,2.74023416,2.74023416,-1.192056861
217.55,-2.232004737,2.709838595,2.709838595,-1.238939455
217.575,-2.139968805,2.678318579,2.678318579,-1.282054159
217.6,-2.041589037,2.64576533,2.64576533,-1.321634785
217.625,-1.937168513,2.612264556,2.612264556,-1.357888648
217.65,-1.827026557,2.57789709,2.57789709,-1.390998724
217.675,-1.711497889,2.542739473,2.542739473,-1.421125766
217.7,-1.590931742,2.506864483,2.506864483,-1.448410343
217.725,-1.465690928,2.470341618,2.470341618,-1.472974795
217.75,-1.336150878,2.433237524,2.433237524,-1.494925071
217.775,-1.202698636,2.395616385,2.395616385,-1.514352464
217.8,-1.065731825,2.35754027,2.35754027,-1.531335238
217.825,-0.9256575821,2.319069436,2.319069436,-1.545940144
217.85,-0.7828914629,2.280262604,2.280262604,-1.55822384
217.875,-0.6378563201,2.241177187,2.241177187,-1.568234215
217.9,-0.4909811614,2.201869499,2.201869499,-1.576011621
217.925,-0.3426999846,2.162394929,2.162394929,-1.581590042
217.95,-0.1934505968,2.122808082,2.122808082,-1.584998183
217.975,-0.0436734185,2.083162901,2.083162901,-1.586260484
218,0.1061897239,2.043512763,2.043512763,-1.585398115
218.025,0.2556968136,2.003910544,2.003910544,-1.582429875
218.05,0.4044068649,1.964408673,1.964408673,-1.577373082
218.075,0.5518811458,1.925059155,1.925059155,-1.570244414
218.1,0.6976844016,1.885913578,1.885913578,-1.561060692
218.125,0.8413860718,1.847023099,1.847023099,-1.549839677
218.15,0.9825615024,1.808438411,1.808438411,-1.53660077
218.175,1.120793145,1.770209695,1.770209695,-1.521365754
218.2,1.255671746,1.732386551,1.732386551,-1.504159431
218.225,1.386797512,1.695017915,1.695017915,-1.485010295
218.25,1.513781264,1.658151955,1.658151955,-1.463951117
218.275,1.636245562,1.621835964,1.621835964,-1.441019527
218.3,1.753825804,1.586116225,1.586116225,-1.416258548
218.325,1.866171296,1.551037876,1.551037876,-1.389717082
218.35,1.972946296,1.51664475,1.51664475,-1.361450365
218.375,2.073831005,1.48297922,1.48297922,-1.331520353
218.4,2.168522544,1.45008202,1.45008202,-1.299996083
218.425,2.256735866,1.417992067,1.417992067,-1.266953945
218.45,2.338204642,1.386746274,1.386746274,-1.232477926
218.475,2.412682088,1.356379357,1.356379357,-1.19665976
218.5,2.479941751,1.326923643,1.326923643,-1.159599041
218.525,2.539778239,1.298408866,1.298408866,-1.12140324
218.55,2.592007899,1.270861981,1.270861981,-1.08218767
218.575,2.636469436,1.244306958,1.244306958,-1.042075367
218.6,2.673024477,1.218764599,1.218764599,-1.001196909
218.625,2.701558071,1.19425235,1.19425235,-0.9596901427
218.65,2.721979134,1.170784123,1.170784123,-0.9176998654
218.675,2.73422082,1.148370127,1.148370127,-0.8753774018
218.7,2.738240834,1.127016711,1.127016711,-0.8328801553
218.725,2.734021677,1.106726219,1.106726219,-0.7903710345
218.75,2.721570825,1.087496861,1.087496861,-0.7480179023
218.775,2.700920829,1.069322591,1.069322591,-0.705992846
218.8,2.672129365,1.052193021,1.052193021,-0.6644715572
218.825,2.635279193,1.036093329,1.036093329,-0.6236324737
218.85,2.590478057,1.021004209,1.021004209,-0.5836560524
218.875,2.537858514,1.006901824,1.006901824,-0.5447239037
218.9,2.47757769,0.9937577957,0.9937577957,-0.5070179024
218.925,2.409816959,0.9815391999,0.9815391999,-0.470719346
218.95,2.334781566,0.9702086012,0.9702086012,-0.4360079772
218.975,2.252700165,0.9597240956,0.9597240956,-0.4030611389
219,2.163824296,0.9500393891,0.9500393891,-0.3720527796
219.025,2.068427795,0.941103887,0.941103887,-0.343152595
219.05,1.966806128,0.9328628187,0.9328628187,-0.3165250695
219.075,1.859275671,0.9252573727,0.9252573727,-0.2923286223
219.1,1.746172914,0.918224864,0.918224864,-0.2707147169
219.125,1.627853613,0.9116989161,0.9116989161,-0.2518270405
219.15,1.504691873,0.9056096647,0.9056096647,-0.2358007088
219.175,1.377079175,0.8998839853,0.8998839853,-0.2227615111
219.2,1.245423351,0.8944457286,0.8944457286,-0.2128252321
219.225,1.110147497,0.8892159866,0.8892159866,-0.2060970016
219.25,0.9716888431,0.884113359,0.884113359,-0.2026707442
219.275,0.8304975684,0.8790542441,0.8790542441,-0.2026286752
219.3,0.6870355741,0.8739531363,0.8739531363,-0.2060408887
219.325,0.5417752137,0.8687229303,0.8687229303,-0.2129650231
219.35,0.3951979837,0.8632752408,0.8632752408,-0.2234460075
219.375,0.2477931785,0.857520719,0.857520719,-0.237515899
219.4,0.1000565141,0.8513693756,0.8513693756,-0.2551938028
219.425,-0.0475112781,0.8447309069,0.8447309069,-0.276485878
219.45,-0.1944058804,0.837515016,0.837515016,-0.3013854249
219.475,-0.3401208402,0.8296317317,0.8296317317,-0.3298730473
219.5,-0.4841490371,0.8209917249,0.8209917249,-0.3619168863
219.525,-0.6259841632,0.8115066158,0.8115066158,-0.3974729131
219.55,-0.7651222121,0.8010892735,0.8010892735,-0.4364852705
219.575,-0.9010629713,0.7896541073,0.7896541073,-0.478886653
219.6,-1.033311516,0.7771173488,0.7771173488,-0.5245987102
219.625,-1.161379698,0.7633973218,0.7633973218,-0.573532453
219.65,-1.284787626,0.7484147029,0.7484147029,-0.6255886531
219.675,-1.403065134,0.732092775,0.732092775,-0.6806582145
219.7,-1.515753228,0.7143576672,0.7143576672,-0.7386224928
219.725,-1.622405522,0.6951385911,0.6951385911,-0.7993535531
219.75,-1.722589634,0.6743680727,0.6743680727,-0.8627143391
219.775,-1.815888563,0.651982175,0.651982175,-0.9285587388
219.8,-1.901902029,0.6279207296,0.6279207296,-0.9967315265
219.825,-1.980247768,0.6021275641,0.6021275641,-1.067068165
219.85,-2.050562797,0.5745507379,0.5745507379,-1.139394462
219.875,-2.11250462,0.5451427941,0.5451427941,-1.213526036
219.9,-2.165752392,0.5138610161,0.5138610161,-1.289267648
219.925,-2.210008028,0.4806677158,0.4806677158,-1.366412303
219.95,-2.244997249,0.4455305369,0.4455305369,-1.444740207
219.975,-2.270470574,0.4084227891,0.4084227891,-1.524017534
220,-2.286204241,0.3693238207,0.3693238207,-1.603995011
220.025,-2.292001067,0.3282194179,0.3282194179,-1.684406389
220.05,-2.287691232,0.2851022538,0.2851022538,-1.764966758
220.075,-2.273132991,0.2399723763,0.2399723763,-1.845370802
220.1,-2.248213314,0.1928377392,0.1928377392,-1.925291021
220.125,-2.21284844,0.1437147788,0.1437147788,-2.004375977
220.15,-2.166984355,0.09262903502,0.09262903502,-2.082248647
220.175,-2.110597191,0.03961580788,0.03961580788,-2.158504989
220.2,-2.043693532,-0.01527915129,-0.01527915129,-2.232712797
220.225,-1.966310641,-0.07199892655,-0.07199892655,-2.304411002
220.25,-1.878516597,-0.1304747119,-0.1304747119,-2.373109523
220.275,-1.780410345,-0.190625092,-0.190625092,-2.438289834
220.3,-1.672121655,-0.2523553461,-0.2523553461,-2.49940639
220.325,-1.553810998,-0.3155568013,-0.3155568013,-2.555889048
220.35,-1.425669319,-0.3801062608,-0.3801062608,-2.60714666
220.375,-1.28791774,-0.4458655346,-0.4458655346,-2.652571927
220.4,-1.140807152,-0.5126811114,-0.5126811114,-2.691547601
220.425,-0.9846177367,-0.5803840027,-0.5803840027,-2.723454093
220.45,-0.8196583903,-0.6487897936,-0.6487897936,-2.747678495
220.475,-0.6462660615,-0.7176989359,-0.7176989359,-2.763624876
220.5,-0.4648050066,-0.7868973132,-0.7868973132,-2.770725703
220.525,-0.2756659598,-0.856157103,-0.856157103,-2.76845414
220.55,-0.07926522109,-0.9252379541,-0.9252379541,-2.756336843
220.575,0.1239563355,-0.993888484,-0.993888484,-2.733966813
220.6,0.3335343303,-1.061848095,-1.061848095,-2.701015792
220.625,0.5489820218,-1.128849086,-1.128849086,-2.657245613
220.65,0.7697915221,-1.194619033,-1.194619033,-2.602517932
220.675,0.9954350807,-1.258883381,-1.258883381,-2.536801754
220.7,1.225366434,-1.321368195,-1.321368195,-2.460178242
220.725,1.459022216,-1.381802992,-1.381802992,-2.372842399
220.75,1.695823428,-1.439923575,-1.439923575,-2.275101358
220.775,1.93517696,-1.495474773,-1.495474773,-2.167369176
220.8,2.176477168,-1.548213019,-1.548213019,-2.050158226
220.825,2.419107485,-1.597908665,-1.597908665,-1.924067463
220.85,2.662442087,-1.644347972,-1.644347972,-1.789768021
220.875,2.905847584,-1.687334708,-1.687334708,-1.64798676
220.9,3.148684751,-1.726691329,-1.726691329,-1.499488417
220.925,3.390310279,-1.762259687,-1.762259687,-1.34505712
220.95,3.630078552,-1.793901291,-1.793901291,-1.185478112
220.975,3.867343436,-1.821497111,-1.821497111,-1.021520267
221,4.101460087,-1.844946964,-1.844946964,-0.8539200295
221.025,4.331786756,-1.864168525,-1.864168525,-0.6833673095
221.05,4.557686601,-1.879096008,-1.879096008,-0.5104936496
221.075,4.778529494,-1.889678586,-1.889678586,-0.3358628397
221.1,4.993693814,-1.895878605,-1.895878605,-0.1599640471
221.125,5.202568226,-1.897669662,-1.897669662,0.0167926096
221.15,5.404553446,-1.89503459,-1.89503459,0.1940782163
221.175,5.599063972,-1.887963428,-1.887963428,0.3716451915
221.2,5.785529786,-1.876451405,-1.876451405,0.5493256743
221.225,5.963398022,-1.860496978,-1.860496978,0.727028481
221.25,6.132134593,-1.84009997,-1.84009997,0.9047349294
221.275,6.291225766,-1.815259813,-1.815259813,1.082493798
221.3,6.440179695,-1.785973937,-1.785973937,1.260415665
221.325,6.57852789,-1.752236299,-1.752236299,1.438666847
221.35,6.70582663,-1.714036067,-1.714036067,1.617462953
221.375,6.82165831,-1.671356468,-1.671356468,1.797062229
221.4,6.925632719,-1.624173819,-1.624173819,1.977758763
221.425,7.017388246,-1.572456704,-1.572456704,2.159875057
221.45,7.096593006,-1.516165374,-1.516165374,2.343754662
221.475,7.16294589,-1.455251314,-1.455251314,2.529753427
221.5,7.216177526,-1.389657042,-1.389657042,2.718230906
221.525,7.25605116,-1.319316178,-1.319316178,2.909538722
221.55,7.282363439,-1.244153738,-1.244153738,3.104009614
221.575,7.294945106,-1.164086837,-1.164086837,3.301941908
221.6,7.293661601,-1.079025719,-1.079025719,3.50358286
221.625,7.278413564,-0.9888752988,-0.9888752988,3.709107951
221.65,7.249137237,-0.8935372587,-0.8935372587,3.918596189
221.675,7.20580477,-0.7929128074,-0.7929128074,4.132001061
221.7,7.14842442,-0.6869062338,-0.6869062338,4.349116124
221.725,7.077040656,-0.5754294012,-0.5754294012,4.569535039
221.75,6.991734155,-0.4584072983,-0.4584072983,4.792606088
221.775,6.892621693,-0.335784796,-0.335784796,5.0173815
221.8,6.779855943,-0.2075347272,-0.2075347272,5.242562778
221.825,6.65362516,-0.0736673602,-0.0736673602,5.466444243
221.85,6.514152767,0.06575873219,0.06575873219,5.686858357
221.875,6.361696847,0.2106245053,0.2106245053,5.901127981
221.9,6.196549525,0.3607372451,0.3607372451,6.106032676
221.925,6.019036258,0.515816793,0.515816793,6.297797979
221.95,5.829515029,0.6754818988,0.6754818988,6.472118156
221.975,5.628375449,0.8392376763,0.8392376763,6.624223706
222,5.41603776,1.006465419,1.006465419,6.749004027
222.025,5.192951759,1.176416256,1.176416256,6.841192695
222.05,4.95959563,1.348210241,1.348210241,6.895617018
222.075,4.716474698,1.52084243,1.52084243,6.907504984
222.1,4.464120105,1.693197173,1.693197173,6.872831704
222.125,4.203087406,1.864071258,1.864071258,6.78867559
222.15,3.933955104,2.032205696,2.032205696,6.653545268
222.175,3.657323107,2.196324824,2.196324824,6.467632493
222.2,3.373811136,2.355180394,2.355180394,6.232949534
222.225,3.084057066,2.507597287,2.507597287,5.953320427
222.25,2.788715222,2.652517068,2.652517068,5.634214716
222.275,2.488454624,2.789035492,2.789035492,5.282435877
222.3,2.183957192,2.916430759,2.916430759,4.905698909
222.325,1.875915916,3.034180336,3.034180336,4.512147688
222.35,1.565032992,3.141965562,3.141965562,4.109869943
222.375,1.252017933,3.239664654,3.239664654,3.706462387
222.4,0.937585668,3.327335907,3.327335907,3.308685818
222.425,0.6224546124,3.405193637,3.405193637,2.922232262
222.45,0.3073447451,3.473579763,3.473579763,2.551607562
222.475,-0.007024326011,3.53293379,3.53293379,2.200117958
222.5,-0.319935292,3.583763535,3.583763535,1.869939442
222.525,-0.6306750623,3.62661836,3.62661836,1.562244504
222.55,-0.9385366688,3.662066044,3.662066044,1.277361289
222.575,-1.242821151,3.690673783,3.690673783,1.014944145
222.6,-1.542839411,3.712993451,3.712993451,0.774139229
222.625,-1.837914044,3.72955081,3.72955081,0.5537346893
222.65,-2.127381123,3.740838213,3.740838213,0.3522894091
222.675,-2.41059195,3.747310242,3.747310242,0.1682382112
222.7,-2.686914748,3.749381676,3.749381676,-2.599650635e-05
222.725,-2.955736316,3.747427251,3.747427251,-0.1540910047
222.75,-3.216463611,3.741782717,3.741782717,-0.2954820504
222.775,-3.468525279,3.732746783,3.732746783,-0.4256333036
222.8,-3.711373113,3.720583632,3.720583632,-0.5458709758
222.825,-3.944483444,3.70552573,3.70552573,-0.6574052558
222.85,-4.167358454,3.687776761,3.687776761,-0.7613286983
222.875,-4.379527412,3.66751454,3.66751454,-0.8586191217
222.9,-4.58054783,3.644893811,3.644893811,-0.9501454906
222.925,-4.770006528,3.620048875,3.620048875,-1.036675611
222.95,-4.947520617,3.593096015,3.593096015,-1.118884773
222.975,-5.112738386,3.564135692,3.564135692,-1.197364727
223,-5.265340098,3.533254528,3.533254528,-1.272632556
223.025,-5.405038691,3.500527059,3.500527059,-1.345139161
223.05,-5.531580378,3.466017294,3.466017294,-1.415277198
223.075,-5.644745151,3.429780077,3.429780077,-1.483388367
223.1,-5.744347187,3.391862278,3.391862278,-1.549769999
223.125,-5.830235148,3.352303823,3.352303823,-1.614680971
223.15,-5.902292385,3.311138596,3.311138596,-1.678346949
223.175,-5.960437034,3.268395202,3.268395202,-1.740965016
223.2,-6.004622016,3.224097634,3.224097634,-1.802707709
223.225,-6.034834937,3.178265843,3.178265843,-1.863726555
223.25,-6.051097881,3.130916221,3.130916221,-1.924155109
223.275,-6.053467107,3.082062018,3.082062018,-1.98411159
223.3,-6.042032655,3.031713697,3.031713697,-2.043701121
223.325,-6.016917845,2.979879235,2.979879235,-2.10301764
223.35,-5.978278689,2.926564384,2.926564384,-2.16214551
223.375,-5.926303206,2.871772895,2.871772895,-2.221160847
223.4,-5.861210658,2.815506703,2.815506703,-2.280132618
223.425,-5.783250687,2.757766103,2.757766103,-2.339123504
223.45,-5.692702377,2.698549892,2.698549892,-2.398190565
223.475,-5.589873234,2.637855506,2.637855506,-2.457385707
223.5,-5.47509809,2.575679146,2.575679146,-2.516755962
223.525,-5.348737934,2.512015895,2.512015895,-2.576343607
223.55,-5.211178679,2.446859841,2.446859841,-2.636186084
223.575,-5.062829857,2.380204196,2.380204196,-2.696315746
223.6,-4.904123262,2.312041435,2.312041435,-2.756759437
223.625,-4.735511536,2.242363433,2.242363433,-2.817537858
223.65,-4.557466703,2.171161636,2.171161636,-2.878664735
223.675,-4.370478664,2.098427242,2.098427242,-2.940145804
223.7,-4.17505364,2.024151421,2.024151421,-3.001977494
223.725,-3.971712596,1.948325561,1.948325561,-3.064145474
223.75,-3.760989624,1.870941566,1.870941566,-3.12662281
223.775,-3.543430302,1.791992184,1.791992184,-3.189367972
223.8,-3.319590045,1.711471417,1.711471417,-3.252322447
223.825,-3.090032427,1.629374963,1.629374963,-3.315408105
223.85,-2.855327507,1.545700749,1.545700749,-3.378524269
223.875,-2.616050151,1.460449542,1.460449542,-3.441544395
223.9,-2.372778345,1.37362562,1.37362562,-3.504312619
223.925,-2.126091535,1.285237575,1.285237575,-3.566639836
223.95,-1.876568964,1.195299178,1.195299178,-3.628299768
223.975,-1.624788036,1.103830364,1.103830364,-3.689024754
224,-1.371322705,1.010858328,1.010858328,-3.748501541
224.025,-1.116741881,0.9164186994,0.9164186994,-3.806367211
224.05,-0.8616078875,0.8205568473,0.8205568473,-3.86220531
224.075,-0.6064749417,0.7233292576,0.7233292576,-3.915542509
224.1,-0.3518876858,0.6248049863,0.6248049863,-3.965846022
224.125,-0.0983797627,0.525067169,0.525067169,-4.012522063
224.15,0.1535275558,0.4242145527,0.4242145527,-4.05491574
224.175,0.4033266859,0.322363005,0.322363005,-4.092312736
224.2,0.6505249897,0.2196469564,0.2196469564,-4.123943198
224.225,0.8946459694,0.1162207128,0.1162207128,-4.148988216
224.25,1.135230397,0.01225957152,0.01225957152,-4.16658924
224.275,1.371837373,-0.09203933965,-0.09203933965,-4.175860757
224.3,1.604045313,-0.1964565811,-0.1964565811,-4.175906321
224.325,1.831452866,-0.3007503646,-0.3007503646,-4.165837981
224.35,2.053679743,-0.4046570412,-0.4046570412,-4.144798844
224.375,2.270367482,-0.5078921885,-0.5078921885,-4.111988299
224.4,2.481180121,-0.6101523533,-0.6101523533,-4.066689123
224.425,2.685804794,-0.7111174849,-0.7111174849,-4.008295413
224.45,2.883952246,-0.8104540643,-0.8104540643,-3.93634003
224.475,3.075357259,-0.9078188964,-0.9078188964,-3.850520042
224.5,3.259778999,-1.002863498,-1.002863498,-3.750718548
224.525,3.437001274,-1.095238967,-1.095238967,-3.637021301
224.55,3.606832713,-1.184601192,-1.184601192,-3.50972672
224.575,3.769106852,-1.270616212,-1.270616212,-3.369348189
224.6,3.92368215,-1.352965533,-1.352965533,-3.216608011
224.625,4.070441909,-1.43135119,-1.43135119,-3.052422919
224.65,4.20929412,-1.505500338,-1.505500338,-2.877881638
224.675,4.340171232,-1.575169202,-1.575169202,-2.694215582
224.7,4.463029835,-1.64014622,-1.64014622,-2.502764199
224.725,4.577850273,-1.700254271,-1.700254271,-2.304936907
224.75,4.684636182,-1.755351934,-1.755351934,-2.102173645
224.775,4.783413957,-1.805333763,-1.805333763,-1.895906246
224.8,4.874232151,-1.85012963,-1.85012963,-1.687522282
224.825,4.957160808,-1.889703197,-1.889703197,-1.478333103
224.85,5.032290735,-1.924049681,-1.924049681,-1.269547306
224.875,5.099732713,-1.953193006,-1.953193006,-1.062250105
224.9,5.159616656,-1.977182527,-1.977182527,-0.857388966
224.925,5.212090718,-1.996089474,-1.996089474,-0.6557653152
224.95,5.257320349,-2.010003252,-2.010003252,-0.4580318159
224.975,5.295487312,-2.01902774,-2.01902774,-0.2646944852
225,5.326788657,-2.023277693,-2.023277693,-0.07611876403
225.025,5.351435664,-2.022875341,-2.022875341,0.107461384
225.05,5.369652751,-2.017947231,-2.017947231,0.2859322214
225.075,5.381676358,-2.008621384,-2.008621384,0.4592876995
225.1,5.387753807,-1.995024759,-1.995024759,0.6276163326
225.125,5.388142147,-1.97728106,-1.97728106,0.7910880795
225.15,5.383106988,-1.955508856,-1.955508856,0.9499416827
225.175,5.372921316,-1.92982001,-1.92982001,1.104472792
225.2,5.35786432,-1.900318399,-1.900318399,1.25502308
225.225,5.338220203,-1.867098888,-1.867098888,1.401970455
225.25,5.314277014,-1.830246527,-1.830246527,1.545720391
225.275,5.286325475,-1.789835972,-1.789835972,1.686698344
225.3,5.254657833,-1.745931056,-1.745931056,1.825343142
225.325,5.219566718,-1.698584538,-1.698584538,1.962101246
225.35,5.181344038,-1.647837973,-1.647837973,2.097421691
225.375,5.140279885,-1.593721706,-1.593721706,2.231751527
225.4,5.096661479,-1.536254975,-1.536254975,2.365531613
225.425,5.050772143,-1.475446114,-1.475446114,2.499192529
225.45,5.002890318,-1.41129287,-1.41129287,2.633150298
225.475,4.953288607,-1.343782811,-1.343782811,2.767801949
225.5,4.902232882,-1.272893874,-1.272893874,2.903520323
225.525,4.849981413,-1.198595039,-1.198595039,3.040648193
225.55,4.796784069,-1.120847157,-1.120847157,3.179491339
225.575,4.742881553,-1.039603993,-1.039603993,3.320310088
225.6,4.688504697,-0.9548134622,-0.9548134622,3.463309596
225.625,4.633873819,-0.8664191662,-0.8664191662,3.608627914
225.65,4.579198122,-0.7743622396,-0.7743622396,3.756322185
225.675,4.524675171,-0.6785835594,-0.6785835594,3.906352529
225.7,4.470490412,-0.5790264043,-0.5790264043,4.058563446
225.725,4.416816768,-0.4756396047,-0.4756396047,4.212662862
225.75,4.363814283,-0.3683812371,-0.3683812371,4.368198994
225.775,4.311629841,-0.2572229274,-0.2572229274,4.524535413
225.8,4.260396941,-0.1421547903,-0.1421547903,4.6808251
225.825,4.210235534,-0.02319101726,-0.02319101726,4.835984714
225.85,4.16125193,0.09962391035,0.09962391035,4.988670768
225.875,4.113538758,0.226208463,0.226208463,5.137260056
225.9,4.067174992,0.3564368946,0.3564368946,5.279837269
225.925,4.022226042,0.4901318955,0.4901318955,5.414193374
225.95,3.978743892,0.6270573769,0.6270573769,5.537838765
225.975,3.936767311,0.7669118152,0.7669118152,5.648035389
226,3.896322108,0.9093226765,0.9093226765,5.741851761
226.025,3.857421446,1.053842536,1.053842536,5.816243767
226.05,3.820066208,1.199947552,1.199947552,5.868162464
226.075,3.784245417,1.347038966,1.347038966,5.894687448
226.1,3.749936691,1.494448204,1.494448204,5.893180915
226.125,3.717106757,1.641446002,1.641446002,5.861453662
226.15,3.685712,1.787255709,1.787255709,5.797930603
226.175,3.655699046,1.931070559,1.931070559,5.701800432
226.2,3.627005395,2.072074318,2.072074318,5.573132697
226.225,3.599560069,2.209464275,2.209464275,5.412946806
226.25,3.573284304,2.34247524,2.34247524,5.22322107
226.275,3.548092258,2.470402948,2.470402948,5.006836016
226.3,3.523891747,2.592625229,2.592625229,4.767453864
226.325,3.500584996,2.708619466,2.708619466,4.509343854
226.35,3.478069406,2.817975175,2.817975175,4.237169729
226.375,3.456238334,2.920401005,2.920401005,3.955759802
226.4,3.434981876,3.015726001,3.015726001,3.669881179
226.425,3.41418766,3.103895473,3.103895473,3.384037114
226.45,3.393741637,3.184962253,3.184962253,3.102302239
226.475,3.373528862,3.259074398,3.259074398,2.828204121
226.5,3.353434278,3.326460536,3.326460536,2.564653609
226.525,3.333343483,3.387414068,3.387414068,2.313920986
226.55,3.313143485,3.44227727,3.44227727,2.077651076
226.575,3.292723438,3.491426161,3.491426161,1.85690839
226.6,3.271975355,3.535256786,3.535256786,1.65224264
226.625,3.250794806,3.574173297,3.574173297,1.463765623
226.65,3.229081576,3.608578005,3.608578005,1.291231954
226.675,3.206740301,3.638863446,3.638863446,1.134117668
226.7,3.18368107,3.665406338,3.665406338,0.9916926784
226.725,3.159819988,3.688563246,3.688563246,0.8630846605
226.75,3.135079705,3.708667721,3.708667721,0.7473331879
226.775,3.109389903,3.726028677,3.726028677,0.6434340184
226.8,3.082687738,3.740929744,3.740929744,0.5503740519
226.825,3.054918242,3.753629401,3.753629401,0.4671579117
226.85,3.026034677,3.764361671,3.764361671,0.3928272985
226.875,2.995998839,3.773337229,3.773337229,0.3264743165
226.9,2.964781319,3.780744774,3.780744774,0.2672499219
226.925,2.932361707,3.786752566,3.786752566,0.214368539
226.95,2.898728754,3.791510038,3.791510038,0.1671097509
226.975,2.863880473,3.795149426,3.795149426,0.1248178289
227,2.827824197,3.797787361,3.797787361,0.08689972443
227.025,2.79057658,3.7995264,3.7995264,0.05282202179
227.05,2.752163551,3.800456472,3.800456472,0.02210723995
227.075,2.712620212,3.800656227,3.800656227,-0.005670223243
227.1,2.671990689,3.800194277,3.800194277,-0.03088828393
227.125,2.630327932,3.799130343,3.799130343,-0.05388134617
227.15,2.587693465,3.797516284,3.797516284,-0.07494434691
227.175,2.544157094,3.79539704,3.79539704,-0.09433660036
227.2,2.49979656,3.792811475,3.792811475,-0.1122853974
227.225,2.454697158,3.789793137,3.789793137,-0.128989337
227.25,2.408951304,3.786370934,3.786370934,-0.1446213822
227.275,2.362658071,3.782569743,3.782569743,-0.1593316417
227.3,2.315922675,3.778410947,3.778410947,-0.173249889
227.325,2.268855941,3.773912914,3.773912914,-0.1864878319
227.35,2.22157372,3.769091423,3.769091423,-0.1991411495
227.375,2.174196288,3.763960046,3.763960046,-0.2112913168
227.4,2.12684771,3.758530473,3.758530473,-0.2230072334
227.425,2.079655181,3.752812819,3.752812819,-0.234346677
227.45,2.03274835,3.746815875,3.746815875,-0.2453575978
227.475,1.98625862,3.740547347,3.740547347,-0.2560792711
227.5,1.940318435,3.734014056,3.734014056,-0.2665433237
227.525,1.895060557,3.727222119,3.727222119,-0.2767746481
227.55,1.850617336,3.720177104,3.720177104,-0.2867922168
227.575,1.807119967,3.712884173,3.712884173,-0.2966098094
227.6,1.764697759,3.705348202,3.705348202,-0.3062366615
227.625,1.723477396,3.697573884,3.697573884,-0.3156780462
227.65,1.683582206,3.689565829,3.689565829,-0.3249357951
227.675,1.645131443,3.681328634,3.681328634,-0.3340087674
227.7,1.608239577,3.67286696,3.67286696,-0.3428932719
227.725,1.573015606,3.664185589,3.664185589,-0.3515834498
227.75,1.53956238,3.655289471,3.655289471,-0.3600716207
227.775,1.507975955,3.646183768,3.646183768,-0.3683485988
227.8,1.478344965,3.636873887,3.636873887,-0.3764039814
227.825,1.450750036,3.62736551,3.62736551,-0.3842264132
227.85,1.425263215,3.617664608,3.617664608,-0.3918038307
227.875,1.401947448,3.607777464,3.607777464,-0.3991236873
227.9,1.380856088,3.597710677,3.597710677,-0.4061731631
227.925,1.362032448,3.587471167,3.587471167,-0.4129393598
227.95,1.345509389,3.577066176,3.577066176,-0.4194094834
227.975,1.331308962,3.566503264,3.566503264,-0.4255710161
228,1.319442088,3.555790298,3.555790298,-0.4314118776
228.025,1.309908291,3.544935439,3.544935439,-0.4369205777
228.05,1.302695485,3.533947127,3.533947127,-0.4420863612
228.075,1.297779799,3.522834061,3.522834061,-0.4468993447
228.1,1.295125471,3.511605174,3.511605174,-0.4513506469
228.125,1.294684784,3.500269608,3.500269608,-0.4554325126
228.15,1.296398062,3.488836682,3.488836682,-0.4591384297
228.175,1.300193715,3.477315862,3.477315862,-0.4624632413
228.2,1.30598835,3.465716727,3.465716727,-0.465403251
228.225,1.313686922,3.454048925,3.454048925,-0.4679563226
228.25,1.323182954,3.44232214,3.44232214,-0.4701219741
228.275,1.334358802,3.430546045,3.430546045,-0.4719014649
228.3,1.34708598,3.418730259,3.418730259,-0.4732978772
228.325,1.361225529,3.406884302,3.406884302,-0.4743161906
228.35,1.376628453,3.395017543,3.395017543,-0.4749633498
228.375,1.393136185,3.383139153,3.383139153,-0.4752483249
228.4,1.410581121,3.371258054,3.371258054,-0.4751821638
228.425,1.428787191,3.359382862,3.359382862,-0.4747780372
228.45,1.44757047,3.347521841,3.347521841,-0.474051274
228.475,1.466739848,3.335682842,3.335682842,-0.4730193887
228.5,1.486097721,3.323873251,3.323873251,-0.4717020983
228.525,1.505440737,3.312099933,3.312099933,-0.4701213306
228.55,1.524560561,3.300369179,3.300369179,-0.4683012207
228.575,1.543244686,3.288686648,3.288686648,-0.4662680979
228.6,1.561277264,3.277057312,3.277057312,-0.4640504609
228.625,1.578439962,3.265485408,3.265485408,-0.4616789426
228.65,1.594512851,3.253974376,3.253974376,-0.4591862625
228.675,1.609275296,3.242526815,3.242526815,-0.4566071675
228.7,1.62250688,3.231144432,3.231144432,-0.4539783606
228.725,1.633988326,3.21982799,3.21982799,-0.4513384208
228.75,1.643502433,3.208577268,3.208577268,-0.4487277049
228.775,1.650835012,3.197391012,3.197391012,-0.4461882473
228.8,1.655775828,3.186266899,3.186266899,-0.4437636389
228.825,1.658119533,3.175201498,3.175201498,-0.4414989035
228.85,1.657666591,3.164190236,3.164190236,-0.4394403604
228.875,1.654224199,3.153227366,3.153227366,-0.4376354771
228.9,1.647607181,3.142305944,3.142305944,-0.4361327175
228.925,1.637638872,3.131417802,3.131417802,-0.4349813797
228.95,1.624151978,3.120553531,3.120553531,-0.4342314284
228.975,1.606989405,3.109702465,3.109702465,-0.4339333226
229,1.58600506,3.098852676,3.098852676,-0.4341378399
229.025,1.56106462,3.087990961,3.087990961,-0.4348958983
229.05,1.532046263,3.077102844,3.077102844,-0.4362583771
229.075,1.498841355,3.066172583,3.066172583,-0.4382759398
229.1,1.4613551,3.055183169,3.055183169,-0.4409988581
229.125,1.419507138,3.044116347,3.044116347,-0.4444768408
229.15,1.373232094,3.032952626,3.032952626,-0.4487588688
229.175,1.322480081,3.021671302,3.021671302,-0.4538930372
229.2,1.26721714,3.010250481,3.010250481,-0.4599264063
229.225,1.207425629,2.998667106,2.998667106,-0.4669048642
229.25,1.143104552,2.98689699,2.98689699,-0.4748730007
229.275,1.074269825,2.974914848,2.974914848,-0.4838739952
229.3,1.000954486,2.962694335,2.962694335,-0.4939495201
229.325,0.9232088333,2.950208083,2.950208083,-0.5051396593
229.35,0.8411005074,2.937427743,2.937427743,-0.5174828448
229.375,0.7547144999,2.924324026,2.924324026,-0.5310158111
229.4,0.6641531021,2.910866746,2.910866746,-0.5457735684
229.425,0.5695357845,2.897024863,2.897024863,-0.5617893957
229.45,0.4709990101,2.882766528,2.882766528,-0.5790948532
229.475,0.3686959818,2.868059124,2.868059124,-0.597719815
229.5,0.2627963233,2.852869306,2.852869306,-0.6176925224
229.525,0.1534856955,2.837163044,2.837163044,-0.6390396573
229.55,0.04096534775,2.820905659,2.820905659,-0.6617864345
229.575,-0.07454839333,2.804061859,2.804061859,-0.6859567152
229.6,-0.192824697,2.786595772,2.786595772,-0.7115731378
229.625,-0.3136188616,2.768470971,2.768470971,-0.7386572685
229.65,-0.4366730052,2.749650505,2.749650505,-0.7672297681
229.675,-0.5617168129,2.730096914,2.730096914,-0.7973105772
229.7,-0.6884683367,2.709772245,2.709772245,-0.8289191157
229.725,-0.8166348467,2.688638067,2.688638067,-0.862074498
229.75,-0.9459137303,2.666655471,2.666655471,-0.8967957623
229.775,-1.075993436,2.64378507,2.64378507,-0.9331021112
229.8,-1.206554457,2.619986993,2.619986993,-0.9710131646
229.825,-1.33727036,2.595220871,2.595220871,-1.010549223
229.85,-1.467808838,2.569445814,2.569445814,-1.051731537
229.875,-1.597832803,2.542620388,2.542620388,-1.094582592
229.9,-1.7270015,2.514702578,2.514702578,-1.139126386
229.925,-1.854971649,2.485649748,2.485649748,-1.185388722
229.95,-1.981398603,2.455418589,2.455418589,-1.233397498
229.975,-2.105937519,2.423965068,2.423965068,-1.283182997
230,-2.228244544,2.39124436,2.39124436,-1.334778175
230.025,-2.347978003,2.35721078,2.35721078,-1.388218939
230.05,-2.464799592,2.321817708,2.321817708,-1.443544422
230.075,-2.578375566,2.285017499,2.285017499,-1.500797234
230.1,-2.68837792,2.2467614,2.2467614,-1.560023702
230.125,-2.794485561,2.206999449,2.206999449,-1.621274075
230.15,-2.896385459,2.165680379,2.165680379,-1.684602701
230.175,-2.993773784,2.122751509,2.122751509,-1.750068145
230.2,-3.086357013,2.078158642,2.078158642,-1.817733268
230.225,-3.173853013,2.031845956,2.031845956,-1.887665214
230.25,-3.255992082,1.983755898,1.983755898,-1.959935315
230.275,-3.332517967,1.933829079,1.933829079,-2.034618877
230.3,-3.403188828,1.882004185,1.882004185,-2.111794836
230.325,-3.467778164,1.828217884,1.828217884,-2.191545216
230.35,-3.526075685,1.772404768,1.772404768,-2.273954408
230.375,-3.577888144,1.714497293,1.714497293,-2.359108164
230.4,-3.623040096,1.654425773,1.654425773,-2.447092286
230.425,-3.661374617,1.592118389,1.592118389,-2.537990967
230.45,-3.692753946,1.527501265,1.527501265,-2.631884622
230.475,-3.717060073,1.460498579,1.460498579,-2.72884729
230.5,-3.734195259,1.391032786,1.391032786,-2.82894326
230.525,-3.744082484,1.319024879,1.319024879,-2.932223143
230.55,-3.746665827,1.244394823,1.244394823,-3.038718902
230.575,-3.741910774,1.167062063,1.167062063,-3.148438082
230.6,-3.729804451,1.086946246,1.086946246,-3.261356722
230.625,-3.710355782,1.00396808,1.00396808,-3.377411298
230.65,-3.683595575,0.9180504725,0.9180504725,-3.496488898
230.675,-3.649576524,0.8291198676,0.8291198676,-3.618416391
230.7,-3.608373141,0.7371079298,0.7371079298,-3.742947618
230.725,-3.560081608,0.6419535371,0.6419535371,-3.8697493
230.75,-3.504819556,0.5436051458,0.5436051458,-3.998385426
230.775,-3.442725761,0.4420235719,0.4420235719,-4.128300349
230.8,-3.373959772,0.3371852036,0.3371852036,-4.258801052
230.825,-3.298701459,0.2290856592,0.2290856592,-4.389039175
230.85,-3.217150493,0.1177438892,0.1177438892,-4.51799366
230.875,-3.129525753,0.003206694373,0.003206694373,-4.644455232
230.9,-3.036064659,-0.114446409,-0.114446409,-4.767014268
230.925,-2.937022449,-0.2350980825,-0.2350980825,-4.884053985
230.95,-2.832671377,-0.3585879757,-0.3585879757,-4.993751183
230.975,-2.723299861,-0.4847076791,-0.4847076791,-5.094087043
231,-2.609211568,-0.6131960963,-0.6131960963,-5.182870521
231.025,-2.490724437,-0.7437355837,-0.7437355837,-5.257776689
231.05,-2.368169661,-0.875949257,-0.875949257,-5.316401756
231.075,-2.241890607,-1.009399888,-1.009399888,-5.356335573
231.1,-2.112241702,-1.14359083,-1.14359083,-5.375250854
231.125,-1.979587272,-1.277969351,-1.277969351,-5.371006454
231.15,-1.844300342,-1.411932686,-1.411932686,-5.34175989
231.175,-1.706761406,-1.544836939,-1.544836939,-5.286082014
231.2,-1.567357171,-1.676008789,-1.676008789,-5.203064917
231.225,-1.426479267,-1.804759706,-1.804759706,-5.092413004
231.25,-1.28452295,-1.930402127,-1.930402127,-4.954507319
231.275,-1.14188578,-2.052266818,-2.052266818,-4.790434542
231.3,-0.9989662927,-2.169720452,-2.169720452,-4.601974975
231.325,-0.8561626675,-2.282182352,-2.282182352,-4.391547855
231.35,-0.7138713911,-2.389139362,-2.389139362,-4.162116808
231.375,-0.5724859281,-2.490157925,-2.490157925,-3.917062688
231.4,-0.432395399,-2.584892683,-2.584892683,-3.6600345
231.425,-0.2939832732,-2.673091204,-2.673091204,-3.394791151
231.45,-0.15762608,-2.754594786,-2.754594786,-3.125047138
231.475,-0.02369214247,-2.829335565,-2.829335565,-2.85433353
231.5,0.1074596597,-2.897330432,-2.897330432,-2.585883283
231.525,0.235481096,-2.958672461,-2.958672461,-2.322546202
231.55,0.3600357533,-3.013520589,-3.013520589,-2.066735377
231.575,0.4808001637,-3.062088351,-3.062088351,-1.820403753
231.6,0.5974648862,-3.104632357,-3.104632357,-1.585047118
231.625,0.7097355399,-3.141441132,-3.141441132,-1.361728286
231.65,0.8173337839,-3.17282476,-3.17282476,-1.151116653
231.675,0.9199982407,-3.199105649,-3.199105649,-0.9535374529
231.7,1.017485359,-3.220610593,-3.220610593,-0.76902566
231.725,1.109570215,-3.237664204,-3.237664204,-0.597380452
231.75,1.196047244,-3.250583669,-3.250583669,-0.4382171387
231.775,1.276730907,-3.259674759,-3.259674759,-0.291014487
231.8,1.351456285,-3.265228947,-3.265228947,-0.1551562708
231.825,1.420079598,-3.267521485,-3.267521485,-0.02996651322
231.85,1.482478649,-3.266810289,-3.266810289,0.08526154154
231.875,1.538553191,-3.263335465,-3.263335465,0.1912423536
231.9,1.588225221,-3.257319355,-3.257319355,0.2886803214
231.925,1.631439181,-3.248966954,-3.248966954,0.3782566245
231.95,1.668162095,-3.238466621,-3.238466621,0.4606199505
231.975,1.698383611,-3.225990969,-3.225990969,0.5363804061
232,1.722115973,-3.211697879,-3.211697879,0.6061059742
232.025,1.739393903,-3.195731579,-3.195731579,0.6703209532
232.05,1.750274411,-3.178223737,-3.178223737,0.7295058937
232.075,1.754836515,-3.159294542,-3.159294542,0.7840986405
232.1,1.753180895,-3.139053754,-3.139053754,0.8344961431
232.125,1.745429458,-3.117601698,-3.117601698,0.8810567873
232.15,1.731724831,-3.095030192,-3.095030192,0.9241030373
232.175,1.712229786,-3.071423413,-3.071423413,0.9639242367
232.2,1.687126579,-3.046858689,-3.046858689,1.000779459
232.225,1.656616239,-3.02140722,-3.02140722,1.034900314
232.25,1.62091777,-2.99513473,-2.99513473,1.066493669
232.275,1.580267304,-2.968102054,-2.968102054,1.095744221
232.3,1.534917186,-2.940365663,-2.940365663,1.122816929
232.325,1.485135005,-2.911978123,-2.911978123,1.147859264
232.35,1.431202569,-2.882988515,-2.882988515,1.171003293
232.375,1.373414829,-2.853442787,-2.853442787,1.192367586
232.4,1.312078763,-2.823384074,-2.823384074,1.212058962
232.425,1.247512212,-2.792852972,-2.792852972,1.230174076
232.45,1.180042681,-2.761887771,-2.761887771,1.246800854
232.475,1.110006107,-2.730524659,-2.730524659,1.262019795
232.5,1.0377456,-2.698797893,-2.698797893,1.275905147
232.525,0.9636101556,-2.666739939,-2.666739939,1.288525964
232.55,0.8879533555,-2.634381591,-2.634381591,1.299947061
232.575,0.8111320479,-2.60175207,-2.60175207,1.310229867
232.6,0.7335050222,-2.568879093,-2.568879093,1.319433204
232.625,0.6554316775,-2.535788931,-2.535788931,1.327613964
232.65,0.5772706935,-2.502506453,-2.502506453,1.334827741
232.675,0.4993787052,-2.469055146,-2.469055146,1.34112938
232.7,0.4221089897,-2.43545713,-2.43545713,1.346573469
232.725,0.3458101673,-2.401733162,-2.401733162,1.351214782
232.75,0.2708249235,-2.36790262,-2.36790262,1.355108669
232.775,0.1974887555,-2.333983488,-2.333983488,1.358311394
232.8,0.1261287484,-2.299992331,-2.299992331,1.360880447
232.825,0.05706238587,-2.265944256,-2.265944256,1.362874792
232.85,-0.009403601169,-2.231852876,-2.231852876,1.364355098
232.875,-0.07297434283,-2.197730264,-2.197730264,1.365383923
232.9,-0.1333678918,-2.163586905,-2.163586905,1.366025874
232.925,-0.1903162338,-2.129431638,-2.129431638,1.366347718
232.95,-0.2435662444,-2.095271611,-2.095271611,1.366418489
232.975,-0.2928805867,-2.061112213,-2.061112213,1.36630953
233,-0.3380385487,-2.026957018,-2.026957018,1.366094547
233.025,-0.378836816,-1.992807735,-1.992807735,1.365849605
233.05,-0.4150901772,-1.958664137,-1.958664137,1.365653112
233.075,-0.44663216,-1.924524004,-1.924524004,1.365585762
233.1,-0.4733155951,-1.89038308,-1.89038308,1.365730493
233.125,-0.4950131062,-1.856235004,-1.856235004,1.366172374
233.15,-0.5116175242,-1.82207126,-1.82207126,1.36699849
233.175,-0.5230422247,-1.787881136,-1.787881136,1.368297829
233.2,-0.5292213862,-1.75365167,-1.75365167,1.370161107
233.225,-0.5301101704,-1.719367612,-1.719367612,1.372680597
233.25,-0.525684822,-1.685011391,-1.685011391,1.375949964
233.275,-0.5159426887,-1.650563076,-1.650563076,1.38006402
233.3,-0.5009021613,-1.616000353,-1.616000353,1.385118539
233.325,-0.4806025344,-1.581298508,-1.581298508,1.391210002
233.35,-0.4551037883,-1.546430404,-1.546430404,1.398435354
233.375,-0.4244862926,-1.511366481,-1.511366481,1.406891751
233.4,-0.3888504333,-1.476074749,-1.476074749,1.416676272
233.425,-0.348316165,-1.440520793,-1.440520793,1.427885659
233.45,-0.3030224895,-1.404667791,-1.404667791,1.440615994
233.475,-0.2531268633,-1.368476526,-1.368476526,1.454962419
233.5,-0.1988045366,-1.33190542,-1.33190542,1.471018789
233.525,-0.1402478254,-1.294910567,-1.294910567,1.488877361
233.55,-0.07766532079,-1.257445781,-1.257445781,1.508628409
233.575,-0.01128103836,-1.219462642,-1.219462642,1.530359879
233.6,0.05866649,-1.180910573,-1.180910573,1.554156952
233.625,0.131925177,-1.141736897,-1.141736897,1.580101646
233.65,0.2082303906,-1.10188694,-1.10188694,1.608272301
233.675,0.2873060101,-1.061304113,-1.061304113,1.638743099
233.7,0.3688655238,-1.019930037,-1.019930037,1.67158345
233.725,0.4526131636,-0.9777046586,-0.9777046586,1.706857378
233.75,0.5382450727,-0.9345664037,-0.9345664037,1.744622769
233.775,0.6254505016,-0.8904523313,-0.8904523313,1.784930569
233.8,0.713913027,-0.8452983271,-0.8452983271,1.827823842
233.825,0.8033117904,-0.7990393064,-0.7990393064,1.87333671
233.85,0.8933227506,-0.7516094588,-0.7516094588,1.921493143
233.875,0.9836199449,-0.702942512,-0.702942512,1.972305585
233.9,1.073876756,-0.6529720479,-0.6529720479,2.025773366
233.925,1.163767177,-0.6016318406,-0.6016318406,2.081880957
233.95,1.252967071,-0.5488562667,-0.5488562667,2.140595899
233.975,1.341155425,-0.4945807421,-0.4945807421,2.2018666
234,1.428015577,-0.4387422423,-0.4387422423,2.26561974
234.025,1.513236443,-0.381279876,-0.381279876,2.331757488
234.05,1.596513697,-0.3221355333,-0.3221355333,2.400154401
234.075,1.67755094,-0.2612546233,-0.2612546233,2.470654025
234.1,1.756060827,-0.1985868909,-0.1985868909,2.543065274
234.125,1.831766158,-0.1340873309,-0.1340873309,2.617158572
234.15,1.904400928,-0.06771719995,-0.06771719995,2.69266183
234.175,1.973711331,0.000554868579,0.000554868579,2.769256358
234.2,2.039456713,0.07075164915,0.07075164915,2.846572813
234.225,2.101410473,0.1428860093,0.1428860093,2.924187354
234.25,2.15936091,0.2169595028,0.2169595028,3.001618192
234.275,2.213112004,0.2929608842,0.2929608842,3.078322777
234.3,2.262484142,0.3708645639,0.3708645639,3.153695912
234.325,2.307314768,0.4506290312,0.4506290312,3.227069121
234.35,2.347458981,0.5321952812,0.5321952812,3.297711642
234.375,2.382790045,0.6154852895,0.6154852895,3.364833419
234.4,2.413199841,0.7004005922,0.7004005922,3.427590502
234.425,2.43859924,0.7868210367,0.7868210367,3.485093174
234.45,2.458918399,0.8746037683,0.8746037683,3.536417243
234.475,2.474106985,0.9635825432,0.9635825432,3.580618494
234.5,2.484134322,1.053567445,1.053567445,3.616750564
234.525,2.488989458,1.144345087,1.144345087,3.643885975
234.55,2.48868116,1.23567938,1.23567938,3.661140046
234.575,2.483237822,1.32731292,1.32731292,3.667696969
234.6,2.472707313,1.418969055,1.418969055,3.662837179
234.625,2.457156729,1.510354633,1.510354633,3.645964831
234.65,2.436672088,1.601163427,1.601163427,3.616633982
234.675,2.411357939,1.691080185,1.691080185,3.574571945
234.7,2.381336909,1.779785203,1.779785203,3.519698256
234.725,2.34674917,1.866959315,1.866959315,3.452137791
234.75,2.307751846,1.952289114,1.952289114,3.372226844
234.775,2.264518354,2.03547223,2.03547223,3.280511328
234.8,2.217237677,2.116222471,2.116222471,3.177736801
234.825,2.166113583,2.194274596,2.194274596,3.064830528
234.85,2.111363782,2.269388563,2.269388563,2.942876389
234.875,2.053219039,2.341353071,2.341353071,2.813083949
234.9,1.991922225,2.40998826,2.40998826,2.676753345
234.925,1.927727333,2.475147526,2.475147526,2.535237969
234.95,1.860898445,2.536718369,2.536718369,2.389907089
234.975,1.791708666,2.594622344,2.594622344,2.242109995
235,1.720439019,2.648814147,2.648814147,2.093143659
235.025,1.647377319,2.699279953,2.699279953,1.944225043
235.05,1.572817013,2.74603512,2.74603512,1.796468931
235.075,1.497056007,2.789121426,2.789121426,1.650871705
235.1,1.420395473,2.828603964,2.828603964,1.508301073
235.125,1.34313865,2.864567858,2.864567858,1.369491393
235.15,1.265589633,2.897114922,2.897114922,1.235043977
235.175,1.188052166,2.926360383,2.926360383,1.105431584
235.2,1.110828436,2.952429757,2.952429757,0.981006217
235.225,1.034217874,2.975455958,2.975455958,0.8620093351
235.25,0.9585159742,2.995576675,2.995576675,0.7485836549
235.275,0.8840131242,3.01293206,3.01293206,0.6407857598
235.3,0.810993462,3.027662738,3.027662738,0.5385989114
235.325,0.7397337579,3.039908131,3.039908131,0.4419455544
235.35,0.6705023278,3.049805084,3.049805084,0.3506991262
235.375,0.603557982,3.057486781,3.057486781,0.2646949186
235.4,0.5391490131,3.063081912,3.063081912,0.1837398222
235.425,0.477512228,3.066714077,3.066714077,0.1076208828
235.45,0.4188720259,3.06850138,3.06850138,0.03611265567
235.475,0.3634395284,3.068556201,3.068556201,-0.03101660525
235.5,0.3114117625,3.066985099,3.066985099,-0.09399984812
235.525,0.2629709021,3.06388884,3.06388884,-0.1530671202
235.55,0.218283569,3.059362508,3.059362508,-0.2084423541
235.575,0.1775001968,3.053495692,3.053495692,-0.2603409331
235.6,0.1407544607,3.046372721,3.046372721,-0.3089679241
235.625,0.1081627749,3.038072942,3.038072942,-0.3545168788
235.65,0.07982385884,3.028671013,3.028671013,-0.3971691022
235.675,0.05581837554,3.018237217,3.018237217,-0.437093308
235.7,0.03620864177,3.006837777,3.006837777,-0.4744455806
235.725,0.02103841222,2.99453517,2.99453517,-0.5093695802
235.75,0.01033273793,2.981388434,2.981388434,-0.5419969358
235.775,0.004097899696,2.967453458,2.967453458,-0.5724477764
235.8,0.002321416497,2.952783269,2.952783269,-0.6008313623
235.825,0.004972128963,2.937428289,2.937428289,-0.6272467852
235.85,0.01200035741,2.921436582,2.921436582,-0.6517837105
235.875,0.02333813379,2.90485408,2.90485408,-0.6745231408
235.9,0.03889950652,2.887724792,2.887724792,-0.6955381855
235.925,0.05858091702,2.870090989,2.870090989,-0.7148948233
235.95,0.08226164625,2.851993373,2.851993373,-0.7326526487
235.975,0.1098043296,2.833471229,2.833471229,-0.7488655955
236,0.1410555376,2.814562558,2.814562558,-0.7635826335
236.025,0.1758464213,2.79530419,2.79530419,-0.7768484334
236.05,0.2139934174,2.775731887,2.775731887,-0.7887040003
236.075,0.2552990131,2.755880425,2.755880425,-0.7991872723
236.1,0.2995525653,2.735783664,2.735783664,-0.808333687
236.125,0.3465311719,2.715474602,2.715474602,-0.8161767125
236.15,0.3960005921,2.694985423,2.694985423,-0.8227483474
236.175,0.4477162104,2.674347521,2.674347521,-0.8280795869
236.2,0.5014240419,2.653591526,2.653591526,-0.8322008596
236.225,0.5568617753,2.632747309,2.632747309,-0.8351424328
236.25,0.6137598465,2.611843982,2.611843982,-0.8369347869
236.275,0.671842543,2.590909888,2.590909888,-0.8376089637
236.3,0.7308291299,2.569972586,2.569972586,-0.8371968868
236.325,0.7904349969,2.549058821,2.549058821,-0.8357316545
236.35,0.8503728194,2.528194492,2.528194492,-0.8332478025
236.375,0.9103537299,2.507404618,2.507404618,-0.8297815449
236.4,0.9700884946,2.486713285,2.486713285,-0.8253709901
236.425,1.029288692,2.466143603,2.466143603,-0.8200563224
236.45,1.087667884,2.44571765,2.44571765,-0.8138799662
236.475,1.144942786,2.425456413,2.425456413,-0.8068867238
236.5,1.200834413,2.405379728,2.405379728,-0.7991238757
236.525,1.255069217,2.385506218,2.385506218,-0.7906412738
236.55,1.307380198,2.365853226,2.365853226,-0.7814913864
236.575,1.357507987,2.346436751,2.346436751,-0.7717293369
236.6,1.405201903,2.327271379,2.327271379,-0.7614128954
236.625,1.450220967,2.308370224,2.308370224,-0.7506024663
236.65,1.492334884,2.289744849,2.289744849,-0.7393610194
236.675,1.531324976,2.271405219,2.271405219,-0.7277540301
236.7,1.566985071,2.25335963,2.25335963,-0.7158493613
236.725,1.599122341,2.235614648,2.235614648,-0.703717121
236.75,1.627558088,2.218175068,2.218175068,-0.6914295384
236.775,1.652128463,2.201043849,2.201043849,-0.6790607528
236.8,1.672685143,2.184222075,2.184222075,-0.6666865951
236.825,1.689095924,2.167708919,2.167708919,-0.6543844089
236.85,1.70124527,2.151501601,2.151501601,-0.6422327531
236.875,1.709034775,2.135595364,2.135595364,-0.6303111321
236.9,1.712383574,2.119983458,2.119983458,-0.6186997618
236.925,1.711228668,2.104657119,2.104657119,-0.6074791995
236.95,1.705525188,2.08960557,2.08960557,-0.5967300452
236.975,1.695246578,2.074816019,2.074816019,-0.5865326631
237,1.680384711,2.060273674,2.060273674,-0.5769667775
237.025,1.660949926,2.04596176,2.04596176,-0.5681111794
237.05,1.63697099,2.03186155,2.03186155,-0.5600433691
237.075,1.60849499,2.017952395,2.017952395,-0.5528392107
237.1,1.57558715,2.004211775,2.004211775,-0.5465726144
237.125,1.538330568,1.990615353,1.990615353,-0.5413151843
237.15,1.496825892,1.977137031,1.977137031,-0.5371359276
237.175,1.451190917,1.963749021,1.963749021,-0.5341009269
237.2,1.401560117,1.950421924,1.950421924,-0.5322730769
237.225,1.348084105,1.937124811,1.937124811,-0.5317117986
237.25,1.290929033,1.923825314,1.923825314,-0.5324728148
237.275,1.230275926,1.910489718,1.910489718,-0.5346079163
237.3,1.16631996,1.897083069,1.897083069,-0.5381647855
237.325,1.099269673,1.883569268,1.883569268,-0.5431868237
237.35,1.029346135,1.869911191,1.869911191,-0.5497130309
237.375,0.9567820561,1.856070793,1.856070793,-0.5577778982
237.4,0.8818208551,1.842009224,1.842009224,-0.5674113501
237.425,0.8047156785,1.827686942,1.827686942,-0.5786387036
237.45,0.7257283846,1.813063832,1.813063832,-0.5914806743
237.475,0.6451284892,1.798099318,1.798099318,-0.6059534024
237.5,0.5631920817,1.782752473,1.782752473,-0.6220685157
237.525,0.480200713,1.766982144,1.766982144,-0.6398332283
237.55,0.3964402616,1.75074704,1.75074704,-0.6592504408
237.575,0.3121997816,1.734005858,1.734005858,-0.6803189079
237.6,0.227770337,1.716717378,1.716717378,-0.7030333957
237.625,0.1434438283,1.698840547,1.698840547,-0.7273848455
237.65,0.05951181362,1.680334598,1.680334598,-0.7533606173
237.675,-0.02373566784,1.661159114,1.661159114,-0.7809446687
237.7,-0.1060112678,1.641274121,1.641274121,-0.8101177931
237.725,-0.1870314904,1.620640166,1.620640166,-0.8408578522
237.75,-0.2665178385,1.599218377,1.599218377,-0.8731399843
237.775,-0.3441979409,1.576970543,1.576970543,-0.9069368564
237.8,-0.4198066554,1.553859158,1.553859158,-0.9422188528
237.825,-0.4930871429,1.529847488,1.529847488,-0.9789543009
237.85,-0.5637919089,1.50489961,1.50489961,-1.017109644
237.875,-0.6316838083,1.478980467,1.478980467,-1.056649614
237.9,-0.696537008,1.452055898,1.452055898,-1.097537366
237.925,-0.7581379059,1.424092685,1.424092685,-1.139734589
237.95,-0.8162859994,1.395058587,1.395058587,-1.183201578
237.975,-0.8707947029,1.364922367,1.364922367,-1.22789727
238,-0.9214921089,1.333653837,1.333653837,-1.273779225
238.025,-0.9682216906,1.301223885,1.301223885,-1.320803575
238.05,-1.010842943,1.267604516,1.267604516,-1.368924906
238.075,-1.049231958,1.232768892,1.232768892,-1.418096071
238.1,-1.083281935,1.196691372,1.196691372,-1.468267996
238.125,-1.112903625,1.159347578,1.159347578,-1.519389318
238.15,-1.138025693,1.120714445,1.120714445,-1.571406036
238.175,-1.158595025,1.080770289,1.080770289,-1.624261107
238.2,-1.174576945,1.039494908,1.039494908,-1.677893803
238.225,-1.18595537,0.9968696591,0.9968696591,-1.732239199
238.25,-1.192732882,0.9528775887,0.9528775887,-1.787227423
238.275,-1.194930727,0.9075035602,0.9075035602,-1.84278284
238.3,-1.192588741,0.8607344021,0.8607344021,-1.898823243
238.325,-1.185765194,0.8125591029,0.8125591029,-1.955258768
238.35,-1.174536566,0.7629689889,0.7629689889,-2.01199097
238.375,-1.158997245,0.7119579814,0.7119579814,-2.068911556
238.4,-1.139259151,0.6595228318,0.6595228318,-2.125901277
238.425,-1.115451293,0.605663434,0.605663434,-2.182828578
238.45,-1.08771925,0.5503831282,0.5503831282,-2.239548352
238.475,-1.056224588,0.493689075,0.493689075,-2.295900549
238.5,-1.021144214,0.4355926284,0.4355926284,-2.351708904
238.525,-0.9826696566,0.376109771,0.376109771,-2.406779624
238.55,-0.9410062975,0.3152615598,0.3152615598,-2.460900219
238.575,-0.8963725393,0.2530746074,0.2530746074,-2.513838456
238.6,-0.8489989205,0.1895815906,0.1895815906,-2.565341508
238.625,-0.7991271799,0.1248217694,0.1248217694,-2.615135394
238.65,-0.7470092737,0.05884151967,0.05884151967,-2.66292475
238.675,-0.6929063498,-0.008305131836,-0.008305131836,-2.708393046
238.7,-0.6370876825,-0.07655598791,-0.07655598791,-2.751203322
238.725,-0.5798295728,-0.1458401855,-0.1458401855,-2.790999529
238.75,-0.5214142177,-0.2160777419,-0.2160777419,-2.827408583
238.775,-0.4621285532,-0.2871791636,-0.2871791636,-2.860043184
238.8,-0.4022630766,-0.3590451341,-0.3590451341,-2.888505513
238.825,-0.3421106516,-0.4315663058,-0.4315663058,-2.912391781
238.85,-0.2819653004,-0.5046232185,-0.5046232185,-2.931297712
238.875,-0.2221209905,-0.578086365,-0.578086365,-2.944824943
238.9,-0.1628704173,-0.6518164268,-0.6518164268,-2.952588221
238.925,-0.1045037901,-0.7256647,-0.7256647,-2.954223342
238.95,-0.04730762535,-0.7994737267,-0.7994737267,-2.94939565
238.975,0.008436448136,-0.8730781439,-0.8730781439,-2.93780888
239,0.06245286673,-0.9463057548,-0.9463057548,-2.919214075
239.025,0.1144732879,-1.018978821,-1.018978821,-2.893418262
239.05,0.1642377198,-1.090915565,-1.090915565,-2.860292542
239.075,0.2114956195,-1.161931863,-1.161931863,-2.819779222
239.1,0.2560069564,-1.231843101,-1.231843101,-2.771897651
239.125,0.2975432351,-1.300466159,-1.300466159,-2.716748404
239.15,0.3358884749,-1.367621469,-1.367621469,-2.654515541
239.175,0.3708401413,-1.433135114,-1.433135114,-2.585466734
239.2,0.4022100254,-1.496840894,-1.496840894,-2.509951139
239.225,0.4298250681,-1.558582313,-1.558582313,-2.428395006
239.25,0.4535281256,-1.618214429,-1.618214429,-2.341295116
239.275,0.4731786726,-1.675605513,-1.675605513,-2.249210269
239.3,0.488653441,-1.730638479,-1.730638479,-2.152751114
239.325,0.4998469906,-1.783212034,-1.783212034,-2.052568737
239.35,0.5066722096,-1.833241544,-1.833241544,-1.949342382
239.375,0.5090607437,-1.880659575,-1.880659575,-1.843766804
239.4,0.5069633498,-1.925416127,-1.925416127,-1.736539955
239.425,0.5003501755,-1.967478559,-1.967478559,-1.628350723
239.45,0.4892109604,-2.006831227,-2.006831227,-1.519868206
239.475,0.4735551601,-2.043474864,-2.043474864,-1.411731794
239.5,0.4534119915,-2.077425725,-2.077425725,-1.304542851
239.525,0.4288303988,-2.108714554,-2.108714554,-1.198858062
239.55,0.3998789408,-2.137385402,-2.137385402,-1.095184364
239.575,0.3666455994,-2.163494329,-2.163494329,-0.9939755394
239.6,0.3292375094,-2.187108058,-2.187108058,-0.8956303723
239.625,0.2877806113,-2.208302588,-2.208302588,-0.8004922043
239.65,0.2424192283,-2.227161814,-2.227161814,-0.7088497168
239.675,0.1933155676,-2.243776184,-2.243776184,-0.6209387657
239.7,0.1406491498,-2.258241408,-2.258241408,-0.5369450278
239.725,0.0846161669,-2.270657247,-2.270657247,-0.457007255
239.75,0.025428772,-2.281126379,-2.281126379,-0.3812210078
239.775,-0.03668569682,-2.289753373,-2.289753373,-0.309642592
239.8,-0.1014855555,-2.296643758,-2.296643758,-0.2422931188
239.825,-0.1687156731,-2.301903193,-2.301903193,-0.1791625532
239.85,-0.2381084267,-2.305636739,-2.305636739,-0.12021363
239.875,-0.3093847095,-2.307948221,-2.307948221,-0.06538556498
239.9,-0.382254988,-2.308939689,-2.308939689,-0.01459751316
239.925,-0.4564204036,-2.308710953,-2.308710953,0.03224826632
239.95,-0.5315739149,-2.307359199,-2.307359199,0.07526355926
239.975,-0.6074014766,-2.304978671,-2.304978671,0.1145716656
240,-0.68358325,-2.301660406,-2.301660406,0.1503051822
240.025,-0.7597948404,-2.297492035,-2.297492035,0.1826040877
240.05,-0.8357085569,-2.292557611,-2.292557611,0.2116141094
240.075,-0.9109946893,-2.286937487,-2.286937487,0.2374853496
240.1,-0.9853227977,-2.280708222,-2.280708222,0.2603711463
240.125,-1.058363009,-2.273942512,-2.273942512,0.2804271397
240.15,-1.129787318,-2.266709137,-2.266709137,0.2978105205
240.175,-1.19927088,-2.25907294,-2.25907294,0.3126794313
240.2,-1.266493301,-2.251094798,-2.251094798,0.3251924989
240.225,-1.331139917,-2.242831624,-2.242831624,0.3355084725
240.25,-1.392903044,-2.234336362,-2.234336362,0.343785947
240.275,-1.451483219,-2.225657995,-2.225657995,0.3501831533
240.3,-1.506590405,-2.216841559,-2.216841559,0.3548577967
240.325,-1.557945162,-2.207928151,-2.207928151,0.3579669311
240.35,-1.605279789,-2.198954955,-2.198954955,0.3596668535
240.375,-1.648339416,-2.189955256,-2.189955256,0.3601130068
240.4,-1.686883053,-2.180958465,-2.180958465,0.3594598885
240.425,-1.720684591,-2.171990143,-2.171990143,0.357860946
240.45,-1.749533742,-2.16307203,-2.16307203,0.3554684658
240.475,-1.77323693,-2.154222074,-2.154222074,0.3524334405
240.5,-1.791618111,-2.145454466,-2.145454466,0.3489054187
240.525,-1.804519535,-2.136779678,-2.136779678,0.3450323307
240.55,-1.811802434,-2.128204507,-2.128204507,0.3409602929
240.575,-1.813347645,-2.11973212,-2.11973212,0.3368333866
240.6,-1.809056154,-2.111362112,-2.111362112,0.3327934205
240.625,-1.798849566,-2.103090563,-2.103090563,0.3289796639
240.65,-1.782670498,-2.094910106,-2.094910106,0.3255285771
240.675,-1.760482894,-2.08681,-2.08681,0.3225735104
240.7,-1.73227225,-2.078776213,-2.078776213,0.3202444122
240.725,-1.698045769,-2.07079151,-2.07079151,0.318667514
240.75,-1.657832429,-2.062835549,-2.062835549,0.317965029
240.775,-1.611682958,-2.054884988,-2.054884988,0.3182548449
240.8,-1.559669744,-2.046913593,-2.046913593,0.3196502307
240.825,-1.501886644,-2.038892359,-2.038892359,0.3222595586
240.85,-1.438448723,-2.030789637,-2.030789637,0.3261860386
240.875,-1.369491904,-2.022571264,-2.022571264,0.3315274902
240.9,-1.295172539,-2.014200701,-2.014200701,0.3383761258
240.925,-1.215666905,-2.005639176,-2.005639176,0.3468183873
240.95,-1.131170616,-1.996845829,-1.996845829,0.3569348003
240.975,-1.041897963,-1.987777862,-1.987777862,0.3687998882
241,-0.9480811863,-1.97839069,-1.97839069,0.382482111
241.025,-0.8499696674,-1.968638091,-1.968638091,0.3980438695
241.05,-0.7478290625,-1.958472362,-1.958472362,0.4155415402
241.075,-0.6419403681,-1.94784446,-1.94784446,0.4350255651
241.1,-0.5325989275,-1.936704157,-1.936704157,0.4565405987
241.125,-0.4201133809,-1.925000178,-1.925000178,0.4801256808
241.15,-0.3048045621,-1.912680341,-1.912680341,0.5058144844
241.175,-0.1870043477,-1.899691684,-1.899691684,0.5336355749
241.2,-0.06705446148,-1.885980593,-1.885980593,0.563612744
241.225,0.05469475998,-1.871492917,-1.871492917,0.5957653502
241.25,0.1778856369,-1.856174068,-1.856174068,0.6301087165
241.275,0.3021544455,-1.839969126,-1.839969126,0.6666545424
241.3,0.4271327426,-1.822822916,-1.822822916,0.705411341
241.325,0.552448709,-1.804680086,-1.804680086,0.7463849025
241.35,0.6777285087,-1.785485168,-1.785485168,0.7895787499
241.375,0.8025976568,-1.765182631,-1.765182631,0.8349946218
241.4,0.9266823914,-1.743716916,-1.743716916,0.8826329317
241.425,1.049611045,-1.721032468,-1.721032468,0.9324932275
241.45,1.171015407,-1.697073746,-1.697073746,0.9845746325
241.475,1.290532081,-1.671785234,-1.671785234,1.038876249
241.5,1.407803813,-1.645111436,-1.645111436,1.095397543
241.525,1.522480812,-1.616996859,-1.616996859,1.154138661
241.55,1.63422203,-1.587385996,-1.587385996,1.215100712
241.575,1.742696418,-1.556223297,-1.556223297,1.278285965
241.6,1.847584142,-1.523453141,-1.523453141,1.343697972
241.625,1.948577755,-1.489019802,-1.489019802,1.411341597
241.65,2.045383325,-1.452867414,-1.452867414,1.481222934
241.675,2.137721512,-1.414939948,-1.414939948,1.55334909
241.7,2.225328587,-1.375181188,-1.375181188,1.627727831
241.725,2.307957391,-1.33353472,-1.33353472,1.704367036
241.75,2.385378238,-1.289943938,-1.289943938,1.78327399
241.775,2.45737974,-1.244352074,-1.244352074,1.864454382
241.8,2.523769571,-1.196702247,-1.196702247,1.947911168
241.825,2.584375155,-1.146937557,-1.146937557,2.033642918
241.85,2.639044274,-1.095001202,-1.095001202,2.121642168
241.875,2.687645604,-1.040836683,-1.040836683,2.211892936
241.9,2.730069168,-0.9843880131,-0.9843880131,2.304368331
241.925,2.766226703,-0.9256000659,-0.9256000659,2.399027173
241.95,2.796051948,-0.8644189443,-0.8644189443,2.495810546
241.975,2.819500847,-0.800792502,-0.800792502,2.594637383
242,2.836551659,-0.734670937,-0.734670937,2.695399775
242.025,2.847204989,-0.6660075416,-0.6660075416,2.797957366
242.05,2.851483731,-0.5947595876,-0.5947595876,2.902131248
242.075,2.84943292,-0.520889365,-0.520889365,3.007697174
242.1,2.841119501,-0.4443654197,-0.4443654197,3.114378062
242.125,2.826632013,-0.3651639664,-0.3651639664,3.221836075
242.15,2.806080188,-0.2832705103,-0.2832705103,3.329664253
242.175,2.779594468,-0.1986816842,-0.1986816842,3.437377956
242.2,2.747325438,-0.1114072966,-0.1114072966,3.544406429
242.225,2.709443183,-0.02147258466,-0.02147258466,3.650084884
242.25,2.666136569,0.07107934608,0.07107934608,3.753647604
242.275,2.617612453,0.166184929,0.166184929,3.854222713
242.3,2.56409481,0.2637574415,0.2637574415,3.950829375
242.325,2.505823811,0.3636842787,0.3636842787,4.042378273
242.35,2.443054823,0.465824291,0.465824291,4.12767633
242.375,2.376057355,0.5700053022,0.5700053022,4.205436614
242.4,2.30511395,0.67602195,0.67602195,4.274294382
242.425,2.230519018,0.7836340105,0.7836340105,4.332829945
242.45,2.152577635,0.8925653886,0.8925653886,4.379598869
242.475,2.071604283,1.002503953,1.002503953,4.41316954
242.5,1.987921571,1.113102397,1.113102397,4.432167567
242.525,1.901858907,1.223980288,1.223980288,4.435325775
242.55,1.813751158,1.334727408,1.334727408,4.421537844
242.575,1.723937273,1.444908464,1.444908464,4.389912869
242.6,1.632758906,1.554069128,1.554069128,4.339827491
242.625,1.540559012,1.661743322,1.661743322,4.270971834
242.65,1.447680453,1.767461526,1.767461526,4.183385408
242.675,1.354464591,1.870759824,1.870759824,4.077479474
242.7,1.261249896,1.97118931,1.97118931,3.954043112
242.725,1.16837056,2.068325424,2.068325424,3.814231407
242.75,1.076155133,2.161776765,2.161776765,3.659535625
242.775,0.9849251739,2.251192949,2.251192949,3.491736754
242.8,0.8949939384,2.33627112,2.33627112,3.312845305
242.825,0.8066650915,2.416760836,2.416760836,3.125031375
242.85,0.7202314643,2.492467122,2.492467122,2.930549821
242.875,0.6359738505,2.563251653,2.563251653,2.731665384
242.9,0.5541598534,2.629032106,2.629032106,2.530582514
242.925,0.4750427843,2.689779862,2.689779862,2.329383728
242.95,0.398860619,2.745516304,2.745516304,2.12997931
242.975,0.3258350156,2.796308018,2.796308018,1.934069938
243,0.256170399,2.84226122,2.84226122,1.743122643
243.025,0.1900531136,2.883515753,2.883515753,1.558359488
243.05,0.1276506504,2.920238937,2.920238937,1.380757534
243.075,0.06911094971,2.952619546,2.952619546,1.211058177
243.1,0.01456178367,2.980862108,2.980862108,1.049783663
243.125,-0.03588977925,3.00518169,3.00518169,0.8972586142
243.15,-0.08215782542,3.025799254,3.025799254,0.7536345066
243.175,-0.1241779606,3.042937657,3.042937657,0.6189153768
243.2,-0.1619075864,3.056818276,3.056818276,0.4929833387
243.225,-0.1953260872,3.067658274,3.067658274,0.3756228367
243.25,-0.2244349264,3.075668438,3.075668438,0.266542916
243.275,-0.2492576515,3.081051547,3.081051547,0.1653970544
243.3,-0.269839808,3.084001207,3.084001207,0.07180036373
243.325,-0.2862487612,3.084701073,3.084701073,-0.01465587899
243.35,-0.2985734274,3.083324412,3.083324412,-0.0943922535
243.375,-0.3069239147,3.080033934,3.080033934,-0.1678315791
243.4,-0.3114310746,3.074981826,3.074981826,-0.2353914124
243.425,-0.3122459662,3.068309966,3.068309966,-0.2974783898
243.45,-0.3095392337,3.060150245,3.060150245,-0.3544841429
243.475,-0.3035004015,3.050624982,3.050624982,-0.4067825278
243.5,-0.2943370871,3.039847388,3.039847388,-0.4547279272
243.525,-0.2822741358,3.02792207,3.02792207,-0.4986544128
243.55,-0.2675526808,3.014945539,3.014945539,-0.5388755804
243.575,-0.2504291308,3.001006718,3.001006718,-0.5756849009
243.6,-0.2311740899,2.986187437,2.986187437,-0.6093564498
243.625,-0.2100712137,2.970562908,2.970562908,-0.6401459086
243.65,-0.1874160054,2.954202168,2.954202168,-0.6682917493
243.675,-0.1635145565,2.937168492,2.937168492,-0.6940165273
243.7,-0.1386822378,2.91951978,2.91951978,-0.7175282311
243.725,-0.1132423443,2.901308896,2.901308896,-0.7390216429
243.75,-0.08752470003,2.88258399,2.88258399,-0.7586796794
243.775,-0.06186422802,2.863388768,2.863388768,-0.7766746881
243.8,-0.03659949069,2.843762753,2.843762753,-0.7931696826
243.825,-0.01207120656,2.823741492,2.823741492,-0.8083195052
243.85,0.01137925116,2.803356755,2.803356755,-0.8222719097
243.875,0.03341136816,2.782636693,2.782636693,-0.83516856
243.9,0.05368700898,2.761605986,2.761605986,-0.8471459447
243.925,0.07187193721,2.740285954,2.740285954,-0.8583362061
243.95,0.08763733018,2.718694663,2.718694663,-0.8688678868
243.975,0.1006612819,2.696847001,2.696847001,-0.8788665975
244,0.1106302887,2.674754747,2.674754747,-0.888455609
244.025,0.1172407108,2.652426622,2.652426622,-0.8977563704
244.05,0.1202002055,2.629868329,2.629868329,-0.9068889612
244.075,0.1192291241,2.607082583,2.607082583,-0.9159724847
244.1,0.1140618692,2.584069127,2.584069127,-0.925125398
244.125,0.1044482049,2.56082475,2.56082475,-0.9344657912
244.15,0.09015451595,2.537343292,2.537343292,-0.9441116263
244.175,0.07096500985,2.51361564,2.51361564,-0.9541809196
244.2,0.04668285716,2.489629732,2.489629732,-0.9647919033
244.225,0.01713126543,2.465370543,2.465370543,-0.9760631406
244.25,-0.01784551807,2.440820081,2.440820081,-0.9881136243
244.275,-0.05838127888,2.415957373,2.415957373,-1.001062846
244.3,-0.1045869873,2.390758449,2.390758449,-1.015030852
244.325,-0.1565500333,2.365196335,2.365196335,-1.03013829
244.35,-0.2143335483,2.339241029,2.339241029,-1.046506433
244.375,-0.2779758157,2.312859491,2.312859491,-1.064257228
244.4,-0.3474897751,2.286015624,2.286015624,-1.083513316
244.425,-0.4228626199,2.258670253,2.258670253,-1.10439808
244.45,-0.504055493,2.230781113,2.230781113,-1.127035698
244.475,-0.5910032803,2.20230282,2.20230282,-1.151551195
244.5,-0.6836145049,2.173186854,2.173186854,-1.178070544
244.525,-0.7817713217,2.143381536,2.143381536,-1.206720753
244.55,-0.8853296136,2.112831992,2.112831992,-1.237629995
244.575,-0.9941191906,2.081480132,2.081480132,-1.270927765
244.6,-1.107944089,2.049264608,2.049264608,-1.30674504
244.625,-1.226582972,2.016120779,2.016120779,-1.345214491
244.65,-1.349789634,1.981980662,1.981980662,-1.386470696
244.675,-1.477293597,1.946772882,1.946772882,-1.430650383
244.7,-1.608800811,1.910422621,1.910422621,-1.47789269
244.725,-1.743994444,1.872851545,1.872851545,-1.528339417
244.75,-1.882535772,1.833977741,1.833977741,-1.582135294
244.775,-2.024065152,1.79371564,1.79371564,-1.639428218
244.8,-2.168203084,1.751975929,1.751975929,-1.700369456
244.825,-2.314551358,1.708665475,1.708665475,-1.765113803
244.85,-2.462694281,1.663687228,1.663687228,-1.833819639
244.875,-2.612199978,1.616940132,1.616940132,-1.90664887
244.9,-2.762621762,1.568319047,1.568319047,-1.983766716
244.925,-2.913499578,1.517714658,1.517714658,-2.06534126
244.95,-3.064361503,1.465013426,1.465013426,-2.151542727
244.975,-3.214725299,1.410097536,1.410097536,-2.242542406
245,-3.364100028,1.352844897,1.352844897,-2.33851106
245.025,-3.511987703,1.293129172,1.293129172,-2.439616871
245.05,-3.657884982,1.230819885,1.230819885,-2.546022501
245.075,-3.801284894,1.165782599,1.165782599,-2.657881473
245.1,-3.941678598,1.097879198,1.097879198,-2.775333307
245.125,-4.078557155,1.026968324,1.026968324,-2.89849747
245.15,-4.211413325,0.9529059461,0.9529059461,-3.027465851
245.175,-4.339743361,0.8755461926,0.8755461926,-3.162293192
245.2,-4.463048814,0.7947423934,0.7947423934,-3.302985785
245.225,-4.580838331,0.710348472,0.710348472,-3.449487437
245.25,-4.692629442,0.6222207115,0.6222207115,-3.601662901
245.275,-4.797950329,0.530219961,0.530219961,-3.759278367
245.3,-4.896341571,0.434214379,0.434214379,-3.92197876
245.325,-4.987357861,0.3340827851,0.3340827851,-4.08926185
245.35,-5.070569682,0.2297186917,0.2297186917,-4.260449379
245.375,-5.145564948,0.1210350929,0.1210350929,-4.434655627
245.4,-5.211950586,0.007970063761,0.007970063761,-4.610754307
245.425,-5.269354074,-0.1095068098,-0.1095068098,-4.787345283
245.45,-5.317424908,-0.231387184,-0.231387184,-4.962723217
245.475,-5.355836015,-0.3576159848,-0.3576159848,-5.134851143
245.5,-5.384285083,-0.4880828715,-0.4880828715,-5.301342799
245.525,-5.402495823,-0.6226134197,-0.6226134197,-5.459458443
245.55,-5.410219146,-0.7609604232,-0.7609604232,-5.606119531
245.575,-5.40723426,-0.9027958561,-0.9027958561,-5.737947939
245.6,-5.393349666,-1.047704179,-1.047704179,-5.851335033
245.625,-5.368404075,-1.195177792,-1.195177792,-5.942544525
245.65,-5.332267216,-1.344615495,-1.344615495,-6.007850645
245.675,-5.28484055,-1.495324825,-1.495324825,-6.043709327
245.7,-5.22605788,-1.646529024,-1.646529024,-6.046955327
245.725,-5.155885853,-1.79737913,-1.79737913,-6.015012654
245.75,-5.074324353,-1.946971307,-1.946971307,-5.946100674
245.775,-4.981406793,-2.094369069,-2.094369069,-5.839414569
245.8,-4.877200284,-2.23862945,-2.23862945,-5.695257592
245.825,-4.761805702,-2.378831664,-2.378831664,-5.515105323
245.85,-4.635357634,-2.514106381,-2.514106381,-5.30158818
245.875,-4.49802422,-2.643663472,-2.643663472,-5.058388063
245.9,-4.350006876,-2.766816174,-2.766816174,-4.790055839
245.925,-4.191539908,-2.882999863,-2.882999863,-4.501766944
245.95,-4.022890012,-2.991784192,-2.991784192,-4.199040178
245.975,-3.84435567,-3.09287806,-3.09287806,-3.887448615
246,-3.656266436,-3.186127524,-3.186127524,-3.572350195
246.025,-3.458982111,-3.271507482,-3.271507482,-3.258660635
246.05,-3.252891827,-3.349108361,-3.349108361,-2.950683539
246.075,-3.03841302,-3.419119351,-3.419119351,-2.652003739
246.1,-2.81599031,-3.481809743,-3.481809743,-2.365441913
246.125,-2.586094294,-3.537509831,-3.537509831,-2.093062575
246.15,-2.34922024,-3.586592552,-3.586592552,-1.836223779
246.175,-2.105886701,-3.629456757,-3.629456757,-1.595655647
246.2,-1.856634056,-3.666512685,-3.666512685,-1.37155526
246.225,-1.602022962,-3.698169884,-3.698169884,-1.163687446
246.25,-1.342632745,-3.724827655,-3.724827655,-0.9714832868
246.275,-1.079059728,-3.746867856,-3.746867856,-0.7941306742
246.3,-0.811915493,-3.764649845,-3.764649845,-0.6306536482
246.325,-0.5418250954,-3.778507236,-3.778507236,-0.4799789659
246.35,-0.26942523,-3.788746173,-3.788746173,-0.3409898171
246.375,0.00463764505,-3.795644776,-3.795644776,-0.2125674787
246.4,0.2797092168,-3.799453508,-3.799453508,-0.0936222562
246.425,0.5551292554,-3.800396189,-3.800396189,0.01688470236
246.45,0.8302335731,-3.798671457,-3.798671457,0.1199270865
246.475,1.104355997,-3.794454516,-3.794454516,0.21640506
246.5,1.376830353,-3.787899029,-3.787899029,0.3071414805
246.525,1.646992445,-3.779139058,-3.779139058,0.3928815284
246.55,1.914182036,-3.768290989,-3.768290989,0.4742947729
246.575,2.17774481,-3.755455377,-3.755455377,0.5519788976
246.6,2.437034324,-3.740718682,-3.740718682,0.6264644748
246.625,2.691413923,-3.724154885,-3.724154885,0.698220327
246.65,2.940258633,-3.70582696,-3.70582696,0.7676591295
246.675,3.182957012,-3.685788207,-3.685788207,0.8351430135
246.7,3.418912956,-3.664083447,-3.664083447,0.9009889907
246.725,3.647547456,-3.640750088,-3.640750088,0.9654740993
246.75,3.868300297,-3.615819059,-3.615819059,1.028840192
246.775,4.080631694,-3.589315637,-3.589315637,1.091298346
246.8,4.284023866,-3.561260166,-3.561260166,1.153032866
246.825,4.477982531,-3.531668676,-3.531668676,1.214204908
246.85,4.662038325,-3.500553426,-3.500553426,1.274955714
246.875,4.835748143,-3.467923361,-3.467923361,1.335409506
246.9,4.998696383,-3.433784508,-3.433784508,1.395676047
246.925,5.150496114,-3.398140303,-3.398140303,1.455852905
246.95,5.290790134,-3.360991879,-3.360991879,1.516027453
246.975,5.419251944,-3.32233829,-3.32233829,1.576278617
247,5.535586609,-3.282176708,-3.282176708,1.636678418
247.025,5.639531526,-3.240502576,-3.240502576,1.697293313
247.05,5.730857079,-3.197309732,-3.197309732,1.758185367
247.075,5.80936719,-3.152590508,-3.152590508,1.819413277
247.1,5.874899759,-3.106335801,-3.106335801,1.881033245
247.125,5.927326993,-3.058535124,-3.058535124,1.943099744
247.15,5.966555629,-3.009176647,-3.009176647,2.005666158
247.175,5.992527038,-2.95824721,-2.95824721,2.068785328
247.2,6.005217224,-2.905732335,-2.905732335,2.132509995
247.225,6.00463671,-2.851616223,-2.851616223,2.196893142
247.25,5.990830311,-2.795881745,-2.795881745,2.261988254
247.275,5.963876803,-2.738510426,-2.738510426,2.327849483
247.3,5.923888485,-2.67948243,-2.67948243,2.394531695
247.325,5.871010629,-2.618776537,-2.618776537,2.462090431
247.35,5.805420837,-2.556370137,-2.556370137,2.530581748
247.375,5.727328287,-2.49223921,-2.49223921,2.600061901
247.4,5.636972895,-2.426358334,-2.426358334,2.670586926
247.425,5.534624371,-2.358700696,-2.358700696,2.742212006
247.45,5.420581195,-2.28923812,-2.28923812,2.81499066
247.475,5.295169499,-2.217941125,-2.217941125,2.888973731
247.5,5.158741875,-2.144779005,-2.144779005,2.964208043
247.525,5.011676098,-2.069719949,-2.069719949,3.040734872
247.55,4.85437379,-1.992731207,-1.992731207,3.118587917
247.575,4.687258999,-1.913779299,-1.913779299,3.197791069
247.6,4.510776733,-1.832830305,-1.832830305,3.278355496
247.625,4.325391432,-1.749850213,-1.749850213,3.360276504
247.65,4.131585384,-1.664805374,-1.664805374,3.44352949
247.675,3.929857104,-1.577663036,-1.577663036,3.528065669
247.7,3.720719676,-1.488392041,-1.488392041,3.613806661
247.725,3.50469905,-1.396963599,-1.396963599,3.700638851
247.75,3.282332333,-1.303352288,-1.303352288,3.788406478
247.775,3.054166037,-1.207537174,-1.207537174,3.876904397
247.8,2.820754334,-1.109503153,-1.109503153,3.965869808
247.825,2.582657289,-1.009242511,-1.009242511,4.054973408
247.85,2.3404391,-0.9067566851,-0.9067566851,4.143810086
247.875,2.09466634,-0.8020582934,-0.8020582934,4.231889158
247.9,1.845906209,-0.6951733931,-0.6951733931,4.318624703
247.925,1.594724811,-0.5861439763,-0.5861439763,4.40332632
247.95,1.341685444,-0.4750306867,-0.4750306867,4.485190896
247.975,1.087346925,-0.3619157258,-0.3619157258,4.563296101
248,0.8322619523,-0.2469058873,-0.2469058873,4.636596514
248.025,0.5769755055,-0.1301356464,-0.1301356464,4.703923381
248.05,0.3220232908,-0.01177019729,-0.01177019729,4.763989117
248.075,0.06793024139,0.1079916924,0.1079916924,4.815397732
248.1,-0.1847909289,0.2289151744,0.2289151744,4.856662302
248.125,-0.4356411088,0.3507273461,0.3507273461,4.886230413
248.15,-0.684136108,0.4731160227,0.4731160227,4.902518227
248.175,-0.9298079052,0.5957294671,0.5957294671,4.903953271
248.2,-1.172205823,0.7181772948,0.7181772948,4.889025349
248.225,-1.410897623,0.8400327403,0.8400327403,4.856344207
248.25,-1.645470524,0.9608364245,0.9608364245,4.804701562
248.275,-1.875532135,1.080101695,1.080101695,4.733134248
248.3,-2.100711297,1.197321516,1.197321516,4.640984418
248.325,-2.320658845,1.311976784,1.311976784,4.527952208
248.35,-2.535048271,1.42354581,1.42354581,4.394136243
248.375,-2.743576301,1.531514622,1.531514622,4.240057721
248.4,-2.945963373,1.635387629,1.635387629,4.066664898
248.425,-3.141954028,1.734698131,1.734698131,3.875316181
248.45,-3.331317196,1.829018138,1.829018138,3.667741919
248.475,-3.513846399,1.917966987,1.917966987,3.445986877
248.5,-3.689359848,2.001218316,2.001218316,3.212337166
248.525,-3.857700454,2.07850507,2.07850507,2.969236763
248.55,-4.018735745,2.149622351,2.149622351,2.719199476
248.575,-4.172357684,2.214428074,2.214428074,2.464722514
248.6,-4.318482408,2.272841534,2.272841534,2.208206886
248.625,-4.45704987,2.324840128,2.324840128,1.951889172
248.65,-4.5880234,2.370454532,2.370454532,1.697787525
248.675,-4.711389183,2.409762729,2.409762729,1.447663423
248.7,-4.827155652,2.442883282,2.442883282,1.202999142
248.725,-4.935352815,2.469968223,2.469968223,0.9649898234
248.75,-5.036031493,2.491195911,2.491195911,0.7345480972
248.775,-5.129262505,2.506764133,2.506764133,0.5123187775
248.8,-5.215135778,2.516883672,2.516883672,0.2987009147
248.825,-5.293759398,2.521772494,2.521772494,0.09387463321
248.85,-5.365258604,2.521650632,2.521650632,-0.1021695686
248.875,-5.429774736,2.516735825,2.516735825,-0.2896009832
248.9,-5.487464127,2.507239883,2.507239883,-0.4687198205
248.925,-5.538496959,2.493365759,2.493365759,-0.6399303489
248.95,-5.583056086,2.47530525,2.47530525,-0.8037167486
248.975,-5.621335813,2.453237275,2.453237275,-0.9606220222
249,-5.653540666,2.427326633,2.427326633,-1.111230083
249.025,-5.679884129,2.397723168,2.397723168,-1.256150929
249.05,-5.70058737,2.36456128,2.36456128,-1.396008699
249.075,-5.715877962,2.327959684,2.327959684,-1.53143231
249.1,-5.72598859,2.288021392,2.288021392,-1.663048357
249.125,-5.731155775,2.244833834,2.244833834,-1.791475919
249.15,-5.731618589,2.198469097,2.198469097,-1.917322936
249.175,-5.727617395,2.148984234,2.148984234,-2.041183833
249.2,-5.7193926,2.096421623,2.096421623,-2.163638093
249.225,-5.707183432,2.040809349,2.040809349,-2.285249492
249.25,-5.691226743,1.982161603,1.982161603,-2.406565768
249.275,-5.671755851,1.920479086,1.920479086,-2.528118454
249.3,-5.648999419,1.855749413,1.855749413,-2.650422681
249.325,-5.623180369,1.787947531,1.787947531,-2.773976737
249.35,-5.594514855,1.717036151,1.717036151,-2.899261129
249.375,-5.563211279,1.642966207,1.642966207,-3.026736965
249.4,-5.529469367,1.565677372,1.565677372,-3.156843429
249.425,-5.493479301,1.485098661,1.485098661,-3.289993944
249.45,-5.455420915,1.401149109,1.401149109,-3.426571105
249.475,-5.41546296,1.313738666,1.313738666,-3.566919363
249.5,-5.37376243,1.222769221,1.222769221,-3.711336143
249.525,-5.330463964,1.128135946,1.128135946,-3.860059794
249.55,-5.285699325,1.029728944,1.029728944,-4.013255019
249.575,-5.239586946,0.9274352934,0.9274352934,-4.170994851
249.6,-5.192231557,0.8211416279,0.8211416279,-4.333238661
249.625,-5.143723894,0.71073728,0.71073728,-4.499806391
249.65,-5.094140477,0.5961181335,0.5961181335,-4.670348431
249.675,-5.04354348,0.4771912849,0.4771912849,-4.844311345
249.7,-4.991980671,0.3538806075,0.3538806075,-5.020899909
249.725,-4.939485437,0.2261332996,0.2261332996,-5.199036413
249.75,-4.886076886,0.09392746924,0.09392746924,-5.377318886
249.775,-4.831760026,-0.04271925144,-0.04271925144,-5.553980854
249.8,-4.776526027,-0.1837401373,-0.1837401373,-5.726856285
249.825,-4.720352553,-0.3290090448,-0.3290090448,-5.893354652
249.85,-4.66320417,-0.4783296475,-0.4783296475,-6.050452248
249.875,-4.605032828,-0.6314247373,-0.6314247373,-6.194706916
249.9,-4.545778408,-0.7879262605,-0.7879262605,-6.322303856
249.925,-4.485369339,-0.947366968,-0.947366968,-6.429139807
249.95,-4.423723278,-1.10917471,-1.10917471,-6.510951135
249.975,-4.360747853,-1.272670508,-1.272670508,-6.563487984
250,-4.296341455,-1.437071531,-1.437071531,-6.582731449
250.025,-4.230394092,-1.601499946,-1.601499946,-6.565143716
250.05,-4.162788288,-1.764998252,-1.764998252,-6.507933802
250.075,-4.093400024,-1.926551214,-1.926551214,-6.409314234
250.1,-4.022099726,-2.085113783,-2.085113783,-6.268719132
250.125,-3.948753283,-2.239643685,-2.239643685,-6.086953799
250.15,-3.8732231,-2.389136602,-2.389136602,-5.8662501
250.175,-3.795369171,-2.532661399,-2.532661399,-5.610212209
250.2,-3.71505018,-2.669392588,-2.669392588,-5.323651122
250.225,-3.632124614,-2.798637386,-2.798637386,-5.012322164
250.25,-3.546451888,-2.919855293,-2.919855293,-4.68259309
250.275,-3.457893471,-3.032668869,-3.032668869,-4.341079604
250.3,-3.366314024,-3.136865405,-3.136865405,-3.994287421
250.325,-3.271582513,-3.232390103,-3.232390103,-3.648295916
250.35,-3.173573332,-3.319332141,-3.319332141,-3.308508744
250.375,-3.0721674,-3.397905498,-3.397905498,-2.979485205
250.4,-2.967253232,-3.468426603,-3.468426603,-2.664854151
250.425,-2.858727998,-3.531290783,-3.531290783,-2.367302356
250.45,-2.746498535,-3.586949214,-3.586949214,-2.088623008
250.475,-2.630482338,-3.635887651,-3.635887651,-1.829807003
250.5,-2.510608497,-3.678607794,-3.678607794,-1.591159936
250.525,-2.386818598,-3.71561174,-3.71561174,-1.372429578
250.55,-2.259067568,-3.747389635,-3.747389635,-1.172932228
250.575,-2.127324468,-3.774410367,-3.774410367,-0.9916696832
250.6,-1.991573231,-3.797115026,-3.797115026,-0.8274318523
250.625,-1.851813332,-3.815912714,-3.815912714,-0.6788827945
250.65,-1.708060395,-3.831178301,-3.831178301,-0.5446298976
250.675,-1.560346736,-3.843251701,-3.843251701,-0.4232772455
250.7,-1.408721826,-3.852438315,-3.852438315,-0.3134649875
250.725,-1.253252682,-3.859010295,-3.859010295,-0.21389686
250.75,-1.094024189,-3.863208376,-3.863208376,-0.1233580574
250.775,-0.9311393306,-3.865244056,-3.865244056,-0.04072550514
250.8,-0.7647193464,-3.865301953,-3.865301953,0.03502764512
250.825,-0.594903807,-3.863542223,-3.863542223,0.1048317656
250.85,-0.4218506034,-3.860102943,-3.860102943,0.169523492
250.875,-0.2457358536,-3.855102399,-3.855102399,0.2298504604
250.9,-0.06675372461,-3.848641234,-3.848641234,0.2864772772
250.925,0.11488383,-3.840804448,-3.840804448,0.3399921476
250.95,0.2989474166,-3.83166322,-3.83166322,0.3909137462
250.975,0.4851906313,-3.821276556,-3.821276556,0.4396980371
251,0.6733505728,-3.809692783,-3.809692783,0.4867448442
251.025,0.8631484355,-3.796950865,-3.796950865,0.5324040465
251.05,1.054290183,-3.783081586,-3.783081586,0.5769813266
251.075,1.246467298,-3.768108582,-3.768108582,0.6207434409
251.1,1.439357607,-3.75204926,-3.75204926,0.6639230008
251.125,1.632626181,-3.73491559,-3.73491559,0.7067227814
251.15,1.825926295,-3.716714806,-3.716714806,0.7493195812
251.175,2.01890047,-3.697450012,-3.697450012,0.7918676611
251.2,2.211181562,-3.677120701,-3.677120701,0.8345018008
251.225,2.402393916,-3.655723217,-3.655723217,0.8773400067
251.25,2.592154575,-3.633251133,-3.633251133,0.9204859092
251.275,2.780074538,-3.609695593,-3.609695593,0.9640308809
251.3,2.965760061,-3.585045587,-3.585045587,1.008055908
251.325,3.148814002,-3.559288193,-3.559288193,1.052633248
251.35,3.328837199,-3.532408778,-3.532408778,1.097827905
251.375,3.505429877,-3.50439116,-3.50439116,1.143698921
251.4,3.678193085,-3.475217743,-3.475217743,1.190300549
251.425,3.846730147,-3.444869623,-3.444869623,1.237683289
251.45,4.010648125,-3.413326671,-3.413326671,1.285894827
251.475,4.169559299,-3.380567593,-3.380567593,1.334980872
251.5,4.323082641,-3.346569969,-3.346569969,1.384985935
251.525,4.470845285,-3.311310271,-3.311310271,1.43595403
251.55,4.612483996,-3.274763874,-3.274763874,1.487929327
251.575,4.74764661,-3.236905038,-3.236905038,1.540956757
251.6,4.875993467,-3.197706884,-3.197706884,1.595082583
251.625,4.997198807,-3.157141355,-3.157141355,1.650354941
251.65,5.110952136,-3.115179162,-3.115179162,1.706824349
251.675,5.216959555,-3.071789718,-3.071789718,1.764544201
251.7,5.314945045,-3.02694106,-3.02694106,1.823571243
251.725,5.404651699,-2.980599759,-2.980599759,1.883966026
251.75,5.485842901,-2.932730822,-2.932730822,1.945793349
251.775,5.558303452,-2.883297576,-2.883297576,2.009122684
251.8,5.621840618,-2.832261551,-2.832261551,2.074028582
251.825,5.676285121,-2.779582344,-2.779582344,2.140591051
251.85,5.721492049,-2.72521748,-2.72521748,2.208895917
251.875,5.757341694,-2.669122264,-2.669122264,2.279035126
251.9,5.7837403,-2.61124962,-2.61124962,2.351107021
251.925,5.800620735,-2.551549934,-2.551549934,2.425216529
251.95,5.807943069,-2.489970885,-2.489970885,2.501475279
251.975,5.805695059,-2.426457276,-2.426457276,2.580001599
252,5.793892545,-2.36095087,-2.36095087,2.660920378
252.025,5.772579745,-2.293390229,-2.293390229,2.744362737
252.05,5.741829454,-2.223710565,-2.223710565,2.830465472
252.075,5.701743141,-2.151843606,-2.151843606,2.919370226
252.1,5.652450945,-2.077717493,-2.077717493,3.011222246
252.125,5.594111571,-2.001256705,-2.001256705,3.106168798
252.15,5.526912078,-1.92238204,-1.92238204,3.204356849
252.175,5.451067574,-1.841010648,-1.841010648,3.305930364
252.2,5.366820796,-1.757056165,-1.757056165,3.41102637
252.225,5.274441596,-1.670428923,-1.670428923,3.519770587
252.25,5.174226329,-1.581036326,-1.581036326,3.632271222
252.275,5.06649713,-1.48878335,-1.48878335,3.748612119
252.3,4.951601107,-1.393573286,-1.393573286,3.868843537
252.325,4.829909431,-1.295308686,-1.295308686,3.992971723
252.35,4.701816334,-1.193892629,-1.193892629,4.120945917
252.375,4.56773802,-1.08923034,-1.08923034,4.252643153
252.4,4.428111485,-0.9812311903,-0.9812311903,4.387850653
252.425,4.28339326,-0.8698112103,-0.8698112103,4.526245239
252.45,4.134058072,-0.7548961287,-0.7548961287,4.667370302
252.475,3.980597428,-0.6364250198,-0.6364250198,4.810610222
252.5,3.823518135,-0.5143546203,-0.5143546203,4.955162761
252.525,3.663340749,-0.3886643563,-0.3886643563,5.100010273
252.55,3.500597965,-0.2593620873,-0.2593620873,5.243891065
252.575,3.33583296,-0.1264905467,-0.1264905467,5.385272817
252.6,3.16959767,0.009865605882,0.009865605882,5.522330623
252.625,3.002451045,0.1495722754,0.1495722754,5.65293301
252.65,2.83495725,0.2924382097,0.2924382097,5.774639914
252.675,2.667683839,0.43820743,0.43820743,5.884717199
252.7,2.501199912,0.5865522749,0.5865522749,5.980172438
252.725,2.336074242,0.737067655,0.737067655,6.057816389
252.75,2.172873399,0.8892672003,0.8892672003,6.114353443
252.775,2.012159861,1.042582046,1.042582046,6.146502226
252.8,1.854490138,1.196362998,1.196362998,6.151144557
252.825,1.700412888,1.349886714,1.349886714,6.125496839
252.85,1.550467062,1.50236635,1.50236635,6.067293679
252.875,1.405180063,1.652966812,1.652966812,5.97496914
252.9,1.265065937,1.800824309,1.800824309,5.847817777
252.925,1.130623593,1.945069493,1.945069493,5.686116698
252.95,1.002335067,2.084852981,2.084852981,5.491191306
252.975,0.8806638375,2.219371674,2.219371674,5.265412264
253,0.7660531888,2.347894076,2.347894076,5.012118596
253.025,0.6589246342,2.469782811,2.469782811,4.735470687
253.05,0.5596764075,2.584512698,2.584512698,4.440246074
253.075,0.4686820235,2.691683217,2.691683217,4.131597729
253.1,0.3862889151,2.791024699,2.791024699,3.814798806
253.125,0.3128171523,2.882398234,2.882398234,3.494997619
253.15,0.2485582471,2.965789784,2.965789784,3.17700374
253.175,0.1937740496,3.041299512,3.041299512,2.865119808
253.2,0.1486957384,3.109127556,3.109127556,2.563026729
253.225,0.1135229118,3.16955762,3.16955762,2.273722956
253.25,0.08842277956,3.222939671,3.222939671,1.999512862
253.275,0.07352946248,3.269672872,3.269672872,1.742035473
253.3,0.06894339933,3.310189632,3.310189632,1.502322897
253.325,0.0747308659,3.344941367,3.344941367,1.280877685
253.35,0.09092360707,3.374386339,3.374386339,1.077759461
253.375,0.1175185841,3.39897968,3.39897968,0.8926729435
253.4,0.1544778382,3.419165583,3.419165583,0.7250514926
253.425,0.2017284716,3.435371478,3.435371478,0.5741324969
253.45,0.2591627461,3.448003969,3.448003969,0.4390224271
253.475,0.3266382994,3.457446262,3.457446262,0.3187508866
253.5,0.4039784795,3.464056801,3.464056801,0.212313882
253.525,0.490972795,3.468168869,3.468168869,0.1187071819
253.55,0.5873774814,3.470090903,3.470090903,0.03695097368
253.575,0.6929161811,3.470107339,3.470107339,-0.03389283609
253.6,0.8072807354,3.468479805,3.468479805,-0.09470934183
253.625,0.9301320855,3.465448536,3.465448536,-0.146324137
253.65,1.061101281,3.461233901,3.461233901,-0.1895004942
253.675,1.199790592,3.456037974,3.456037974,-0.2249392944
253.7,1.345774718,3.450046064,3.450046064,-0.2532809342
253.725,1.498602099,3.443428195,3.443428195,-0.2751085942
253.75,1.65779631,3.436340486,3.436340486,-0.2909523809
253.775,1.822857553,3.428926416,3.428926416,-0.3012939702
253.8,1.993264219,3.421317977,3.421317977,-0.3065714753
253.825,2.168474537,3.413636705,3.413636705,-0.3071843317
253.85,2.34792829,3.405994579,3.405994579,-0.3034980581
253.875,2.531048596,3.39849482,3.39849482,-0.2958487914
253.9,2.717243753,3.391232567,3.391232567,-0.2845475338
253.925,2.905909129,3.384295457,3.384295457,-0.2698840687
253.95,3.096429109,3.37776411,3.37776411,-0.2521305292
253.975,3.288179075,3.37171253,3.37171253,-0.2315446092
254,3.480527422,3.366208429,3.366208429,-0.2083724162
254.025,3.672837605,3.361313484,3.361313484,-0.1828509769
254.05,3.864470193,3.357083538,3.357083538,-0.1552104019
254.075,4.054784953,3.353568748,3.353568748,-0.1256757244
254.1,4.243142924,3.35081369,3.35081369,-0.09446842528
254.125,4.4289085,3.348857438,3.348857438,-0.06180765841
254.15,4.611451497,3.347733604,3.347733604,-0.02791119147
254.175,4.790149211,3.347470367,3.347470367,0.007003925841
254.2,4.964388442,3.348090483,3.348090483,0.0427209496
254.225,5.133567504,3.349611292,3.349611292,0.07902327276
254.25,5.29709818,3.352044721,3.352044721,0.1156944834
254.275,5.454407649,3.355397291,3.355397291,0.1525186352
254.3,5.604940351,3.359670135,3.359670135,0.1892807121
254.325,5.748159803,3.36485903,3.36485903,0.2257672698
254.35,5.883550345,3.370954442,3.370954442,0.2617672342
254.375,6.010618823,3.377941604,3.377941604,0.2970728353
254.4,6.128896194,3.385800601,3.385800601,0.3314806519
254.425,6.237939049,3.394506503,3.394506503,0.3647927454
254.45,6.337331054,3.404029511,3.404029511,0.3968178547
254.475,6.426684295,3.414335141,3.414335141,0.4273726235
254.5,6.505640533,3.425384435,3.425384435,0.4562828337
254.525,6.573872355,3.437134209,3.437134209,0.4833846154
254.55,6.631084222,3.449537322,3.449537322,0.5085256053
254.575,6.677013414,3.462542981,3.462542981,0.5315660251
254.6,6.711430854,3.476097063,3.476097063,0.5523796538
254.625,6.734141832,3.490142471,3.490142471,0.5708546718
254.65,6.744986602,3.504619498,3.504619498,0.5868943536
254.675,6.743840866,3.519466214,3.519466214,0.6004175928
254.7,6.730616138,3.53461886,3.53461886,0.6113592448
254.725,6.705259987,3.55001225,3.55001225,0.6196702796
254.75,6.667756159,3.565580173,3.565580173,0.6253177419
254.775,6.618124573,3.581255793,3.581255793,0.6282845162
254.8,6.556421205,3.596972041,3.596972041,0.6285689029
254.825,6.482737839,3.612661991,3.612661991,0.6261840212
254.85,6.397201703,3.628259221,3.628259221,0.6211570462
254.875,6.299974992,3.643698158,3.643698158,0.613528301
254.9,6.191254261,3.658914389,3.658914389,0.6033502303
254.925,6.071269715,3.673844951,3.673844951,0.5906862695
254.95,5.940284378,3.688428594,3.688428594,0.5756096423
254.975,5.79859316,3.702606007,3.702606007,0.5582021096
255,5.646521812,3.716320016,3.716320016,0.5385526921
255.025,5.484425782,3.72951575,3.72951575,0.5167563977
255.05,5.312688973,3.742140775,3.742140775,0.4929129666
255.075,5.131722404,3.754145199,3.754145199,0.4671256656
255.1,4.941962789,3.76548174,3.76548174,0.4395001376
255.125,4.743871024,3.776105778,3.776105778,0.4101433315
255.15,4.5379306,3.785975373,3.785975373,0.3791625142
255.175,4.324645945,3.79505126,3.79505126,0.3466643821
255.2,4.104540699,3.803296826,3.803296826,0.3127542687
255.225,3.878155919,3.810678068,3.810678068,0.2775354578
255.25,3.646048246,3.817163533,3.817163533,0.2411085967
255.275,3.408788009,3.822724245,3.822724245,0.2035712096
255.3,3.1669573,3.827333623,3.827333623,0.1650173066
255.325,2.921148002,3.830967392,3.830967392,0.1255370795
255.35,2.671959807,3.833603477,3.833603477,0.08521668125
255.375,2.419998193,3.835221909,3.835221909,0.04413807759
255.4,2.165872405,3.835804711,3.835804711,0.002378964103
255.425,1.910193424,3.835335799,3.835335799,-0.03998726063
255.45,1.653571933,3.833800866,3.833800866,-0.0828914741
255.475,1.396616297,3.831187284,3.831187284,-0.1262687696
255.5,1.139930555,3.827483993,3.827483993,-0.1700583644
255.525,0.884112438,3.822681404,3.822681404,-0.2142034841
255.55,0.6297514109,3.816771298,3.816771298,-0.2586512282
255.575,0.3774267556,3.809746731,3.809746731,-0.303352426
255.6,0.1277056936,3.801601945,3.801601945,-0.348261484
255.625,-0.1188584408,3.792332277,3.792332277,-0.3933362324
255.65,-0.3617279714,3.781934078,3.781934078,-0.4385377736
255.675,-0.6003825905,3.770404631,3.770404631,-0.4838303349
255.7,-0.8343210007,3.757742077,3.757742077,-0.52918113
255.725,-1.063062484,3.74394534,3.74394534,-0.5745602271
255.75,-1.28614839,3.729014057,3.729014057,-0.6199404365
255.775,-1.503143548,3.712948514,3.712948514,-0.6652971982
255.8,-1.713637577,3.695749577,3.695749577,-0.7106084933
255.825,-1.91724612,3.677418632,3.677418632,-0.7558547655
255.85,-2.113611965,3.657957524,3.657957524,-0.8010188564
255.875,-2.302406077,3.637368498,3.637368498,-0.8460859566
255.9,-2.48332852,3.615654139,3.615654139,-0.8910435699
255.925,-2.656109274,3.592817317,3.592817317,-0.9358814935
255.95,-2.820508944,3.568861128,3.568861128,-0.9805918112
255.975,-2.976319351,3.543788838,3.543788838,-1.025168901
256,-3.123364018,3.517603822,3.517603822,-1.069609457
256.025,-3.261498533,3.490309511,3.490309511,-1.113912524
256.05,-3.390610804,3.46190933,3.46190933,-1.158079546
256.075,-3.510621187,3.432406636,3.432406636,-1.20211443
256.1,-3.62148251,3.401804657,3.401804657,-1.246023617
256.125,-3.72317997,3.370106428,3.370106428,-1.289816173
256.15,-3.81573092,3.337314723,3.337314723,-1.333503885
256.175,-3.899184539,3.303431986,3.303431986,-1.37710138
256.2,-3.973621392,3.26846026,3.26846026,-1.420626246
256.225,-4.039152876,3.232401107,3.232401107,-1.464099171
256.25,-4.095920558,3.195255535,3.195255535,-1.507544095
256.275,-4.144095408,3.157023909,3.157023909,-1.550988372
256.3,-4.183876928,3.117705865,3.117705865,-1.594462943
256.325,-4.215492183,3.077300221,3.077300221,-1.638002531
256.35,-4.239194738,3.035804876,3.035804876,-1.681645834
256.375,-4.255263494,2.993216709,2.993216709,-1.725435744
256.4,-4.264001455,2.949531474,2.949531474,-1.769419561
256.425,-4.265734391,2.904743683,2.904743683,-1.813649239
256.45,-4.260809444,2.858846491,2.858846491,-1.85818163
256.475,-4.249593651,2.811831564,2.811831564,-1.903078731
256.5,-4.232472398,2.763688955,2.763688955,-1.948407956
256.525,-4.209847829,2.714406958,2.714406958,-1.994242412
256.55,-4.182137182,2.663971967,2.663971967,-2.040661154
256.575,-4.149771088,2.612368323,2.612368323,-2.08774949
256.6,-4.11319183,2.559578149,2.559578149,-2.135599231
256.625,-4.072851557,2.505581197,2.505581197,-2.184308982
256.65,-4.029210477,2.450354655,2.450354655,-2.233984368
256.675,-3.982735026,2.393872991,2.393872991,-2.284738324
256.7,-3.933896024,2.33610775,2.33610775,-2.336691232
256.725,-3.883166816,2.277027372,2.277027372,-2.389971162
256.75,-3.831021421,2.216597004,2.216597004,-2.444713928
256.775,-3.777932676,2.154778291,2.154778291,-2.501063168
256.8,-3.724370402,2.091529199,2.091529199,-2.559170287
256.825,-3.670799581,2.026803805,2.026803805,-2.619194271
256.85,-3.617678563,1.960552127,1.960552127,-2.681301412
256.875,-3.565457302,1.892719934,1.892719934,-2.745664753
256.9,-3.514575633,1.823248596,1.823248596,-2.812463417
256.925,-3.465461591,1.752074936,1.752074936,-2.88188151
256.95,-3.418529784,1.679131127,1.679131127,-2.954106842
256.975,-3.374179816,1.60434462,1.60434462,-3.029329017
257,-3.332794781,1.527638125,1.527638125,-3.10773724
257.025,-3.29473982,1.448929658,1.448929658,-3.189517247
257.05,-3.260360746,1.368132672,1.368132672,-3.274847742
257.075,-3.229982755,1.285156287,1.285156287,-3.363895743
257.1,-3.203909216,1.199905652,1.199905652,-3.456811018
257.125,-3.182420546,1.112282451,1.112282451,-3.55371934
257.15,-3.165773173,1.022185618,1.022185618,-3.654714184
257.175,-3.154198601,0.9295122445,0.9295122445,-3.759847109
257.2,-3.147902566,0.8341587754,0.8341587754,-3.869116222
257.225,-3.147064292,0.7360225143,0.7360225143,-3.982452743
257.25,-3.151835851,0.635003475,0.635003475,-4.099705672
257.275,-3.162341631,0.5310066511,0.5310066511,-4.220624302
257.3,-3.178677904,0.4239447556,0.4239447556,-4.344838716
257.325,-3.200912506,0.3137414575,0.3137414575,-4.471838602
257.35,-3.229084628,0.2003351719,0.2003351719,-4.600950713
257.375,-3.263204709,0.08368342268,0.08368342268,-4.731315767
257.4,-3.303254446,-0.03623222267,-0.03623222267,-4.861865911
257.425,-3.34918691,-0.1594006765,-0.1594006765,-4.991304276
257.45,-3.40092677,-0.2857753915,-0.2857753915,-5.118088693
257.475,-3.458370627,-0.4152680906,-0.4152680906,-5.24042211
257.5,-3.521387451,-0.5477423745,-0.5477423745,-5.356252732
257.525,-3.589819127,-0.6830074858,-0.6830074858,-5.46328725
257.55,-3.663481096,-0.8208126064,-0.8208126064,-5.559020585
257.575,-3.742163104,-0.960842136,-0.960842136,-5.640785295
257.6,-3.825630043,-1.102712478,-1.102712478,-5.705822868
257.625,-3.913622884,-1.245970892,-1.245970892,-5.751377751
257.65,-4.005859703,-1.390096964,-1.390096964,-5.77481266
257.675,-4.102036792,-1.534507194,-1.534507194,-5.773741043
257.7,-4.20182985,-1.678563033,-1.678563033,-5.746169409
257.725,-4.304895256,-1.821582491,-1.821582491,-5.690639182
257.75,-4.410871404,-1.962855166,-1.962855166,-5.606355535
257.775,-4.519380117,-2.101660182,-2.101660182,-5.493289494
257.8,-4.630028119,-2.237286213,-2.237286213,-5.352240387
257.825,-4.742408556,-2.369052457,-2.369052457,-5.184848645
257.85,-4.856102579,-2.496329254,-2.496329254,-4.993553637
257.875,-4.970680964,-2.618556969,-2.618556969,-4.781497243
257.9,-5.085705775,-2.735261839,-2.735261839,-4.552380351
257.925,-5.200732056,-2.84606778,-2.84606778,-4.310284827
257.95,-5.315309555,-2.950703485,-2.950703485,-4.059477413
257.975,-5.428984458,-3.049004564,-3.049004564,-3.804213111
258,-5.541301147,-3.140910952,-3.140910952,-3.548554581
258.025,-5.651803959,-3.226460127,-3.226460127,-3.296220601
258.05,-5.760038949,-3.30577701,-3.30577701,-3.050472079
258.075,-5.865555642,-3.379061518,-3.379061518,-2.814039061
258.1,-5.967908778,-3.4465748,-3.4465748,-2.589087572
258.125,-6.066660034,-3.508625091,-3.508625091,-2.377221675
258.15,-6.161379725,-3.565554,-3.565554,-2.179513804
258.175,-6.25164847,-3.617723811,-3.617723811,-1.996555536
258.2,-6.337058821,-3.66550624,-3.66550624,-1.828521127
258.225,-6.417216853,-3.709272863,-3.709272863,-1.675236908
258.25,-6.491743696,-3.749387297,-3.749387297,-1.536251102
258.275,-6.560277025,-3.786199082,-3.786199082,-1.410899956
258.3,-6.622472475,-3.820039145,-3.820039145,-1.298367559
258.325,-6.678005004,-3.851216664,-3.851216664,-1.197737814
258.35,-6.726570176,-3.880017125,-3.880017125,-1.108038072
258.375,-6.767885377,-3.906701368,-3.906701368,-1.028274551
258.4,-6.801690943,-3.93150542,-3.93150542,-0.9574601309
258.425,-6.827751217,-3.954640943,-3.954640943,-0.8946353877
258.45,-6.845855504,-3.976296118,-3.976296118,-0.8388838253
258.475,-6.855818946,-3.996636867,-3.996636867,-0.7893422839
258.5,-6.857483303,-4.01580827,-4.01580827,-0.7452074414
258.525,-6.850717631,-4.03393611,-4.03393611,-0.7057392381
258.55,-6.835418866,-4.051128472,-4.051128472,-0.6702619366
258.575,-6.811512308,-4.067477346,-4.067477346,-0.6381634195
258.6,-6.778951999,-4.083060196,-4.083060196,-0.6088932144
258.625,-6.737720999,-4.097941464,-4.097941464,-0.5819596422
258.65,-6.687831556,-4.112174,-4.112174,-0.5569263994
258.675,-6.629325172,-4.125800401,-4.125800401,-0.5334088093
258.7,-6.562272565,-4.138854251,-4.138854251,-0.5110699218
258.725,-6.486773516,-4.151361265,-4.151361265,-0.4896165983
258.75,-6.402956627,-4.16334034,-4.16334034,-0.4687956679
258.775,-6.310978961,-4.174804502,-4.174804502,-0.4483902292
258.8,-6.211025588,-4.185761771,-4.185761771,-0.428216134
258.825,-6.103309023,-4.19621594,-4.19621594,-0.4081186837
258.85,-5.988068573,-4.206167268,-4.206167268,-0.3879695499
258.875,-5.865569584,-4.215613108,-4.215613108,-0.3676639271
258.9,-5.73610259,-4.224548456,-4.224548456,-0.3471179118
258.925,-5.599982379,-4.232966451,-4.232966451,-0.3262661059
258.95,-5.457546969,-4.2408588,-4.2408588,-0.3050594338
258.975,-5.309156498,-4.248216172,-4.248216172,-0.2834631645
259,-5.155192035,-4.255028524,-4.255028524,-0.2614551214
259.025,-4.99605432,-4.261285401,-4.261285401,-0.2390240742
259.05,-4.832162433,-4.266976186,-4.266976186,-0.2161682952
259.075,-4.663952387,-4.272090328,-4.272090328,-0.1928942698
259.1,-4.491875676,-4.276617526,-4.276617526,-0.1692155472
259.125,-4.316397755,-4.280547895,-4.280547895,-0.1451517223
259.15,-4.137996476,-4.283872107,-4.283872107,-0.1207275331
259.175,-3.957160477,-4.28658151,-4.28658151,-0.09597206764
259.2,-3.774387533,-4.288668222,-4.288668222,-0.0709180669
259.225,-3.590182877,-4.290125223,-4.290125223,-0.04560131504
259.25,-3.405057484,-4.290946417,-4.290946417,-0.02006010885
259.275,-3.219526349,-4.291126694,-4.291126694,0.00566520282
259.3,-3.034106738,-4.290661972,-4.290661972,0.03153261719
259.325,-2.849316438,-4.289549239,-4.289549239,0.05749882011
259.35,-2.665671996,-4.287786577,-4.287786577,0.08351947987
259.375,-2.483686974,-4.285373187,-4.285373187,0.109549498
259.4,-2.303870205,-4.282309405,-4.282309405,0.1355432231
259.425,-2.126724066,-4.278596712,-4.278596712,0.1614546319
259.45,-1.952742776,-4.274237744,-4.274237744,0.187237483
259.475,-1.782410723,-4.269236295,-4.269236295,0.2128454465
259.5,-1.616200819,-4.263597315,-4.263597315,0.2382322142
259.525,-1.454572904,-4.257326913,-4.257326913,0.2633515929
259.55,-1.297972185,-4.250432347,-4.250432347,0.2881575834
259.575,-1.146827737,-4.242922026,-4.242922026,0.3126044501
259.6,-1.001551049,-4.234805496,-4.234805496,0.3366467811
259.625,-0.8625346391,-4.226093434,-4.226093434,0.3602395409
259.65,-0.7301507316,-4.216797637,-4.216797637,0.3833381213
259.675,-0.6047500066,-4.206931014,-4.206931014,0.4058983863
259.7,-0.4866604224,-4.196507568,-4.196507568,0.4278767179
259.725,-0.3761861182,-4.185542386,-4.185542386,0.4492300619
259.75,-0.2736063982,-4.174051627,-4.174051627,0.4699159722
259.775,-0.1791748025,-4.162052498,-4.162052498,0.4898926626
259.8,-0.09311826667,-4.149563246,-4.149563246,0.5091190555
259.825,-0.01563637331,-4.136603134,-4.136603134,0.5275548403
259.85,0.0530993018,-4.123192422,-4.123192422,0.5451605335
259.875,0.1129457471,-4.109352347,-4.109352347,0.5618975443
259.9,0.1637889744,-4.095105097,-4.095105097,0.5777282491
259.925,0.2055443777,-4.080473792,-4.080473792,0.5926160676
259.95,0.2381569916,-4.065482447,-4.065482447,0.6065255528
259.975,0.2616016472,-4.050155953,-4.050155953,0.6194224806
260,0.2758830268,-4.034520036,-4.034520036,0.6312739537
260.025,0.2810356156,-4.01860123,-4.01860123,0.6420485099
260.05,0.277123552,-4.002426834,-4.002426834,0.6517162379
260.075,0.2642403762,-3.986024877,-3.986024877,0.6602489052
260.1,0.2425086788,-3.969424069,-3.969424069,0.6676200875
260.125,0.2120796512,-3.952653756,-3.952653756,0.6738053123
260.15,0.1731325377,-3.935743873,-3.935743873,0.6787822067
260.175,0.1258739931,-3.918724884,-3.918724884,0.6825306511
260.2,0.07053734794,-3.901627726,-3.901627726,0.6850329439
260.225,0.007381782991,-3.884483748,-3.884483748,0.6862739676
260.25,-0.06330858291,-3.867324642,-3.867324642,0.6862413621
260.275,-0.1412256889,-3.850182373,-3.850182373,0.6849257037
260.3,-0.2260386081,-3.833089102,-3.833089102,0.6823206834
260.325,-0.3173947005,-3.816077109,-3.816077109,0.6784232901
260.35,-0.4149208376,-3.799178705,-3.799178705,0.6732339941
260.375,-0.5182246949,-3.782426142,-3.782426142,0.6667569269
260.4,-0.6268961084,-3.765851524,-3.765851524,0.6590000595
260.425,-0.7405084888,-3.749486705,-3.749486705,0.6499753774
260.45,-0.8586202903,-3.733363187,-3.733363187,0.6396990445
260.475,-0.9807765268,-3.717512014,-3.717512014,0.6281915594
260.5,-1.106510332,-3.701963662,-3.701963662,0.6154779012
260.525,-1.235344558,-3.686747925,-3.686747925,0.6015876584
260.55,-1.366793402,-3.671893799,-3.671893799,0.5865551407
260.575,-1.500364068,-3.657429362,-3.657429362,0.5704194717
260.6,-1.63555844,-3.643381653,-3.643381653,0.5532246583
260.625,-1.771874775,-3.629776549,-3.629776549,0.5350196344
260.65,-1.908809407,-3.616638642,-3.616638642,0.5158582749
260.675,-2.045858448,-3.603991116,-3.603991116,0.4957993795
260.7,-2.182519495,-3.591855623,-3.591855623,0.4749066223
260.725,-2.318293323,-3.580252165,-3.580252165,0.4532484647
260.75,-2.452685563,-3.56919897,-3.56919897,0.4308980297
260.775,-2.585208367,-3.558712387,-3.558712387,0.4079329358
260.8,-2.715382042,-3.548806764,-3.548806764,0.3844350884
260.825,-2.842736652,-3.539494357,-3.539494357,0.3604904288
260.85,-2.966813592,-3.53078522,-3.53078522,0.336188639
260.875,-3.087167111,-3.522687126,-3.522687126,0.3116228024
260.9,-3.203365797,-3.51520548,-3.51520548,0.2868890222
260.925,-3.314994,-3.508343252,-3.508343252,0.2620859968
260.95,-3.421653211,-3.502100917,-3.502100917,0.2373145557
260.975,-3.522963372,-3.496476408,-3.496476408,0.212677157
261,-3.618564124,-3.49146508,-3.49146508,0.1882773521
261.025,-3.708115987,-3.487059693,-3.487059693,0.1642192186
261.05,-3.79130146,-3.483250405,-3.483250405,0.1406067691
261.075,-3.867826058,-3.480024779,-3.480024779,0.1175433388
261.1,-3.937419255,-3.477367812,-3.477367812,0.09513095984
261.125,-3.999835354,-3.475261971,-3.475261971,0.07346972816
261.15,-4.054854267,-3.473687252,-3.473687252,0.05265716915
261.175,-4.102282207,-3.472621253,-3.472621253,0.03278761077
261.2,-4.141952296,-3.472039258,-3.472039258,0.01395157071
261.225,-4.173725069,-3.471914343,-3.471914343,-0.003764834558
261.25,-4.197488897,-3.472217491,-3.472217491,-0.02028045152
261.275,-4.213160312,-3.472917727,-3.472917727,-0.03551961455
261.3,-4.220684229,-3.473982252,-3.473982252,-0.04941262764
261.325,-4.220034085,-3.475376611,-3.475376611,-0.06189619635
261.35,-4.211211872,-3.477064844,-3.477064844,-0.07291380459
261.375,-4.194248076,-3.479009671,-3.479009671,-0.08241603151
261.4,-4.169201528,-3.481172665,-3.481172665,-0.09036080454
261.425,-4.136159145,-3.483514442,-3.483514442,-0.09671358592
261.45,-4.095235597,-3.485994851,-3.485994851,-0.1014474915
261.475,-4.046572864,-3.488573164,-3.488573164,-0.1045433407
261.5,-3.990339712,-3.49120827,-3.49120827,-0.105989639
261.525,-3.926731081,-3.493858865,-3.493858865,-0.1057824937
261.55,-3.85596738,-3.496483644,-3.496483644,-0.1039254678
261.575,-3.778293708,-3.499041478,-3.499041478,-0.1004293742
261.6,-3.693978983,-3.5014916,-3.5014916,-0.09531201489
261.625,-3.603315004,-3.50379377,-3.50379377,-0.08859787294
261.65,-3.506615433,-3.505908442,-3.505908442,-0.080317761
261.675,-3.404214705,-3.507796913,-3.507796913,-0.0705084342
261.7,-3.296466875,-3.509421471,-3.509421471,-0.05921217435
261.725,-3.183744401,-3.510745524,-3.510745524,-0.0464763525
261.75,-3.066436867,-3.511733725,-3.511733725,-0.03235297673
261.775,-2.944949651,-3.512352078,-3.512352078,-0.01689823221
261.8,-2.819702549,-3.51256804,-3.51256804,-0.0001720202019
261.825,-2.691128343,-3.512350609,-3.512350609,0.01776249801
261.85,-2.559671343,-3.511670395,-3.511670395,0.03683934648
261.875,-2.425785882,-3.510499691,-3.510499691,0.05699016447
261.9,-2.289934784,-3.508812523,-3.508812523,0.07814461627
261.925,-2.152587813,-3.506584695,-3.506584695,0.1002307775
261.95,-2.014220092,-3.503793829,-3.503793829,0.1231754949
261.975,-1.875310517,-3.500419383,-3.500419383,0.1469047173
262,-1.736340155,-3.496442677,-3.496442677,0.1713437968
262.025,-1.597790639,-3.491846902,-3.491846902,0.1964177579
262.05,-1.460142569,-3.486617124,-3.486617124,0.2220515367
262.075,-1.323873913,-3.480740285,-3.480740285,0.2481701875
262.1,-1.189458425,-3.474205197,-3.474205197,0.2746990597
262.125,-1.057364075,-3.467002532,-3.467002532,0.3015639461
262.15,-0.9280515041,-3.459124813,-3.459124813,0.328691202
262.175,-0.8019725049,-3.450566394,-3.450566394,0.3560078396
262.2,-0.6795685358,-3.441323445,-3.441323445,0.3834415979
262.225,-0.5612692683,-3.431393934,-3.431393934,0.4109209906
262.25,-0.4474911778,-3.420777605,-3.420777605,0.4383753348
262.275,-0.338636179,-3.409475959,-3.409475959,0.4657347618
262.3,-0.2350903108,-3.397492233,-3.397492233,0.4929302138
262.325,-0.1372224757,-3.384831383,-3.384831383,0.5198934269
262.35,-0.045383236,-3.37150006,-3.37150006,0.5465569052
262.375,0.0400963276,-3.357506593,-3.357506593,0.5728538844
262.4,0.1189056935,-3.342860971,-3.342860971,0.5987182912
262.425,0.1907559078,-3.327574828,-3.327574828,0.6240846985
262.45,0.2553805224,-3.311661426,-3.311661426,0.6488882779
262.475,0.3125364583,-3.29513564,-3.29513564,0.6730647524
262.5,0.3620047937,-3.278013946,-3.278013946,0.6965503511
262.525,0.4035914721,-3.260314408,-3.260314408,0.7192817668
262.55,0.4371279308,-3.242056667,-3.242056667,0.7411961189
262.575,0.4624716461,-3.223261931,-3.223261931,0.7622309228
262.6,0.4795065953,-3.203952968,-3.203952968,0.782324068
262.625,0.488143633,-3.18415409,-3.18415409,0.8014138051
262.65,0.4883207822,-3.163891151,-3.163891151,0.8194387447
262.675,0.4800034381,-3.143191535,-3.143191535,0.8363378684
262.7,0.4631844852,-3.122084145,-3.122084145,0.8520505538
262.725,0.4378843277,-3.100599396,-3.100599396,0.8665166153
262.75,0.4041508328,-3.0787692,-3.0787692,0.8796763605
262.775,0.362059188,-3.056626956,-3.056626956,0.891470666
262.8,0.3117116722,-3.034207533,-3.034207533,0.9018410712
262.825,0.2532373434,-3.01154725,-3.01154725,0.910729893
262.85,0.1867916424,-2.988683858,-2.988683858,0.9180803628
262.875,0.1125559149,-2.965656516,-2.965656516,0.9238367853
262.9,0.03073685443,-2.942505757,-2.942505757,0.9279447219
262.925,-0.05843413362,-2.919273459,-2.919273459,0.9303511983
262.95,-0.1547016424,-2.896002803,-2.896002803,0.9310049387
262.975,-0.2577870476,-2.87273823,-2.87273823,0.929856625
263,-0.3673893619,-2.849525382,-2.849525382,0.9268591842
263.025,-0.483186156,-2.826411051,-2.826411051,0.9219681015
263.05,-0.6048345451,-2.803443105,-2.803443105,0.9151417615
263.075,-0.7319722351,-2.780670411,-2.780670411,0.9063418162
263.1,-0.8642186272,-2.758142751,-2.758142751,0.8955335786
263.125,-1.001175976,-2.735910724,-2.735910724,0.8826864428
263.15,-1.142430596,-2.714025639,-2.714025639,0.8677743273
263.175,-1.28755412,-2.692539393,-2.692539393,0.8507761417
263.2,-1.436104791,-2.671504347,-2.671504347,0.8316762722
263.225,-1.587628799,-2.650973176,-2.650973176,0.8104650845
263.25,-1.741661647,-2.630998716,-2.630998716,0.7871394422
263.275,-1.897729551,-2.611633794,-2.611633794,0.7617032348
263.3,-2.055350861,-2.592931049,-2.592931049,0.7341679136
263.325,-2.214037505,-2.574942731,-2.574942731,0.704553024
263.35,-2.373296446,-2.557720495,-2.557720495,0.6728867343
263.375,-2.532631155,-2.54131518,-2.54131518,0.6392063597
263.4,-2.691543086,-2.525776573,-2.525776573,0.6035588642
263.425,-2.849533162,-2.511153157,-2.511153157,0.5660013261
263.45,-3.006103247,-2.497491864,-2.497491864,0.5266013989
263.475,-3.160757622,-2.484837788,-2.484837788,0.4854376925
263.5,-3.313004447,-2.47323393,-2.47323393,0.4426001411
263.525,-3.462357205,-2.462720888,-2.462720888,0.3981902812
263.55,-3.608336132,-2.453336577,-2.453336577,0.35232147
263.575,-3.750469619,-2.445115931,-2.445115931,0.3051190333
263.6,-3.888295589,-2.438090598,-2.438090598,0.2567202994
263.625,-4.021362842,-2.432288644,-2.432288644,0.207274554
263.65,-4.149232364,-2.427734256,-2.427734256,0.1569428698
263.675,-4.271478598,-2.424447448,-2.424447448,0.1058978177
263.7,-4.387690668,-2.422443782,-2.422443782,0.0543230495
263.725,-4.497473567,-2.421734095,-2.421734095,0.00241273967
263.75,-4.600449286,-2.422324244,-2.422324244,-0.04962912128
263.775,-4.696257891,-2.424214875,-2.424214875,-0.101589583
263.8,-4.784558552,-2.427401206,-2.427401206,-0.1532477502
263.825,-4.865030507,-2.431872847,-2.431872847,-0.2043759517
263.85,-4.937373968,-2.437613646,-2.437613646,-0.2547410717
263.875,-5.001310966,-2.444601567,-2.444601567,-0.3041060336
263.9,-5.056586124,-2.452808618,-2.452808618,-0.3522314207
263.925,-5.102967372,-2.462200808,-2.462200808,-0.3988772419
263.95,-5.140246587,-2.47273816,-2.47273816,-0.4438048141
263.975,-5.168240166,-2.484374767,-2.484374767,-0.4867787391
264,-5.186789523,-2.497058898,-2.497058898,-0.5275689567
264.025,-5.195761521,-2.510733159,-2.510733159,-0.565952849
264.05,-5.195048821,-2.525334708,-2.525334708,-0.60171736
264.075,-5.184570166,-2.540795517,-2.540795517,-0.6346610895
264.1,-5.164270584,-2.557042688,-2.557042688,-0.6645963329
264.125,-5.134121519,-2.573998824,-2.573998824,-0.6913510182
264.15,-5.094120887,-2.59158244,-2.59158244,-0.7147705087
264.175,-5.044293056,-2.60970842,-2.60970842,-0.7347192222
264.2,-4.984688758,-2.628288513,-2.628288513,-0.751082029
264.225,-4.915384916,-2.647231854,-2.647231854,-0.7637653952
264.25,-4.836484411,-2.666445521,-2.666445521,-0.7726982463
264.275,-4.74811577,-2.685835104,-2.685835104,-0.7778325136
264.3,-4.650432784,-2.705305279,-2.705305279,-0.7791433521
264.325,-4.543614064,-2.72476039,-2.72476039,-0.7766290288
264.35,-4.427862521,-2.744105022,-2.744105022,-0.7703104612
264.375,-4.303404784,-2.763244561,-2.763244561,-0.7602304322
264.4,-4.170490562,-2.782085723,-2.782085723,-0.7464524945
264.425,-4.029391928,-2.800537057,-2.800537057,-0.7290595812
264.45,-3.880402566,-2.818509412,-2.818509412,-0.7081523657
264.475,-3.72383694,-2.835916356,-2.835916356,-0.6838474086
264.5,-3.560029427,-2.852674551,-2.852674551,-0.6562751334
264.525,-3.389333387,-2.868704067,-2.868704067,-0.6255776809
264.55,-3.212120188,-2.883928654,-2.883928654,-0.5919066902
264.575,-3.028778192,-2.898275945,-2.898275945,-0.5554210569
264.6,-2.839711687,-2.911677616,-2.911677616,-0.5162847129
264.625,-2.645339793,-2.924069481,-2.924069481,-0.4746644734
264.65,-2.446095318,-2.935391538,-2.935391538,-0.4307279882
264.675,-2.242423596,-2.945587968,-2.945587968,-0.38464183
264.7,-2.034781284,-2.954607082,-2.954607082,-0.3365697475
264.725,-1.823635138,-2.962401235,-2.962401235,-0.2866711016
264.75,-1.60946077,-2.968926697,-2.968926697,-0.2350994981
264.775,-1.392741379,-2.974143493,-2.974143493,-0.1820016231
264.8,-1.173966472,-2.978015219,-2.978015219,-0.127516283
264.825,-0.9536305716,-2.980508833,-2.980508833,-0.0717736425
264.85,-0.732231914,-2.981594434,-2.981594434,-0.01489465199
264.875,-0.5102711446,-2.981245026,-2.981245026,0.04300934825
264.9,-0.2882500102,-2.979436273,-2.979436273,0.1018368636
264.925,-0.06667005543,-2.976146253,-2.976146253,0.1614963376
264.95,0.1539686772,-2.971355207,-2.971355207,0.2219061209
264.975,0.3731689363,-2.965045296,-2.965045296,0.2829943347
265,0.5904375399,-2.957200358,-2.957200358,0.3446986495
265.025,0.8052866364,-2.947805674,-2.947805674,0.4069659956
265.05,1.017234948,-2.936847737,-2.936847737,0.4697522241
265.075,1.22580899,-2.924314038,-2.924314038,0.5330217326
265.1,1.430544269,-2.910192854,-2.910192854,0.5967470716
265.125,1.630986447,-2.894473052,-2.894473052,0.6609085412
265.15,1.82669248,-2.877143897,-2.877143897,0.7254937914
265.175,2.01723172,-2.858194877,-2.858194877,0.7904974334
265.2,2.20218698,-2.837615531,-2.837615531,0.8559206678
265.225,2.381155565,-2.815395287,-2.815395287,0.9217709369
265.25,2.553750251,-2.791523315,-2.791523315,0.9880616042
265.275,2.719600232,-2.76598838,-2.76598838,1.054811666
265.3,2.878352015,-2.738778702,-2.738778702,1.122045484
265.325,3.029670268,-2.709881831,-2.709881831,1.189792567
265.35,3.173238617,-2.679284511,-2.679284511,1.258087357
265.375,3.308760394,-2.646972574,-2.646972574,1.326969074
265.4,3.43595933,-2.612930802,-2.612930802,1.396481537
265.425,3.554580192,-2.577142839,-2.577142839,1.46667309
265.45,3.664389368,-2.539591053,-2.539591053,1.537596408
265.475,3.765175393,-2.500256445,-2.500256445,1.609308463
265.5,3.856749412,-2.459118549,-2.459118549,1.681870401
265.525,3.938945592,-2.416155302,-2.416155302,1.75534737
265.55,4.01162147,-2.371342978,-2.371342978,1.829808493
265.575,4.07465824,-2.324656071,-2.324656071,1.905326602
265.6,4.127960977,-2.276067204,-2.276067204,1.98197808
265.625,4.171458812,-2.225547058,-2.225547058,2.059842606
265.65,4.205105026,-2.173064278,-2.173064278,2.139002725
265.675,4.228877104,-2.118585417,-2.118585417,2.219543488
265.7,4.242776711,-2.062074875,-2.062074875,2.301551758
265.725,4.246829618,-2.003494866,-2.003494866,2.385115522
265.75,4.241085562,-1.942805401,-1.942805401,2.470322902
265.775,4.225618052,-1.879964299,-1.879964299,2.557260885
265.8,4.200524111,-1.814927228,-1.814927228,2.646013997
265.825,4.165923964,-1.747647805,-1.747647805,2.736662124
265.85,4.121960665,-1.678077717,-1.678077717,2.829278586
265.875,4.068799675,-1.606166938,-1.606166938,2.923927117
265.9,4.006628378,-1.531864,-1.531864,3.020658569
265.925,3.935655552,-1.455116361,-1.455116361,3.119506993
265.95,3.85611078,-1.375870899,-1.375870899,3.220484673
265.975,3.76824382,-1.294074499,-1.294074499,3.323576729
266,3.672323919,-1.209674836,-1.209674836,3.428734354
266.025,3.568639089,-1.122621308,-1.122621308,3.535867264
266.05,3.457495329,-1.032866166,-1.032866166,3.644835019
266.075,3.339215815,-0.9403659182,-0.9403659182,3.755436984
266.1,3.214140042,-0.8450829411,-0.8450829411,3.867401455
266.125,3.082622935,-0.7469874227,-0.7469874227,3.980373389
266.15,2.945033916,-0.6460596062,-0.6460596062,4.093901364
266.175,2.801755944,-0.5422923662,-0.5422923662,4.207423837
266.2,2.653184527,-0.4356941367,-0.4356941367,4.320255156
266.225,2.499726696,-0.3262921883,-0.3262921883,4.431571925
266.25,2.341799961,-0.2141362299,-0.2141362299,4.5404006
266.275,2.179831241,-0.0993022943,-0.0993022943,4.645607349
266.3,2.014255774,0.01810316334,0.01810316334,4.745891536
266.325,1.845516011,0.1379390667,0.1379390667,4.839784381
266.35,1.674060488,0.2600255685,0.2600255685,4.92565458
266.375,1.500342697,0.3841401467,0.3841401467,5.001722726
266.4,1.324819933,0.5100141912,0.5100141912,5.066086327
266.425,1.14795215,0.6373303647,0.6373303647,5.116756915
266.45,0.9702007968,0.765721052,0.765721052,5.151710202
266.475,0.7920276637,0.8947682279,0.8947682279,5.168949267
266.5,0.6138937242,1.024005058,1.024005058,5.166579707
266.525,0.4362579825,1.152919502,1.152919502,5.1428941
266.55,0.259576328,1.280960104,1.280960104,5.096461621
266.575,0.08430039845,1.407544026,1.407544026,5.026217136
266.6,-0.08912354363,1.532067237,1.532067237,4.931542956
266.625,-0.2602557204,1.653916575,1.653916575,4.812335827
266.65,-0.4286639304,1.772483227,1.772483227,4.669052045
266.675,-0.5939246199,1.887176992,1.887176992,4.502724838
266.7,-0.7556239324,1.997440598,1.997440598,4.314950308
266.725,-0.9133587321,2.102763262,2.102763262,4.107841131
266.75,-1.0667376,2.202692712,2.202692712,3.883950372
266.775,-1.215381802,2.296844979,2.296844979,3.646170926
266.8,-1.358926221,2.384911457,2.384911457,3.397618474
266.825,-1.497020257,2.466662919,2.466662919,3.141507041
266.85,-1.629328692,2.541950442,2.541950442,2.881026995
266.875,-1.755532516,2.61070339,2.61070339,2.619233742
266.9,-1.875329706,2.672924827,2.672924827,2.358954063
266.925,-1.988435971,2.728684858,2.728684858,2.102714335
266.95,-2.094585451,2.778112465,2.778112465,1.852692524
266.975,-2.193531365,2.821386445,2.821386445,1.610693444
267,-2.285046616,2.858725993,2.858725993,1.378144968
267.025,-2.368924348,2.890381413,2.890381413,1.156111679
267.05,-2.444978444,2.916625355,2.916625355,0.9453217686
267.075,-2.513043987,2.937744834,2.937744834,0.7462030057
267.1,-2.572977653,2.954034229,2.954034229,0.5589238049
267.125,-2.624658058,2.965789335,2.965789335,0.3834361449
267.15,-2.667986053,2.973302483,2.973302483,0.2195176795
267.175,-2.702884952,2.976858679,2.976858679,0.06681116952
267.2,-2.729300717,2.976732689,2.976732689,-0.07513996913
267.225,-2.747202078,2.973186946,2.973186946,-0.2068606852
267.25,-2.756580595,2.966470188,2.966470188,-0.3289180761
267.275,-2.757450669,2.956816673,2.956816673,-0.4418998376
267.3,-2.749849488,2.944445897,2.944445897,-0.5463970524
267.325,-2.733836922,2.929562677,2.929562677,-0.6429908651
267.35,-2.709495352,2.912357531,2.912357531,-0.7322425336
267.375,-2.676929452,2.893007273,2.893007273,-0.8146863269
267.4,-2.636265903,2.87167575,2.87167575,-0.8908247777
267.425,-2.587653059,2.84851467,2.84851467,-0.9611258232
267.45,-2.531260554,2.823664494,2.823664494,-1.026021435
267.475,-2.467278851,2.797255335,2.797255335,-1.085907394
267.5,-2.395918743,2.76940786,2.76940786,-1.141143909
267.525,-2.317410795,2.74023416,2.74023416,-1.192056861
267.55,-2.232004737,2.709838595,2.709838595,-1.238939455
267.575,-2.139968805,2.678318579,2.678318579,-1.282054159
267.6,-2.041589037,2.64576533,2.64576533,-1.321634785
267.625,-1.937168513,2.612264556,2.612264556,-1.357888648
267.65,-1.827026557,2.57789709,2.57789709,-1.390998724
267.675,-1.711497889,2.542739473,2.542739473,-1.421125766
267.7,-1.590931742,2.506864483,2.506864483,-1.448410343
267.725,-1.465690928,2.470341618,2.470341618,-1.472974795
267.75,-1.336150878,2.433237524,2.433237524,-1.494925071
267.775,-1.202698636,2.395616385,2.395616385,-1.514352464
267.8,-1.065731825,2.35754027,2.35754027,-1.531335238
267.825,-0.9256575821,2.319069436,2.319069436,-1.545940144
267.85,-0.7828914629,2.280262604,2.280262604,-1.55822384
267.875,-0.6378563201,2.241177187,2.241177187,-1.568234215
267.9,-0.4909811614,2.201869499,2.201869499,-1.576011621
267.925,-0.3426999846,2.162394929,2.162394929,-1.581590042
267.95,-0.1934505968,2.122808082,2.122808082,-1.584998183
267.975,-0.0436734185,2.083162901,2.083162901,-1.586260484
268,0.1061897239,2.043512763,2.043512763,-1.585398115
268.025,0.2556968136,2.003910544,2.003910544,-1.582429875
268.05,0.4044068649,1.964408673,1.964408673,-1.577373082
268.075,0.5518811458,1.925059155,1.925059155,-1.570244414
268.1,0.6976844016,1.885913578,1.885913578,-1.561060692
268.125,0.8413860718,1.847023099,1.847023099,-1.549839677
268.15,0.9825615024,1.808438411,1.808438411,-1.53660077
268.175,1.120793145,1.770209695,1.770209695,-1.521365754
268.2,1.255671746,1.732386551,1.732386551,-1.504159431
268.225,1.386797512,1.695017915,1.695017915,-1.485010295
268.25,1.513781264,1.658151955,1.658151955,-1.463951117
268.275,1.636245562,1.621835964,1.621835964,-1.441019527
268.3,1.753825804,1.586116225,1.586116225,-1.416258548
268.325,1.866171296,1.551037876,1.551037876,-1.389717082
268.35,1.972946296,1.51664475,1.51664475,-1.361450365
268.375,2.073831005,1.48297922,1.48297922,-1.331520353
268.4,2.168522544,1.45008202,1.45008202,-1.299996083
268.425,2.256735866,1.417992067,1.417992067,-1.266953945
268.45,2.338204642,1.386746274,1.386746274,-1.232477926
268.475,2.412682088,1.356379357,1.356379357,-1.19665976
268.5,2.479941751,1.326923643,1.326923643,-1.159599041
268.525,2.539778239,1.298408866,1.298408866,-1.12140324
268.55,2.592007899,1.270861981,1.270861981,-1.08218767
268.575,2.636469436,1.244306958,1.244306958,-1.042075367
268.6,2.673024477,1.218764599,1.218764599,-1.001196909
268.625,2.701558071,1.19425235,1.19425235,-0.9596901427
268.65,2.721979134,1.170784123,1.170784123,-0.9176998654
268.675,2.73422082,1.148370127,1.148370127,-0.8753774018
268.7,2.738240834,1.127016711,1.127016711,-0.8328801553
268.725,2.734021677,1.106726219,1.106726219,-0.7903710345
268.75,2.721570825,1.087496861,1.087496861,-0.7480179023
268.775,2.700920829,1.069322591,1.069322591,-0.705992846
268.8,2.672129365,1.052193021,1.052193021,-0.6644715572
268.825,2.635279193,1.036093329,1.036093329,-0.6236324737
268.85,2.590478057,1.021004209,1.021004209,-0.5836560524
268.875,2.537858514,1.006901824,1.006901824,-0.5447239037
268.9,2.47757769,0.9937577957,0.9937577957,-0.5070179024
268.925,2.409816959,0.9815391999,0.9815391999,-0.470719346
268.95,2.334781566,0.9702086012,0.9702086012,-0.4360079772
268.975,2.252700165,0.9597240956,0.9597240956,-0.4030611389
269,2.163824296,0.9500393891,0.9500393891,-0.3720527796
269.025,2.068427795,0.941103887,0.941103887,-0.343152595
269.05,1.966806128,0.9328628187,0.9328628187,-0.3165250695
269.075,1.859275671,0.9252573727,0.9252573727,-0.2923286223
269.1,1.746172914,0.918224864,0.918224864,-0.2707147169
269.125,1.627853613,0.9116989161,0.9116989161,-0.2518270405
269.15,1.504691873,0.9056096647,0.9056096647,-0.2358007088
269.175,1.377079175,0.8998839853,0.8998839853,-0.2227615111
269.2,1.245423351,0.8944457286,0.8944457286,-0.2128252321
269.225,1.110147497,0.8892159866,0.8892159866,-0.2060970016
269.25,0.9716888431,0.884113359,0.884113359,-0.2026707442
269.275,0.8304975684,0.8790542441,0.8790542441,-0.2026286752
269.3,0.6870355741,0.8739531363,0.8739531363,-0.2060408887
269.325,0.5417752137,0.8687229303,0.8687229303,-0.2129650231
269.35,0.3951979837,0.8632752408,0.8632752408,-0.2234460075
269.375,0.2477931785,0.857520719,0.857520719,-0.237515899
269.4,0.1000565141,0.8513693756,0.8513693756,-0.2551938028
269.425,-0.0475112781,0.8447309069,0.8447309069,-0.276485878
269.45,-0.1944058804,0.837515016,0.837515016,-0.3013854249
269.475,-0.3401208402,0.8296317317,0.8296317317,-0.3298730473
269.5,-0.4841490371,0.8209917249,0.8209917249,-0.3619168863
269.525,-0.6259841632,0.8115066158,0.8115066158,-0.3974729131
269.55,-0.7651222121,0.8010892735,0.8010892735,-0.4364852705
269.575,-0.9010629713,0.7896541073,0.7896541073,-0.478886653
269.6,-1.033311516,0.7771173488,0.7771173488,-0.5245987102
269.625,-1.161379698,0.7633973218,0.7633973218,-0.573532453
269.65,-1.284787626,0.7484147029,0.7484147029,-0.6255886531
269.675,-1.403065134,0.732092775,0.732092775,-0.6806582145
269.7,-1.515753228,0.7143576672,0.7143576672,-0.7386224928
269.725,-1.622405522,0.6951385911,0.6951385911,-0.7993535531
269.75,-1.722589634,0.6743680727,0.6743680727,-0.8627143391
269.775,-1.815888563,0.651982175,0.651982175,-0.9285587388
269.8,-1.901902029,0.6279207296,0.6279207296,-0.9967315265
269.825,-1.980247768,0.6021275641,0.6021275641,-1.067068165
269.85,-2.050562797,0.5745507379,0.5745507379,-1.139394462
269.875,-2.11250462,0.5451427941,0.5451427941,-1.213526036
269.9,-2.165752392,0.5138610161,0.5138610161,-1.289267648
269.925,-2.210008028,0.4806677158,0.4806677158,-1.366412303
269.95,-2.244997249,0.4455305369,0.4455305369,-1.444740207
269.975,-2.270470574,0.4084227891,0.4084227891,-1.524017534
270,-2.286204241,0.3693238207,0.3693238207,-1.603995011
270.025,-2.292001067,0.3282194179,0.3282194179,-1.684406389
270.05,-2.287691232,0.2851022538,0.2851022538,-1.764966758
270.075,-2.273132991,0.2399723763,0.2399723763,-1.845370802
270.1,-2.248213314,0.1928377392,0.1928377392,-1.925291021
270.125,-2.21284844,0.1437147788,0.1437147788,-2.004375977
270.15,-2.166984355,0.09262903502,0.09262903502,-2.082248647
270.175,-2.110597191,0.03961580788,0.03961580788,-2.158504989
270.2,-2.043693532,-0.01527915129,-0.01527915129,-2.232712797
270.225,-1.966310641,-0.07199892655,-0.07199892655,-2.304411002
270.25,-1.878516597,-0.1304747119,-0.1304747119,-2.373109523
270.275,-1.780410345,-0.190625092,-0.190625092,-2.438289834
270.3,-1.672121655,-0.2523553461,-0.2523553461,-2.49940639
270.325,-1.553810998,-0.3155568013,-0.3155568013,-2.555889048
270.35,-1.425669319,-0.3801062608,-0.3801062608,-2.60714666
270.375,-1.28791774,-0.4458655346,-0.4458655346,-2.652571927
270.4,-1.140807152,-0.5126811114,-0.5126811114,-2.691547601
270.425,-0.9846177367,-0.5803840027,-0.5803840027,-2.723454093
270.45,-0.8196583903,-0.6487897936,-0.6487897936,-2.747678495
270.475,-0.6462660615,-0.7176989359,-0.7176989359,-2.763624876
270.5,-0.4648050066,-0.7868973132,-0.7868973132,-2.770725703
270.525,-0.2756659598,-0.856157103,-0.856157103,-2.76845414
270.55,-0.07926522109,-0.9252379541,-0.9252379541,-2.756336843
270.575,0.1239563355,-0.993888484,-0.993888484,-2.733966813
270.6,0.3335343303,-1.061848095,-1.061848095,-2.701015792
270.625,0.5489820218,-1.128849086,-1.128849086,-2.657245613
270.65,0.7697915221,-1.194619033,-1.194619033,-2.602517932
270.675,0.9954350807,-1.258883381,-1.258883381,-2.536801754
270.7,1.225366434,-1.321368195,-1.321368195,-2.460178242
270.725,1.459022216,-1.381802992,-1.381802992,-2.372842399
270.75,1.695823428,-1.439923575,-1.439923575,-2.275101358
270.775,1.93517696,-1.495474773,-1.495474773,-2.167369176
270.8,2.176477168,-1.548213019,-1.548213019,-2.050158226
270.825,2.419107485,-1.597908665,-1.597908665,-1.924067463
270.85,2.662442087,-1.644347972,-1.644347972,-1.789768021
270.875,2.905847584,-1.687334708,-1.687334708,-1.64798676
270.9,3.148684751,-1.726691329,-1.726691329,-1.499488417
270.925,3.390310279,-1.762259687,-1.762259687,-1.34505712
270.95,3.630078552,-1.793901291,-1.793901291,-1.185478112
270.975,3.867343436,-1.821497111,-1.821497111,-1.021520267
271,4.101460087,-1.844946964,-1.844946964,-0.8539200295
271.025,4.331786756,-1.864168525,-1.864168525,-0.6833673095
271.05,4.557686601,-1.879096008,-1.879096008,-0.5104936496
271.075,4.778529494,-1.889678586,-1.889678586,-0.3358628397
271.1,4.993693814,-1.895878605,-1.895878605,-0.1599640471
271.125,5.202568226,-1.897669662,-1.897669662,0.0167926096
271.15,5.404553446,-1.89503459,-1.89503459,0.1940782163
271.175,5.599063972,-1.887963428,-1.887963428,0.3716451915
271.2,5.785529786,-1.876451405,-1.876451405,0.5493256743
271.225,5.963398022,-1.860496978,-1.860496978,0.727028481
271.25,6.132134593,-1.84009997,-1.84009997,0.9047349294
271.275,6.291225766,-1.815259813,-1.815259813,1.082493798
271.3,6.440179695,-1.785973937,-1.785973937,1.260415665
271.325,6.57852789,-1.752236299,-1.752236299,1.438666847
271.35,6.70582663,-1.714036067,-1.714036067,1.617462953
271.375,6.82165831,-1.671356468,-1.671356468,1.797062229
271.4,6.925632719,-1.624173819,-1.624173819,1.977758763
271.425,7.017388246,-1.572456704,-1.572456704,2.159875057
271.45,7.096593006,-1.516165374,-1.516165374,2.343754662
271.475,7.16294589,-1.455251314,-1.455251314,2.529753427
271.5,7.216177526,-1.389657042,-1.389657042,2.718230906
271.525,7.25605116,-1.319316178,-1.319316178,2.909538722
271.55,7.282363439,-1.244153738,-1.244153738,3.104009614
271.575,7.294945106,-1.164086837,-1.164086837,3.301941908
271.6,7.293661601,-1.079025719,-1.079025719,3.50358286
271.625,7.278413564,-0.9888752988,-0.9888752988,3.709107951
271.65,7.249137237,-0.8935372587,-0.8935372587,3.918596189
271.675,7.20580477,-0.7929128074,-0.7929128074,4.132001061
271.7,7.14842442,-0.6869062338,-0.6869062338,4.349116124
271.725,7.077040656,-0.5754294012,-0.5754294012,4.569535039
271.75,6.991734155,-0.4584072983,-0.4584072983,4.792606088
271.775,6.892621693,-0.335784796,-0.335784796,5.0173815
271.8,6.779855943,-0.2075347272,-0.2075347272,5.242562778
271.825,6.65362516,-0.0736673602,-0.0736673602,5.466444243
271.85,6.514152767,0.06575873219,0.06575873219,5.686858357
271.875,6.361696847,0.2106245053,0.2106245053,5.901127981
271.9,6.196549525,0.3607372451,0.3607372451,6.106032676
271.925,6.019036258,0.515816793,0.515816793,6.297797979
271.95,5.829515029,0.6754818988,0.6754818988,6.472118156
271.975,5.628375449,0.8392376763,0.8392376763,6.624223706
272,5.41603776,1.006465419,1.006465419,6.749004027
272.025,5.192951759,1.176416256,1.176416256,6.841192695
272.05,4.95959563,1.348210241,1.348210241,6.895617018
272.075,4.716474698,1.52084243,1.52084243,6.907504984
272.1,4.464120105,1.693197173,1.693197173,6.872831704
272.125,4.203087406,1.864071258,1.864071258,6.78867559
272.15,3.933955104,2.032205696,2.032205696,6.653545268
272.175,3.657323107,2.196324824,2.196324824,6.467632493
272.2,3.373811136,2.355180394,2.355180394,6.232949534
272.225,3.084057066,2.507597287,2.507597287,5.953320427
272.25,2.788715222,2.652517068,2.652517068,5.634214716
272.275,2.488454624,2.789035492,2.789035492,5.282435877
272.3,2.183957192,2.916430759,2.916430759,4.905698909
272.325,1.875915916,3.034180336,3.034180336,4.512147688
272.35,1.565032992,3.141965562,3.141965562,4.109869943
272.375,1.252017933,3.239664654,3.239664654,3.706462387
272.4,0.937585668,3.327335907,3.327335907,3.308685818
272.425,0.6224546124,3.405193637,3.405193637,2.922232262
272.45,0.3073447451,3.473579763,3.473579763,2.551607562
272.475,-0.007024326011,3.53293379,3.53293379,2.200117958
272.5,-0.319935292,3.583763535,3.583763535,1.869939442
272.525,-0.6306750623,3.62661836,3.62661836,1.562244504
272.55,-0.9385366688,3.662066044,3.662066044,1.277361289
272.575,-1.242821151,3.690673783,3.690673783,1.014944145
272.6,-1.542839411,3.712993451,3.712993451,0.774139229
272.625,-1.837914044,3.72955081,3.72955081,0.5537346893
272.65,-2.127381123,3.740838213,3.740838213,0.3522894091
272.675,-2.41059195,3.747310242,3.747310242,0.1682382112
272.7,-2.686914748,3.749381676,3.749381676,-2.599650615e-05
272.725,-2.955736316,3.747427251,3.747427251,-0.1540910047
272.75,-3.216463611,3.741782717,3.741782717,-0.2954820504
272.775,-3.468525279,3.732746783,3.732746783,-0.4256333036
272.8,-3.711373113,3.720583632,3.720583632,-0.5458709758
272.825,-3.944483444,3.70552573,3.70552573,-0.6574052558
272.85,-4.167358454,3.687776761,3.687776761,-0.7613286983
272.875,-4.379527412,3.66751454,3.66751454,-0.8586191217
272.9,-4.58054783,3.644893811,3.644893811,-0.9501454906
272.925,-4.770006528,3.620048875,3.620048875,-1.036675611
272.95,-4.947520617,3.593096015,3.593096015,-1.118884773
272.975,-5.112738386,3.564135692,3.564135692,-1.197364727
273,-5.265340098,3.533254528,3.533254528,-1.272632556
273.025,-5.405038691,3.500527059,3.500527059,-1.345139161
273.05,-5.531580378,3.466017294,3.466017294,-1.415277198
273.075,-5.644745151,3.429780077,3.429780077,-1.483388367
273.1,-5.744347187,3.391862278,3.391862278,-1.549769999
273.125,-5.830235148,3.352303823,3.352303823,-1.614680971
273.15,-5.902292385,3.311138596,3.311138596,-1.678346949
273.175,-5.960437034,3.268395202,3.268395202,-1.740965016
273.2,-6.004622016,3.224097634,3.224097634,-1.802707709
273.225,-6.034834937,3.178265843,3.178265843,-1.863726555
273.25,-6.051097881,3.130916221,3.130916221,-1.924155109
273.275,-6.053467107,3.082062018,3.082062018,-1.98411159
273.3,-6.042032655,3.031713697,3.031713697,-2.043701121
273.325,-6.016917845,2.979879235,2.979879235,-2.10301764
273.35,-5.978278689,2.926564384,2.926564384,-2.16214551
273.375,-5.926303206,2.871772895,2.871772895,-2.221160847
273.4,-5.861210658,2.815506703,2.815506703,-2.280132618
273.425,-5.783250687,2.757766103,2.757766103,-2.339123504
273.45,-5.692702377,2.698549892,2.698549892,-2.398190565
273.475,-5.589873234,2.637855506,2.637855506,-2.457385707
273.5,-5.47509809,2.575679146,2.575679146,-2.516755962
273.525,-5.348737934,2.512015895,2.512015895,-2.576343607
273.55,-5.211178679,2.446859841,2.446859841,-2.636186084
273.575,-5.062829857,2.380204196,2.380204196,-2.696315746
273.6,-4.904123262,2.312041435,2.312041435,-2.756759437
273.625,-4.735511536,2.242363433,2.242363433,-2.817537858
273.65,-4.557466703,2.171161636,2.171161636,-2.878664735
273.675,-4.370478664,2.098427242,2.098427242,-2.940145804
273.7,-4.17505364,2.024151421,2.024151421,-3.001977494
273.725,-3.971712596,1.948325561,1.948325561,-3.064145474
273.75,-3.760989624,1.870941566,1.870941566,-3.12662281
273.775,-3.543430302,1.791992184,1.791992184,-3.189367972
273.8,-3.319590045,1.711471417,1.711471417,-3.252322447
273.825,-3.090032427,1.629374963,1.629374963,-3.315408105
273.85,-2.855327507,1.545700749,1.545700749,-3.378524269
273.875,-2.616050151,1.460449542,1.460449542,-3.441544395
273.9,-2.372778345,1.37362562,1.37362562,-3.504312619
273.925,-2.126091535,1.285237575,1.285237575,-3.566639836
273.95,-1.876568964,1.195299178,1.195299178,-3.628299768
273.975,-1.624788036,1.103830364,1.103830364,-3.689024754
274,-1.371322705,1.010858328,1.010858328,-3.748501541
274.025,-1.116741881,0.9164186994,0.9164186994,-3.806367211
274.05,-0.8616078875,0.8205568473,0.8205568473,-3.86220531
274.075,-0.6064749417,0.7233292576,0.7233292576,-3.915542509
274.1,-0.3518876858,0.6248049863,0.6248049863,-3.965846022
274.125,-0.0983797627,0.525067169,0.525067169,-4.012522063
274.15,0.1535275558,0.4242145527,0.4242145527,-4.05491574
274.175,0.4033266859,0.322363005,0.322363005,-4.092312736
274.2,0.6505249897,0.2196469564,0.2196469564,-4.123943198
274.225,0.8946459694,0.1162207128,0.1162207128,-4.148988216
274.25,1.135230397,0.01225957152,0.01225957152,-4.16658924
274.275,1.371837373,-0.09203933965,-0.09203933965,-4.175860757
274.3,1.604045313,-0.1964565811,-0.1964565811,-4.175906321
274.325,1.831452866,-0.3007503646,-0.3007503646,-4.165837981
274.35,2.053679743,-0.4046570412,-0.4046570412,-4.144798844
274.375,2.270367482,-0.5078921885,-0.5078921885,-4.111988299
274.4,2.481180121,-0.6101523533,-0.6101523533,-4.066689123
274.425,2.685804794,-0.7111174849,-0.7111174849,-4.008295413
274.45,2.883952246,-0.8104540643,-0.8104540643,-3.93634003
274.475,3.075357259,-0.9078188964,-0.9078188964,-3.850520042
274.5,3.259778999,-1.002863498,-1.002863498,-3.750718548
274.525,3.437001274,-1.095238967,-1.095238967,-3.637021301
274.55,3.606832713,-1.184601192,-1.184601192,-3.50972672
274.575,3.769106852,-1.270616212,-1.270616212,-3.369348189
274.6,3.92368215,-1.352965533,-1.352965533,-3.216608011
274.625,4.070441909,-1.43135119,-1.43135119,-3.052422919
274.65,4.20929412,-1.505500338,-1.505500338,-2.877881638
274.675,4.340171232,-1.575169202,-1.575169202,-2.694215582
274.7,4.463029835,-1.64014622,-1.64014622,-2.502764199
274.725,4.577850273,-1.700254271,-1.700254271,-2.304936907
274.75,4.684636182,-1.755351934,-1.755351934,-2.102173645
274.775,4.783413957,-1.805333763,-1.805333763,-1.895906246
274.8,4.874232151,-1.85012963,-1.85012963,-1.687522282
274.825,4.957160808,-1.889703197,-1.889703197,-1.478333103
274.85,5.032290735,-1.924049681,-1.924049681,-1.269547306
274.875,5.099732713,-1.953193006,-1.953193006,-1.062250105
274.9,5.159616656,-1.977182527,-1.977182527,-0.857388966
274.925,5.212090718,-1.996089474,-1.996089474,-0.6557653152
274.95,5.257320349,-2.010003252,-2.010003252,-0.4580318159
274.975,5.295487312,-2.01902774,-2.01902774,-0.2646944852
275,5.326788657,-2.023277693,-2.023277693,-0.07611876403
275.025,5.351435664,-2.022875341,-2.022875341,0.107461384
275.05,5.369652751,-2.017947231,-2.017947231,0.2859322214
275.075,5.381676358,-2.008621384,-2.008621384,0.4592876995
275.1,5.387753807,-1.995024759,-1.995024759,0.6276163326
275.125,5.388142147,-1.97728106,-1.97728106,0.7910880795
275.15,5.383106988,-1.955508856,-1.955508856,0.9499416827
275.175,5.372921316,-1.92982001,-1.92982001,1.104472792
275.2,5.35786432,-1.900318399,-1.900318399,1.25502308
275.225,5.338220203,-1.867098888,-1.867098888,1.401970455
275.25,5.314277014,-1.830246527,-1.830246527,1.545720391
275.275,5.286325475,-1.789835972,-1.789835972,1.686698344
275.3,5.254657833,-1.745931056,-1.745931056,1.825343142
275.325,5.219566718,-1.698584538,-1.698584538,1.962101246
275.35,5.181344038,-1.647837973,-1.647837973,2.097421691
275.375,5.140279885,-1.593721706,-1.593721706,2.231751527
275.4,5.096661479,-1.536254975,-1.536254975,2.365531613
275.425,5.050772143,-1.475446114,-1.475446114,2.499192529
275.45,5.002890318,-1.41129287,-1.41129287,2.633150298
275.475,4.953288607,-1.343782811,-1.343782811,2.767801949
275.5,4.902232882,-1.272893874,-1.272893874,2.903520323
275.525,4.849981413,-1.198595039,-1.198595039,3.040648193
275.55,4.796784069,-1.120847157,-1.120847157,3.179491339
275.575,4.742881553,-1.039603993,-1.039603993,3.320310088
275.6,4.688504697,-0.9548134622,-0.9548134622,3.463309596
275.625,4.633873819,-0.8664191662,-0.8664191662,3.608627914
275.65,4.579198122,-0.7743622396,-0.7743622396,3.756322185
275.675,4.524675171,-0.6785835594,-0.6785835594,3.906352529
275.7,4.470490412,-0.5790264043,-0.5790264043,4.058563446
275.725,4.416816768,-0.4756396047,-0.4756396047,4.212662862
275.75,4.363814283,-0.3683812371,-0.3683812371,4.368198994
275.775,4.311629841,-0.2572229274,-0.2572229274,4.524535413
275.8,4.260396941,-0.1421547903,-0.1421547903,4.6808251
275.825,4.210235534,-0.02319101726,-0.02319101726,4.835984714
275.85,4.16125193,0.09962391035,0.09962391035,4.988670768
275.875,4.113538758,0.226208463,0.226208463,5.137260056
275.9,4.067174992,0.3564368946,0.3564368946,5.279837269
275.925,4.022226042,0.4901318955,0.4901318955,5.414193374
275.95,3.978743892,0.6270573769,0.6270573769,5.537838765
275.975,3.936767311,0.7669118152,0.7669118152,5.648035389
276,3.896322108,0.9093226765,0.9093226765,5.741851761
276.025,3.857421446,1.053842536,1.053842536,5.816243767
276.05,3.820066208,1.199947552,1.199947552,5.868162464
276.075,3.784245417,1.347038966,1.347038966,5.894687448
276.1,3.749936691,1.494448204,1.494448204,5.893180915
276.125,3.717106757,1.641446002,1.641446002,5.861453662
276.15,3.685712,1.787255709,1.787255709,5.797930603
276.175,3.655699046,1.931070559,1.931070559,5.701800432
276.2,3.627005395,2.072074318,2.072074318,5.573132697
276.225,3.599560069,2.209464275,2.209464275,5.412946806
276.25,3.573284304,2.34247524,2.34247524,5.22322107
276.275,3.548092258,2.470402948,2.470402948,5.006836016
276.3,3.523891747,2.592625229,2.592625229,4.767453864
276.325,3.500584996,2.708619466,2.708619466,4.509343854
276.35,3.478069406,2.817975175,2.817975175,4.237169729
276.375,3.456238334,2.920401005,2.920401005,3.955759802
276.4,3.434981876,3.015726001,3.015726001,3.669881179
276.425,3.41418766,3.103895473,3.103895473,3.384037114
276.45,3.393741637,3.184962253,3.184962253,3.102302239
276.475,3.373528862,3.259074398,3.259074398,2.828204121
276.5,3.353434278,3.326460536,3.326460536,2.564653609
276.525,3.333343483,3.387414068,3.387414068,2.313920986
276.55,3.313143485,3.44227727,3.44227727,2.077651076
276.575,3.292723438,3.491426161,3.491426161,1.85690839
276.6,3.271975355,3.535256786,3.535256786,1.65224264
276.625,3.250794806,3.574173297,3.574173297,1.463765623
276.65,3.229081576,3.608578005,3.608578005,1.291231954
276.675,3.206740301,3.638863446,3.638863446,1.134117668
276.7,3.18368107,3.665406338,3.665406338,0.9916926784
276.725,3.159819988,3.688563246,3.688563246,0.8630846605
276.75,3.135079705,3.708667721,3.708667721,0.7473331879
276.775,3.109389903,3.726028677,3.726028677,0.6434340184
276.8,3.082687738,3.740929744,3.740929744,0.5503740519
276.825,3.054918242,3.753629401,3.753629401,0.4671579117
276.85,3.026034677,3.764361671,3.764361671,0.3928272985
276.875,2.995998839,3.773337229,3.773337229,0.3264743165
276.9,2.964781319,3.780744774,3.780744774,0.2672499219
276.925,2.932361707,3.786752566,3.786752566,0.214368539
276.95,2.898728754,3.791510038,3.791510038,0.1671097509
276.975,2.863880473,3.795149426,3.795149426,0.1248178289
277,2.827824197,3.797787361,3.797787361,0.08689972443
277.025,2.79057658,3.7995264,3.7995264,0.05282202179
277.05,2.752163551,3.800456472,3.800456472,0.02210723995
277.075,2.712620212,3.800656227,3.800656227,-0.005670223243
277.1,2.671990689,3.800194277,3.800194277,-0.03088828393
277.125,2.630327932,3.799130343,3.799130343,-0.05388134617
277.15,2.587693465,3.797516284,3.797516284,-0.07494434691
277.175,2.544157094,3.79539704,3.79539704,-0.09433660036
277.2,2.49979656,3.792811475,3.792811475,-0.1122853974
277.225,2.454697158,3.789793137,3.789793137,-0.128989337
277.25,2.408951304,3.786370934,3.786370934,-0.1446213822
277.275,2.362658071,3.782569743,3.782569743,-0.1593316417
277.3,2.315922675,3.778410947,3.778410947,-0.173249889
277.325,2.268855941,3.773912914,3.773912914,-0.1864878319
277.35,2.22157372,3.769091423,3.769091423,-0.1991411495
277.375,2.174196288,3.763960046,3.763960046,-0.2112913168
277.4,2.12684771,3.758530473,3.758530473,-0.2230072334
277.425,2.079655181,3.752812819,3.752812819,-0.234346677
277.45,2.03274835,3.746815875,3.746815875,-0.2453575978
277.475,1.98625862,3.740547347,3.740547347,-0.2560792711
277.5,1.940318435,3.734014056,3.734014056,-0.2665433237
277.525,1.895060557,3.727222119,3.727222119,-0.2767746481
277.55,1.850617336,3.720177104,3.720177104,-0.2867922168
277.575,1.807119967,3.712884173,3.712884173,-0.2966098094
277.6,1.764697759,3.705348202,3.705348202,-0.3062366615
277.625,1.723477396,3.697573884,3.697573884,-0.3156780462
277.65,1.683582206,3.689565829,3.689565829,-0.3249357951
277.675,1.645131443,3.681328634,3.681328634,-0.3340087674
277.7,1.608239577,3.67286696,3.67286696,-0.3428932719
277.725,1.573015606,3.664185589,3.664185589,-0.3515834498
277.75,1.53956238,3.655289471,3.655289471,-0.3600716207
277.775,1.507975955,3.646183768,3.646183768,-0.3683485988
277.8,1.478344965,3.636873887,3.636873887,-0.3764039814
277.825,1.450750036,3.62736551,3.62736551,-0.3842264132
277.85,1.425263215,3.617664608,3.617664608,-0.3918038307
277.875,1.401947448,3.607777464,3.607777464,-0.3991236873
277.9,1.380856088,3.597710677,3.597710677,-0.4061731631
277.925,1.362032448,3.587471167,3.587471167,-0.4129393598
277.95,1.345509389,3.577066176,3.577066176,-0.4194094834
277.975,1.331308962,3.566503264,3.566503264,-0.4255710161
278,1.319442088,3.555790298,3.555790298,-0.4314118776
278.025,1.309908291,3.544935439,3.544935439,-0.4369205777
278.05,1.302695485,3.533947127,3.533947127,-0.4420863612
278.075,1.297779799,3.522834061,3.522834061,-0.4468993447
278.1,1.295125471,3.511605174,3.511605174,-0.4513506469
278.125,1.294684784,3.500269608,3.500269608,-0.4554325126
278.15,1.296398062,3.488836682,3.488836682,-0.4591384297
278.175,1.300193715,3.477315862,3.477315862,-0.4624632413
278.2,1.30598835,3.465716727,3.465716727,-0.465403251
278.225,1.313686922,3.454048925,3.454048925,-0.4679563226
278.25,1.323182954,3.44232214,3.44232214,-0.4701219741
278.275,1.334358802,3.430546045,3.430546045,-0.4719014649
278.3,1.34708598,3.418730259,3.418730259,-0.4732978772
278.325,1.361225529,3.406884302,3.406884302,-0.4743161906
278.35,1.376628453,3.395017543,3.395017543,-0.4749633498
278.375,1.393136185,3.383139153,3.383139153,-0.4752483249
278.4,1.410581121,3.371258054,3.371258054,-0.4751821638
278.425,1.428787191,3.359382862,3.359382862,-0.4747780372
278.45,1.44757047,3.347521841,3.347521841,-0.474051274
278.475,1.466739848,3.335682842,3.335682842,-0.4730193887
278.5,1.486097721,3.323873251,3.323873251,-0.4717020983
278.525,1.505440737,3.312099933,3.312099933,-0.4701213306
278.55,1.524560561,3.300369179,3.300369179,-0.4683012207
278.575,1.543244686,3.288686648,3.288686648,-0.4662680979
278.6,1.561277264,3.277057312,3.277057312,-0.4640504609
278.625,1.578439962,3.265485408,3.265485408,-0.4616789426
278.65,1.594512851,3.253974376,3.253974376,-0.4591862625
278.675,1.609275296,3.242526815,3.242526815,-0.4566071675
278.7,1.62250688,3.231144432,3.231144432,-0.4539783606
278.725,1.633988326,3.21982799,3.21982799,-0.4513384208
278.75,1.643502433,3.208577268,3.208577268,-0.4487277049
278.775,1.650835012,3.197391012,3.197391012,-0.4461882473
278.8,1.655775828,3.186266899,3.186266899,-0.4437636389
278.825,1.658119533,3.175201498,3.175201498,-0.4414989035
278.85,1.657666591,3.164190236,3.164190236,-0.4394403604
278.875,1.654224199,3.153227366,3.153227366,-0.4376354771
278.9,1.647607181,3.142305944,3.142305944,-0.4361327175
278.925,1.637638872,3.131417802,3.131417802,-0.4349813797
278.95,1.624151978,3.120553531,3.120553531,-0.4342314284
278.975,1.606989405,3.109702465,3.109702465,-0.4339333226
279,1.58600506,3.098852676,3.098852676,-0.4341378399
279.025,1.56106462,3.087990961,3.087990961,-0.4348958983
279.05,1.532046263,3.077102844,3.077102844,-0.4362583771
279.075,1.498841355,3.066172583,3.066172583,-0.4382759398
279.1,1.4613551,3.055183169,3.055183169,-0.4409988581
279.125,1.419507138,3.044116347,3.044116347,-0.4444768408
279.15,1.373232094,3.032952626,3.032952626,-0.4487588688
279.175,1.322480081,3.021671302,3.021671302,-0.4538930372
279.2,1.26721714,3.010250481,3.010250481,-0.4599264063
279.225,1.207425629,2.998667106,2.998667106,-0.4669048642
279.25,1.143104552,2.98689699,2.98689699,-0.4748730007
279.275,1.074269825,2.974914848,2.974914848,-0.4838739952
279.3,1.000954486,2.962694335,2.962694335,-0.4939495201
279.325,0.9232088333,2.950208083,2.950208083,-0.5051396593
279.35,0.8411005074,2.937427743,2.937427743,-0.5174828448
279.375,0.7547144999,2.924324026,2.924324026,-0.5310158111
279.4,0.6641531021,2.910866746,2.910866746,-0.5457735684
279.425,0.5695357845,2.897024863,2.897024863,-0.5617893957
279.45,0.4709990101,2.882766528,2.882766528,-0.5790948532
279.475,0.3686959818,2.868059124,2.868059124,-0.597719815
279.5,0.2627963233,2.852869306,2.852869306,-0.6176925224
279.525,0.1534856955,2.837163044,2.837163044,-0.6390396573
279.55,0.04096534775,2.820905659,2.820905659,-0.6617864345
279.575,-0.07454839333,2.804061859,2.804061859,-0.6859567152
279.6,-0.192824697,2.786595772,2.786595772,-0.7115731378
279.625,-0.3136188616,2.768470971,2.768470971,-0.7386572685
279.65,-0.4366730052,2.749650505,2.749650505,-0.7672297681
279.675,-0.5617168129,2.730096914,2.730096914,-0.7973105772
279.7,-0.6884683367,2.709772245,2.709772245,-0.8289191157
279.725,-0.8166348467,2.688638067,2.688638067,-0.862074498
279.75,-0.9459137303,2.666655471,2.666655471,-0.8967957623
279.775,-1.075993436,2.64378507,2.64378507,-0.9331021112
279.8,-1.206554457,2.619986993,2.619986993,-0.9710131646
279.825,-1.33727036,2.595220871,2.595220871,-1.010549223
279.85,-1.467808838,2.569445814,2.569445814,-1.051731537
279.875,-1.597832803,2.542620388,2.542620388,-1.094582592
279.9,-1.7270015,2.514702578,2.514702578,-1.139126386
279.925,-1.854971649,2.485649748,2.485649748,-1.185388722
279.95,-1.981398603,2.455418589,2.455418589,-1.233397498
279.975,-2.105937519,2.423965068,2.423965068,-1.283182997
280,-2.228244544,2.39124436,2.39124436,-1.334778175
280.025,-2.347978003,2.35721078,2.35721078,-1.388218939
280.05,-2.464799592,2.321817708,2.321817708,-1.443544422
280.075,-2.578375566,2.285017499,2.285017499,-1.500797234
280.1,-2.68837792,2.2467614,2.2467614,-1.560023702
280.125,-2.794485561,2.206999449,2.206999449,-1.621274075
280.15,-2.896385459,2.165680379,2.165680379,-1.684602701
280.175,-2.993773784,2.122751509,2.122751509,-1.750068145
280.2,-3.086357013,2.078158642,2.078158642,-1.817733268
280.225,-3.173853013,2.031845956,2.031845956,-1.887665214
280.25,-3.255992082,1.983755898,1.983755898,-1.959935315
280.275,-3.332517967,1.933829079,1.933829079,-2.034618877
280.3,-3.403188828,1.882004185,1.882004185,-2.111794836
280.325,-3.467778164,1.828217884,1.828217884,-2.191545216
280.35,-3.526075685,1.772404768,1.772404768,-2.273954408
280.375,-3.577888144,1.714497293,1.714497293,-2.359108164
280.4,-3.623040096,1.654425773,1.654425773,-2.447092286
280.425,-3.661374617,1.592118389,1.592118389,-2.537990967
280.45,-3.692753946,1.527501265,1.527501265,-2.631884622
280.475,-3.717060073,1.460498579,1.460498579,-2.72884729
280.5,-3.734195259,1.391032786,1.391032786,-2.82894326
280.525,-3.744082484,1.319024879,1.319024879,-2.932223143
280.55,-3.746665827,1.244394823,1.244394823,-3.038718902
280.575,-3.741910774,1.167062063,1.167062063,-3.148438082
280.6,-3.729804451,1.086946246,1.086946246,-3.261356722
280.625,-3.710355782,1.00396808,1.00396808,-3.377411298
280.65,-3.683595575,0.9180504725,0.9180504725,-3.496488898
280.675,-3.649576524,0.8291198676,0.8291198676,-3.618416391
280.7,-3.608373141,0.7371079298,0.7371079298,-3.742947618
280.725,-3.560081608,0.6419535371,0.6419535371,-3.8697493
280.75,-3.504819556,0.5436051458,0.5436051458,-3.998385426
280.775,-3.442725761,0.4420235719,0.4420235719,-4.128300349
280.8,-3.373959772,0.3371852036,0.3371852036,-4.258801052
280.825,-3.298701459,0.2290856592,0.2290856592,-4.389039175
280.85,-3.217150493,0.1177438892,0.1177438892,-4.51799366
280.875,-3.129525753,0.003206694373,0.003206694373,-4.644455232
280.9,-3.036064659,-0.114446409,-0.114446409,-4.767014268
280.925,-2.937022449,-0.2350980825,-0.2350980825,-4.884053985
280.95,-2.832671377,-0.3585879757,-0.3585879757,-4.993751183
280.975,-2.723299861,-0.4847076791,-0.4847076791,-5.094087043
281,-2.609211568,-0.6131960963,-0.6131960963,-5.182870521
281.025,-2.490724437,-0.7437355837,-0.7437355837,-5.257776689
281.05,-2.368169661,-0.875949257,-0.875949257,-5.316401756
281.075,-2.241890607,-1.009399888,-1.009399888,-5.356335573
281.1,-2.112241702,-1.14359083,-1.14359083,-5.375250854
281.125,-1.979587272,-1.277969351,-1.277969351,-5.371006454
281.15,-1.844300342,-1.411932686,-1.411932686,-5.34175989
281.175,-1.706761406,-1.544836939,-1.544836939,-5.286082014
281.2,-1.567357171,-1.676008789,-1.676008789,-5.203064917
281.225,-1.426479267,-1.804759706,-1.804759706,-5.092413004
281.25,-1.28452295,-1.930402127,-1.930402127,-4.954507319
281.275,-1.14188578,-2.052266818,-2.052266818,-4.790434542
281.3,-0.9989662927,-2.169720452,-2.169720452,-4.601974975
281.325,-0.8561626675,-2.282182352,-2.282182352,-4.391547855
281.35,-0.7138713911,-2.389139362,-2.389139362,-4.162116808
281.375,-0.5724859281,-2.490157925,-2.490157925,-3.917062688
281.4,-0.432395399,-2.584892683,-2.584892683,-3.6600345
281.425,-0.2939832732,-2.673091204,-2.673091204,-3.394791151
281.45,-0.15762608,-2.754594786,-2.754594786,-3.125047138
281.475,-0.02369214246,-2.829335565,-2.829335565,-2.85433353
281.5,0.1074596597,-2.897330432,-2.897330432,-2.585883283
281.525,0.235481096,-2.958672461,-2.958672461,-2.322546202
281.55,0.3600357533,-3.013520589,-3.013520589,-2.066735377
281.575,0.4808001637,-3.062088351,-3.062088351,-1.820403753
281.6,0.5974648862,-3.104632357,-3.104632357,-1.585047118
281.625,0.7097355399,-3.141441132,-3.141441132,-1.361728286
281.65,0.8173337839,-3.17282476,-3.17282476,-1.151116653
281.675,0.9199982407,-3.199105649,-3.199105649,-0.9535374529
281.7,1.017485359,-3.220610593,-3.220610593,-0.76902566
281.725,1.109570215,-3.237664204,-3.237664204,-0.597380452
281.75,1.196047244,-3.250583669,-3.250583669,-0.4382171387
281.775,1.276730907,-3.259674759,-3.259674759,-0.291014487
281.8,1.351456285,-3.265228947,-3.265228947,-0.1551562708
281.825,1.420079598,-3.267521485,-3.267521485,-0.02996651322
281.85,1.482478649,-3.266810289,-3.266810289,0.08526154154
281.875,1.538553191,-3.263335465,-3.263335465,0.1912423536
281.9,1.588225221,-3.257319355,-3.257319355,0.2886803214
281.925,1.631439181,-3.248966954,-3.248966954,0.3782566245
281.95,1.668162095,-3.238466621,-3.238466621,0.4606199505
281.975,1.698383611,-3.225990969,-3.225990969,0.5363804061
282,1.722115973,-3.211697879,-3.211697879,0.6061059742
282.025,1.739393903,-3.195731579,-3.195731579,0.6703209532
282.05,1.750274411,-3.178223737,-3.178223737,0.7295058937
282.075,1.754836515,-3.159294542,-3.159294542,0.7840986405
282.1,1.753180895,-3.139053754,-3.139053754,0.8344961431
282.125,1.745429458,-3.117601698,-3.117601698,0.8810567873
282.15,1.731724831,-3.095030192,-3.095030192,0.9241030373
282.175,1.712229786,-3.071423413,-3.071423413,0.9639242367
282.2,1.687126579,-3.046858689,-3.046858689,1.000779459
282.225,1.656616239,-3.02140722,-3.02140722,1.034900314
282.25,1.62091777,-2.99513473,-2.99513473,1.066493669
282.275,1.580267304,-2.968102054,-2.968102054,1.095744221
282.3,1.534917186,-2.940365663,-2.940365663,1.122816929
282.325,1.485135005,-2.911978123,-2.911978123,1.147859264
282.35,1.431202569,-2.882988515,-2.882988515,1.171003293
282.375,1.373414829,-2.853442787,-2.853442787,1.192367586
282.4,1.312078763,-2.823384074,-2.823384074,1.212058962
282.425,1.247512212,-2.792852972,-2.792852972,1.230174076
282.45,1.180042681,-2.761887771,-2.761887771,1.246800854
282.475,1.110006107,-2.730524659,-2.730524659,1.262019795
282.5,1.0377456,-2.698797893,-2.698797893,1.275905147
282.525,0.9636101556,-2.666739939,-2.666739939,1.288525964
282.55,0.8879533555,-2.634381591,-2.634381591,1.299947061
282.575,0.8111320479,-2.60175207,-2.60175207,1.310229867
282.6,0.7335050222,-2.568879093,-2.568879093,1.319433204
282.625,0.6554316775,-2.535788931,-2.535788931,1.327613964
282.65,0.5772706935,-2.502506453,-2.502506453,1.334827741
282.675,0.4993787052,-2.469055146,-2.469055146,1.34112938
282.7,0.4221089897,-2.43545713,-2.43545713,1.346573469
282.725,0.3458101673,-2.401733162,-2.401733162,1.351214782
282.75,0.2708249235,-2.36790262,-2.36790262,1.355108669
282.775,0.1974887555,-2.333983488,-2.333983488,1.358311394
282.8,0.1261287484,-2.299992331,-2.299992331,1.360880447
282.825,0.05706238587,-2.265944256,-2.265944256,1.362874792
282.85,-0.009403601169,-2.231852876,-2.231852876,1.364355098
282.875,-0.07297434283,-2.197730264,-2.197730264,1.365383923
282.9,-0.1333678918,-2.163586905,-2.163586905,1.366025874
282.925,-0.1903162338,-2.129431638,-2.129431638,1.366347718
282.95,-0.2435662444,-2.095271611,-2.095271611,1.366418489
282.975,-0.2928805867,-2.061112213,-2.061112213,1.36630953
283,-0.3380385487,-2.026957018,-2.026957018,1.366094547
283.025,-0.378836816,-1.992807735,-1.992807735,1.365849605
283.05,-0.4150901772,-1.958664137,-1.958664137,1.365653112
283.075,-0.44663216,-1.924524004,-1.924524004,1.365585762
283.1,-0.4733155951,-1.89038308,-1.89038308,1.365730493
283.125,-0.4950131062,-1.856235004,-1.856235004,1.366172374
283.15,-0.5116175242,-1.82207126,-1.82207126,1.36699849
283.175,-0.5230422247,-1.787881136,-1.787881136,1.368297829
283.2,-0.5292213862,-1.75365167,-1.75365167,1.370161107
283.225,-0.5301101704,-1.719367612,-1.719367612,1.372680597
283.25,-0.525684822,-1.685011391,-1.685011391,1.375949964
283.275,-0.5159426887,-1.650563076,-1.650563076,1.38006402
283.3,-0.5009021613,-1.616000353,-1.616000353,1.385118539
283.325,-0.4806025344,-1.581298508,-1.581298508,1.391210002
283.35,-0.4551037883,-1.546430404,-1.546430404,1.398435354
283.375,-0.4244862926,-1.511366481,-1.511366481,1.406891751
283.4,-0.3888504333,-1.476074749,-1.476074749,1.416676272
283.425,-0.348316165,-1.440520793,-1.440520793,1.427885659
283.45,-0.3030224895,-1.404667791,-1.404667791,1.440615994
283.475,-0.2531268633,-1.368476526,-1.368476526,1.454962419
283.5,-0.1988045366,-1.33190542,-1.33190542,1.471018789
283.525,-0.1402478254,-1.294910567,-1.294910567,1.488877361
283.55,-0.07766532079,-1.257445781,-1.257445781,1.508628409
283.575,-0.01128103836,-1.219462642,-1.219462642,1.530359879
283.6,0.05866649,-1.180910573,-1.180910573,1.554156952
283.625,0.131925177,-1.141736897,-1.141736897,1.580101646
283.65,0.2082303906,-1.10188694,-1.10188694,1.608272301
283.675,0.2873060101,-1.061304113,-1.061304113,1.638743099
283.7,0.3688655238,-1.019930037,-1.019930037,1.67158345
283.725,0.4526131636,-0.9777046586,-0.9777046586,1.706857378
283.75,0.5382450727,-0.9345664037,-0.9345664037,1.744622769
283.775,0.6254505016,-0.8904523313,-0.8904523313,1.784930569
283.8,0.713913027,-0.8452983271,-0.8452983271,1.827823842
283.825,0.8033117904,-0.7990393064,-0.7990393064,1.87333671
283.85,0.8933227506,-0.7516094588,-0.7516094588,1.921493143
283.875,0.9836199449,-0.702942512,-0.702942512,1.972305585
283.9,1.073876756,-0.6529720479,-0.6529720479,2.025773366
283.925,1.163767177,-0.6016318406,-0.6016318406,2.081880957
283.95,1.252967071,-0.5488562667,-0.5488562667,2.140595899
283.975,1.341155425,-0.4945807421,-0.4945807421,2.2018666
284,1.428015577,-0.4387422423,-0.4387422423,2.26561974
284.025,1.513236443,-0.381279876,-0.381279876,2.331757488
284.05,1.596513697,-0.3221355333,-0.3221355333,2.400154401
284.075,1.67755094,-0.2612546233,-0.2612546233,2.470654025
284.1,1.756060827,-0.1985868909,-0.1985868909,2.543065274
284.125,1.831766158,-0.1340873309,-0.1340873309,2.617158572
284.15,1.904400928,-0.06771719995,-0.06771719995,2.69266183
284.175,1.973711331,0.000554868579,0.000554868579,2.769256358
284.2,2.039456713,0.07075164915,0.07075164915,2.846572813
284.225,2.101410473,0.1428860093,0.1428860093,2.924187354
284.25,2.15936091,0.2169595028,0.2169595028,3.001618192
284.275,2.213112004,0.2929608842,0.2929608842,3.078322777
284.3,2.262484142,0.3708645639,0.3708645639,3.153695912
284.325,2.307314768,0.4506290312,0.4506290312,3.227069121
284.35,2.347458981,0.5321952812,0.5321952812,3.297711642
284.375,2.382790045,0.6154852895,0.6154852895,3.364833419
284.4,2.413199841,0.7004005922,0.7004005922,3.427590502
284.425,2.43859924,0.7868210367,0.7868210367,3.485093174
284.45,2.458918399,0.8746037683,0.8746037683,3.536417243
284.475,2.474106985,0.9635825432,0.9635825432,3.580618494
284.5,2.484134322,1.053567445,1.053567445,3.616750564
284.525,2.488989458,1.144345087,1.144345087,3.643885975
284.55,2.48868116,1.23567938,1.23567938,3.661140046
284.575,2.483237822,1.32731292,1.32731292,3.667696969
284.6,2.472707313,1.418969055,1.418969055,3.662837179
284.625,2.457156729,1.510354633,1.510354633,3.645964831
284.65,2.436672088,1.601163427,1.601163427,3.616633982
284.675,2.411357939,1.691080185,1.691080185,3.574571945
284.7,2.381336909,1.779785203,1.779785203,3.519698256
284.725,2.34674917,1.866959315,1.866959315,3.452137791
284.75,2.307751846,1.952289114,1.952289114,3.372226844
284.775,2.264518354,2.03547223,2.03547223,3.280511328
284.8,2.217237677,2.116222471,2.116222471,3.177736801
284.825,2.166113583,2.194274596,2.194274596,3.064830528
284.85,2.111363782,2.269388563,2.269388563,2.942876389
284.875,2.053219039,2.341353071,2.341353071,2.813083949
284.9,1.991922225,2.40998826,2.40998826,2.676753345
284.925,1.927727333,2.475147526,2.475147526,2.535237969
284.95,1.860898445,2.536718369,2.536718369,2.389907089
284.975,1.791708666,2.594622344,2.594622344,2.242109995
285,1.720439019,2.648814147,2.648814147,2.093143659
285.025,1.647377319,2.699279953,2.699279953,1.944225043
285.05,1.572817013,2.74603512,2.74603512,1.796468931
285.075,1.497056007,2.789121426,2.789121426,1.650871705
285.1,1.420395473,2.828603964,2.828603964,1.508301073
285.125,1.34313865,2.864567858,2.864567858,1.369491393
285.15,1.265589633,2.897114922,2.897114922,1.235043977
285.175,1.188052166,2.926360383,2.926360383,1.105431584
285.2,1.110828436,2.952429757,2.952429757,0.981006217
285.225,1.034217874,2.975455958,2.975455958,0.8620093351
285.25,0.9585159742,2.995576675,2.995576675,0.7485836549
285.275,0.8840131242,3.01293206,3.01293206,0.6407857598
285.3,0.810993462,3.027662738,3.027662738,0.5385989114
285.325,0.7397337579,3.039908131,3.039908131,0.4419455544
285.35,0.6705023278,3.049805084,3.049805084,0.3506991262
285.375,0.603557982,3.057486781,3.057486781,0.2646949186
285.4,0.5391490131,3.063081912,3.063081912,0.1837398222
285.425,0.477512228,3.066714077,3.066714077,0.1076208828
285.45,0.4188720259,3.06850138,3.06850138,0.03611265567
285.475,0.3634395284,3.068556201,3.068556201,-0.03101660525
285.5,0.3114117625,3.066985099,3.066985099,-0.09399984812
285.525,0.2629709021,3.06388884,3.06388884,-0.1530671202
285.55,0.218283569,3.059362508,3.059362508,-0.2084423541
285.575,0.1775001968,3.053495692,3.053495692,-0.2603409331
285.6,0.1407544607,3.046372721,3.046372721,-0.3089679241
285.625,0.1081627749,3.038072942,3.038072942,-0.3545168788
285.65,0.07982385884,3.028671013,3.028671013,-0.3971691022
285.675,0.05581837554,3.018237217,3.018237217,-0.437093308
285.7,0.03620864177,3.006837777,3.006837777,-0.4744455806
285.725,0.02103841222,2.99453517,2.99453517,-0.5093695802
285.75,0.01033273793,2.981388434,2.981388434,-0.5419969358
285.775,0.004097899696,2.967453458,2.967453458,-0.5724477764
285.8,0.002321416497,2.952783269,2.952783269,-0.6008313623
285.825,0.004972128964,2.937428289,2.937428289,-0.6272467852
285.85,0.01200035741,2.921436582,2.921436582,-0.6517837105
285.875,0.02333813379,2.90485408,2.90485408,-0.6745231408
285.9,0.03889950652,2.887724792,2.887724792,-0.6955381855
285.925,0.05858091702,2.870090989,2.870090989,-0.7148948233
285.95,0.08226164625,2.851993373,2.851993373,-0.7326526487
285.975,0.1098043296,2.833471229,2.833471229,-0.7488655955
286,0.1410555376,2.814562558,2.814562558,-0.7635826335
286.025,0.1758464213,2.79530419,2.79530419,-0.7768484334
286.05,0.2139934174,2.775731887,2.775731887,-0.7887040003
286.075,0.2552990131,2.755880425,2.755880425,-0.7991872723
286.1,0.2995525653,2.735783664,2.735783664,-0.808333687
286.125,0.3465311719,2.715474602,2.715474602,-0.8161767125
286.15,0.3960005921,2.694985423,2.694985423,-0.8227483474
286.175,0.4477162104,2.674347521,2.674347521,-0.8280795869
286.2,0.5014240419,2.653591526,2.653591526,-0.8322008596
286.225,0.5568617753,2.632747309,2.632747309,-0.8351424328
286.25,0.6137598465,2.611843982,2.611843982,-0.8369347869
286.275,0.671842543,2.590909888,2.590909888,-0.8376089637
286.3,0.7308291299,2.569972586,2.569972586,-0.8371968868
286.325,0.7904349969,2.549058821,2.549058821,-0.8357316545
286.35,0.8503728194,2.528194492,2.528194492,-0.8332478025
286.375,0.9103537299,2.507404618,2.507404618,-0.8297815449
286.4,0.9700884946,2.486713285,2.486713285,-0.8253709901
286.425,1.029288692,2.466143603,2.466143603,-0.8200563224
286.45,1.087667884,2.44571765,2.44571765,-0.8138799662
286.475,1.144942786,2.425456413,2.425456413,-0.8068867238
286.5,1.200834413,2.405379728,2.405379728,-0.7991238757
286.525,1.255069217,2.385506218,2.385506218,-0.7906412738
286.55,1.307380198,2.365853226,2.365853226,-0.7814913864
286.575,1.357507987,2.346436751,2.346436751,-0.7717293369
286.6,1.405201903,2.327271379,2.327271379,-0.7614128954
286.625,1.450220967,2.308370224,2.308370224,-0.7506024663
286.65,1.492334884,2.289744849,2.289744849,-0.7393610194
286.675,1.531324976,2.271405219,2.271405219,-0.7277540301
286.7,1.566985071,2.25335963,2.25335963,-0.7158493613
286.725,1.599122341,2.235614648,2.235614648,-0.703717121
286.75,1.627558088,2.218175068,2.218175068,-0.6914295384
286.775,1.652128463,2.201043849,2.201043849,-0.6790607528
286.8,1.672685143,2.184222075,2.184222075,-0.6666865951
286.825,1.689095924,2.167708919,2.167708919,-0.6543844089
286.85,1.70124527,2.151501601,2.151501601,-0.6422327531
286.875,1.709034775,2.135595364,2.135595364,-0.6303111321
286.9,1.712383574,2.119983458,2.119983458,-0.6186997618
286.925,1.711228668,2.104657119,2.104657119,-0.6074791995
286.95,1.705525188,2.08960557,2.08960557,-0.5967300452
286.975,1.695246578,2.074816019,2.074816019,-0.5865326631
287,1.680384711,2.060273674,2.060273674,-0.5769667775
287.025,1.660949926,2.04596176,2.04596176,-0.5681111794
287.05,1.63697099,2.03186155,2.03186155,-0.5600433691
287.075,1.60849499,2.017952395,2.017952395,-0.5528392107
287.1,1.57558715,2.004211775,2.004211775,-0.5465726144
287.125,1.538330568,1.990615353,1.990615353,-0.5413151843
287.15,1.496825892,1.977137031,1.977137031,-0.5371359276
287.175,1.451190917,1.963749021,1.963749021,-0.5341009269
287.2,1.401560117,1.950421924,1.950421924,-0.5322730769
287.225,1.348084105,1.937124811,1.937124811,-0.5317117986
287.25,1.290929033,1.923825314,1.923825314,-0.5324728148
287.275,1.230275926,1.910489718,1.910489718,-0.5346079163
287.3,1.16631996,1.897083069,1.897083069,-0.5381647855
287.325,1.099269673,1.883569268,1.883569268,-0.5431868237
287.35,1.029346135,1.869911191,1.869911191,-0.5497130309
287.375,0.9567820561,1.856070793,1.856070793,-0.5577778982
287.4,0.8818208551,1.842009224,1.842009224,-0.5674113501
287.425,0.8047156785,1.827686942,1.827686942,-0.5786387036
287.45,0.7257283846,1.813063832,1.813063832,-0.5914806743
287.475,0.6451284892,1.798099318,1.798099318,-0.6059534024
287.5,0.5631920817,1.782752473,1.782752473,-0.6220685157
287.525,0.480200713,1.766982144,1.766982144,-0.6398332283
287.55,0.3964402616,1.75074704,1.75074704,-0.6592504408
287.575,0.3121997816,1.734005858,1.734005858,-0.6803189079
287.6,0.227770337,1.716717378,1.716717378,-0.7030333957
287.625,0.1434438283,1.698840547,1.698840547,-0.7273848455
287.65,0.05951181362,1.680334598,1.680334598,-0.7533606173
287.675,-0.02373566784,1.661159114,1.661159114,-0.7809446687
287.7,-0.1060112678,1.641274121,1.641274121,-0.8101177931
287.725,-0.1870314904,1.620640166,1.620640166,-0.8408578522
287.75,-0.2665178385,1.599218377,1.599218377,-0.8731399843
287.775,-0.3441979409,1.576970543,1.576970543,-0.9069368564
287.8,-0.4198066554,1.553859158,1.553859158,-0.9422188528
287.825,-0.4930871429,1.529847488,1.529847488,-0.9789543009
287.85,-0.5637919089,1.50489961,1.50489961,-1.017109644
287.875,-0.6316838083,1.478980467,1.478980467,-1.056649614
287.9,-0.696537008,1.452055898,1.452055898,-1.097537366
287.925,-0.7581379059,1.424092685,1.424092685,-1.139734589
287.95,-0.8162859994,1.395058587,1.395058587,-1.183201578
287.975,-0.8707947029,1.364922367,1.364922367,-1.22789727
288,-0.9214921089,1.333653837,1.333653837,-1.273779225
288.025,-0.9682216906,1.301223885,1.301223885,-1.320803575
288.05,-1.010842943,1.267604516,1.267604516,-1.368924906
288.075,-1.049231958,1.232768892,1.232768892,-1.418096071
288.1,-1.083281935,1.196691372,1.196691372,-1.468267996
288.125,-1.112903625,1.159347578,1.159347578,-1.519389318
288.15,-1.138025693,1.120714445,1.120714445,-1.571406036
288.175,-1.158595025,1.080770289,1.080770289,-1.624261107
288.2,-1.174576945,1.039494908,1.039494908,-1.677893803
288.225,-1.18595537,0.9968696591,0.9968696591,-1.732239199
288.25,-1.192732882,0.9528775887,0.9528775887,-1.787227423
288.275,-1.194930727,0.9075035602,0.9075035602,-1.84278284
288.3,-1.192588741,0.8607344021,0.8607344021,-1.898823243
288.325,-1.185765194,0.8125591029,0.8125591029,-1.955258768
288.35,-1.174536566,0.7629689889,0.7629689889,-2.01199097
288.375,-1.158997245,0.7119579814,0.7119579814,-2.068911556
288.4,-1.139259151,0.6595228318,0.6595228318,-2.125901277
288.425,-1.115451293,0.605663434,0.605663434,-2.182828578
288.45,-1.08771925,0.5503831282,0.5503831282,-2.239548352
288.475,-1.056224588,0.493689075,0.493689075,-2.295900549
288.5,-1.021144214,0.4355926284,0.4355926284,-2.351708904
288.525,-0.9826696566,0.376109771,0.376109771,-2.406779624
288.55,-0.9410062975,0.3152615598,0.3152615598,-2.460900219
288.575,-0.8963725393,0.2530746074,0.2530746074,-2.513838456
288.6,-0.8489989205,0.1895815906,0.1895815906,-2.565341508
288.625,-0.7991271799,0.1248217694,0.1248217694,-2.615135394
288.65,-0.7470092737,0.05884151967,0.05884151967,-2.66292475
288.675,-0.6929063498,-0.008305131836,-0.008305131836,-2.708393046
288.7,-0.6370876825,-0.07655598791,-0.07655598791,-2.751203322
288.725,-0.5798295728,-0.1458401855,-0.1458401855,-2.790999529
288.75,-0.5214142177,-0.2160777419,-0.2160777419,-2.827408583
288.775,-0.4621285532,-0.2871791636,-0.2871791636,-2.860043184
288.8,-0.4022630766,-0.3590451341,-0.3590451341,-2.888505513
288.825,-0.3421106516,-0.4315663058,-0.4315663058,-2.912391781
288.85,-0.2819653004,-0.5046232185,-0.5046232185,-2.931297712
288.875,-0.2221209905,-0.578086365,-0.578086365,-2.944824943
288.9,-0.1628704173,-0.6518164268,-0.6518164268,-2.952588221
288.925,-0.1045037901,-0.7256647,-0.7256647,-2.954223342
288.95,-0.04730762535,-0.7994737267,-0.7994737267,-2.94939565
288.975,0.008436448137,-0.8730781439,-0.8730781439,-2.93780888
289,0.06245286673,-0.9463057548,-0.9463057548,-2.919214075
289.025,0.1144732879,-1.018978821,-1.018978821,-2.893418262
289.05,0.1642377198,-1.090915565,-1.090915565,-2.860292542
289.075,0.2114956195,-1.161931863,-1.161931863,-2.819779222
289.1,0.2560069564,-1.231843101,-1.231843101,-2.771897651
289.125,0.2975432351,-1.300466159,-1.300466159,-2.716748404
289.15,0.3358884749,-1.367621469,-1.367621469,-2.654515541
289.175,0.3708401413,-1.433135114,-1.433135114,-2.585466734
289.2,0.4022100254,-1.496840894,-1.496840894,-2.509951139
289.225,0.4298250681,-1.558582313,-1.558582313,-2.428395006
289.25,0.4535281256,-1.618214429,-1.618214429,-2.341295116
289.275,0.4731786726,-1.675605513,-1.675605513,-2.249210269
289.3,0.488653441,-1.730638479,-1.730638479,-2.152751114
289.325,0.4998469906,-1.783212034,-1.783212034,-2.052568737
289.35,0.5066722096,-1.833241544,-1.833241544,-1.949342382
289.375,0.5090607437,-1.880659575,-1.880659575,-1.843766804
289.4,0.5069633498,-1.925416127,-1.925416127,-1.736539955
289.425,0.5003501755,-1.967478559,-1.967478559,-1.628350723
289.45,0.4892109604,-2.006831227,-2.006831227,-1.519868206
289.475,0.4735551601,-2.043474864,-2.043474864,-1.411731794
289.5,0.4534119915,-2.077425725,-2.077425725,-1.304542851
289.525,0.4288303988,-2.108714554,-2.108714554,-1.198858062
289.55,0.3998789408,-2.137385402,-2.137385402,-1.095184364
289.575,0.3666455994,-2.163494329,-2.163494329,-0.9939755394
289.6,0.3292375094,-2.187108058,-2.187108058,-0.8956303723
289.625,0.2877806113,-2.208302588,-2.208302588,-0.8004922043
289.65,0.2424192283,-2.227161814,-2.227161814,-0.7088497168
289.675,0.1933155676,-2.243776184,-2.243776184,-0.6209387657
289.7,0.1406491498,-2.258241408,-2.258241408,-0.5369450278
289.725,0.0846161669,-2.270657247,-2.270657247,-0.457007255
289.75,0.025428772,-2.281126379,-2.281126379,-0.3812210078
289.775,-0.03668569682,-2.289753373,-2.289753373,-0.309642592
289.8,-0.1014855555,-2.296643758,-2.296643758,-0.2422931188
289.825,-0.1687156731,-2.301903193,-2.301903193,-0.1791625532
289.85,-0.2381084267,-2.305636739,-2.305636739,-0.12021363
289.875,-0.3093847095,-2.307948221,-2.307948221,-0.06538556498
289.9,-0.382254988,-2.308939689,-2.308939689,-0.01459751316
289.925,-0.4564204036,-2.308710953,-2.308710953,0.03224826632
289.95,-0.5315739149,-2.307359199,-2.307359199,0.07526355926
289.975,-0.6074014766,-2.304978671,-2.304978671,0.1145716656
290,-0.68358325,-2.301660406,-2.301660406,0.1503051822
290.025,-0.7597948404,-2.297492035,-2.297492035,0.1826040877
290.05,-0.8357085569,-2.292557611,-2.292557611,0.2116141094
290.075,-0.9109946893,-2.286937487,-2.286937487,0.2374853496
290.1,-0.9853227977,-2.280708222,-2.280708222,0.2603711463
290.125,-1.058363009,-2.273942512,-2.273942512,0.2804271397
290.15,-1.129787318,-2.266709137,-2.266709137,0.2978105205
290.175,-1.19927088,-2.25907294,-2.25907294,0.3126794313
290.2,-1.266493301,-2.251094798,-2.251094798,0.3251924989
290.225,-1.331139917,-2.242831624,-2.242831624,0.3355084725
290.25,-1.392903044,-2.234336362,-2.234336362,0.343785947
290.275,-1.451483219,-2.225657995,-2.225657995,0.3501831533
290.3,-1.506590405,-2.216841559,-2.216841559,0.3548577967
290.325,-1.557945162,-2.207928151,-2.207928151,0.3579669311
290.35,-1.605279789,-2.198954955,-2.198954955,0.3596668535
290.375,-1.648339416,-2.189955256,-2.189955256,0.3601130068
290.4,-1.686883053,-2.180958465,-2.180958465,0.3594598885
290.425,-1.720684591,-2.171990143,-2.171990143,0.357860946
290.45,-1.749533742,-2.16307203,-2.16307203,0.3554684658
290.475,-1.77323693,-2.154222074,-2.154222074,0.3524334405
290.5,-1.791618111,-2.145454466,-2.145454466,0.3489054187
290.525,-1.804519535,-2.136779678,-2.136779678,0.3450323307
290.55,-1.811802434,-2.128204507,-2.128204507,0.3409602929
290.575,-1.813347645,-2.11973212,-2.11973212,0.3368333866
290.6,-1.809056154,-2.111362112,-2.111362112,0.3327934205
290.625,-1.798849566,-2.103090563,-2.103090563,0.3289796639
290.65,-1.782670498,-2.094910106,-2.094910106,0.3255285771
290.675,-1.760482894,-2.08681,-2.08681,0.3225735104
290.7,-1.73227225,-2.078776213,-2.078776213,0.3202444122
290.725,-1.698045769,-2.07079151,-2.07079151,0.318667514
290.75,-1.657832429,-2.062835549,-2.062835549,0.317965029
290.775,-1.611682958,-2.054884988,-2.054884988,0.3182548449
290.8,-1.559669744,-2.046913593,-2.046913593,0.3196502307
290.825,-1.501886644,-2.038892359,-2.038892359,0.3222595586
290.85,-1.438448723,-2.030789637,-2.030789637,0.3261860386
290.875,-1.369491904,-2.022571264,-2.022571264,0.3315274902
290.9,-1.295172539,-2.014200701,-2.014200701,0.3383761258
290.925,-1.215666905,-2.005639176,-2.005639176,0.3468183873
290.95,-1.131170616,-1.996845829,-1.996845829,0.3569348003
290.975,-1.041897963,-1.987777862,-1.987777862,0.3687998882
291,-0.9480811863,-1.97839069,-1.97839069,0.382482111
291.025,-0.8499696674,-1.968638091,-1.968638091,0.3980438695
291.05,-0.7478290625,-1.958472362,-1.958472362,0.4155415402
291.075,-0.6419403681,-1.94784446,-1.94784446,0.4350255651
291.1,-0.5325989275,-1.936704157,-1.936704157,0.4565405987
291.125,-0.4201133809,-1.925000178,-1.925000178,0.4801256808
291.15,-0.3048045621,-1.912680341,-1.912680341,0.5058144844
291.175,-0.1870043477,-1.899691684,-1.899691684,0.5336355749
291.2,-0.06705446148,-1.885980593,-1.885980593,0.563612744
291.225,0.05469475998,-1.871492917,-1.871492917,0.5957653502
291.25,0.1778856369,-1.856174068,-1.856174068,0.6301087165
291.275,0.3021544455,-1.839969126,-1.839969126,0.6666545424
291.3,0.4271327426,-1.822822916,-1.822822916,0.705411341
291.325,0.552448709,-1.804680086,-1.804680086,0.7463849025
291.35,0.6777285087,-1.785485168,-1.785485168,0.7895787499
291.375,0.8025976568,-1.765182631,-1.765182631,0.8349946218
291.4,0.9266823914,-1.743716916,-1.743716916,0.8826329317
291.425,1.049611045,-1.721032468,-1.721032468,0.9324932275
291.45,1.171015407,-1.697073746,-1.697073746,0.9845746325
291.475,1.290532081,-1.671785234,-1.671785234,1.038876249
291.5,1.407803813,-1.645111436,-1.645111436,1.095397543
291.525,1.522480812,-1.616996859,-1.616996859,1.154138661
291.55,1.63422203,-1.587385996,-1.587385996,1.215100712
291.575,1.742696418,-1.556223297,-1.556223297,1.278285965
291.6,1.847584142,-1.523453141,-1.523453141,1.343697972
291.625,1.948577755,-1.489019802,-1.489019802,1.411341597
291.65,2.045383325,-1.452867414,-1.452867414,1.481222934
291.675,2.137721512,-1.414939948,-1.414939948,1.55334909
291.7,2.225328587,-1.375181188,-1.375181188,1.627727831
291.725,2.307957391,-1.33353472,-1.33353472,1.704367036
291.75,2.385378238,-1.289943938,-1.289943938,1.78327399
291.775,2.45737974,-1.244352074,-1.244352074,1.864454382
291.8,2.523769571,-1.196702247,-1.196702247,1.947911168
291.825,2.584375155,-1.146937557,-1.146937557,2.033642918
291.85,2.639044274,-1.095001202,-1.095001202,2.121642168
291.875,2.687645604,-1.040836683,-1.040836683,2.211892936
291.9,2.730069168,-0.9843880131,-0.9843880131,2.304368331
291.925,2.766226703,-0.9256000659,-0.9256000659,2.399027173
291.95,2.796051948,-0.8644189443,-0.8644189443,2.495810546
291.975,2.819500847,-0.800792502,-0.800792502,2.594637383
292,2.836551659,-0.734670937,-0.734670937,2.695399775
292.025,2.847204989,-0.6660075416,-0.6660075416,2.797957366
292.05,2.851483731,-0.5947595876,-0.5947595876,2.902131248
292.075,2.84943292,-0.520889365,-0.520889365,3.007697174
292.1,2.841119501,-0.4443654197,-0.4443654197,3.114378062
292.125,2.826632013,-0.3651639664,-0.3651639664,3.221836075
292.15,2.806080188,-0.2832705103,-0.2832705103,3.329664253
292.175,2.779594468,-0.1986816842,-0.1986816842,3.437377956
292.2,2.747325438,-0.1114072966,-0.1114072966,3.544406429
292.225,2.709443183,-0.02147258466,-0.02147258466,3.650084884
292.25,2.666136569,0.07107934608,0.07107934608,3.753647604
292.275,2.617612453,0.166184929,0.166184929,3.854222713
292.3,2.56409481,0.2637574415,0.2637574415,3.950829375
292.325,2.505823811,0.3636842787,0.3636842787,4.042378273
292.35,2.443054823,0.465824291,0.465824291,4.12767633
292.375,2.376057355,0.5700053022,0.5700053022,4.205436614
292.4,2.30511395,0.67602195,0.67602195,4.274294382
292.425,2.230519018,0.7836340105,0.7836340105,4.332829945
292.45,2.152577635,0.8925653886,0.8925653886,4.379598869
292.475,2.071604283,1.002503953,1.002503953,4.41316954
292.5,1.987921571,1.113102397,1.113102397,4.432167567
292.525,1.901858907,1.223980288,1.223980288,4.435325775
292.55,1.813751158,1.334727408,1.334727408,4.421537844
292.575,1.723937273,1.444908464,1.444908464,4.389912869
292.6,1.632758906,1.554069128,1.554069128,4.339827491
292.625,1.540559012,1.661743322,1.661743322,4.270971834
292.65,1.447680453,1.767461526,1.767461526,4.183385408
292.675,1.354464591,1.870759824,1.870759824,4.077479474
292.7,1.261249896,1.97118931,1.97118931,3.954043112
292.725,1.16837056,2.068325424,2.068325424,3.814231407
292.75,1.076155133,2.161776765,2.161776765,3.659535625
292.775,0.9849251739,2.251192949,2.251192949,3.491736754
292.8,0.8949939384,2.33627112,2.33627112,3.312845305
292.825,0.8066650915,2.416760836,2.416760836,3.125031375
292.85,0.7202314643,2.492467122,2.492467122,2.930549821
292.875,0.6359738505,2.563251653,2.563251653,2.731665384
292.9,0.5541598534,2.629032106,2.629032106,2.530582514
292.925,0.4750427843,2.689779862,2.689779862,2.329383728
292.95,0.398860619,2.745516304,2.745516304,2.12997931
292.975,0.3258350156,2.796308018,2.796308018,1.934069938
293,0.256170399,2.84226122,2.84226122,1.743122643
293.025,0.1900531136,2.883515753,2.883515753,1.558359488
293.05,0.1276506504,2.920238937,2.920238937,1.380757534
293.075,0.06911094971,2.952619546,2.952619546,1.211058177
293.1,0.01456178367,2.980862108,2.980862108,1.049783663
293.125,-0.03588977925,3.00518169,3.00518169,0.8972586142
293.15,-0.08215782542,3.025799254,3.025799254,0.7536345066
293.175,-0.1241779606,3.042937657,3.042937657,0.6189153768
293.2,-0.1619075864,3.056818276,3.056818276,0.4929833387
293.225,-0.1953260872,3.067658274,3.067658274,0.3756228367
293.25,-0.2244349264,3.075668438,3.075668438,0.266542916
293.275,-0.2492576515,3.081051547,3.081051547,0.1653970544
293.3,-0.269839808,3.084001207,3.084001207,0.07180036373
293.325,-0.2862487612,3.084701073,3.084701073,-0.01465587899
293.35,-0.2985734274,3.083324412,3.083324412,-0.0943922535
293.375,-0.3069239147,3.080033934,3.080033934,-0.1678315791
293.4,-0.3114310746,3.074981826,3.074981826,-0.2353914124
293.425,-0.3122459662,3.068309966,3.068309966,-0.2974783898
293.45,-0.3095392337,3.060150245,3.060150245,-0.3544841429
293.475,-0.3035004015,3.050624982,3.050624982,-0.4067825278
293.5,-0.2943370871,3.039847388,3.039847388,-0.4547279272
293.525,-0.2822741358,3.02792207,3.02792207,-0.4986544128
293.55,-0.2675526808,3.014945539,3.014945539,-0.5388755804
293.575,-0.2504291308,3.001006718,3.001006718,-0.5756849009
293.6,-0.2311740899,2.986187437,2.986187437,-0.6093564498
293.625,-0.2100712137,2.970562908,2.970562908,-0.6401459086
293.65,-0.1874160054,2.954202168,2.954202168,-0.6682917493
293.675,-0.1635145565,2.937168492,2.937168492,-0.6940165273
293.7,-0.1386822378,2.91951978,2.91951978,-0.7175282311
293.725,-0.1132423443,2.901308896,2.901308896,-0.7390216429
293.75,-0.08752470003,2.88258399,2.88258399,-0.7586796794
293.775,-0.06186422802,2.863388768,2.863388768,-0.7766746881
293.8,-0.03659949069,2.843762753,2.843762753,-0.7931696826
293.825,-0.01207120656,2.823741492,2.823741492,-0.8083195052
293.85,0.01137925116,2.803356755,2.803356755,-0.8222719097
293.875,0.03341136816,2.782636693,2.782636693,-0.83516856
293.9,0.05368700898,2.761605986,2.761605986,-0.8471459447
293.925,0.07187193721,2.740285954,2.740285954,-0.8583362061
293.95,0.08763733018,2.718694663,2.718694663,-0.8688678868
293.975,0.1006612819,2.696847001,2.696847001,-0.8788665975
294,0.1106302887,2.674754747,2.674754747,-0.888455609
294.025,0.1172407108,2.652426622,2.652426622,-0.8977563704
294.05,0.1202002055,2.629868329,2.629868329,-0.9068889612
294.075,0.1192291241,2.607082583,2.607082583,-0.9159724847
294.1,0.1140618692,2.584069127,2.584069127,-0.925125398
294.125,0.1044482049,2.56082475,2.56082475,-0.9344657912
294.15,0.09015451595,2.537343292,2.537343292,-0.9441116263
294.175,0.07096500985,2.51361564,2.51361564,-0.9541809196
294.2,0.04668285716,2.489629732,2.489629732,-0.9647919033
294.225,0.01713126543,2.465370543,2.465370543,-0.9760631406
294.25,-0.01784551807,2.440820081,2.440820081,-0.9881136243
294.275,-0.05838127888,2.415957373,2.415957373,-1.001062846
294.3,-0.1045869873,2.390758449,2.390758449,-1.015030852
294.325,-0.1565500333,2.365196335,2.365196335,-1.03013829
294.35,-0.2143335483,2.339241029,2.339241029,-1.046506433
294.375,-0.2779758157,2.312859491,2.312859491,-1.064257228
294.4,-0.3474897751,2.286015624,2.286015624,-1.083513316
294.425,-0.4228626199,2.258670253,2.258670253,-1.10439808
294.45,-0.504055493,2.230781113,2.230781113,-1.127035698
294.475,-0.5910032803,2.20230282,2.20230282,-1.151551195
294.5,-0.6836145049,2.173186854,2.173186854,-1.178070544
294.525,-0.7817713217,2.143381536,2.143381536,-1.206720753
294.55,-0.8853296136,2.112831992,2.112831992,-1.237629995
294.575,-0.9941191906,2.081480132,2.081480132,-1.270927765
294.6,-1.107944089,2.049264608,2.049264608,-1.30674504
294.625,-1.226582972,2.016120779,2.016120779,-1.345214491
294.65,-1.349789634,1.981980662,1.981980662,-1.386470696
294.675,-1.477293597,1.946772882,1.946772882,-1.430650383
294.7,-1.608800811,1.910422621,1.910422621,-1.47789269
294.725,-1.743994444,1.872851545,1.872851545,-1.528339417
294.75,-1.882535772,1.833977741,1.833977741,-1.582135294
294.775,-2.024065152,1.79371564,1.79371564,-1.639428218
294.8,-2.168203084,1.751975929,1.751975929,-1.700369456
294.825,-2.314551358,1.708665475,1.708665475,-1.765113803
294.85,-2.462694281,1.663687228,1.663687228,-1.833819639
294.875,-2.612199978,1.616940132,1.616940132,-1.90664887
294.9,-2.762621762,1.568319047,1.568319047,-1.983766716
294.925,-2.913499578,1.517714658,1.517714658,-2.06534126
294.95,-3.064361503,1.465013426,1.465013426,-2.151542727
294.975,-3.214725299,1.410097536,1.410097536,-2.242542406
295,-3.364100028,1.352844897,1.352844897,-2.33851106
295.025,-3.511987703,1.293129172,1.293129172,-2.439616871
295.05,-3.657884982,1.230819885,1.230819885,-2.546022501
295.075,-3.801284894,1.165782599,1.165782599,-2.657881473
295.1,-3.941678598,1.097879198,1.097879198,-2.775333307
295.125,-4.078557155,1.026968324,1.026968324,-2.89849747
295.15,-4.211413325,0.9529059461,0.9529059461,-3.027465851
295.175,-4.339743361,0.8755461926,0.8755461926,-3.162293192
295.2,-4.463048814,0.7947423934,0.7947423934,-3.302985785
295.225,-4.580838331,0.710348472,0.710348472,-3.449487437
295.25,-4.692629442,0.6222207115,0.6222207115,-3.601662901
295.275,-4.797950329,0.530219961,0.530219961,-3.759278367
295.3,-4.896341571,0.434214379,0.434214379,-3.92197876
295.325,-4.987357861,0.3340827851,0.3340827851,-4.08926185
295.35,-5.070569682,0.2297186917,0.2297186917,-4.260449379
295.375,-5.145564948,0.1210350929,0.1210350929,-4.434655627
295.4,-5.211950586,0.007970063761,0.007970063761,-4.610754307
295.425,-5.269354074,-0.1095068098,-0.1095068098,-4.787345283
295.45,-5.317424908,-0.231387184,-0.231387184,-4.962723217
295.475,-5.355836015,-0.3576159848,-0.3576159848,-5.134851143
295.5,-5.384285083,-0.4880828715,-0.4880828715,-5.301342799
295.525,-5.402495823,-0.6226134197,-0.6226134197,-5.459458443
295.55,-5.410219146,-0.7609604232,-0.7609604232,-5.606119531
295.575,-5.40723426,-0.9027958561,-0.9027958561,-5.737947939
295.6,-5.393349666,-1.047704179,-1.047704179,-5.851335033
295.625,-5.368404075,-1.195177792,-1.195177792,-5.942544525
295.65,-5.332267216,-1.344615495,-1.344615495,-6.007850645
295.675,-5.28484055,-1.495324825,-1.495324825,-6.043709327
295.7,-5.22605788,-1.646529024,-1.646529024,-6.046955327
295.725,-5.155885853,-1.79737913,-1.79737913,-6.015012654
295.75,-5.074324353,-1.946971307,-1.946971307,-5.946100674
295.775,-4.981406793,-2.094369069,-2.094369069,-5.839414569
295.8,-4.877200284,-2.23862945,-2.23862945,-5.695257592
295.825,-4.761805702,-2.378831664,-2.378831664,-5.515105323
295.85,-4.635357634,-2.514106381,-2.514106381,-5.30158818
295.875,-4.49802422,-2.643663472,-2.643663472,-5.058388063
295.9,-4.350006876,-2.766816174,-2.766816174,-4.790055839
295.925,-4.191539908,-2.882999863,-2.882999863,-4.501766944
295.95,-4.022890012,-2.991784192,-2.991784192,-4.199040178
295.975,-3.84435567,-3.09287806,-3.09287806,-3.887448615
296,-3.656266436,-3.186127524,-3.186127524,-3.572350195
296.025,-3.458982111,-3.271507482,-3.271507482,-3.258660635
296.05,-3.252891827,-3.349108361,-3.349108361,-2.950683539
296.075,-3.03841302,-3.419119351,-3.419119351,-2.652003739
296.1,-2.81599031,-3.481809743,-3.481809743,-2.365441913
296.125,-2.586094294,-3.537509831,-3.537509831,-2.093062575
296.15,-2.34922024,-3.586592552,-3.586592552,-1.836223779
296.175,-2.105886701,-3.629456757,-3.629456757,-1.595655647
296.2,-1.856634056,-3.666512685,-3.666512685,-1.37155526
296.225,-1.602022962,-3.698169884,-3.698169884,-1.163687446
296.25,-1.342632745,-3.724827655,-3.724827655,-0.9714832868
296.275,-1.079059728,-3.746867856,-3.746867856,-0.7941306742
296.3,-0.811915493,-3.764649845,-3.764649845,-0.6306536482
296.325,-0.5418250954,-3.778507236,-3.778507236,-0.4799789659
296.35,-0.26942523,-3.788746173,-3.788746173,-0.3409898171
296.375,0.004637645051,-3.795644776,-3.795644776,-0.2125674787
296.4,0.2797092168,-3.799453508,-3.799453508,-0.0936222562
296.425,0.5551292554,-3.800396189,-3.800396189,0.01688470236
296.45,0.8302335731,-3.798671457,-3.798671457,0.1199270865
296.475,1.104355997,-3.794454516,-3.794454516,0.21640506
296.5,1.376830353,-3.787899029,-3.787899029,0.3071414805
296.525,1.646992445,-3.779139058,-3.779139058,0.3928815284
296.55,1.914182036,-3.768290989,-3.768290989,0.4742947729
296.575,2.17774481,-3.755455377,-3.755455377,0.5519788976
296.6,2.437034324,-3.740718682,-3.740718682,0.6264644748
296.625,2.691413923,-3.724154885,-3.724154885,0.698220327
296.65,2.940258633,-3.70582696,-3.70582696,0.7676591295
296.675,3.182957012,-3.685788207,-3.685788207,0.8351430135
296.7,3.418912956,-3.664083447,-3.664083447,0.9009889907
296.725,3.647547456,-3.640750088,-3.640750088,0.9654740993
296.75,3.868300297,-3.615819059,-3.615819059,1.028840192
296.775,4.080631694,-3.589315637,-3.589315637,1.091298346
296.8,4.284023866,-3.561260166,-3.561260166,1.153032866
296.825,4.477982531,-3.531668676,-3.531668676,1.214204908
296.85,4.662038325,-3.500553426,-3.500553426,1.274955714
296.875,4.835748143,-3.467923361,-3.467923361,1.335409506
296.9,4.998696383,-3.433784508,-3.433784508,1.395676047
296.925,5.150496114,-3.398140303,-3.398140303,1.455852905
296.95,5.290790134,-3.360991879,-3.360991879,1.516027453
296.975,5.419251944,-3.32233829,-3.32233829,1.576278617
297,5.535586609,-3.282176708,-3.282176708,1.636678418
297.025,5.639531526,-3.240502576,-3.240502576,1.697293313
297.05,5.730857079,-3.197309732,-3.197309732,1.758185367
297.075,5.80936719,-3.152590508,-3.152590508,1.819413277
297.1,5.874899759,-3.106335801,-3.106335801,1.881033245
297.125,5.927326993,-3.058535124,-3.058535124,1.943099744
297.15,5.966555629,-3.009176647,-3.009176647,2.005666158
297.175,5.992527038,-2.95824721,-2.95824721,2.068785328
297.2,6.005217224,-2.905732335,-2.905732335,2.132509995
297.225,6.00463671,-2.851616223,-2.851616223,2.196893142
297.25,5.990830311,-2.795881745,-2.795881745,2.261988254
297.275,5.963876803,-2.738510426,-2.738510426,2.327849483
297.3,5.923888485,-2.67948243,-2.67948243,2.394531695
297.325,5.871010629,-2.618776537,-2.618776537,2.462090431
297.35,5.805420837,-2.556370137,-2.556370137,2.530581748
297.375,5.727328287,-2.49223921,-2.49223921,2.600061901
297.4,5.636972895,-2.426358334,-2.426358334,2.670586926
297.425,5.534624371,-2.358700696,-2.358700696,2.742212006
297.45,5.420581195,-2.28923812,-2.28923812,2.81499066
297.475,5.295169499,-2.217941125,-2.217941125,2.888973731
297.5,5.158741875,-2.144779005,-2.144779005,2.964208043
297.525,5.011676098,-2.069719949,-2.069719949,3.040734872
297.55,4.85437379,-1.992731207,-1.992731207,3.118587917
297.575,4.687258999,-1.913779299,-1.913779299,3.197791069
297.6,4.510776733,-1.832830305,-1.832830305,3.278355496
297.625,4.325391432,-1.749850213,-1.749850213,3.360276504
297.65,4.131585384,-1.664805374,-1.664805374,3.44352949
297.675,3.929857104,-1.577663036,-1.577663036,3.528065669
297.7,3.720719676,-1.488392041,-1.488392041,3.613806661
297.725,3.50469905,-1.396963599,-1.396963599,3.700638851
297.75,3.282332333,-1.303352288,-1.303352288,3.788406478
297.775,3.054166037,-1.207537174,-1.207537174,3.876904397
297.8,2.820754334,-1.109503153,-1.109503153,3.965869808
297.825,2.582657289,-1.009242511,-1.009242511,4.054973408
297.85,2.3404391,-0.9067566851,-0.9067566851,4.143810086
297.875,2.09466634,-0.8020582934,-0.8020582934,4.231889158
297.9,1.845906209,-0.6951733931,-0.6951733931,4.318624703
297.925,1.594724811,-0.5861439763,-0.5861439763,4.40332632
297.95,1.341685444,-0.4750306867,-0.4750306867,4.485190896
297.975,1.087346925,-0.3619157258,-0.3619157258,4.563296101
298,0.8322619523,-0.2469058873,-0.2469058873,4.636596514
298.025,0.5769755055,-0.1301356464,-0.1301356464,4.703923381
298.05,0.3220232908,-0.01177019729,-0.01177019729,4.763989117
298.075,0.06793024139,0.1079916924,0.1079916924,4.815397732
298.1,-0.1847909289,0.2289151744,0.2289151744,4.856662302
298.125,-0.4356411088,0.3507273461,0.3507273461,4.886230413
298.15,-0.684136108,0.4731160227,0.4731160227,4.902518227
298.175,-0.9298079052,0.5957294671,0.5957294671,4.903953271
298.2,-1.172205823,0.7181772948,0.7181772948,4.889025349
298.225,-1.410897623,0.8400327403,0.8400327403,4.856344207
298.25,-1.645470524,0.9608364245,0.9608364245,4.804701562
298.275,-1.875532135,1.080101695,1.080101695,4.733134248
298.3,-2.100711297,1.197321516,1.197321516,4.640984418
298.325,-2.320658845,1.311976784,1.311976784,4.527952208
298.35,-2.535048271,1.42354581,1.42354581,4.394136243
298.375,-2.743576301,1.531514622,1.531514622,4.240057721
298.4,-2.945963373,1.635387629,1.635387629,4.066664898
298.425,-3.141954028,1.734698131,1.734698131,3.875316181
298.45,-3.331317196,1.829018138,1.829018138,3.667741919
298.475,-3.513846399,1.917966987,1.917966987,3.445986877
298.5,-3.689359848,2.001218316,2.001218316,3.212337166
298.525,-3.857700454,2.07850507,2.07850507,2.969236763
298.55,-4.018735745,2.149622351,2.149622351,2.719199476
298.575,-4.172357684,2.214428074,2.214428074,2.464722514
298.6,-4.318482408,2.272841534,2.272841534,2.208206886
298.625,-4.45704987,2.324840128,2.324840128,1.951889172
298.65,-4.5880234,2.370454532,2.370454532,1.697787525
298.675,-4.711389183,2.409762729,2.409762729,1.447663423
298.7,-4.827155652,2.442883282,2.442883282,1.202999142
298.725,-4.935352815,2.469968223,2.469968223,0.9649898234
298.75,-5.036031493,2.491195911,2.491195911,0.7345480972
298.775,-5.129262505,2.506764133,2.506764133,0.5123187775
298.8,-5.215135778,2.516883672,2.516883672,0.2987009147
298.825,-5.293759398,2.521772494,2.521772494,0.09387463321
298.85,-5.365258604,2.521650632,2.521650632,-0.1021695686
298.875,-5.429774736,2.516735825,2.516735825,-0.2896009832
298.9,-5.487464127,2.507239883,2.507239883,-0.4687198205
298.925,-5.538496959,2.493365759,2.493365759,-0.6399303489
298.95,-5.583056086,2.47530525,2.47530525,-0.8037167486
298.975,-5.621335813,2.453237275,2.453237275,-0.9606220222
299,-5.653540666,2.427326633,2.427326633,-1.111230083
299.025,-5.679884129,2.397723168,2.397723168,-1.256150929
299.05,-5.70058737,2.36456128,2.36456128,-1.396008699
299.075,-5.715877962,2.327959684,2.327959684,-1.53143231
299.1,-5.72598859,2.288021392,2.288021392,-1.663048357
299.125,-5.731155775,2.244833834,2.244833834,-1.791475919
299.15,-5.731618589,2.198469097,2.198469097,-1.917322936
299.175,-5.727617395,2.148984234,2.148984234,-2.041183833
299.2,-5.7193926,2.096421623,2.096421623,-2.163638093
299.225,-5.707183432,2.040809349,2.040809349,-2.285249492
299.25,-5.691226743,1.982161603,1.982161603,-2.406565768
299.275,-5.671755851,1.920479086,1.920479086,-2.528118454
299.3,-5.648999419,1.855749413,1.855749413,-2.650422681
299.325,-5.623180369,1.787947531,1.787947531,-2.773976737
299.35,-5.594514855,1.717036151,1.717036151,-2.899261129
299.375,-5.563211279,1.642966207,1.642966207,-3.026736965
299.4,-5.529469367,1.565677372,1.565677372,-3.156843429
299.425,-5.493479301,1.485098661,1.485098661,-3.289993944
299.45,-5.455420915,1.401149109,1.401149109,-3.426571105
299.475,-5.41546296,1.313738666,1.313738666,-3.566919363
299.5,-5.37376243,1.222769221,1.222769221,-3.711336143
299.525,-5.330463964,1.128135946,1.128135946,-3.860059794
299.55,-5.285699325,1.029728944,1.029728944,-4.013255019
299.575,-5.239586946,0.9274352934,0.9274352934,-4.170994851
299.6,-5.192231557,0.8211416279,0.8211416279,-4.333238661
299.625,-5.143723894,0.71073728,0.71073728,-4.499806391
299.65,-5.094140477,0.5961181335,0.5961181335,-4.670348431
299.675,-5.04354348,0.4771912849,0.4771912849,-4.844311345
299.7,-4.991980671,0.3538806075,0.3538806075,-5.020899909
299.725,-4.939485437,0.2261332996,0.2261332996,-5.199036413
299.75,-4.886076886,0.09392746924,0.09392746924,-5.377318886
299.775,-4.831760026,-0.04271925144,-0.04271925144,-5.553980854
299.8,-4.776526027,-0.1837401373,-0.1837401373,-5.726856285
299.825,-4.720352553,-0.3290090448,-0.3290090448,-5.893354652
299.85,-4.66320417,-0.4783296475,-0.4783296475,-6.050452248
299.875,-4.605032828,-0.6314247373,-0.6314247373,-6.194706916
299.9,-4.545778408,-0.7879262605,-0.7879262605,-6.322303856
299.925,-4.485369339,-0.947366968,-0.947366968,-6.429139807
299.95,-4.423723278,-1.10917471,-1.10917471,-6.510951135
299.975,-4.360747853,-1.272670508,-1.272670508,-6.563487984
300,-4.296341455,-1.437071531,-1.437071531,-6.58273145
