time,u,y,x1,x2
25,0,1.834123182,1.834123182,0.9238062474
25.025,0,1.856373395,1.856373395,0.8562669772
25.05,0,1.876940123,1.876940123,0.7891583165
25.075,0,1.895836374,1.895836374,0.7226567977
25.1,0,1.913079366,1.913079366,0.6569230968
25.125,0,1.928690135,1.928690135,0.5921015485
25.15,0,1.942693115,1.942693115,0.5283199185
25.175,0,1.955115728,1.955115728,0.4656894584
25.2,0,1.965987977,1.965987977,0.4043051793
25.225,0,1.975342037,1.975342037,0.3442463505
25.25,0,1.983211878,1.983211878,0.285577131
25.275,0,1.989632893,1.989632893,0.2283473832
25.3,0,1.99464155,1.99464155,0.1725935423
25.325,0,1.998275073,1.998275073,0.118339602
25.35,0,2.000571137,2.000571137,0.06559811936
25.375,0,2.001567603,2.001567603,0.01437125226
25.4,0,2.001302264,2.001302264,-0.03534819441
25.425,0,1.999812628,1.999812628,-0.08357575007
25.45,0,1.99713572,1.99713572,-0.1303342825
25.475,0,1.993307913,1.993307913,-0.1756530467
25.5,0,1.988364777,1.988364777,-0.2195667855
25.525,0,1.982340955,1.982340955,-0.2621148833
25.55,0,1.975270054,1.975270054,-0.3033405865
25.575,0,1.96718456,1.96718456,-0.3432902883
25.6,0,1.958115766,1.958115766,-0.3820128705
25.625,0,1.94809372,1.94809372,-0.4195591166
25.65,0,1.937147179,1.937147179,-0.4559811886
25.675,0,1.925303586,1.925303586,-0.4913321515
25.7,0,1.912589051,1.912589051,-0.5256655701
25.725,0,1.89902834,1.89902834,-0.5590351468
25.75,0,1.884644879,1.884644879,-0.5914944118
25.775,0,1.869460762,1.869460762,-0.6230964635
25.8,0,1.853496762,1.853496762,-0.6538937374
25.825,0,1.836772352,1.836772352,-0.6839378285
25.85,0,1.819305726,1.819305726,-0.7132793284
25.875,0,1.801113827,1.801113827,-0.741967709
25.9,0,1.78221238,1.78221238,-0.7700512159
25.925,0,1.762615916,1.762615916,-0.797576798
25.95,0,1.742337809,1.742337809,-0.8245900444
25.975,0,1.721390314,1.721390314,-0.8511351462
26,0,1.699784597,1.699784597,-0.8772548659
26.025,0,1.677530771,1.677530771,-0.9029905214
26.05,0,1.654637938,1.654637938,-0.9283819763
26.075,0,1.63111422,1.63111422,-0.9534676386
26.1,0,1.606966796,1.606966796,-0.9782844628
26.125,0,1.582201941,1.582201941,-1.002867956
26.15,0,1.556825059,1.556825059,-1.027252185
26.175,0,1.53084072,1.53084072,-1.051469782
26.2,0,1.504252698,1.504252698,-1.075551953
26.225,0,1.477064003,1.477064003,-1.099528479
26.25,0,1.449276917,1.449276917,-1.123427714
26.275,0,1.420893036,1.420893036,-1.147276582
26.3,0,1.391913296,1.391913296,-1.171100565
26.325,0,1.362338014,1.362338014,-1.194923685
26.35,0,1.33216693,1.33216693,-1.218768473
26.375,0,1.301399235,1.301399235,-1.242655939
26.4,0,1.270033614,1.270033614,-1.266605534
26.425,0,1.238068291,1.238068291,-1.290635072
26.45,0,1.205501061,1.205501061,-1.314760689
26.475,0,1.172329335,1.172329335,-1.338996758
26.5,0,1.138550197,1.138550197,-1.363355776
26.525,0,1.104160435,1.104160435,-1.387848287
26.55,0,1.069156598,1.069156598,-1.412482756
26.575,0,1.033535061,1.033535061,-1.437265405
26.6,0,0.9972920614,0.9972920614,-1.462200103
26.625,0,0.9604237758,0.9604237758,-1.487288177
26.65,0,0.9229263856,0.9229263856,-1.51252821
26.675,0,0.8847961347,0.8847961347,-1.537915882
26.7,0,0.8460294219,0.8460294219,-1.56344371
26.725,0,0.8066228717,0.8066228717,-1.589100826
26.75,0,0.7665734223,0.7665734223,-1.614872739
26.775,0,0.7258784302,0.7258784302,-1.640741029
26.8,0,0.6845357552,0.6845357552,-1.666683106
26.825,0,0.6425438842,0.6425438842,-1.692671877
26.85,0,0.599902037,0.599902037,-1.718675457
26.875,0,0.5566102945,0.5566102945,-1.744656848
26.9,0,0.5126697317,0.5126697317,-1.770573607
26.925,0,0.4680825526,0.4680825526,-1.796377543
26.95,0,0.4228522453,0.4228522453,-1.822014378
26.975,0,0.3769837298,0.3769837298,-1.84742346
27,0,0.3304835293,0.3304835293,-1.872537456
27.025,0,0.2833599331,0.2833599331,-1.897282104
27.05,0,0.2356231783,0.2356231783,-1.921575976
27.075,0,0.1872856285,0.1872856285,-1.945330302
27.1,0,0.1383619592,0.1383619592,-1.968448848
27.125,0,0.08886934693,0.08886934693,-1.990827859
27.15,0,0.03882765417,0.03882765417,-2.012356091
27.175,0,-0.01174038167,-0.01174038167,-2.032914947
27.2,0,-0.06280896917,-0.06280896917,-2.052378708
27.225,0,-0.114349089,-0.114349089,-2.070614907
27.25,0,-0.1663283309,-0.1663283309,-2.087484843
27.275,0,-0.2187107446,-0.2187107446,-2.102844233
27.3,0,-0.2714567138,-0.2714567138,-2.116544052
27.325,0,-0.3245228452,-0.3245228452,-2.128431536
27.35,0,-0.3778618935,-0.3778618935,-2.13835135
27.375,0,-0.4314227113,-0.4314227113,-2.146146986
27.4,0,-0.4851502391,-0.4851502391,-2.15166227
27.425,0,-0.5389855365,-0.5389855365,-2.154743113
27.45,0,-0.5928658552,-0.5928658552,-2.155239372
27.475,0,-0.6467247629,-0.6467247629,-2.153006848
27.5,0,-0.7004923203,-0.7004923203,-2.147909431
27.525,0,-0.7540953084,-0.7540953084,-2.139821273
27.55,0,-0.8074575124,-0.8074575124,-2.128629004
27.575,0,-0.8605000638,-0.8605000638,-2.114233954
27.6,0,-0.913141833,-0.913141833,-2.096554279
27.625,0,-0.9652998753,-0.9652998753,-2.075526959
27.65,0,-1.016889925,-1.016889925,-2.051109632
27.675,0,-1.067826932,-1.067826932,-2.02328217
27.7,0,-1.118025637,-1.118025637,-1.992047954
27.725,0,-1.167401165,-1.167401165,-1.957434809
27.75,0,-1.215869652,-1.215869652,-1.919495545
27.775,0,-1.263348867,-1.263348867,-1.878308071
27.8,0,-1.309758837,-1.309758837,-1.833975071
27.825,0,-1.355022457,-1.355022457,-1.786623231
27.85,0,-1.399066081,-1.399066081,-1.736402006
27.875,0,-1.441820063,-1.441820063,-1.683481984
27.9,0,-1.483219266,-1.483219266,-1.628052865
27.925,0,-1.523203513,-1.523203513,-1.570321068
27.95,0,-1.561717965,-1.561717965,-1.510507102
27.975,0,-1.598713445,-1.598713445,-1.448842712
28,0,-1.634146679,-1.634146679,-1.385567835
28.025,0,-1.667980459,-1.667980459,-1.320927602
28.05,0,-1.700183741,-1.700183741,-1.25516921
28.075,0,-1.730731655,-1.730731655,-1.188539015
28.1,0,-1.75960545,-1.75960545,-1.121279646
28.125,0,-1.786792366,-1.786792366,-1.053627434
28.15,0,-1.812285448,-1.812285448,-0.9858099985
28.175,0,-1.8360833,-1.8360833,-0.9180441966
28.2,0,-1.858189795,-1.858189795,-0.8505343262
28.225,0,-1.878613739,-1.878613739,-0.7834706975
28.25,0,-1.897368513,-1.897368513,-0.7170285142
28.275,0,-1.914471675,-1.914471675,-0.6513670792
28.3,0,-1.929944569,-1.929944569,-0.58662932
28.325,0,-1.943811896,-1.943811896,-0.5229415921
28.35,0,-1.956101318,-1.956101318,-0.4604137484
28.375,0,-1.966843035,-1.966843035,-0.3991394411
28.4,0,-1.97606939,-1.97606939,-0.3391966237
28.425,0,-1.98381449,-1.98381449,-0.2806482051
28.45,0,-1.990113829,-1.990113829,-0.2235428727
28.475,0,-1.995003957,-1.995003957,-0.167915956
28.5,0,-1.998522142,-1.998522142,-0.1137904443
28.525,0,-2.00070609,-2.00070609,-0.06117796132
28.55,0,-2.001593663,-2.001593663,-0.01007983247
28.575,0,-2.001222638,-2.001222638,0.03951188786
28.6,0,-1.999630489,-1.999630489,0.08761339156
28.625,0,-1.996854193,-1.996854193,0.134248127
28.65,0,-1.992930059,-1.992930059,0.1794458513
28.675,0,-1.987893584,-1.987893584,0.2232417331
28.7,0,-1.981779324,-1.981779324,0.2656755151
28.725,0,-1.974620797,-1.974620797,0.3067907406
28.75,0,-1.966450387,-1.966450387,0.3466340374
28.775,0,-1.957299286,-1.957299286,0.3852544708
28.8,0,-1.94719743,-1.94719743,0.4227029641
28.825,0,-1.936173469,-1.936173469,0.4590317704
28.85,0,-1.92425473,-1.92425473,0.4942940139
28.875,0,-1.911467209,-1.911467209,0.5285432854
28.9,0,-1.89783556,-1.89783556,0.5618332812
28.925,0,-1.883383093,-1.883383093,0.5942175081
28.95,0,-1.86813179,-1.86813179,0.6257490125
28.975,0,-1.852102312,-1.852102312,0.6564801686
29,0,-1.835314022,-1.835314022,0.6864624884
29.025,0,-1.817785007,-1.817785007,0.7157464752
29.05,0,-1.799532106,-1.799532106,0.7443814979
29.075,0,-1.780570938,-1.780570938,0.7724156964
29.1,0,-1.760915937,-1.760915937,0.7998959041
29.125,0,-1.74058038,-1.74058038,0.826867594
29.15,0,-1.719576428,-1.719576428,0.8533748352
29.175,0,-1.697915153,-1.697915153,0.8794602688
29.2,0,-1.675606585,-1.675606585,0.9051650884
29.225,0,-1.652659739,-1.652659739,0.930529034
29.25,0,-1.629082655,-1.629082655,0.9555903897
29.275,0,-1.604882434,-1.604882434,0.9803859866
29.3,0,-1.580065275,-1.580065275,1.004951209
29.325,0,-1.55463651,-1.55463651,1.02932
29.35,0,-1.528600641,-1.528600641,1.053524872
29.375,0,-1.501961372,-1.501961372,1.077596909
29.4,0,-1.474721654,-1.474721654,1.10156577
29.425,0,-1.446883709,-1.446883709,1.125459688
29.45,0,-1.41844907,-1.41844907,1.149305467
29.475,0,-1.389418625,-1.389418625,1.173128461
29.5,0,-1.359792638,-1.359792638,1.196952568
29.525,0,-1.329570799,-1.329570799,1.220800194
29.55,0,-1.298752258,-1.298752258,1.244692215
29.575,0,-1.267335658,-1.267335658,1.268647941
29.6,0,-1.235319181,-1.235319181,1.292685059
29.625,0,-1.202700593,-1.202700593,1.316819545
29.65,0,-1.169477275,-1.169477275,1.341065616
29.675,0,-1.135646278,-1.135646278,1.365435622
29.7,0,-1.101204374,-1.101204374,1.389939919
29.725,0,-1.066148094,-1.066148094,1.414586787
29.75,0,-1.030473794,-1.030473794,1.439382271
29.775,0,-0.9941777112,-0.9941777112,1.46433001
29.8,0,-0.9572560158,-0.9572560158,1.489431112
29.825,0,-0.9197048895,-0.9197048895,1.514683932
29.85,0,-0.881520593,-0.881520593,1.540083869
29.875,0,-0.8426995337,-0.8426995337,1.565623178
29.9,0,-0.8032383642,-0.8032383642,1.591290687
29.925,0,-0.7631340544,-0.7631340544,1.617071574
29.95,0,-0.7223839951,-0.7223839951,1.642947092
29.975,0,-0.6809861017,-0.6809861017,1.668894261
30,0,-0.6389389124,-0.6389389124,1.694885608
30.025,0,-0.5962417208,-0.5962417208,1.720888813
30.05,0,-0.5528946837,-0.5528946837,1.746866433
30.075,0,-0.5088989683,-0.5088989683,1.772775548
30.1,0,-0.4642568815,-0.4642568815,1.798567459
30.125,0,-0.4189720269,-0.4189720269,1.82418736
30.15,0,-0.3730494552,-0.3730494552,1.849574037
30.175,0,-0.3264958326,-0.3264958326,1.874659581
30.2,0,-0.2793196074,-0.2793196074,1.899369126
30.225,0,-0.2315311914,-0.2315311914,1.923620625
30.25,0,-0.1831431362,-0.1831431362,1.947324679
30.275,0,-0.1341703247,-0.1341703247,1.970384411
30.3,0,-0.08463015309,-0.08463015309,1.992695428
30.325,0,-0.0345427226,-0.0345427226,2.014145855
30.35,0,0.0160689765,0.0160689765,2.034616474
30.375,0,0.06717888518,0.06717888518,2.053980977
30.4,0,0.1187577011,0.1187577011,2.072106346
30.425,0,0.1707727178,0.1707727178,2.088853375
30.45,0,0.2231876791,0.2231876791,2.104077339
30.475,0,0.2759626489,0.2759626489,2.117628863
30.5,0,0.3290539103,0.3290539103,2.129354902
30.525,0,0.3824138864,0.3824138864,2.13909998
30.55,0,0.4359910965,0.4359910965,2.146707541
30.575,0,0.4897301496,0.4897301496,2.152021528
30.6,0,0.5435717769,0.5435717769,2.154888114
30.625,0,0.5974529108,0.5974529108,2.155157572
30.65,0,0.6513068137,0.6513068137,2.152686318
30.675,0,0.705063257,0.705063257,2.147339028
30.7,0,0.7586487541,0.7586487541,2.138990823
30.725,0,0.8119868511,0.8119868511,2.127529506
30.75,0,0.864998471,0.864998471,2.112857757
30.775,0,0.9176023111,0.9176023111,2.094895255
30.8,0,0.9697152939,0.9697152939,2.073580674
30.825,0,1.021253066,1.021253066,2.048873487
30.85,0,1.072130539,1.072130539,2.020755521
30.875,0,1.122262458,1.122262458,1.989232208
30.9,0,1.171564013,1.171564013,1.954333484
30.925,0,1.219951455,1.219951455,1.916114297
30.95,0,1.267342718,1.267342718,1.874654685
30.975,0,1.313658052,1.313658052,1.830059415
31,0,1.358820624,1.358820624,1.782457159
31.025,0,1.402757107,1.402757107,1.731999242
31.05,0,1.44539822,1.44539822,1.678857972
31.075,0,1.486679233,1.486679233,1.623224558
31.1,0,1.526540407,1.526540407,1.565306726
31.125,0,1.564927376,1.564927376,1.50532607
31.15,0,1.601791456,1.601791456,1.443515128
31.175,0,1.637089883,1.637089883,1.380114417
31.2,0,1.670785973,1.670785973,1.315369357
31.225,0,1.702849208,1.702849208,1.249527176
31.25,0,1.733255242,1.733255242,1.182834048
31.275,0,1.761985839,1.761985839,1.115532131
31.3,0,1.789028742,1.789028742,1.04785713
31.325,0,1.814377479,1.814377479,0.9800358061
31.35,0,1.838031116,1.838031116,0.9122840278
31.375,0,1.859993956,1.859993956,0.844804939
31.4,0,1.880275215,1.880275215,0.777787615
31.425,0,1.898888639,1.898888639,0.7114059228
31.45,0,1.915852128,1.915852128,0.6458177915
31.475,0,1.931187326,1.931187326,0.5811647384
31.5,0,1.944919203,1.944919203,0.5175717096
31.525,0,1.957075653,1.957075653,0.4551471618
31.55,0,1.967687072,1.967687072,0.3939833929
31.575,0,1.976785972,1.976785972,0.3341570403
31.6,0,1.984406587,1.984406587,0.2757297789
31.625,0,1.990584519,1.990584519,0.2187491119
31.65,0,1.995356387,1.995356387,0.1632492913
31.675,0,1.99875951,1.99875951,0.1092522885
31.7,0,2.000831617,2.000831617,0.05676881512
31.725,0,2.001610571,2.001610571,0.005799366506
31.75,0,2.001134132,2.001134132,-0.0436647454
31.775,0,1.999439739,1.999439739,-0.09164036827
31.8,0,1.996564319,1.996564319,-0.1381515238
31.825,0,1.992544117,1.992544117,-0.1832284633
31.85,0,1.987414553,1.987414553,-0.2269067766
31.875,0,1.9812101,1.9812101,-0.26922656
31.9,0,1.973964181,1.973964181,-0.3102316464
31.925,0,1.965709084,1.965709084,-0.3499688941
31.95,0,1.956475892,1.956475892,-0.3884875497
31.975,0,1.946294436,1.946294436,-0.425838669
32,0,1.935193252,1.935193252,-0.4620745952
32.025,0,1.923199556,1.923199556,-0.4972485096
32.05,0,1.91033923,1.91033923,-0.5314140226
32.075,0,1.896636811,1.896636811,-0.5646248275
32.1,0,1.882115499,1.882115499,-0.5969344004
32.125,0,1.86679716,1.86679716,-0.6283957385
32.15,0,1.850702344,1.850702344,-0.6590611501
32.175,0,1.833850306,1.833850306,-0.6889820656
32.2,0,1.816259025,1.816259025,-0.7182088974
32.225,0,1.797945234,1.797945234,-0.746790912
32.25,0,1.778924452,1.778924452,-0.7747761418
32.275,0,1.759211011,1.759211011,-0.8022113055
32.3,0,1.738818092,1.738818092,-0.8291417584
32.325,0,1.717757762,1.717757762,-0.8556114489
32.35,0,1.696041005,1.696041005,-0.881662895
32.375,0,1.67367776,1.67367776,-0.9073371673
32.4,0,1.650676959,1.650676959,-0.9326738816
32.425,0,1.62704656,1.62704656,-0.9577111978
32.45,0,1.602793588,1.602793588,-0.9824858241
32.475,0,1.577924164,1.577924164,-1.007033021
32.5,0,1.552443549,1.552443549,-1.031386612
32.525,0,1.526356177,1.526356177,-1.055578984
32.55,0,1.499665685,1.499665685,-1.079641102
32.575,0,1.47237496,1.47237496,-1.103602504
32.6,0,1.444486165,1.444486165,-1.1274913
32.625,0,1.416000777,1.416000777,-1.151334171
32.65,0,1.386919628,1.386919628,-1.175156351
32.675,0,1.357242934,1.357242934,-1.198981608
32.7,0,1.326970336,1.326970336,-1.222832222
32.725,0,1.296100938,1.296100938,-1.246728938
32.75,0,1.264633345,1.264633345,-1.270690928
32.775,0,1.232565701,1.232565701,-1.294735735
32.8,0,1.199895735,1.199895735,-1.318879196
32.825,0,1.166620802,1.166620802,-1.343135363
32.85,0,1.132737926,1.132737926,-1.367516424
32.875,0,1.098243853,1.098243853,-1.392032572
32.9,0,1.063135104,1.063135104,-1.416691887
32.925,0,1.027408017,1.027408017,-1.441500224
32.95,0,0.9910588208,0.9910588208,-1.466461018
32.975,0,0.9540836885,0.9540836885,-1.491575137
33,0,0.9164788006,0.9164788006,-1.516840705
33.025,0,0.8782404302,0.8782404302,-1.542252858
33.05,0,0.8393650033,0.8393650033,-1.567803561
33.075,0,0.7998491911,0.7998491911,-1.593481357
33.1,0,0.7596900017,0.7596900017,-1.619271087
33.125,0,0.7188848621,0.7188848621,-1.645153661
33.15,0,0.6774317379,0.6774317379,-1.671105729
33.175,0,0.6353292281,0.6353292281,-1.697099411
33.2,0,0.5925766917,0.5925766917,-1.723101974
33.225,0,0.54917437,0.54917437,-1.74907551
33.25,0,0.5051235179,0.5051235179,-1.774976629
33.275,0,0.4604265505,0.4604265505,-1.800756117
33.3,0,0.4150871849,0.4150871849,-1.826358641
33.325,0,0.369110606,0.369110606,-1.851722421
33.35,0,0.3225036223,0.3225036223,-1.87677897
33.375,0,0.2752748446,0.2752748446,-1.901452817
33.4,0,0.2274348577,0.2274348577,-1.925661296
33.425,0,0.1789964058,0.1789964058,-1.949314374
33.45,0,0.1299745779,0.1299745779,-1.972314537
33.475,0,0.08038699314,0.08038699314,-1.994556749
33.5,0,0.03025399212,0.03025399212,-2.015928506
33.525,0,-0.02040118148,-0.02040118148,-2.036309972
33.55,0,-0.07155219854,-0.07155219854,-2.055574254
33.575,0,-0.123169473,-0.123169473,-2.073587783
33.6,0,-0.1752200019,-0.1752200019,-2.090210852
33.625,0,-0.2276672204,-0.2276672204,-2.105298312
33.65,0,-0.280470874,-0.280470874,-2.118700427
33.675,0,-0.3335869203,-0.3335869203,-2.130263896
33.7,0,-0.3869674504,-0.3869674504,-2.139833101
33.725,0,-0.4405606511,-0.4405606511,-2.147251455
33.75,0,-0.4943107994,-0.4943107994,-2.152363032
33.775,0,-0.5481582988,-0.5481582988,-2.15501427
33.8,0,-0.6020397641,-0.6020397641,-2.155055888
33.825,0,-0.6558881527,-0.6558881527,-2.152344924
33.85,0,-0.7096329483,-0.7096329483,-2.146746851
33.875,0,-0.7632003999,-0.7632003999,-2.138137786
33.9,0,-0.8165138166,-0.8165138166,-2.126406716
33.925,0,-0.8694939149,-0.8694939149,-2.111457685
33.95,0,-0.9220592226,-0.9220592226,-2.09321191
33.975,0,-0.9741265345,-0.9741265345,-2.071609774
34,0,-1.025611413,-1.025611413,-2.046612596
34.025,0,-1.076428731,-1.076428731,-2.018204166
34.05,0,-1.12649325,-1.12649325,-1.986391972
34.075,0,-1.175720225,-1.175720225,-1.951208068
34.1,0,-1.224026025,-1.224026025,-1.91270954
34.125,0,-1.271328758,-1.271328758,-1.870978552
34.15,0,-1.317548898,-1.317548898,-1.826121943
34.175,0,-1.362609891,-1.362609891,-1.778270369
34.2,0,-1.40643873,-1.40643873,-1.727577017
34.225,0,-1.448966505,-1.448966505,-1.674215883
34.25,0,-1.490128894,-1.490128894,-1.618379679
34.275,0,-1.529866601,-1.529866601,-1.56027743
34.3,0,-1.568125734,-1.568125734,-1.500131764
34.325,0,-1.604858103,-1.604858103,-1.438176016
34.35,0,-1.640021458,-1.640021458,-1.374651259
34.375,0,-1.673579638,-1.673579638,-1.309803153
34.4,0,-1.705502649,-1.705502649,-1.243878992
34.425,0,-1.73576667,-1.73576667,-1.177124658
34.45,0,-1.764353981,-1.764353981,-1.109781929
34.475,0,-1.791252824,-1.791252824,-1.042085769
34.5,0,-1.81645721,-1.81645721,-0.9742621355
34.525,0,-1.839966662,-1.839966662,-0.9065258448
34.55,0,-1.861785918,-1.861785918,-0.8390789166
34.575,0,-1.881924589,-1.881924589,-0.7721091541
34.6,0,-1.900396794,-1.900396794,-0.7057891004
34.625,0,-1.917220767,-1.917220767,-0.640275298
34.65,0,-1.932418449,-1.932418449,-0.5757078576
34.675,0,-1.94601508,-1.94601508,-0.5122103125
34.7,0,-1.958038778,-1.958038778,-0.4498897315
34.725,0,-1.968520137,-1.968520137,-0.388837053
34.75,0,-1.977491829,-1.977491829,-0.3291276148
34.775,0,-1.984988219,-1.984988219,-0.2708218532
34.8,0,-1.991045009,-1.991045009,-0.2139661007
34.825,0,-1.995698887,-1.995698887,-0.1585935342
34.85,0,-1.998987223,-1.998987223,-0.1047251171
34.875,0,-2.000947762,-2.000947762,-0.05237065697
34.9,0,-2.001618372,-2.001618372,-0.001529824516
34.925,0,-2.001036791,-2.001036791,0.04780680204
34.95,0,-1.999240423,-1.999240423,0.09565671882
34.975,0,-1.996266141,-1.996266141,0.142044514
35,0,-1.992150127,-1.992150127,0.1870009272
35.025,0,-1.986927724,-1.986927724,0.2305619633
35.05,0,-1.980633321,-1.980633321,0.2727680669
35.075,0,-1.973300245,-1.973300245,0.3136633538
35.1,0,-1.964960685,-1.964960685,0.3532949097
35.125,0,-1.955645619,-1.955645619,0.3917121585
35.15,0,-1.94538477,-1.94538477,0.428966283
35.175,0,-1.934206561,-1.934206561,0.4651097155
35.2,0,-1.922138096,-1.922138096,0.5001956893
35.225,0,-1.909205142,-1.909205142,0.5342778333
35.25,0,-1.895432122,-1.895432122,0.5674098353
35.275,0,-1.880842122,-1.880842122,0.5996451383
35.3,0,-1.865456896,-1.865456896,0.6310366901
35.325,0,-1.849296884,-1.849296884,0.6616367296
35.35,0,-1.832381228,-1.832381228,0.691496607
35.375,0,-1.814727802,-1.814727802,0.7206666406
35.4,0,-1.796353234,-1.796353234,0.7491959959
35.425,0,-1.777272941,-1.777272941,0.7771325954
35.45,0,-1.757501155,-1.757501155,0.8045230442
35.475,0,-1.737050963,-1.737050963,0.8314125786
35.5,0,-1.715934335,-1.715934335,0.8578450266
35.525,0,-1.694162167,-1.694162167,0.8838627832
35.55,0,-1.67174431,-1.67174431,0.9095067954
35.575,0,-1.648689612,-1.648689612,0.9348165549
35.6,0,-1.62500595,-1.62500595,0.9598300982
35.625,0,-1.60070027,-1.60070027,0.9845840094
35.65,0,-1.575778621,-1.575778621,1.009113427
35.675,0,-1.550246188,-1.550246188,1.033452051
35.7,0,-1.524107338,-1.524107338,1.057632149
35.725,0,-1.497365645,-1.497365645,1.081684562
35.75,0,-1.470023928,-1.470023928,1.105638708
35.775,0,-1.442084295,-1.442084295,1.129522575
35.8,0,-1.413548164,-1.413548164,1.153362722
35.825,0,-1.384416312,-1.384416312,1.17718426
35.85,0,-1.354688909,-1.354688909,1.20101083
35.875,0,-1.324365545,-1.324365545,1.22486458
35.9,0,-1.29344528,-1.29344528,1.248766131
35.925,0,-1.261926681,-1.261926681,1.272734513
35.95,0,-1.229807853,-1.229807853,1.296787123
35.975,0,-1.19708649,-1.19708649,1.32093966
36,0,-1.163759921,-1.163759921,1.345206014
36.025,0,-1.129825142,-1.129825142,1.369598204
36.05,0,-1.095278877,-1.095278877,1.394126258
36.075,0,-1.06011763,-1.06011763,1.418798067
36.1,0,-1.024337729,-1.024337729,1.44361928
36.125,0,-0.9879353922,-0.9879353922,1.468593135
36.15,0,-0.9509067942,-0.9509067942,1.493720261
36.175,0,-0.9132481197,-0.9132481197,1.518998537
36.2,0,-0.8749556486,-0.8749556486,1.544422849
36.225,0,-0.8360258294,-0.8360258294,1.569984867
36.25,0,-0.7964553546,-0.7964553546,1.595672836
36.275,0,-0.7562412655,-0.7562412655,1.621471273
36.3,0,-0.715381032,-0.715381032,1.647360732
36.325,0,-0.6738726663,-0.6738726663,1.673317497
36.35,0,-0.631714831,-0.631714831,1.699313279
36.375,0,-0.5889069518,-0.5889069518,1.725314923
36.4,0,-0.5454493542,-0.5454493542,1.751284063
36.425,0,-0.5013433835,-0.5013433835,1.777176828
36.45,0,-0.4565915618,-0.4565915618,1.802943494
36.475,0,-0.4111977235,-0.4111977235,1.828528191
36.5,0,-0.3651671863,-0.3651671863,1.853868579
36.525,0,-0.3185069042,-0.3185069042,1.878895586
36.55,0,-0.2712256504,-0.2712256504,1.903533136
36.575,0,-0.2233341851,-0.2233341851,1.927697943
36.6,0,-0.1748454462,-0.1748454462,1.951299338
36.625,0,-0.1257747293,-0.1257747293,1.974239169
36.65,0,-0.07613987908,-0.07613987908,1.996411762
36.675,0,-0.02596147572,-0.02596147572,2.017703978
36.7,0,0.02473698141,0.02473698141,2.037995373
36.725,0,0.07592889234,0.07592889234,2.057158464
36.75,0,0.1275843863,0.1275843863,2.07505914
36.775,0,0.1796701623,0.1796701623,2.091557199
36.8,0,0.2321493461,0.2321493461,2.106507067
36.825,0,0.2849813644,0.2849813644,2.119758661
36.85,0,0.3381218479,0.3381218479,2.131158434
36.875,0,0.3915225566,0.3915225566,2.140550627
36.9,0,0.445131344,0.445131344,2.147778646
36.925,0,0.4988921552,0.4988921552,2.152686696
36.95,0,0.5527450673,0.5527450673,2.155121504
36.975,0,0.6066263778,0.6066263778,2.154934246
37,0,0.6604687406,0.6604687406,2.151982593
37.025,0,0.7142013539,0.7142013539,2.146132839
37.05,0,0.767750204,0.767750204,2.13726211
37.075,0,0.821038365,0.821038365,2.125260589
37.1,0,0.8739863509,0.8739863509,2.110033702
37.125,0,0.9265125231,0.9265125231,2.091504224
37.15,0,0.9785335516,0.9785335516,2.069614252
37.175,0,1.029964919,1.029964919,2.044326963
37.2,0,1.080721464,1.080721464,2.015628122
37.225,0,1.130717968,1.130717968,1.983527281
37.25,0,1.179869755,1.179869755,1.94805861
37.275,0,1.22809332,1.22809332,1.909281337
37.3,0,1.275306946,1.275306946,1.867279748
37.325,0,1.321431338,1.321431338,1.822162749
37.35,0,1.366390221,1.366390221,1.77406297
37.375,0,1.410110917,1.410110917,1.723135442
37.4,0,1.452524887,1.452524887,1.669555843
37.425,0,1.493568222,1.493568222,1.613518371
37.45,0,1.533182072,1.533182072,1.555233315
37.475,0,1.571313019,1.571313019,1.494924332
37.5,0,1.607913372,1.607913372,1.432825533
37.525,0,1.642941392,1.642941392,1.369178504
37.55,0,1.676361444,1.676361444,1.304229157
37.575,0,1.708144059,1.708144059,1.238224786
37.6,0,1.738265939,1.738265939,1.171411021
37.625,0,1.766709878,1.766709878,1.104029165
37.65,0,1.793464617,1.793464617,1.036313494
37.675,0,1.81852465,1.81852465,0.9684891052
37.7,0,1.841889952,1.841889952,0.9007697708
37.725,0,1.863565692,1.863565692,0.8333563622
37.75,0,1.883561879,1.883561879,0.7664354134
37.775,0,1.901892998,1.901892998,0.7001781333
37.8,0,1.918577614,1.918577614,0.6347396755
37.825,0,1.933637965,1.933637965,0.5702587428
37.85,0,1.947099553,1.947099553,0.506857458
37.875,0,1.95899072,1.95899072,0.4446415023
37.9,0,1.969342256,1.969342256,0.3837004602
37.925,0,1.978186989,1.978186989,0.3241083748
37.95,0,1.985559413,1.985559413,0.2659244453
37.975,0,1.991495326,1.991495326,0.2091938506
38,0,1.996031488,1.996031488,0.1539486864
38.025,0,1.999205309,1.999205309,0.1002089271
38.05,0,2.001054556,2.001054556,0.04798347726
38.075,0,2.001617094,2.001617094,-0.002728808098
38.1,0,2.000930643,2.000930643,-0.0519380767
38.125,0,1.999032567,1.999032567,-0.09966246627
38.15,0,1.995959686,1.995959686,-0.1459271244
38.175,0,1.991748116,1.991748116,-0.1907632725
38.2,0,1.986433124,1.986433124,-0.2342073254
38.225,0,1.980049012,1.980049012,-0.2763000692
38.25,0,1.972629013,1.972629013,-0.317085898
38.275,0,1.964205214,1.964205214,-0.3566121213
38.3,0,1.95480849,1.95480849,-0.3949283342
38.325,0,1.944468454,1.944468454,-0.432085844
38.35,0,1.933213417,1.933213417,-0.4681371696
38.375,0,1.921070369,1.921070369,-0.5031355913
38.4,0,1.908064964,1.908064964,-0.537134756
38.425,0,1.894221511,1.894221511,-0.5701883425
38.45,0,1.879562982,1.879562982,-0.6023497592
38.475,0,1.864111017,1.864111017,-0.6336719036
38.5,0,1.847885946,1.847885946,-0.6642069432
38.525,0,1.830906802,1.830906802,-0.6940061475
38.55,0,1.813191351,1.813191351,-0.7231197392
38.575,0,1.794756119,1.794756119,-0.7515967827
38.6,0,1.775616418,1.775616418,-0.7794850896
38.625,0,1.755786383,1.755786383,-0.8068311516
38.65,0,1.735279003,1.735279003,-0.8336800853
38.675,0,1.714106156,1.714106156,-0.8600755982
38.7,0,1.692278649,1.692278649,-0.8860599621
38.725,0,1.669806244,1.669806244,-0.9116740003
38.75,0,1.646697706,1.646697706,-0.9369570808
38.775,0,1.622960832,1.622960832,-0.9619471162
38.8,0,1.598602488,1.598602488,-0.9866805671
38.825,0,1.573628649,1.573628649,-1.01119245
38.85,0,1.548044432,1.548044432,-1.035516341
38.875,0,1.52185413,1.52185413,-1.059684387
38.9,0,1.495061255,1.495061255,-1.083727309
38.925,0,1.467668563,1.467668563,-1.107674402
38.95,0,1.4396781,1.4396781,-1.131553533
38.975,0,1.411091233,1.411091233,-1.155391138
39,0,1.381908681,1.381908681,-1.179212204
39.025,0,1.352130563,1.352130563,-1.203040248
39.05,0,1.321756427,1.321756427,-1.226897287
39.075,0,1.290785286,1.290785286,-1.250803807
39.1,0,1.259215665,1.259215665,-1.274778708
39.125,0,1.227045637,1.227045637,-1.298839239
39.15,0,1.19427286,1.19427286,-1.323000947
39.175,0,1.160894631,1.160894631,-1.347277577
39.2,0,1.126907925,1.126907925,-1.371680971
39.225,0,1.092309444,1.092309444,-1.396220984
39.25,0,1.057095671,1.057095671,-1.42090533
39.275,0,1.021262929,1.021262929,-1.445739445
39.3,0,0.9848074253,0.9848074253,-1.47072636
39.325,0,0.9477253326,0.9477253326,-1.495866481
39.35,0,0.9100128446,0.9100128446,-1.521157429
39.375,0,0.8716662476,0.8716662476,-1.546593837
39.4,0,0.8326820109,0.8326820109,-1.572167088
39.425,0,0.7930568533,0.7930568533,-1.597865115
39.45,0,0.7527878452,0.7527878452,-1.62367212
39.475,0,0.7118725035,0.7118725035,-1.649568292
39.5,0,0.6703088868,0.6703088868,-1.675529549
39.525,0,0.6280957212,0.6280957212,-1.701527192
39.55,0,0.5852325027,0.5852325027,-1.727527638
39.575,0,0.5417196378,0.5417196378,-1.753492066
39.6,0,0.4975585678,0.4975585678,-1.779376115
39.625,0,0.4527519187,0.4527519187,-1.805129555
39.65,0,0.4073036468,0.4073036468,-1.830695972
39.675,0,0.3612192009,0.3612192009,-1.856012469
39.7,0,0.3145056846,0.3145056846,-1.881009382
39.725,0,0.2671720321,0.2671720321,-1.905610032
39.75,0,0.2192291823,0.2192291823,-1.929730509
39.775,0,0.1706902669,0.1706902669,-1.953279511
39.8,0,0.1215707904,0.1215707904,-1.976158244
39.825,0,0.07188882394,0.07188882394,-1.998260397
39.85,0,0.0216651883,0.0216651883,-2.019472201
39.875,0,-0.02907635972,-0.02907635972,-2.039672599
39.9,0,-0.08030894797,-0.08030894797,-2.058733528
39.925,0,-0.1320024199,-0.1320024199,-2.076520333
39.95,0,-0.1841231763,-0.1841231763,-2.092892326
39.975,0,-0.2366340309,-0.2366340309,-2.107703516
40,0,-0.2894940925,-0.2894940925,-2.120803472
40.025,0,-0.3426586636,-0.3426586636,-2.132038423
40.05,0,-0.3960791728,-0.3960791728,-2.141252464
40.075,0,-0.4497031407,-0.4497031407,-2.14828902
40.1,0,-0.5034741803,-0.5034741803,-2.152992432
40.125,0,-0.5573320432,-0.5573320432,-2.155209728
40.15,0,-0.611212711,-0.611212711,-2.154792562
40.175,0,-0.6650485345,-0.6650485345,-2.15159925
40.2,0,-0.7187684285,-0.7187684285,-2.145496921
40.225,0,-0.7722981195,-0.7722981195,-2.136363731
40.25,0,-0.8255604488,-0.8255604488,-2.124091074
40.275,0,-0.8784757297,-0.8784757297,-2.108585769
40.3,0,-0.9309621623,-0.9309621623,-2.089772167
40.325,0,-0.9829362949,-0.9829362949,-2.067594092
40.35,0,-1.034313532,-1.034313532,-2.042016588
40.375,0,-1.085008687,-1.085008687,-2.013027405
40.4,0,-1.134936562,-1.134936562,-1.980638164
40.425,0,-1.184012557,-1.184012557,-1.944885157
40.45,0,-1.232153293,-1.232153293,-1.90582975
40.475,0,-1.279277237,-1.279277237,-1.863558349
40.5,0,-1.325305328,-1.325305328,-1.818181921
40.525,0,-1.370161574,-1.370161574,-1.769835063
40.55,0,-1.413773629,-1.413773629,-1.718674636
40.575,0,-1.456073332,-1.456073332,-1.664877978
40.6,0,-1.496997186,-1.496997186,-1.608640762
40.625,0,-1.536486791,-1.536486791,-1.550174526
40.65,0,-1.574489206,-1.574489206,-1.48970392
40.675,0,-1.610957239,-1.610957239,-1.427463831
40.7,0,-1.645849668,-1.645849668,-1.363696309
40.725,0,-1.679131377,-1.679131377,-1.298647516
40.75,0,-1.710773428,-1.710773428,-1.232564718
40.775,0,-1.740753042,-1.740753042,-1.165693275
40.8,0,-1.769053528,-1.769053528,-1.098273988
40.825,0,-1.795664125,-1.795664125,-1.030540444
40.85,0,-1.820579803,-1.820579803,-0.9627168428
40.875,0,-1.843800993,-1.843800993,-0.8950159245
40.9,0,-1.86533329,-1.86533329,-0.8276373872
40.925,0,-1.885187097,-1.885187097,-0.7607664933
40.95,0,-1.903377265,-1.903377265,-0.6945731112
40.975,0,-1.919922685,-1.919922685,-0.6292110036
41,0,-1.934845891,-1.934845891,-0.5648174633
41.025,0,-1.94817264,-1.94817264,-0.501513205
41.05,0,-1.959931502,-1.959931502,-0.4394025233
41.075,0,-1.970153453,-1.970153453,-0.3785736537
41.1,0,-1.978871477,-1.978871477,-0.3190993508
41.125,0,-1.986120195,-1.986120195,-0.2610375794
41.15,0,-1.991935497,-1.991935497,-0.2044323762
41.175,0,-1.996354213,-1.996354213,-0.1493147564
41.2,0,-1.999413793,-1.999413793,-0.09570371977
41.225,0,-2.001152024,-2.001152024,-0.04360727085
41.25,0,-2.001606765,-2.001606765,0.006976541713
41.275,0,-2.000815714,-2.000815714,0.05605858447
41.3,0,-1.998816196,-1.998816196,0.1036576295
41.325,0,-1.995644978,-1.995644978,0.149799377
41.35,0,-1.991338108,-1.991338108,0.1945155246
41.375,0,-1.985930776,-1.985930776,0.2378428911
41.4,0,-1.979457195,-1.979457195,0.2798225968
41.425,0,-1.971950505,-1.971950505,0.3204993103
41.45,0,-1.963442692,-1.963442692,0.3599205618
41.475,0,-1.953964525,-1.953964525,0.3981361104
41.5,0,-1.943545506,-1.943545506,0.4351973866
41.525,0,-1.932213837,-1.932213837,0.4711569919
41.55,0,-1.919996393,-1.919996393,0.5060682496
41.575,0,-1.906918713,-1.906918713,0.5399848254
41.6,0,-1.893004993,-1.893004993,0.5729603827
41.625,0,-1.878278091,-1.878278091,0.6050482978
41.65,0,-1.862759535,-1.862759535,0.6363014122
41.675,0,-1.846469543,-1.846469543,0.6667718241
41.7,0,-1.829427039,-1.829427039,0.696510719
41.725,0,-1.811649685,-1.811649685,0.7255682248
41.75,0,-1.793153898,-1.793153898,0.7539933028
41.775,0,-1.773954892,-1.773954892,0.7818336545
41.8,0,-1.754066701,-1.754066701,0.8091356562
41.825,0,-1.73350222,-1.73350222,0.8359443062
41.85,0,-1.712273234,-1.712273234,0.8623031901
41.875,0,-1.690390457,-1.690390457,0.8882544573
41.9,0,-1.667863568,-1.667863568,0.9138388071
41.925,0,-1.644701246,-1.644701246,0.9390954833
41.95,0,-1.620911209,-1.620911209,0.964062275
41.975,0,-1.596500246,-1.596500246,0.9887755196
42,0,-1.571474254,-1.571474254,1.01327011
42.025,0,-1.545838283,-1.545838283,1.037579502
42.05,0,-1.519596556,-1.519596556,1.06173572
42.075,0,-1.492752517,-1.492752517,1.085769362
42.1,0,-1.465308866,-1.465308866,1.109709604
42.125,0,-1.437267584,-1.437267584,1.133584191
42.15,0,-1.408629983,-1.408629983,1.157419436
42.175,0,-1.379396733,-1.379396733,1.1812402
42.2,0,-1.349567899,-1.349567899,1.205069876
42.225,0,-1.319142981,-1.319142981,1.228930353
42.25,0,-1.288120955,-1.288120955,1.25284198
42.275,0,-1.2565003,-1.2565003,1.276823522
42.3,0,-1.224279052,-1.224279052,1.300892089
42.325,0,-1.191454842,-1.191454842,1.325063069
42.35,0,-1.158024932,-1.158024932,1.349350056
42.375,0,-1.123986273,-1.123986273,1.373764732
42.4,0,-1.089335551,-1.089335551,1.398316759
42.425,0,-1.054069228,-1.054069228,1.423013675
42.45,0,-1.018183614,-1.018183614,1.447860722
42.475,0,-0.9816749173,-0.9816749173,1.472860696
42.5,0,-0.9445393022,-0.9445393022,1.498013794
42.525,0,-0.906772972,-0.906772972,1.523317382
42.55,0,-0.8683722264,-0.8683722264,1.548765816
42.575,0,-0.8293335463,-0.8293335463,1.574350216
42.6,0,-0.7896536846,-0.7896536846,1.600058188
42.625,0,-0.7493297409,-0.7493297409,1.625873613
42.65,0,-0.708359275,-0.708359275,1.65177633
42.675,0,-0.6667404003,-0.6667404003,1.677741864
42.7,0,-0.6244718989,-0.6244718989,1.70374113
42.725,0,-0.581553345,-0.581553345,1.729740094
42.75,0,-0.5379852223,-0.5379852223,1.755699489
42.775,0,-0.4937690724,-0.4937690724,1.781574458
42.8,0,-0.4489076241,-0.4489076241,1.807314264
42.825,0,-0.4034049584,-0.4034049584,1.832861946
42.85,0,-0.3572666548,-0.3572666548,1.858154046
42.875,0,-0.3104999694,-0.3104999694,1.88312031
42.9,0,-0.2631139968,-0.2631139968,1.907683452
42.925,0,-0.2151198584,-0.2151198584,1.931758937
42.95,0,-0.1665308781,-0.1665308781,1.955254829
42.975,0,-0.1173627732,-0.1173627732,1.978071695
43,0,-0.06763384119,-0.06763384119,2.000102583
43.025,0,-0.01736514523,-0.01736514523,2.021233096
43.05,0,0.03341929868,0.03341929868,2.04134157
43.075,0,0.08469234588,0.08469234588,2.06029936
43.1,0,0.1364235527,0.1364235527,2.077971274
43.125,0,0.1885790192,0.1885790192,2.094216147
43.15,0,0.241121249,0.241121249,2.10888756
43.175,0,0.2940090298,0.2940090298,2.12183477
43.2,0,0.3471973362,0.3471973362,2.132903761
43.225,0,0.400637266,0.400637266,2.141938518
43.25,0,0.4542760055,0.4542760055,2.148782483
43.275,0,0.5080568366,0.5080568366,2.153280143
43.3,0,0.5619191866,0.5619191866,2.155278854
43.325,0,0.6157987209,0.6157987209,2.154630752
43.35,0,0.6696274896,0.6696274896,2.151194814
43.375,0,0.7233341262,0.7233341262,2.144839029
43.4,0,0.7768440988,0.7768440988,2.13544259
43.425,0,0.8300800178,0.8300800178,2.122898117
43.45,0,0.8829620011,0.8829620011,2.107113846
43.475,0,0.9354080892,0.9354080892,2.088015712
43.5,0,0.987334712,0.987334712,2.065549279
43.525,0,1.038657202,1.038657202,2.039681471
43.55,0,1.089290348,1.089290348,2.010402031
43.575,0,1.139148981,1.139148981,1.977724652
43.6,0,1.188148578,1.188148578,1.941687753
43.625,0,1.236205894,1.236205894,1.902354838
43.65,0,1.283239584,1.283239584,1.859814431
43.675,0,1.329170822,1.329170822,1.81417955
43.7,0,1.373923906,1.373923906,1.765586752
43.725,0,1.417426827,1.417426827,1.71419471
43.75,0,1.459611801,1.459611801,1.660182414
43.775,0,1.50041575,1.50041575,1.603746994
43.8,0,1.539780727,1.539780727,1.5451012
43.825,0,1.577654269,1.577654269,1.484470682
43.85,0,1.613989683,1.613989683,1.422091054
43.875,0,1.648746265,1.648746265,1.35820482
43.9,0,1.681889423,1.681889423,1.293058389
43.925,0,1.713390742,1.713390742,1.226898923
43.95,0,1.743227972,1.743227972,1.159971566
43.975,0,1.771384925,1.771384925,1.092516531
44,0,1.797851345,1.797851345,1.02476675
44.025,0,1.82262267,1.82262267,0.9569454729
44.05,0,1.84569979,1.84569979,0.8892644254
44.075,0,1.867088719,1.867088719,0.8219220987
44.1,0,1.886800256,1.886800256,0.7551024946
44.125,0,1.904849609,1.904849609,0.688974124
44.15,0,1.921255996,1.921255996,0.6236893622
44.175,0,1.936042244,1.936042244,0.5593840888
44.2,0,1.949234362,1.949234362,0.4961776138
44.225,0,1.960861143,1.960861143,0.434172843
44.25,0,1.970953747,1.970953747,0.3734566752
44.275,0,1.979545314,1.979545314,0.3141005714
44.3,0,1.986670587,1.986670587,0.2561612786
44.325,0,1.992365546,1.992365546,0.1996816905
44.35,0,1.996667088,1.996667088,0.1446917519
44.375,0,1.999612701,1.999612701,0.09120949704
44.4,0,2.001240189,2.001240189,0.03924203289
44.425,0,2.001587405,2.001587405,-0.01121338593
44.45,0,2.000692025,2.000692025,-0.0601683392
44.475,0,1.998591333,1.998591333,-0.1076422264
44.5,0,1.995322039,1.995322039,-0.1536612937
44.525,0,1.990920125,1.990920125,-0.1982577088
44.55,0,1.9854207,1.9854207,-0.2414686867
44.575,0,1.978857891,1.978857891,-0.2833356779
44.6,0,1.971264742,1.971264742,-0.3239036224
44.625,0,1.962673138,1.962673138,-0.3632202622
44.65,0,1.953113741,1.953113741,-0.4013355191
44.675,0,1.942615945,1.942615945,-0.4383009444
44.7,0,1.931207837,1.931207837,-0.474169215
44.725,0,1.918916182,1.918916182,-0.508993699
44.75,0,1.905766403,1.905766403,-0.5428280743
44.775,0,1.891782582,1.891782582,-0.5757259893
44.8,0,1.876987463,1.876987463,-0.607740786
44.825,0,1.861402462,1.861402462,-0.6389252479
44.85,0,1.845047686,1.845047686,-0.6693314037
44.875,0,1.827941952,1.827941952,-0.6990103519
44.9,0,1.810102811,1.810102811,-0.7280121273
44.925,0,1.791546581,1.791546581,-0.7563855851
44.95,0,1.772288371,1.772288371,-0.7841783181
44.975,0,1.752342119,1.752342119,-0.8114365857
45,0,1.731720621,1.731720621,-0.838205268
45.025,0,1.710435573,1.710435573,-0.8645278286
45.05,0,1.688497597,1.688497597,-0.8904462939
45.075,0,1.665916287,1.665916287,-0.9160012396
45.1,0,1.642700238,1.642700238,-0.9412317856
45.125,0,1.618857086,1.618857086,-0.9661755968
45.15,0,1.594393545,1.594393545,-0.9908688879
45.175,0,1.569315439,1.569315439,-1.015346429
45.2,0,1.543627743,1.543627743,-1.039641553
45.225,0,1.517334616,1.517334616,-1.063786164
45.25,0,1.490439435,1.490439435,-1.087810739
45.275,0,1.462944836,1.462944836,-1.111744331
45.3,0,1.434852747,1.434852747,-1.135614564
45.325,0,1.406164417,1.406164417,-1.159447629
45.35,0,1.376880468,1.376880468,-1.183268262
45.375,0,1.347000914,1.347000914,-1.207099727
45.4,0,1.316525209,1.316525209,-1.23096379
45.425,0,1.285452284,1.285452284,-1.254880662
45.45,0,1.253780581,1.253780581,-1.278868967
45.475,0,1.221508097,1.221508097,-1.302945681
45.5,0,1.188632432,1.188632432,-1.327126036
45.525,0,1.155150821,1.155150821,-1.351423462
45.55,0,1.121060186,1.121060186,-1.375849485
45.575,0,1.086357195,1.086357195,-1.400413588
45.6,0,1.051038296,1.051038296,-1.42512311
45.625,0,1.015099784,1.015099784,-1.449983106
45.65,0,0.9785378639,0.9785378639,-1.474996149
45.675,0,0.9413487018,0.9413487018,-1.500162197
45.7,0,0.903528501,0.903528501,-1.525478384
45.725,0,0.8650735798,0.8650735798,-1.550938787
45.75,0,0.8259804359,0.8259804359,-1.576534237
45.775,0,0.7862458467,0.7862458467,-1.602252044
45.8,0,0.7458669509,0.7458669509,-1.628075741
45.825,0,0.7048413464,0.7048413464,-1.653984825
45.85,0,0.663167204,0.663167204,-1.67995443
45.875,0,0.6208433651,0.6208433651,-1.705955066
45.9,0,0.5778694776,0.5778694776,-1.731952268
45.925,0,0.5342461101,0.5342461101,-1.757906302
45.95,0,0.4899748983,0.4899748983,-1.783771827
45.975,0,0.4450586819,0.4450586819,-1.809497583
46,0,0.3995016613,0.3995016613,-1.835026073
46.025,0,0.3533095538,0.3533095538,-1.860293265
46.05,0,0.3064897639,0.3064897639,-1.885228321
46.075,0,0.2590515526,0.2590515526,-1.909753341
46.1,0,0.2110062215,0.2110062215,-1.933783168
46.125,0,0.1623672902,0.1623672902,-1.95722523
46.15,0,0.1131506898,0.1131506898,-1.979979453
46.175,0,0.06337494435,0.06337494435,-2.001938247
46.2,0,0.01306136234,0.01306136234,-2.022986588
46.225,0,-0.03776578092,-0.03776578092,-2.043002204
46.25,0,-0.08907906664,-0.08907906664,-2.061855875
46.275,0,-0.1408477626,-0.1408477626,-2.079411875
46.3,0,-0.1930376676,-0.1930376676,-2.095528562
46.325,0,-0.2456109741,-0.2456109741,-2.11005911
46.35,0,-0.2985261475,-0.2985261475,-2.122852457
46.375,0,-0.3517378352,-0.3517378352,-2.133754354
46.4,0,-0.4051968024,-0.4051968024,-2.142608697
46.425,0,-0.4588499021,-0.4588499021,-2.149258935
46.45,0,-0.5126400862,-0.5126400862,-2.15354974
46.475,0,-0.5665064567,-0.5665064567,-2.155328794
46.5,0,-0.6203843646,-0.6203843646,-2.154448728
46.525,0,-0.6742055615,-0.6742055615,-2.150769209
46.55,0,-0.7278984005,-0.7278984005,-2.144159092
46.575,0,-0.7813880929,-0.7813880929,-2.134498621
46.6,0,-0.8345970228,-0.8345970228,-2.121681668
46.625,0,-0.8874451144,-0.8874451144,-2.105617894
46.65,0,-0.9398502517,-0.9398502517,-2.086234832
46.675,0,-0.9917287502,-0.9917287502,-2.063479799
46.7,0,-1.042995875,-1.042995875,-2.037321613
46.725,0,-1.093566396,-1.093566396,-2.007752013
46.75,0,-1.143355172,-1.143355172,-1.974786775
46.775,0,-1.192277768,-1.192277768,-1.938466444
46.8,0,-1.240251075,-1.240251075,-1.898856664
46.825,0,-1.287193938,-1.287193938,-1.856048069
46.85,0,-1.333027774,-1.333027774,-1.81015573
46.875,0,-1.377677174,-1.377677174,-1.76131814
46.9,0,-1.42107047,-1.42107047,-1.70969578
46.925,0,-1.463140257,-1.463140257,-1.655469281
46.95,0,-1.503823882,-1.503823882,-1.598837195
46.975,0,-1.54306385,-1.54306385,-1.540013481
47,0,-1.580808179,-1.580808179,-1.479224766
47.025,0,-1.617010681,-1.617010681,-1.416707348
47.05,0,-1.651631164,-1.651631164,-1.352704209
47.075,0,-1.684635565,-1.684635565,-1.287461914
47.1,0,-1.715995993,-1.715995993,-1.221227581
47.125,0,-1.745690718,-1.745690718,-1.154246026
47.15,0,-1.773704068,-1.773704068,-1.086756956
47.175,0,-1.800026274,-1.800026274,-1.018992539
47.2,0,-1.824653256,-1.824653256,-0.9511751335
47.225,0,-1.847586349,-1.847586349,-0.8835153885
47.25,0,-1.868831987,-1.868831987,-0.8162106094
47.275,0,-1.888401364,-1.888401364,-0.7494435153
47.3,0,-1.906310041,-1.906310041,-0.6833812609
47.325,0,-1.922577563,-1.922577563,-0.6181748296
47.35,0,-1.93722704,-1.93722704,-0.5539586885
47.375,0,-1.950284737,-1.950284737,-0.4908507411
47.4,0,-1.961779663,-1.961779663,-0.428952512
47.425,0,-1.971743161,-1.971743161,-0.368349564
47.45,0,-1.980208524,-1.980208524,-0.3091120684
47.475,0,-1.98721061,-1.98721061,-0.2512955687
47.5,0,-1.992785495,-1.992785495,-0.1949418053
47.525,0,-1.996970134,-1.996970134,-0.1400796849
47.55,0,-1.999802055,-1.999802055,-0.08672625804
47.575,0,-2.001319074,-2.001319074,-0.0348877595
47.6,0,-2.00155904,-2.00155904,0.01543935006
47.625,0,-2.000559601,-2.000559601,0.06426735505
47.65,0,-1.998358,-1.998358,0.1116162752
47.675,0,-1.994990892,-1.994990892,0.1575128964
47.7,0,-1.990494187,-1.990494187,0.2019898489
47.725,0,-1.984902918,-1.984902918,0.2450847388
47.75,0,-1.97825112,-1.97825112,0.2868393421
47.775,0,-1.970571743,-1.970571743,0.327298864
47.8,0,-1.96189657,-1.96189657,0.3665112537
47.825,0,-1.952256157,-1.952256157,0.4045265936
47.85,0,-1.941679786,-1.941679786,0.4413965496
47.875,0,-1.930195435,-1.930195435,0.4771738723
47.9,0,-1.917829752,-1.917829752,0.5119119724
47.925,0,-1.904608049,-1.904608049,0.5456645357
47.95,0,-1.890554291,-1.890554291,0.578485196
47.975,0,-1.875691111,-1.875691111,0.6104272565
48,0,-1.860039811,-1.860039811,0.6415434432
48.025,0,-1.843620387,-1.843620387,0.6718857131
48.05,0,-1.826451549,-1.826451549,0.7015050777
48.075,0,-1.808550741,-1.808550741,0.7304514765
48.1,0,-1.789934177,-1.789934177,0.7587736594
48.125,0,-1.770616864,-1.770616864,0.7865191087
48.15,0,-1.750612642,-1.750612642,0.8137339676
48.175,0,-1.729934214,-1.729934214,0.8404629971
48.2,0,-1.708593179,-1.708593179,0.866749539
48.225,0,-1.686600075,-1.686600075,0.8926354966
48.25,0,-1.663964405,-1.663964405,0.9181613217
48.275,0,-1.640694685,-1.640694685,0.9433660104
48.3,0,-1.616798467,-1.616798467,0.9682871038
48.325,0,-1.592282391,-1.592282391,0.9929606933
48.35,0,-1.567152207,-1.567152207,1.017421426
48.375,0,-1.541412816,-1.541412816,1.041702515
48.4,0,-1.515068313,-1.515068313,1.06583574
48.425,0,-1.488122009,-1.488122009,1.089851457
48.45,0,-1.460576477,-1.460576477,1.113778599
48.475,0,-1.432433587,-1.432433587,1.137644669
48.5,0,-1.403694535,-1.403694535,1.161475732
48.525,0,-1.374359886,-1.374359886,1.185296403
48.55,0,-1.344429609,-1.344429609,1.209129818
48.575,0,-1.313903109,-1.313903109,1.232997609
48.6,0,-1.282779273,-1.282779273,1.256919863
48.625,0,-1.251056508,-1.251056508,1.280915057
48.65,0,-1.218732772,-1.218732772,1.305000023
48.675,0,-1.185805631,-1.185805631,1.329189851
48.7,0,-1.152272295,-1.152272295,1.353497805
48.725,0,-1.118129662,-1.118129662,1.377935239
48.75,0,-1.083374375,-1.083374375,1.402511472
48.775,0,-1.048002872,-1.048002872,1.427233641
48.8,0,-1.012011436,-1.012011436,1.452106598
48.825,0,-0.975396264,-0.975396264,1.477132711
48.85,0,-0.9381535266,-0.9381535266,1.502311692
48.875,0,-0.9002794305,-0.9002794305,1.527640432
48.9,0,-0.8617703071,-0.8617703071,1.553112738
48.925,0,-0.8226226762,-0.8226226762,1.578719148
48.95,0,-0.7828333386,-0.7828333386,1.604446669
48.975,0,-0.7423994725,-0.7423994725,1.630278492
49,0,-0.7013187176,-0.7013187176,1.656193759
49.025,0,-0.6595892979,-0.6595892979,1.682167224
49.05,0,-0.6172101198,-0.6172101198,1.70816898
49.075,0,-0.5741809022,-0.5741809022,1.734164133
49.1,0,-0.5305023019,-0.5305023019,1.760112477
49.125,0,-0.4861760485,-0.4861760485,1.785968187
49.15,0,-0.4412050943,-0.4412050943,1.811679476
49.175,0,-0.3955937601,-0.3955937601,1.837188309
49.2,0,-0.3493479024,-0.3493479024,1.862430082
49.225,0,-0.3024750749,-0.3024750749,1.887333364
49.25,0,-0.254984707,-0.254984707,1.911819646
49.275,0,-0.2068882805,-0.2068882805,1.935803144
49.3,0,-0.1581995142,-0.1581995142,1.959190651
49.325,0,-0.1089345519,-0.1089345519,1.98188145
49.35,0,-0.05911214748,-0.05911214748,2.003767316
49.375,0,-0.008753855423,-0.008753855423,2.024732599
49.4,0,0.04211578876,0.04211578876,2.044654421
49.425,0,0.09346909024,0.09346909024,2.063402989
49.45,0,0.1452750275,0.1452750275,2.080842048
49.475,0,0.1974990972,0.1974990972,2.096829485
49.5,0,0.2501031791,0.2501031791,2.111218072
49.525,0,0.3030454167,0.3030454167,2.123856434
49.55,0,0.3562801287,0.3562801287,2.134590109
49.575,0,0.4097577482,0.4097577482,2.143262897
49.6,0,0.4634247949,0.4634247949,2.149718286
49.625,0,0.5172238902,0.5172238902,2.153801129
49.65,0,0.5710938125,0.5710938125,2.155359455
49.675,0,0.6249695995,0.6249695995,2.15424641
49.7,0,0.678782705,0.678782705,2.150322358
49.725,0,0.7324612038,0.7324612038,2.143457036
49.75,0,0.7859300536,0.7859300536,2.133531766
49.775,0,0.8391114139,0.8391114139,2.120441675
49.8,0,0.891925018,0.891925018,2.104097872
49.825,0,0.9442885976,0.9442885976,2.084429498
49.85,0,0.9961183578,0.9961183578,2.06138564
49.875,0,1.0473295,1.0473295,2.034937014
49.9,0,1.097836777,1.097836777,2.00507737
49.925,0,1.147555085,1.147555085,1.971824566
49.95,0,1.196400077,1.196400077,1.935221279
49.975,0,1.244288786,1.244288786,1.895335291
50,0,1.291140252,1.291140252,1.852259344
50.025,0,1.33687614,1.33687614,1.806110548
50.05,0,1.381421336,1.381421336,1.757029331
50.075,0,1.424704517,1.424704517,1.705177966
50.1,0,1.466658664,1.466658664,1.650738702
50.125,0,1.507221548,1.507221548,1.593911503
50.15,0,1.546336129,1.546336129,1.534911518
50.175,0,1.583950911,1.583950911,1.473966313
50.2,0,1.620020208,1.620020208,1.411312876
50.225,0,1.654504347,1.654504347,1.347194611
50.25,0,1.687369787,1.687369787,1.28185825
50.275,0,1.718589167,1.718589167,1.215550822
50.3,0,1.748141275,1.748141275,1.148516815
50.325,0,1.776010949,1.776010949,1.080995386
50.35,0,1.802188914,1.802188914,1.01321795
50.375,0,1.826671561,1.826671561,0.9454059447
50.4,0,1.849460673,1.849460673,0.8777689314
50.425,0,1.870563104,1.870563104,0.8105030275
50.45,0,1.889990434,1.889990434,0.7437896537
50.475,0,1.907758577,1.907758577,0.6777946111
50.5,0,1.923887401,1.923887401,0.6126674845
50.525,0,1.938400298,1.938400298,0.5485413303
50.55,0,1.951323784,1.951323784,0.4855326455
50.575,0,1.962687082,1.962687082,0.423741579
50.6,0,1.972521716,1.972521716,0.3632523565
50.625,0,1.980861127,1.980861127,0.3041338738
50.65,0,1.987740289,1.987740289,0.2464404663
50.675,0,1.993195368,1.993195368,0.1902127398
50.7,0,1.997263376,1.997263376,0.1354785581
50.725,0,1.999981878,1.999981878,0.08225400491
50.75,0,2.001388704,2.001388704,0.03054444578
50.775,0,2.001521692,2.001521692,-0.01965444411
50.8,0,2.000418464,2.000418464,-0.06835564656
50.825,0,1.99811622,1.99811622,-0.1155797944
50.85,0,1.994651557,1.994651557,-0.1613542067
50.875,0,1.990060317,1.990060317,-0.2057119695
50.9,0,1.984377449,1.984377449,-0.2486910743
50.925,0,1.977636902,1.977636902,-0.2903336184
50.95,0,1.969871528,1.969871528,-0.3306850651
50.975,0,1.961113007,1.961113007,-0.3697935679
51,0,1.951391789,1.951391789,-0.4077093663
51.025,0,1.940737047,1.940737047,-0.444484235
51.05,0,1.929176645,1.929176645,-0.4801709974
51.075,0,1.916737119,1.916737119,-0.5148231027
51.1,0,1.903443665,1.903443665,-0.5484942426
51.125,0,1.889320135,1.889320135,-0.5812380352
51.15,0,1.874389047,1.874389047,-0.6131077412
51.175,0,1.858671593,1.858671593,-0.6441560302
51.2,0,1.842187658,1.842187658,-0.6744347833
51.225,0,1.824955842,1.824955842,-0.7039949269
51.25,0,1.806993484,1.806993484,-0.732886302
51.275,0,1.788316694,1.788316694,-0.7611575546
51.3,0,1.768940379,1.768940379,-0.7888560544
51.325,0,1.74887828,1.74887828,-0.8160278293
51.35,0,1.728143005,1.728143005,-0.8427175199
51.375,0,1.706746061,1.706746061,-0.8689683469
51.4,0,1.684697896,1.684697896,-0.89482209
51.425,0,1.662007929,1.662007929,-0.9203190772
51.45,0,1.638684591,1.638684591,-0.9454981806
51.475,0,1.614735357,1.614735357,-0.9703968179
51.5,0,1.590166786,1.590166786,-0.9950509568
51.525,0,1.564984559,1.564984559,-1.019495123
51.55,0,1.539193504,1.539193504,-1.043762405
51.575,0,1.512797648,1.512797648,-1.067884464
51.6,0,1.485800239,1.485800239,-1.091891534
51.625,0,1.458203789,1.458203789,-1.115812426
51.65,0,1.430010107,1.430010107,-1.139674521
51.675,0,1.401220337,1.401220337,-1.16350376
51.7,0,1.371834988,1.371834988,-1.187324637
51.725,0,1.341853982,1.341853982,-1.211160158
51.75,0,1.311276679,1.311276679,-1.235031825
51.775,0,1.280101922,1.280101922,-1.258959592
51.8,0,1.248328078,1.248328078,-1.282961799
51.825,0,1.215953074,1.215953074,-1.307055127
51.85,0,1.182974437,1.182974437,-1.331254522
51.875,0,1.149389353,1.149389353,-1.355573087
51.9,0,1.115194697,1.115194697,-1.380022002
51.925,0,1.080387089,1.080387089,-1.404610412
51.95,0,1.044962955,1.044962955,-1.429345266
51.975,0,1.008918568,1.008918568,-1.454231202
52,0,0.972250116,0.972250116,-1.479270382
52.025,0,0.9349537746,0.9349537746,-1.504462277
52.05,0,0.897025758,0.897025758,-1.52980352
52.075,0,0.8584624059,0.8584624059,-1.555287665
52.1,0,0.8192602646,0.8192602646,-1.580904941
52.125,0,0.7794161595,0.7794161595,-1.60664205
52.15,0,0.7389273047,0.7389273047,-1.632481852
52.175,0,0.6977913876,0.6977913876,-1.658403117
52.2,0,0.6560066817,0.6560066817,-1.684380227
52.225,0,0.6135721624,0.6135721624,-1.71038285
52.25,0,0.5704876193,0.5704876193,-1.736375662
52.275,0,0.5267537984,0.5267537984,-1.762317985
52.3,0,0.4823725252,0.4823725252,-1.788163503
52.325,0,0.4373468641,0.4373468641,-1.813859907
52.35,0,0.3916812589,0.3916812589,-1.839348614
52.375,0,0.3453817054,0.3453817054,-1.864564449
52.4,0,0.2984559087,0.2984559087,-1.889435389
52.425,0,0.2509134674,0.2509134674,-1.913882311
52.45,0,0.2027660449,0.2027660449,-1.937818805
52.475,0,0.1540275605,0.1540275605,-1.961151026
52.5,0,0.1047143719,0.1047143719,-1.983777618
52.525,0,0.05484546477,0.05484546477,-2.005589718
52.55,0,0.004442640354,0.004442640354,-2.026471052
52.575,0,-0.04646930414,-0.04646930414,-2.046298138
52.6,0,-0.0978623967,-0.0978623967,-2.064940615
52.625,0,-0.149705325,-0.149705325,-2.082261705
52.65,0,-0.2019632836,-0.2019632836,-2.098118819
52.675,0,-0.2545978374,-0.2545978374,-2.112364352
52.7,0,-0.3075668078,-0.3075668078,-2.124846604
52.725,0,-0.3608241854,-0.3608241854,-2.135410928
52.75,0,-0.4143200692,-0.4143200692,-2.143901027
52.775,0,-0.468000647,-0.468000647,-2.150160438
52.8,0,-0.52180821,-0.52180821,-2.15403422
52.825,0,-0.5756812128,-0.5756812128,-2.155370749
52.85,0,-0.6295543821,-0.6295543821,-2.154023711
52.875,0,-0.683358875,-0.683358875,-2.149854182
52.9,0,-0.7370224893,-0.7370224893,-2.142732795
52.925,0,-0.7904699319,-0.7904699319,-2.132541961
52.95,0,-0.8436231408,-0.8436231408,-2.11917809
52.975,0,-0.8964016611,-0.8964016611,-2.102553743
53,0,-0.9487230747,-0.9487230747,-2.082599686
53.025,0,-1.000503482,-1.000503482,-2.05926679
53.05,0,-1.051658023,-1.051658023,-2.03252768
53.075,0,-1.102101439,-1.102101439,-2.002378118
53.1,0,-1.151748667,-1.151748667,-1.968838058
53.125,0,-1.200515454,-1.200515454,-1.931952306
53.15,0,-1.248318978,-1.248318978,-1.891790782
53.175,0,-1.295078479,-1.295078479,-1.848448333
53.2,0,-1.340715873,-1.340715873,-1.802044099
53.225,0,-1.385156349,-1.385156349,-1.752720431
53.25,0,-1.428328928,-1.428328928,-1.700641386
53.275,0,-1.470166984,-1.470166984,-1.645990808
53.3,0,-1.510608713,-1.510608713,-1.588970053
53.325,0,-1.549597535,-1.549597535,-1.529795453
53.35,0,-1.587082438,-1.587082438,-1.468695476
53.375,0,-1.623018242,-1.623018242,-1.405907781
53.4,0,-1.657365793,-1.657365793,-1.341676189
53.425,0,-1.690092076,-1.690092076,-1.27624754
53.45,0,-1.721170254,-1.721170254,-1.209868809
53.475,0,-1.750579634,-1.750579634,-1.14278407
53.5,0,-1.778305565,-1.778305565,-1.075231971
53.525,0,-1.804339262,-1.804339262,-1.007443117
53.55,0,-1.828677589,-1.828677589,-0.9396380325
53.575,0,-1.85132277,-1.85132277,-0.8720251724
53.6,0,-1.872282078,-1.872282078,-0.8047994596
53.625,0,-1.891567475,-1.891567475,-0.7381410078
53.65,0,-1.90919523,-1.90919523,-0.6722142618
53.675,0,-1.925185525,-1.925185525,-0.6071674042
53.7,0,-1.939562034,-1.939562034,-0.5431320812
53.725,0,-1.952351522,-1.952351522,-0.4802233847
53.75,0,-1.96358342,-1.96358342,-0.4185400915
53.775,0,-1.973289433,-1.973289433,-0.3581650921
53.8,0,-1.981503145,-1.981503145,-0.2991660171
53.825,0,-1.988259646,-1.988259646,-0.2415959932
53.85,0,-1.993595186,-1.993595186,-0.1854945072
53.875,0,-1.997546836,-1.997546836,-0.1308883787
53.9,0,-2.000152195,-2.000152195,-0.07779273799
53.925,0,-2.001449101,-2.001449101,-0.02621208657
53.95,0,-2.001475384,-2.001475384,0.02385867832
53.975,0,-2.000268638,-2.000268638,0.07243322857
54,0,-1.997866016,-1.997866016,0.1195328031
54.025,0,-1.994304059,-1.994304059,0.1651852465
54.05,0,-1.989618535,-1.989618535,0.2094240949
54.075,0,-1.983844315,-1.983844315,0.2522877207
54.1,0,-1.977015257,-1.977015257,0.2938185358
54.125,0,-1.969164115,-1.969164115,0.334062256
54.15,0,-1.960322467,-1.960322467,0.3730672369
54.175,0,-1.950520656,-1.950520656,0.4108838692
54.2,0,-1.939787745,-1.939787745,0.447564033
54.225,0,-1.928151485,-1.928151485,0.483160624
54.25,0,-1.915638298,-1.915638298,0.517727123
54.275,0,-1.902273265,-1.902273265,0.5513172288
54.3,0,-1.888080126,-1.888080126,0.5839845396
54.325,0,-1.873081285,-1.873081285,0.6157822727
54.35,0,-1.85729782,-1.85729782,0.6467630404
54.375,0,-1.840749509,-1.840749509,0.6769786456
54.4,0,-1.82345484,-1.82345484,0.7064799298
54.425,0,-1.80543105,-1.80543105,0.7353166336
54.45,0,-1.786694142,-1.786694142,0.7635372994
54.475,0,-1.767258925,-1.767258925,0.7911891832
54.5,0,-1.74713904,-1.74713904,0.8183181977
54.525,0,-1.726347,-1.726347,0.8449688629
54.55,0,-1.704894223,-1.704894223,0.8711842777
54.575,0,-1.682791066,-1.682791066,0.8970060985
54.6,0,-1.660046863,-1.660046863,0.9224745296
54.625,0,-1.636669961,-1.636669961,0.9476283189
54.65,0,-1.612667758,-1.612667758,0.9725047607
54.675,0,-1.588046735,-1.588046735,0.9971396995
54.7,0,-1.562812498,-1.562812498,1.021567538
54.725,0,-1.536969809,-1.536969809,1.045821244
54.75,0,-1.510522624,-1.510522624,1.069932356
54.775,0,-1.483474128,-1.483474128,1.093930988
54.8,0,-1.455826773,-1.455826773,1.117845827
54.825,0,-1.427582307,-1.427582307,1.141704135
54.85,0,-1.398741821,-1.398741821,1.16553173
54.875,0,-1.369305774,-1.369305774,1.189352977
54.9,0,-1.339274033,-1.339274033,1.213190761
54.925,0,-1.308645919,-1.308645919,1.23706645
54.95,0,-1.277420231,-1.277420231,1.260999859
54.975,0,-1.245595292,-1.245595292,1.285009201
55,0,-1.213168999,-1.213168999,1.309111004
55.025,0,-1.180138849,-1.180138849,1.333320055
55.05,0,-1.146501993,-1.146501993,1.357649314
55.075,0,-1.112255289,-1.112255289,1.382109781
55.1,0,-1.077395337,-1.077395337,1.406710413
55.125,0,-1.041918542,-1.041918542,1.431457987
55.15,0,-1.005821175,-1.005821175,1.456356923
55.175,0,-0.969099419,-0.969099419,1.481409156
55.2,0,-0.9317494438,-0.9317494438,1.506613946
55.225,0,-0.8937674796,-0.8937674796,1.53196765
55.25,0,-0.8551498764,-0.8551498764,1.557463553
55.275,0,-0.8158931989,-0.8158931989,1.583091608
55.3,0,-0.7759943079,-0.7759943079,1.608838177
55.325,0,-0.7354504465,-0.7354504465,1.634685805
55.35,0,-0.694259354,-0.694259354,1.660612885
55.375,0,-0.652419356,-0.652419356,1.686593415
55.4,0,-0.6099294924,-0.6099294924,1.712596654
55.425,0,-0.5667896311,-0.5667896311,1.738586826
55.45,0,-0.523000601,-0.523000601,1.764522797
55.475,0,-0.4785643316,-0.4785643316,1.79035774
55.5,0,-0.4334839943,-0.4334839943,1.816038837
55.525,0,-0.3877641628,-0.3877641628,1.841506944
55.55,0,-0.341410968,-0.341410968,1.866696321
55.575,0,-0.2944322725,-0.2944322725,1.891534345
55.6,0,-0.2468378413,-0.2468378413,1.915941281
55.625,0,-0.1986395239,-0.1986395239,1.939830091
55.65,0,-0.1498514398,-0.1498514398,1.963106292
55.675,0,-0.1004901623,-0.1004901623,1.985667887
55.7,0,-0.05057491086,-0.05057491086,2.007405378
55.725,0,-0.0001277332976,-0.0001277332976,2.028201867
55.75,0,0.05082630884,0.05082630884,2.047933273
55.775,0,0.1022589654,0.1022589654,2.066468668
55.8,0,0.1541386328,0.1541386328,2.08367075
55.825,0,0.2064302017,0.2064302017,2.099396478
55.85,0,0.2590949215,0.2590949215,2.113497852
55.875,0,0.312090292,0.312090292,2.125822877
55.9,0,0.3653699727,0.3653699727,2.136216715
55.925,0,0.4188837311,0.4188837311,2.144522985
55.95,0,0.4725774219,0.4725774219,2.150585299
55.975,0,0.5263930061,0.5263930061,2.154248917
56,0,0.5802686164,0.5802686164,2.155362588
56.025,0,0.6341386692,0.6341386692,2.153780551
56.05,0,0.6879340256,0.6879340256,2.149364604
56.075,0,0.7415822095,0.7415822095,2.141986297
56.1,0,0.7950076793,0.7950076793,2.13152915
56.125,0,0.8481321533,0.8481321533,2.117890863
56.15,0,0.9008749914,0.9008749914,2.100985466
56.175,0,0.9531536314,0.9531536314,2.080745372
56.2,0,1.00488407,1.00488407,2.057123239
56.225,0,1.055981391,1.055981391,2.030093611
56.25,0,1.10636033,1.10636033,1.999654278
56.275,0,1.155935868,1.155935868,1.965827286
56.3,0,1.204623848,1.204623848,1.928659576
56.325,0,1.252341601,1.252341601,1.888223205
56.35,0,1.29900857,1.29900857,1.844615117
56.375,0,1.344546929,1.344546929,1.797956476
56.4,0,1.388882169,1.388882169,1.74839155
56.425,0,1.431943664,1.431943664,1.696086158
56.45,0,1.47366518,1.47366518,1.641225722
56.475,0,1.513985343,1.513985343,1.584012988
56.5,0,1.552848036,1.552848036,1.524665426
56.525,0,1.590202733,1.590202733,1.463412398
56.55,0,1.626004762,1.626004762,1.400492228
56.575,0,1.660215486,1.660215486,1.336149082
56.6,0,1.692802416,1.692802416,1.270629963
56.625,0,1.723739241,1.723739241,1.204181668
56.65,0,1.753005789,1.753005789,1.137047955
56.675,0,1.780587913,1.780587913,1.069466839
56.7,0,1.806477321,1.806477321,1.00166818
56.725,0,1.830671342,1.830671342,0.933871519
56.75,0,1.853172645,1.853172645,0.866284231
56.775,0,1.873988917,1.873988917,0.7991000124
56.8,0,1.893132499,1.893132499,0.7324976754
56.825,0,1.910620013,1.910620013,0.6666402997
56.85,0,1.92647195,1.92647195,0.6016746657
56.875,0,1.940712267,1.940712267,0.5377310069
56.9,0,1.953367969,1.953367969,0.4749230154
56.925,0,1.964468698,1.964468698,0.413348095
56.95,0,1.974046334,1.974046334,0.3530878091
56.975,0,1.9821346,1.9821346,0.2942085276
57,0,1.988768705,1.988768705,0.2367621707
57.025,0,1.993984974,1.993984974,0.180787123
57.05,0,1.99782054,1.99782054,0.1263091522
57.075,0,2.000313029,2.000313029,0.07334245792
57.1,0,2.001500289,2.001500289,0.02189067622
57.125,0,2.00142014,2.00142014,-0.0280520639
57.15,0,2.000110144,2.000110144,-0.07650011642
57.175,0,1.99760741,1.99760741,-0.1234753196
57.2,0,1.993948417,1.993948417,-0.1690060374
57.225,0,1.989168863,1.989168863,-0.2131262503
57.25,0,1.983303537,1.983303537,-0.2558747056
57.275,0,1.976386204,1.976386204,-0.2972941225
57.3,0,1.968449524,1.968449524,-0.3374304671
57.325,0,1.959524969,1.959524969,-0.3763322924
57.35,0,1.949642776,1.949642776,-0.414050134
57.375,0,1.938831896,1.938831896,-0.4506359774
57.4,0,1.927119969,1.927119969,-0.4861427843
57.425,0,1.914533303,1.914533303,-0.5206240661
57.45,0,1.901096864,1.901096864,-0.5541335272
57.475,0,1.886834279,1.886834279,-0.586724741
57.5,0,1.871767836,1.871767836,-0.6184508841
57.525,0,1.855918505,1.855918505,-0.6493645049
57.55,0,1.83930595,1.83930595,-0.6795173318
57.575,0,1.821948555,1.821948555,-0.7089601162
57.6,0,1.803863448,1.803863448,-0.7377425013
57.625,0,1.78506653,1.78506653,-0.7659129222
57.65,0,1.765572508,1.765572508,-0.7935185234
57.675,0,1.745394928,1.745394928,-0.8206050997
57.7,0,1.724546208,1.724546208,-0.8472170521
57.725,0,1.703037672,1.703037672,-0.8733973566
57.75,0,1.68087959,1.68087959,-0.8991875466
57.775,0,1.658081212,1.658081212,-0.9246277023
57.8,0,1.6346508,1.6346508,-0.9497564479
57.825,0,1.610595674,1.610595674,-0.9746109538
57.85,0,1.58592224,1.58592224,-0.9992269419
57.875,0,1.560636028,1.560636028,-1.023638692
57.9,0,1.534741733,1.534741733,-1.04787905
57.925,0,1.508243242,1.508243242,-1.071979434
57.95,0,1.481143677,1.481143677,-1.095969835
57.975,0,1.453445428,1.453445428,-1.11987882
58,0,1.425150189,1.425150189,-1.143733528
58.025,0,1.396258989,1.396258989,-1.167559655
58.05,0,1.366772241,1.366772241,-1.191381439
58.075,0,1.336689764,1.336689764,-1.215221638
58.1,0,1.306010828,1.306010828,-1.239101494
58.125,0,1.274734194,1.274734194,-1.263040682
58.15,0,1.242858149,1.242858149,-1.287057272
58.175,0,1.210380547,1.210380547,-1.311167659
58.2,0,1.177298862,1.177298862,-1.335386466
58.225,0,1.143610215,1.143610215,-1.35972649
58.25,0,1.109311435,1.109311435,-1.384198575
58.275,0,1.074399112,1.074399112,-1.408811486
58.3,0,1.038869633,1.038869633,-1.433571803
58.325,0,1.002719256,1.002719256,-1.458483756
58.35,0,0.965944167,0.965944167,-1.483549044
58.375,0,0.9285405342,0.9285405342,-1.508766692
58.4,0,0.8905045934,0.8905045934,-1.534132813
58.425,0,0.8518327146,0.8518327146,-1.559640404
58.45,0,0.812521479,0.812521479,-1.585279133
58.475,0,0.7725677799,0.7725677799,-1.611035043
58.5,0,0.7319688983,0.7319688983,-1.636890333
58.525,0,0.6907226164,0.6907226164,-1.662823044
58.55,0,0.6488273201,0.6488273201,-1.68880677
58.575,0,0.6062821106,0.6062821106,-1.714810366
58.6,0,0.5630869367,0.5630869367,-1.740797602
58.625,0,0.5192427119,0.5192427119,-1.766726879
58.65,0,0.4747514684,0.4747514684,-1.792550868
58.675,0,0.4296164888,0.4296164888,-1.818216226
58.7,0,0.3838424746,0.3838424746,-1.843663259
58.725,0,0.337435696,0.337435696,-1.868825651
58.75,0,0.2904041722,0.2904041722,-1.893630181
58.775,0,0.2427578368,0.2427578368,-1.917996501
58.8,0,0.1945087273,0.1945087273,-1.941836941
58.825,0,0.1456711629,0.1456711629,-1.965056382
58.85,0,0.09626193618,0.09626193618,-1.987552188
58.875,0,0.04630049964,0.04630049964,-2.009214222
58.9,0,-0.00419084943,-0.00419084943,-2.029924967
58.925,0,-0.05518678435,-0.05518678435,-2.049559743
58.95,0,-0.1066587761,-0.1066587761,-2.06798706
58.975,0,-0.1585749283,-0.1585749283,-2.085069099
59,0,-0.2108998262,-0.2108998262,-2.100662367
59.025,0,-0.2635944047,-0.2635944047,-2.114618478
59.05,0,-0.316615839,-0.316615839,-2.126785155
59.075,0,-0.3699174589,-0.3699174589,-2.137007367
59.1,0,-0.4234486997,-0.4234486997,-2.145128679
59.125,0,-0.4771550824,-0.4771550824,-2.150992773
59.15,0,-0.5309782393,-0.5309782393,-2.154445126
59.175,0,-0.5848559821,-0.5848559821,-2.155334886
59.2,0,-0.6387224168,-0.6387224168,-2.153516846
59.225,0,-0.6925081111,-0.6925081111,-2.148853547
59.25,0,-0.7461403174,-0.7461403174,-2.141217476
59.275,0,-0.7995432467,-0.7995432467,-2.130493274
59.3,0,-0.8526384005,-0.8526384005,-2.116579944
59.325,0,-0.9053449584,-0.9053449584,-2.099393008
59.35,0,-0.9575802158,-0.9575802158,-2.078866532
59.375,0,-1.00926007,-1.00926007,-2.054954976
59.4,0,-1.060299553,-1.060299553,-2.027634815
59.425,0,-1.110613397,-1.110613397,-1.996905869
59.45,0,-1.160116634,-1.160116634,-1.962792285
59.475,0,-1.208725208,-1.208725208,-1.925343141
59.5,0,-1.256356606,-1.256356606,-1.884632625
59.525,0,-1.30293048,-1.30293048,-1.840759776
59.55,0,-1.348369263,-1.348369263,-1.793847777
59.575,0,-1.392598755,-1.392598755,-1.744042796
59.6,0,-1.435548685,-1.435548685,-1.691512399
59.625,0,-1.477153217,-1.477153217,-1.636443579
59.65,0,-1.517351407,-1.517351407,-1.579040445
59.675,0,-1.556087604,-1.556087604,-1.519521579
59.7,0,-1.593311772,-1.593311772,-1.458117239
59.725,0,-1.628979743,-1.628979743,-1.395066356
59.75,0,-1.663053405,-1.663053405,-1.330613451
59.775,0,-1.695500792,-1.695500792,-1.265005649
59.8,0,-1.726296118,-1.726296118,-1.198489559
59.825,0,-1.755419732,-1.755419732,-1.131308602
59.85,0,-1.782857988,-1.782857988,-1.063700137
59.875,0,-1.808603088,-1.808603088,-0.9958932634
59.9,0,-1.832652823,-1.832652823,-0.9281065295
59.925,0,-1.855010305,-1.855010305,-0.8605462203
59.95,0,-1.875683629,-1.875683629,-0.7934047902
59.975,0,-1.894685519,-1.894685519,-0.726859753
60,0,-1.912032939,-1.912032939,-0.6610728104
60.025,0,-1.927746693,-1.927746693,-0.5961893443
60.05,0,-1.941851013,-1.941851013,-0.5323381736
60.075,0,-1.954373144,-1.954373144,-0.4696315937
60.1,0,-1.965342936,-1.965342936,-0.4081656346
60.125,0,-1.974792438,-1.974792438,-0.3480205462
60.15,0,-1.982755517,-1.982755517,-0.2892614285
60.175,0,-1.989267486,-1.989267486,-0.2319390217
60.2,0,-1.994364754,-1.994364754,-0.1760905919
60.225,0,-1.998084508,-1.998084508,-0.1217408867
60.25,0,-2.000464402,-2.000464402,-0.06890316363
60.275,0,-2.001542291,-2.001542291,-0.01758020793
60.3,0,-2.001355982,-2.001355982,0.03223461174
60.325,0,-1.999943005,-1.999943005,0.08055632521
60.35,0,-1.997340423,-1.997340423,0.1274073633
60.375,0,-1.993584654,-1.993584654,0.1728166022
60.4,0,-1.988711323,-1.988711323,0.2168184613
60.425,0,-1.982755134,-1.982755134,0.2594520556
60.45,0,-1.975749764,-1.975749764,0.3007604078
60.475,0,-1.967727773,-1.967727773,0.3407897298
60.5,0,-1.958720531,-1.958720531,0.3795887655
60.525,0,-1.948758165,-1.948758165,0.4172081933
60.55,0,-1.937869517,-1.937869517,0.4537001011
60.575,0,-1.926082114,-1.926082114,0.4891175114
60.6,0,-1.91342215,-1.91342215,0.523513966
60.625,0,-1.899914476,-1.899914476,0.5569431705
60.65,0,-1.885582605,-1.885582605,0.589458673
60.675,0,-1.870448714,-1.870448714,0.6211136067
60.7,0,-1.854533659,-1.854533659,0.6519604557
60.725,0,-1.837856995,-1.837856995,0.6820508722
60.75,0,-1.820436996,-1.820436996,0.7114355167
60.775,0,-1.802290687,-1.802290687,0.7401639344
60.8,0,-1.783433865,-1.783433865,0.7682844521
60.825,0,-1.763881138,-1.763881138,0.7958441026
60.85,0,-1.743645953,-1.743645953,0.8228885627
60.875,0,-1.722740633,-1.722740633,0.8494621136
60.9,0,-1.701176414,-1.701176414,0.8756076088
60.925,0,-1.678963475,-1.678963475,0.9013664585
60.95,0,-1.65611098,-1.65611098,0.9267786188
60.975,0,-1.632627112,-1.632627112,0.9518825902
61,0,-1.608519109,-1.608519109,0.9767154191
61.025,0,-1.583793303,-1.583793303,1.001312705
61.05,0,-1.558455152,-1.558455152,1.025708605
61.075,0,-1.532509278,-1.532509278,1.049935843
61.1,0,-1.505959504,-1.505959504,1.074025715
61.125,0,-1.478808887,-1.478808887,1.098008092
61.15,0,-1.451059758,-1.451059758,1.12191142
61.175,0,-1.42271375,-1.42271375,1.145762714
61.2,0,-1.393771842,-1.393771842,1.169587548
61.225,0,-1.364234391,-1.364234391,1.193410036
61.25,0,-1.334101171,-1.334101171,1.217252805
61.275,0,-1.303371405,-1.303371405,1.241136967
61.3,0,-1.272043814,-1.272043814,1.265082066
61.325,0,-1.240116646,-1.240116646,1.289106026
61.35,0,-1.207587719,-1.207587719,1.313225098
61.375,0,-1.174454476,-1.174454476,1.337453756
61.4,0,-1.140714014,-1.140714014,1.361804627
61.425,0,-1.106363136,-1.106363136,1.386288389
61.45,0,-1.071398414,-1.071398414,1.410913627
61.475,0,-1.035816224,-1.035816224,1.435686721
61.5,0,-0.9996128107,-0.9996128107,1.460611699
61.525,0,-0.9627843591,-0.9627843591,1.485690038
61.55,0,-0.9253270415,-0.9253270415,1.510920516
61.575,0,-0.887237098,-0.887237098,1.536299002
61.6,0,-0.8485109175,-0.8485109175,1.561818209
61.625,0,-0.8091451032,-0.8091451032,1.587467507
61.65,0,-0.7691365753,-0.7691365753,1.613232631
61.675,0,-0.7284826573,-0.7284826573,1.639095425
61.7,0,-0.6871811744,-0.6871811744,1.665033575
61.725,0,-0.6452305725,-0.6452305725,1.691020274
61.75,0,-0.6026300179,-0.6026300179,1.717023961
61.775,0,-0.5593795368,-0.5593795368,1.743007963
61.8,0,-0.5154801331,-0.5154801331,1.7689302
61.825,0,-0.4709339383,-0.4709339383,1.79474285
61.85,0,-0.4257443511,-0.4257443511,1.820392036
61.875,0,-0.3799161988,-0.3799161988,1.845817516
61.9,0,-0.3334558951,-0.3334558951,1.870952391
61.925,0,-0.2863716142,-0.2863716142,1.895722845
61.95,0,-0.2386734623,-0.2386734623,1.920047913
61.975,0,-0.1903736639,-0.1903736639,1.943839295
62,0,-0.141486741,-0.141486741,1.967001233
62.025,0,-0.09202970607,-0.09202970607,1.98943045
62.05,0,-0.04202224573,-0.04202224573,2.011016176
62.075,0,0.008513091172,0.008513091172,2.031640273
62.1,0,0.05955071234,0.05955071234,2.051177466
62.125,0,0.1110618082,0.1110618082,2.069495705
62.15,0,0.1630141885,0.1630141885,2.086456661
62.175,0,0.2153721326,0.2153721326,2.101916392
62.2,0,0.2680962591,0.2680962591,2.115726137
62.225,0,0.3211434191,0.3211434191,2.12773334
62.25,0,0.3744666119,0.3744666119,2.137782794
62.275,0,0.4280149399,0.4280149399,2.145718012
62.3,0,0.4817335917,0.4817335917,2.151382764
62.325,0,0.5355638706,0.5355638706,2.154622761
62.35,0,0.5894432679,0.5894432679,2.155287553
62.375,0,0.6433055811,0.6433055811,2.153232512
62.4,0,0.6970810861,0.6970810861,2.148320937
62.425,0,0.750696765,0.750696765,2.140426264
62.45,0,0.8040765846,0.8040765846,2.129434273
62.475,0,0.8571418325,0.8571418325,2.115245288
62.5,0,0.9098115103,0.9098115103,2.097776334
62.525,0,0.9620027749,0.9620027749,2.076963145
62.55,0,1.013631429,1.013631429,2.052761994
62.575,0,1.064612455,1.064612455,2.025151298
62.6,0,1.114860589,1.114860589,1.994132913
62.625,0,1.164290915,1.164290915,1.959733094
62.65,0,1.212819485,1.212819485,1.922003052
62.675,0,1.260363945,1.260363945,1.881019109
62.7,0,1.306844161,1.306844161,1.836882395
62.725,0,1.352182829,1.352182829,1.789718097
62.75,0,1.396306064,1.396306064,1.739674276
62.775,0,1.439143952,1.439143952,1.686920232
62.8,0,1.480631057,1.480631057,1.63164451
62.825,0,1.520706871,1.520706871,1.574052558
62.85,0,1.55931621,1.55931621,1.514364064
62.875,0,1.596409527,1.596409527,1.452810141
62.9,0,1.631943166,1.631943166,1.38963032
62.925,0,1.665879534,1.665879534,1.325069455
62.95,0,1.698187191,1.698187191,1.259374751
62.975,0,1.728840876,1.728840876,1.192792644
63,0,1.757821456,1.757821456,1.12556615
63.025,0,1.785115789,1.785115789,1.057932004
63.05,0,1.810716564,1.810716564,0.9901184987
63.075,0,1.834622036,1.834622036,0.9223431929
63.1,0,1.856835756,1.856835756,0.8548112534
63.125,0,1.877366224,1.877366224,0.7877139014
63.15,0,1.896226545,1.896226545,0.7212273345
63.175,0,1.913434022,1.913434022,0.6555118795
63.2,0,1.929009769,1.929009769,0.5907115144
63.225,0,1.94297829,1.94297829,0.5269536462
63.25,0,1.955367067,1.955367067,0.4643491724
63.275,0,1.966206154,1.966206154,0.4029927574
63.3,0,1.975527767,1.975527767,0.3429633367
63.325,0,1.983365914,1.983365914,0.2843247517
63.35,0,1.989756012,1.989756012,0.2271265643
63.375,0,1.994734551,1.994734551,0.171404931
63.4,0,1.998338765,1.998338765,0.1171835867
63.425,0,2.000606338,2.000606338,0.06447485344
63.45,0,2.001575131,2.001575131,0.01328067541
63.475,0,2.001282934,2.001282934,-0.03640633324
63.5,0,1.999767245,1.999767245,-0.08460187093
63.525,0,1.997065079,1.997065079,-0.1313289534
63.55,0,1.993212791,1.993212791,-0.1766169636
63.575,0,1.988245934,1.988245934,-0.2205007533
63.6,0,1.982199128,1.982199128,-0.2630197986
63.625,0,1.975105957,1.975105957,-0.3042174212
63.65,0,1.966998882,1.966998882,-0.3441400747
63.675,0,1.957909171,1.957909171,-0.3828366881
63.7,0,1.947866842,1.947866842,-0.42035808
63.725,0,1.936900625,1.936900625,-0.4567564367
63.75,0,1.925037936,1.925037936,-0.4920848382
63.775,0,1.912304853,1.912304853,-0.5263968558
63.8,0,1.898726116,1.898726116,-0.5597461914
63.825,0,1.88432512,1.88432512,-0.5921863684
63.85,0,1.869123931,1.869123931,-0.623770473
63.875,0,1.853143293,1.853143293,-0.6545509247
63.9,0,1.836402652,1.836402652,-0.6845792981
63.925,0,1.818920174,1.818920174,-0.7139061618
63.95,0,1.800712777,1.800712777,-0.7425809623
63.975,0,1.781796158,1.781796158,-0.7706519178
64,0,1.762184822,1.762184822,-0.7981659485
64.025,0,1.741892121,1.741892121,-0.8251686135
64.05,0,1.720930284,1.720930284,-0.8517040734
64.075,0,1.699310454,1.699310454,-0.8778150596
64.1,0,1.677042724,1.677042724,-0.9035428586
64.125,0,1.654136172,1.654136172,-0.9289273025
64.15,0,1.6305989,1.6305989,-0.9540067681
64.175,0,1.606438067,1.606438067,-0.9788181782
64.2,0,1.581659929,1.581659929,-1.003397009
64.225,0,1.556269871,1.556269871,-1.027777296
64.25,0,1.530272446,1.530272446,-1.05199164
64.275,0,1.503671412,1.503671412,-1.076071218
64.3,0,1.476469761,1.476469761,-1.100045777
64.325,0,1.448669761,1.448669761,-1.123943644
64.35,0,1.420272993,1.420272993,-1.14779171
64.375,0,1.391280379,1.391280379,-1.171615425
64.4,0,1.361692223,1.361692223,-1.19543878
64.425,0,1.331508255,1.331508255,-1.219284273
64.45,0,1.300727651,1.300727651,-1.243172883
64.475,0,1.269349088,1.269349088,-1.267124022
64.5,0,1.23737078,1.23737078,-1.291155472
64.525,0,1.204790512,1.204790512,-1.315283331
64.55,0,1.171605689,1.171605689,-1.339521932
64.575,0,1.137813388,1.137813388,-1.36388373
64.6,0,1.103410389,1.103410389,-1.388379228
64.625,0,1.06839324,1.06839324,-1.413016842
64.65,0,1.03275831,1.03275831,-1.437802745
64.675,0,0.9965018359,0.9965018359,-1.462740753
64.7,0,0.9596199927,0.9596199927,-1.487832137
64.725,0,0.9221089626,0.9221089626,-1.513075418
64.75,0,0.8839649922,0.8839649922,-1.538466211
64.775,0,0.8451844842,0.8451844842,-1.56399696
64.8,0,0.805764069,0.805764069,-1.589656724
64.825,0,0.7657006926,0.7657006926,-1.61543093
64.85,0,0.7249917216,0.7249917216,-1.641301069
64.875,0,0.683635028,0.683635028,-1.667244459
64.9,0,0.6416291133,0.6416291133,-1.693233905
64.925,0,0.5989732145,0.5989732145,-1.719237416
64.95,0,0.5556674328,0.5556674328,-1.745217879
64.975,0,0.5117128659,0.5117128659,-1.77113273
65,0,0.4671117439,0.4671117439,-1.796933651
65.025,0,0.4218675844,0.4218675844,-1.822566229
65.05,0,0.3759853402,0.3759853402,-1.84796967
65.075,0,0.3294715707,0.3294715707,-1.873076494
65.1,0,0.2823346056,0.2823346056,-1.897812286
65.125,0,0.234584726,0.234584726,-1.922095461
65.15,0,0.1862343434,0.1862343434,-1.945837091
65.175,0,0.1372981854,0.1372981854,-1.968940777
65.2,0,0.08779348474,0.08779348474,-1.991302602
65.225,0,0.03774016394,0.03774016394,-2.012811164
65.25,0,-0.01283897545,-0.01283897545,-2.033347705
65.275,0,-0.06391807401,-0.06391807401,-2.052786358
65.3,0,-0.1154680408,-0.1154680408,-2.070994515
65.325,0,-0.1674563906,-0.1674563906,-2.087833346
65.35,0,-0.2198470951,-0.2198470951,-2.103158458
65.375,0,-0.2726004575,-0.2726004575,-2.116820732
65.4,0,-0.325673002,-0.325673002,-2.128667337
65.425,0,-0.3790173991,-0.3790173991,-2.138542896
65.45,0,-0.4325824171,-0.4325824171,-2.146290891
65.475,0,-0.4863129121,-0.4863129121,-2.151755176
65.5,0,-0.5401498602,-0.5401498602,-2.154781726
65.525,0,-0.5940304322,-0.5940304322,-2.155220505
65.55,0,-0.647888118,-0.647888118,-2.152927466
65.575,0,-0.7016529046,-0.7016529046,-2.147766697
65.6,0,-0.7552515052,-0.7552515052,-2.139612596
65.625,0,-0.8086076438,-0.8086076438,-2.128352089
65.65,0,-0.8616423985,-0.8616423985,-2.113886847
65.675,0,-0.9142745959,-0.9142745959,-2.09613541
65.7,0,-0.9664212571,-0.9664212571,-2.075035189
65.725,0,-1.017998093,-1.017998093,-2.050544285
65.75,0,-1.068920045,-1.068920045,-2.022643067
65.775,0,-1.119101853,-1.119101853,-1.991335435
65.8,0,-1.16845866,-1.16845866,-1.95664975
65.825,0,-1.216906628,-1.216906628,-1.918639364
65.85,0,-1.264363569,-1.264363569,-1.877382728
65.875,0,-1.310749566,-1.310749566,-1.832983055
65.9,0,-1.355987583,-1.355987583,-1.785567535
65.925,0,-1.400004054,-1.400004054,-1.735286101
65.95,0,-1.442729426,-1.442729426,-1.682309776
65.975,0,-1.484098665,-1.484098665,-1.626828647
66,0,-1.524051703,-1.524051703,-1.569049469
66.025,0,-1.562533825,-1.562533825,-1.509193021
66.05,0,-1.599495975,-1.599495975,-1.44749126
66.075,0,-1.634895009,-1.634895009,-1.384184266
66.1,0,-1.668693854,-1.668693854,-1.319517249
66.125,0,-1.700861598,-1.700861598,-1.253737416
66.15,0,-1.731373505,-1.731373505,-1.187091073
66.175,0,-1.760210953,-1.760210953,-1.11982074
66.2,0,-1.787361312,-1.787361312,-1.052162585
66.225,0,-1.812817749,-1.812817749,-0.9843440136
66.25,0,-1.836578985,-1.836578985,-0.91658163
66.275,0,-1.858649003,-1.858649003,-0.8490794441
66.3,0,-1.879036713,-1.879036713,-0.7820274498
66.325,0,-1.897755589,-1.897755589,-0.7156005146
66.35,0,-1.914823276,-1.914823276,-0.6499575913
66.375,0,-1.930261194,-1.930261194,-0.5852412503
66.4,0,-1.944094115,-1.944094115,-0.5215774887
66.425,0,-1.956349757,-1.956349757,-0.4590758057
66.45,0,-1.967058372,-1.967058372,-0.3978295076
66.475,0,-1.976252345,-1.976252345,-0.3379162158
66.5,0,-1.983965817,-1.983965817,-0.2793985222
66.525,0,-1.990234308,-1.990234308,-0.2223248164
66.55,0,-1.995094386,-1.995094386,-0.1667301503
66.575,0,-1.998583334,-1.998583334,-0.1126372567
66.6,0,-2.000738861,-2.000738861,-0.06005752583
66.625,0,-2.001598831,-2.001598831,-0.008992071615
66.65,0,-2.001201018,-2.001201018,0.04056724046
66.675,0,-1.999582886,-1.999582886,0.08863676942
66.7,0,-1.9967814,-1.9967814,0.1352401099
66.725,0,-1.992832851,-1.992832851,0.1804071452
66.75,0,-1.987772719,-1.987772719,0.2241731515
66.775,0,-1.981635538,-1.981635538,0.2665779616
66.8,0,-1.974454801,-1.974454801,0.3076651928
66.825,0,-1.96626287,-1.96626287,0.3474815323
66.85,0,-1.957090907,-1.957090907,0.3860760913
66.875,0,-1.946968823,-1.946968823,0.4234998273
66.9,0,-1.935925237,-1.935925237,0.459805017
66.925,0,-1.92398745,-1.92398745,0.4950447985
66.95,0,-1.911181429,-1.911181429,0.5292727685
66.975,0,-1.897531796,-1.897531796,0.5625426225
67,0,-1.883061836,-1.883061836,0.5949078598
67.025,0,-1.8677935,-1.8677935,0.6264215145
67.05,0,-1.85174742,-1.85174742,0.6571359438
67.075,0,-1.834942933,-1.834942933,0.6871026397
67.1,0,-1.817398098,-1.817398098,0.716372082
67.125,0,-1.799129728,-1.799129728,0.7449936139
67.15,0,-1.780153416,-1.780153416,0.773015348
67.175,0,-1.760483569,-1.760483569,0.8004840887
67.2,0,-1.74013344,-1.74013344,0.827445279
67.225,0,-1.719115167,-1.719115167,0.8539429575
67.25,0,-1.697439799,-1.697439799,0.880019734
67.275,0,-1.675117344,-1.675117344,0.9057167709
67.3,0,-1.652156794,-1.652156794,0.9310737767
67.325,0,-1.62856617,-1.62856617,0.9561290039
67.35,0,-1.604352552,-1.604352552,0.9809192524
67.375,0,-1.57952212,-1.57952212,1.005479875
67.4,0,-1.554080189,-1.554080189,1.029844785
67.425,0,-1.528031241,-1.528031241,1.054046462
67.45,0,-1.501378966,-1.501378966,1.078115961
67.475,0,-1.474126297,-1.474126297,1.102082908
67.5,0,-1.446275441,-1.446275441,1.125975508
67.525,0,-1.417827917,-1.417827917,1.14982053
67.55,0,-1.388784599,-1.388784599,1.173643301
67.575,0,-1.359145739,-1.359145739,1.197467685
67.6,0,-1.328911013,-1.328911013,1.221316055
67.625,0,-1.298079562,-1.298079562,1.245209255
67.65,0,-1.266650017,-1.266650017,1.269166559
67.675,0,-1.234620551,-1.234620551,1.293205618
67.7,0,-1.201988921,-1.201988921,1.317342373
67.725,0,-1.168752501,-1.168752501,1.341590998
67.75,0,-1.134908335,-1.134908335,1.365963804
67.775,0,-1.100453189,-1.100453189,1.390471103
67.8,0,-1.065383591,-1.065383591,1.415121128
67.825,0,-1.029695892,-1.029695892,1.439919873
67.85,0,-0.9933863276,-0.9933863276,1.464870925
67.875,0,-0.9564510678,-0.9564510678,1.489975334
67.9,0,-0.9188862953,-0.9188862953,1.515231393
67.925,0,-0.8806882731,-0.8806882731,1.540634436
67.95,0,-0.8418534128,-0.8418534128,1.566176647
67.975,0,-0.8023783732,-0.8023783732,1.591846776
68,0,-0.7622601321,-0.7622601321,1.617629922
68.025,0,-0.7214960905,-0.7214960905,1.643507247
68.05,0,-0.6800841762,-0.6800841762,1.669455679
68.075,0,-0.6380229423,-0.6380229423,1.695447641
68.1,0,-0.5953116999,-0.5953116999,1.721450709
68.125,0,-0.5519506261,-0.5519506261,1.747427322
68.15,0,-0.5079409112,-0.5079409112,1.77333444
68.175,0,-0.4632848885,-0.4632848885,1.799123235
68.2,0,-0.4179861915,-0.4179861915,1.824738766
68.225,0,-0.3720499035,-0.3720499035,1.850119678
68.25,0,-0.325482728,-0.325482728,1.875197912
68.275,0,-0.2782931534,-0.2782931534,1.89989845
68.3,0,-0.230491636,-0.230491636,1.924139089
68.325,0,-0.1820907757,-0.1820907757,1.947830268
68.35,0,-0.1331055079,-0.1331055079,1.970874949
68.375,0,-0.08355328523,-0.08355328523,1.993168575
68.4,0,-0.03345426932,-0.03345426932,2.014599111
68.425,0,0.01716848505,0.01716848505,2.035047184
68.45,0,0.06828885056,0.06828885056,2.054386334
68.475,0,0.119877453,0.119877453,2.072483405
68.5,0,0.1719015105,0.1719015105,2.089199064
68.525,0,0.2243246889,0.2243246889,2.104388474
68.55,0,0.2771069711,0.2771069711,2.117902172
68.575,0,0.3302045576,0.3302045576,2.129587046
68.6,0,0.3835697877,0.3835697877,2.13928758
68.625,0,0.4371510957,0.4371510957,2.146847214
68.65,0,0.4908930065,0.4908930065,2.152109918
68.675,0,0.5447361682,0.5447361682,2.154921935
68.7,0,0.5986174323,0.5986174323,2.155133648
68.725,0,0.6524699837,0.6524699837,2.15260163
68.75,0,0.7062235206,0.7062235206,2.147190757
68.775,0,0.7598044891,0.7598044891,2.138776403
68.8,0,0.8131363748,0.8131363748,2.127246667
68.825,0,0.8661400481,0.8661400481,2.112504577
68.85,0,0.9187341631,0.9187341631,2.094470201
68.875,0,0.9708356091,0.9708356091,2.073082643
68.9,0,1.022360012,1.022360012,2.048301845
68.925,0,1.073222271,1.073222271,2.020110133
68.95,0,1.123337137,1.123337137,1.988513458
68.975,0,1.172619816,1.172619816,1.953542295
69,0,1.220986586,1.220986586,1.915252133
69.025,0,1.268355429,1.268355429,1.873723552
69.05,0,1.314646648,1.314646648,1.829061845
69.075,0,1.359783481,1.359783481,1.781396188
69.1,0,1.403692684,1.403692684,1.73087838
69.125,0,1.446305067,1.446305067,1.677681159
69.15,0,1.487556005,1.487556005,1.621996119
69.175,0,1.527385871,1.527385871,1.564031314
69.2,0,1.565740418,1.565740418,1.504008604
69.225,0,1.602571089,1.602571089,1.442160736
69.25,0,1.63783525,1.63783525,1.37872836
69.275,0,1.671496348,1.671496348,1.313956973
69.3,0,1.703524,1.703524,1.248093805
69.325,0,1.733893993,1.733893993,1.181384976
69.35,0,1.76258822,1.76258822,1.114072532
69.375,0,1.789594555,1.789594555,1.046392006
69.4,0,1.814906644,1.814906644,0.9785699452
69.425,0,1.838523673,1.838523673,0.9108219611
69.45,0,1.860450054,1.860450054,0.8433509063
69.475,0,1.880695103,1.880695103,0.7763455383
69.5,0,1.899272662,1.899272662,0.7099793864
69.525,0,1.916200717,1.916200717,0.6444100287
69.55,0,1.931500985,1.931500985,0.5797786251
69.575,0,1.945198507,1.945198507,0.5162097636
69.6,0,1.957321233,1.957321233,0.4538115473
69.625,0,1.96789961,1.96789961,0.3926759297
69.65,0,1.976966191,1.976966191,0.3328792171
69.675,0,1.984555244,1.984555244,0.2744827689
69.7,0,1.990702395,1.990702395,0.2175337925
69.725,0,1.995444283,1.995444283,0.1620662632
69.75,0,1.998818238,1.998818238,0.1081018989
69.775,0,2.000861994,2.000861994,0.05565117891
69.8,0,2.001613416,2.001613416,0.00471438924
69.825,0,2.001110258,2.001110258,-0.04471734517
69.85,0,1.999389951,1.999389951,-0.09266103733
69.875,0,1.996489407,1.996489407,-0.1391408534
69.9,0,1.992444855,1.992444855,-0.1841871694
69.925,0,1.987291698,1.987291698,-0.2278356811
69.95,0,1.981064386,1.981064386,-0.2701265734
69.975,0,1.973796318,1.973796318,-0.3111037518
70,0,1.965519756,1.965519756,-0.350814133
70.025,0,1.956265757,1.956265757,-0.3893070083
70.05,0,1.946064126,1.946064126,-0.4266334668
70.075,0,1.934943368,1.934943368,-0.4628458744
70.1,0,1.922930672,1.922930672,-0.4979974257
70.125,0,1.910051891,1.910051891,-0.5321417364
70.15,0,1.896331532,1.896331532,-0.5653324981
70.175,0,1.881792766,1.881792766,-0.5976231792
70.2,0,1.866457432,1.866457432,-0.6290667641
70.225,0,1.850346051,1.850346051,-0.6597155439
70.25,0,1.833477849,1.833477849,-0.6896209285
70.275,0,1.815870779,1.815870779,-0.7188333068
70.3,0,1.797541548,1.797541548,-0.7474019193
70.325,0,1.778505648,1.778505648,-0.7753747709
70.35,0,1.758777385,1.758777385,-0.8027985513
70.375,0,1.738369918,1.738369918,-0.8297185857
70.4,0,1.717295287,1.717295287,-0.856178792
70.425,0,1.695564456,1.695564456,-0.8822216569
70.45,0,1.67318734,1.67318734,-0.9078882196
70.475,0,1.65017285,1.65017285,-0.9332180645
70.5,0,1.626528924,1.626528924,-0.9582493201
70.525,0,1.602262566,1.602262566,-0.9830186631
70.55,0,1.57737988,1.57737988,-1.007561323
70.575,0,1.551886107,1.551886107,-1.031911092
70.6,0,1.525785663,1.525785663,-1.056100327
70.625,0,1.49908217,1.49908217,-1.080159961
70.65,0,1.471778498,1.471778498,-1.104119501
70.675,0,1.443876795,1.443876795,-1.128007027
70.7,0,1.415378524,1.415378524,-1.15184919
70.725,0,1.386284503,1.386284503,-1.17567119
70.75,0,1.356594935,1.356594935,-1.199496765
70.775,0,1.326309449,1.326309449,-1.223348161
70.8,0,1.295427138,1.295427138,-1.247246092
70.825,0,1.263946597,1.263946597,-1.271209692
70.85,0,1.23186596,1.23186596,-1.29525647
70.875,0,1.199182947,1.199182947,-1.319402225
70.9,0,1.165894908,1.165894908,-1.34366097
70.925,0,1.131998856,1.131998856,-1.36804485
70.95,0,1.097491536,1.097491536,-1.392564014
70.975,0,1.062369461,1.062369461,-1.417226497
71,0,1.026628968,1.026628968,-1.442038102
71.025,0,0.9902662835,0.9902662835,-1.46700221
71.05,0,0.9532775801,0.9532775801,-1.492119633
71.075,0,0.9156590391,0.9156590391,-1.517388431
71.1,0,0.8774069366,0.8774069366,-1.542803676
71.125,0,0.8385177027,0.8385177027,-1.56835726
71.15,0,0.7989880151,0.7989880151,-1.594037649
71.175,0,0.7588148897,0.7588148897,-1.619829602
71.2,0,0.717995764,0.717995764,-1.645713941
71.225,0,0.6765286165,0.6765286165,-1.67166722
71.25,0,0.6344120609,0.6344120609,-1.697661458
71.275,0,0.5916454743,0.5916454743,-1.723663814
71.3,0,0.5482291182,0.5482291182,-1.749636264
71.325,0,0.5041642711,0.5041642711,-1.775535296
71.35,0,0.4594533747,0.4594533747,-1.801311567
71.375,0,0.4141001762,0.4141001762,-1.826909607
71.4,0,0.3681098937,0.3681098937,-1.852267496
71.425,0,0.3214893728,0.3214893728,-1.877316597
71.45,0,0.2742472651,0.2742472651,-1.901981286
71.475,0,0.2263942003,0.2263942003,-1.92617874
71.5,0,0.1779429711,0.1779429711,-1.949818764
71.525,0,0.1289087193,0.1289087193,-1.972803682
71.55,0,0.07930912082,0.07930912082,-1.995028297
71.575,0,0.02916457708,0.02916457708,-2.016379942
71.6,0,-0.0215016034,-0.0215016034,-2.036738629
71.625,0,-0.07266302291,-0.07266302291,-2.055977312
71.65,0,-0.1242900232,-0.1242900232,-2.073962286
71.675,0,-0.1763495258,-0.1763495258,-2.090553718
71.7,0,-0.2288048873,-0.2288048873,-2.10560635
71.725,0,-0.2816157725,-0.2816157725,-2.118970356
71.75,0,-0.3347380558,-0.3347380558,-2.130492374
71.775,0,-0.3881237445,-0.3881237445,-2.140016747
71.8,0,-0.4417209407,-0.4417209407,-2.147386887
71.825,0,-0.4954738371,-0.4954738371,-2.152446898
71.85,0,-0.5493227544,-0.5493227544,-2.155043291
71.875,0,-0.6032042265,-0.6032042265,-2.155026901
71.9,0,-0.6570511339,-0.6570511339,-2.152254924
71.925,0,-0.7107928874,-0.7107928874,-2.14659304
71.95,0,-0.7643556693,-0.7643556693,-2.13791762
71.975,0,-0.8176627286,-0.8176627286,-2.126117954
72,0,-0.8706347304,-0.8706347304,-2.111098435
72.025,0,-0.9231901597,-0.9231901597,-2.092780675
72.05,0,-0.9752457794,-0.9752457794,-2.07110549
72.075,0,-1.026717131,-1.026717131,-2.04603467
72.1,0,-1.077519079,-1.077519079,-2.017552505
72.125,0,-1.127566388,-1.127566388,-1.985667008
72.15,0,-1.176774332,-1.176774332,-1.950410768
72.175,0,-1.225059311,-1.225059311,-1.911841416
72.2,0,-1.272339476,-1.272339476,-1.870041654
72.225,0,-1.318535361,-1.318535361,-1.825118848
72.25,0,-1.36357048,-1.36357048,-1.777204155
72.275,0,-1.407371911,-1.407371911,-1.72645123
72.3,0,-1.449870838,-1.449870838,-1.6730345
72.325,0,-1.491003042,-1.491003042,-1.617147055
72.35,0,-1.530709342,-1.530709342,-1.558998242
72.375,0,-1.568935964,-1.568935964,-1.498810952
72.4,0,-1.605634847,-1.605634847,-1.436818721
72.425,0,-1.640763868,-1.640763868,-1.373262753
72.45,0,-1.674287,-1.674287,-1.308388774
72.475,0,-1.706174384,-1.706174384,-1.24244408
72.5,0,-1.736402331,-1.736402331,-1.175674493
72.525,0,-1.764953251,-1.764953251,-1.108321668
72.55,0,-1.791815513,-1.791815513,-1.040620401
72.575,0,-1.816983251,-1.816983251,-0.972796427
72.6,0,-1.840456104,-1.840456104,-0.9050643035
72.625,0,-1.862238917,-1.862238917,-0.837625756
72.65,0,-1.882341405,-1.882341405,-0.7706682683
72.675,0,-1.900777778,-1.900777778,-0.704364044
72.7,0,-1.917566357,-1.917566357,-0.6388692742
72.725,0,-1.932729157,-1.932729157,-0.5743237116
72.75,0,-1.946291484,-1.946291484,-0.5108505318
72.775,0,-1.958281514,-1.958281514,-0.4485564505
72.8,0,-1.968729891,-1.968729891,-0.387532063
72.825,0,-1.977669327,-1.977669327,-0.3278523765
72.85,0,-1.98513422,-1.98513422,-0.2695775144
72.875,0,-1.991160297,-1.991160297,-0.2127535139
72.9,0,-1.995784264,-1.995784264,-0.157413278
72.925,0,-1.999043501,-1.999043501,-0.1035775179
72.95,0,-2.000975761,-2.000975761,-0.05125581084
72.975,0,-2.001618907,-2.001618907,-0.0004476203643
73,0,-2.001010676,-2.001010676,0.0488566606
73.025,0,-1.999188461,-1.999188461,0.0966746917
73.05,0,-1.996189123,-1.996189123,0.1430312039
73.075,0,-1.992048825,-1.992048825,0.1879570597
73.1,0,-1.986802892,-1.986802892,0.2314883685
73.125,0,-1.980485691,-1.980485691,0.273665662
73.15,0,-1.973130525,-1.973130525,0.3145331277
73.175,0,-1.964769557,-1.964769557,0.3541379081
73.2,0,-1.95543374,-1.95543374,0.3925294708
73.225,0,-1.945152768,-1.945152768,0.4297590311
73.25,0,-1.933955035,-1.933955035,0.465879043
73.275,0,-1.921867618,-1.921867618,0.5009427524
73.3,0,-1.908916253,-1.908916253,0.5350037931
73.325,0,-1.895125336,-1.895125336,0.5681158504
73.35,0,-1.880517924,-1.880517924,0.6003323591
73.375,0,-1.86511574,-1.86511574,0.6317062538
73.4,0,-1.848939197,-1.848939197,0.6622897563
73.425,0,-1.832007411,-1.832007411,0.6921341955
73.45,0,-1.814338227,-1.814338227,0.7212898661
73.475,0,-1.795948248,-1.795948248,0.7498059077
73.5,0,-1.776852862,-1.776852862,0.7777302148
73.525,0,-1.757066279,-1.757066279,0.8051093637
73.55,0,-1.73660156,-1.73660156,0.8319885605
73.575,0,-1.715470652,-1.715470652,0.8584116024
73.6,0,-1.693684428,-1.693684428,0.8844208533
73.625,0,-1.671252716,-1.671252716,0.9100572287
73.65,0,-1.648184344,-1.648184344,0.9353601889
73.675,0,-1.624487168,-1.624487168,0.960367739
73.7,0,-1.600168114,-1.600168114,0.9851164317
73.725,0,-1.575233211,-1.575233211,1.009641375
73.75,0,-1.549687629,-1.549687629,1.033976236
73.775,0,-1.523535714,-1.523535714,1.058153253
73.8,0,-1.496781025,-1.496781025,1.082203236
73.825,0,-1.469426365,-1.469426365,1.106155572
73.85,0,-1.441473826,-1.441473826,1.130038219
73.875,0,-1.412924814,-1.412924814,1.153877704
73.9,0,-1.383780091,-1.383780091,1.177699106
73.925,0,-1.354039812,-1.354039812,1.201526034
73.95,0,-1.323703559,-1.323703559,1.225380605
73.975,0,-1.292770379,-1.292770379,1.249283406
74,0,-1.261238828,-1.261238828,1.273253429
74.025,0,-1.229107003,-1.229107003,1.29730804
74.05,0,-1.196372589,-1.196372589,1.321462897
74.075,0,-1.163032907,-1.163032907,1.34573185
74.1,0,-1.129084947,-1.129084947,1.370126878
74.125,0,-1.094525427,-1.094525427,1.394657964
74.15,0,-1.059350848,-1.059350848,1.41933295
74.175,0,-1.023557535,-1.023557535,1.444157437
74.2,0,-0.9871417022,-0.9871417022,1.469134608
74.225,0,-0.9500995261,-0.9500995261,1.494265034
74.25,0,-0.9124271918,-0.9124271918,1.519546531
74.275,0,-0.874120982,-0.874120982,1.54497392
74.3,0,-0.8351773497,-0.8351773497,1.570538797
74.325,0,-0.7955929938,-0.7955929938,1.596229331
74.35,0,-0.7553649642,-0.7553649642,1.622029956
74.375,0,-0.714490741,-0.714490741,1.647921136
74.4,0,-0.6729683495,-0.6729683495,1.673879061
74.425,0,-0.6307964674,-0.6307964674,1.699875338
74.45,0,-0.5879745385,-0.5879745385,1.725876705
74.475,0,-0.5445029089,-0.5445029089,1.751844678
74.5,0,-0.5003829478,-0.5003829478,1.777735266
74.525,0,-0.4556172042,-0.4556172042,1.803498612
74.55,0,-0.4102095426,-0.4102095426,1.829078711
74.575,0,-0.3641653145,-0.3641653145,1.854413081
74.6,0,-0.3174915113,-0.3174915113,1.879432501
74.625,0,-0.2701969472,-0.2701969472,1.904060739
74.65,0,-0.2222924277,-0.2222924277,1.928214354
74.675,0,-0.1737909394,-0.1737909394,1.951802516
74.7,0,-0.1247078314,-0.1247078314,1.974726908
74.725,0,-0.07506100508,-0.07506100508,1.996881695
74.75,0,-0.0248711021,-0.0248711021,2.01815358
74.775,0,0.02583831314,0.02583831314,2.03842196
74.8,0,0.07704057174,0.07704057174,2.057559207
74.825,0,0.1287057304,0.1287057304,2.07543107
74.85,0,0.1808004124,0.1808004124,2.091897225
74.875,0,0.2332876649,0.2332876649,2.106811988
74.9,0,0.2861268332,0.2861268332,2.120025191
74.925,0,0.3392734652,0.3392734652,2.131383225
74.95,0,0.3926792368,0.3926792368,2.140730298
74.975,0,0.4462919167,0.4462919167,2.147909816
75,0,0.5000553659,0.5000553659,2.152766018
75.025,0,0.5539095788,0.5539095788,2.155145707
75.05,0,0.6077907724,0.6077907724,2.154900177
75.075,0,0.6616315237,0.6616315237,2.151887264
75.1,0,0.7153609588,0.7153609588,2.145973472
75.125,0,0.7689049977,0.7689049977,2.137036185
75.15,0,0.8221866552,0.8221866552,2.124965893
75.175,0,0.8751263943,0.8751263943,2.109668375
75.2,0,0.9276425348,0.9276425348,2.091066804
75.225,0,0.9796517155,0.9796517155,2.069103713
75.25,0,1.031069399,1.031069399,2.043742755
75.275,0,1.081810417,1.081810417,2.014970196
75.3,0,1.131789555,1.131789555,1.982796112
75.325,0,1.180922158,1.180922158,1.947255214
75.35,0,1.229124751,1.229124751,1.90840727
75.375,0,1.276315664,1.276315664,1.866337106
75.4,0,1.322415659,1.322415659,1.821154153
75.425,0,1.367348534,1.367348534,1.772991539
75.45,0,1.411041696,1.411041696,1.722004761
75.475,0,1.4534267,1.4534267,1.668369923
75.5,0,1.494439742,1.494439742,1.612281595
75.525,0,1.534022086,1.534022086,1.553950386
75.55,0,1.572120433,1.572120433,1.493600212
75.575,0,1.608687222,1.608687222,1.431465374
75.6,0,1.643680843,1.643680843,1.367787587
75.625,0,1.677065792,1.677065792,1.302812824
75.65,0,1.708812737,1.708812737,1.236788371
75.675,0,1.738898511,1.738898511,1.169959797
75.7,0,1.767306038,1.767306038,1.102568278
75.725,0,1.794024187,1.794024187,1.034847915
75.75,0,1.819047571,1.819047571,0.9670235802
75.775,0,1.842376282,1.842376282,0.8993087837
75.8,0,1.864015598,1.864015598,0.8319041002
75.825,0,1.883975628,1.883975628,0.7649957424
75.85,0,1.90227095,1.90227095,0.6987545782
75.875,0,1.918920212,1.918920212,0.6333354092
75.9,0,1.933945727,1.933945727,0.5688765801
75.925,0,1.947373063,1.947373063,0.505499856
75.95,0,1.95923062,1.95923062,0.4433105657
75.975,0,1.969549234,1.969549234,0.3823979515
76,0,1.978361775,1.978361775,0.3228357276
76.025,0,1.985702768,1.985702768,0.2646827814
76.05,0,1.991608036,1.991608036,0.2079839982
76.075,0,1.996114355,1.996114355,0.1527712021
76.1,0,1.999259147,1.999259147,0.09906411653
76.125,0,2.001080184,2.001080184,0.04687141807
76.15,0,2.001615329,2.001615329,-0.003808243626
76.175,0,2.000902296,2.000902296,-0.05298519972
76.2,0,1.998978441,1.998978441,-0.1006777497
76.225,0,1.99588057,1.99588057,-0.146911182
76.25,0,1.991644781,1.991644781,-0.1917168397
76.275,0,1.986306323,1.986306323,-0.2351312401
76.3,0,1.979899473,1.979899473,-0.2771952555
76.325,0,1.972457444,1.972457444,-0.3179533501
76.35,0,1.964012294,1.964012294,-0.357452889
76.375,0,1.954594874,1.954594874,-0.3957435104
76.4,0,1.944234766,1.944234766,-0.4328765526
76.425,0,1.932960255,1.932960255,-0.4689045557
76.45,0,1.920798303,1.920798303,-0.5038808119
76.475,0,1.907774532,1.907774532,-0.537858972
76.5,0,1.893913224,1.893913224,-0.5708927121
76.525,0,1.879237321,1.879237321,-0.603035432
76.55,0,1.863768437,1.863768437,-0.6343400155
76.575,0,1.84752687,1.84752687,-0.6648586124
76.6,0,1.830531629,1.830531629,-0.694642471
76.625,0,1.812800451,1.812800451,-0.7237417901
76.65,0,1.794349835,1.794349835,-0.752205608
76.675,0,1.775195068,1.775195068,-0.7800817083
76.7,0,1.755350259,1.755350259,-0.8074165534
76.725,0,1.734828375,1.734828375,-0.83425523
76.75,0,1.713641268,1.713641268,-0.8606414147
76.775,0,1.691799722,1.691799722,-0.886617348
76.8,0,1.669313479,1.669313479,-0.9122238221
76.825,0,1.646191281,1.646191281,-0.9375001732
76.85,0,1.622440906,1.622440906,-0.9624842825
76.875,0,1.598069198,1.598069198,-0.9872125794
76.9,0,1.573082116,1.573082116,-1.011720049
76.925,0,1.547484757,1.547484757,-1.036040237
76.95,0,1.521281397,1.521281397,-1.060205259
76.975,0,1.494475531,1.494475531,-1.084245805
77,0,1.4670699,1.4670699,-1.108191139
77.025,0,1.439066534,1.439066534,-1.132069099
77.05,0,1.410466786,1.410466786,-1.155906088
77.075,0,1.381271363,1.381271363,-1.179727061
77.1,0,1.35148037,1.35148037,-1.203555504
77.125,0,1.321093343,1.321093343,-1.227413402
77.15,0,1.290109284,1.290109284,-1.251321206
77.175,0,1.258526708,1.258526708,-1.275297781
77.2,0,1.226343678,1.226343678,-1.29936034
77.225,0,1.193557845,1.193557845,-1.323524394
77.25,0,1.160166497,1.160166497,-1.347803646
77.275,0,1.126166604,1.126166604,-1.372209896
77.3,0,1.091554862,1.091554862,-1.396752955
77.325,0,1.056327751,1.056327751,-1.421440488
77.35,0,1.020481589,1.020481589,-1.446277884
77.375,0,0.9840125824,0.9840125824,-1.471268115
77.4,0,0.9469169046,0.9469169046,-1.496411532
77.425,0,0.9091907499,0.9091907499,-1.521705692
77.45,0,0.8708304077,0.8708304077,-1.547145161
77.475,0,0.8318323519,0.8318323519,-1.572721249
77.5,0,0.7921933079,0.7921933079,-1.598421812
77.525,0,0.7519103546,0.7519103546,-1.624230969
77.55,0,0.7109810196,0.7109810196,-1.650128818
77.575,0,0.6694033746,0.6694033746,-1.676091182
77.6,0,0.6271761613,0.6271761613,-1.702089259
77.625,0,0.5842988936,0.5842988936,-1.728089356
77.65,0,0.5407719994,0.5407719994,-1.754052536
77.675,0,0.4965969437,0.4965969437,-1.779934316
77.7,0,0.4517763799,0.4517763799,-1.805684332
77.725,0,0.4063142946,0.4063142946,-1.831246037
77.75,0,0.3602161708,0.3602161708,-1.856556388
77.775,0,0.3134891496,0.3134891496,-1.881545573
77.8,0,0.2661422069,0.2661422069,-1.906136757
77.825,0,0.2181863269,0.2181863269,-1.930245875
77.85,0,0.1696346905,0.1696346905,-1.953781462
77.875,0,0.1205028559,0.1205028559,-1.976644561
77.9,0,0.07080895155,0.07080895155,-1.9987287
77.925,0,0.02057385982,0.02057385982,-2.019919949
77.95,0,-0.03017859707,-0.03017859707,-2.040097098
77.975,0,-0.08142147772,-0.08142147772,-2.059131935
78,0,-0.1331245528,-0.1331245528,-2.076889669
78.025,0,-0.185254147,-0.185254147,-2.093229488
78.05,0,-0.2377729951,-0.2377729951,-2.108005297
78.075,0,-0.2906401248,-0.2906401248,-2.121066579
78.1,0,-0.3438107552,-0.3438107552,-2.132259504
78.125,0,-0.3972362309,-0.3972362309,-2.141428136
78.15,0,-0.4508639878,-0.4508639878,-2.148415904
78.175,0,-0.5046375548,-0.5046375548,-2.153067187
78.2,0,-0.5584966009,-0.5584966009,-2.15522909
78.225,0,-0.6123770274,-0.6123770274,-2.154753391
78.25,0,-0.6662111089,-0.6662111089,-2.151498574
78.275,0,-0.7199276881,-0.7199276881,-2.145331982
78.3,0,-0.7734524261,-0.7734524261,-2.136132032
78.325,0,-0.8267081053,-0.8267081053,-2.123790432
78.35,0,-0.8796149888,-0.8796149888,-2.108214355
78.375,0,-0.9320912362,-0.9320912362,-2.089328554
78.4,0,-0.9840533653,-0.9840533653,-2.067077296
78.425,0,-1.035416762,-1.035416762,-2.041426098
78.45,0,-1.086096233,-1.086096233,-2.012363217
78.475,0,-1.136006586,-1.136006586,-1.979900798
78.5,0,-1.185063243,-1.185063243,-1.944075675
78.525,0,-1.233182857,-1.233182857,-1.904949755
78.55,0,-1.280283942,-1.280283942,-1.862609983
78.575,0,-1.326287496,-1.326287496,-1.817167847
78.6,0,-1.371117601,-1.371117601,-1.768758441
78.625,0,-1.414701996,-1.414701996,-1.71753909
78.65,0,-1.456972615,-1.456972615,-1.663687552
78.675,0,-1.497866069,-1.497866069,-1.60739987
78.7,0,-1.537324069,-1.537324069,-1.548887895
78.725,0,-1.575293799,-1.575293799,-1.488376529
78.75,0,-1.611728191,-1.611728191,-1.426100846
78.775,0,-1.646586155,-1.646586155,-1.36230302
78.8,0,-1.679832709,-1.679832709,-1.297229265
78.825,0,-1.711439047,-1.711439047,-1.231126839
78.85,0,-1.741382524,-1.741382524,-1.16424103
78.875,0,-1.769646578,-1.769646578,-1.096812511
78.9,0,-1.796220574,-1.796220574,-1.029074688
78.925,0,-1.821099605,-1.821099605,-0.9612515339
78.95,0,-1.844284214,-1.844284214,-0.8935555216
78.975,0,-1.865780106,-1.865780106,-0.8261860515
79,0,-1.885597783,-1.885597783,-0.759328062
79.025,0,-1.903752188,-1.903752188,-0.69315108
79.05,0,-1.920262296,-1.920262296,-0.6278085147
79.075,0,-1.935150713,-1.935150713,-0.5634373012
79.1,0,-1.948443263,-1.948443263,-0.5001577963
79.125,0,-1.960168571,-1.960168571,-0.4380739433
79.15,0,-1.970357661,-1.970357661,-0.3772736363
79.175,0,-1.979043557,-1.979043557,-0.3178293021
79.2,0,-1.98626091,-1.98626091,-0.2597985957
79.225,0,-1.992045635,-1.992045635,-0.2032252617
79.25,0,-1.996434577,-1.996434577,-0.1481400454
79.275,0,-1.999465198,-1.999465198,-0.09456169767
79.3,0,-2.001175287,-2.001175287,-0.04249799703
79.325,0,-2.001602704,-2.001602704,0.008053211519
79.35,0,-2.000785141,-2.000785141,0.05710297605
79.375,0,-1.998759911,-1.998759911,0.1046702285
79.4,0,-1.99556377,-1.99556377,0.1507808085
79.425,0,-1.991232746,-1.991232746,0.1954665331
79.45,0,-1.98580201,-1.98580201,0.2387643228
79.475,0,-1.979305754,-1.979305754,0.2807153822
79.5,0,-1.971777092,-1.971777092,0.3213644489
79.525,0,-1.963247985,-1.963247985,0.3607591075
79.55,0,-1.953749176,-1.953749176,0.3989491592
79.575,0,-1.943310137,-1.943310137,0.4359860646
79.6,0,-1.931959044,-1.931959044,0.4719224456
79.625,0,-1.919722742,-1.919722742,0.5068116366
79.65,0,-1.906626741,-1.906626741,0.5407073066
79.675,0,-1.892695209,-1.892695209,0.5736631158
79.7,0,-1.877950973,-1.877950973,0.6057324313
79.725,0,-1.862415534,-1.862415534,0.6369680808
79.75,0,-1.846109082,-1.846109082,0.6674221443
79.775,0,-1.829050513,-1.829050513,0.6971457858
79.8,0,-1.811257461,-1.811257461,0.7261891092
79.825,0,-1.792746319,-1.792746319,0.7546010494
79.85,0,-1.773532273,-1.773532273,0.7824292799
79.875,0,-1.753629333,-1.753629333,0.8097201477
79.9,0,-1.733050368,-1.733050368,0.8365186209
79.925,0,-1.711807142,-1.711807142,0.8628682542
79.95,0,-1.689910344,-1.689910344,0.8888111659
79.975,0,-1.667369634,-1.667369634,0.9143880237
80,0,-1.644193666,-1.644193666,0.9396380402
80.025,0,-1.62039014,-1.62039014,0.9645989727
80.05,0,-1.595965824,-1.595965824,0.9893071277
80.075,0,-1.570926599,-1.570926599,1.013797367
80.1,0,-1.545277493,-1.545277493,1.038103114
80.125,0,-1.519022714,-1.519022714,1.062256364
80.15,0,-1.49216569,-1.49216569,1.086287685
80.175,0,-1.464709103,-1.464709103,1.110226219
80.2,0,-1.436654921,-1.436654921,1.134099683
80.225,0,-1.408004441,-1.408004441,1.157934357
80.25,0,-1.378758319,-1.378758319,1.181755072
80.275,0,-1.348916608,-1.348916608,1.205585188
80.3,0,-1.318478798,-1.318478798,1.229446561
80.325,0,-1.287443851,-1.287443851,1.253359506
80.35,0,-1.255810237,-1.255810237,1.277342754
80.375,0,-1.223575983,-1.223575983,1.301413379
80.4,0,-1.190738712,-1.190738712,1.325586729
80.425,0,-1.157295678,-1.157295678,1.349876359
80.45,0,-1.123243826,-1.123243826,1.374293909
80.475,0,-1.088579836,-1.088579836,1.398848996
80.5,0,-1.053300168,-1.053300168,1.423549111
80.525,0,-1.017401127,-1.017401127,1.448399442
80.55,0,-0.9808789211,-0.9808789211,1.473402733
80.575,0,-0.9437297138,-0.9437297138,1.498559122
80.6,0,-0.9059497101,-0.9059497101,1.523865911
80.625,0,-0.8675352128,-0.8675352128,1.54931739
80.65,0,-0.8284827076,-0.8284827076,1.574904605
80.675,0,-0.7887889541,-0.7887889541,1.600615084
80.7,0,-0.7484510606,-0.7484510606,1.626432625
80.725,0,-0.7074665979,-0.7074665979,1.652336974
80.75,0,-0.6658336926,-0.6658336926,1.678303562
80.775,0,-0.6235511426,-0.6235511426,1.704303199
80.8,0,-0.5806185405,-0.5806185405,1.730301742
80.825,0,-0.5370363912,-0.5370363912,1.756259808
80.85,0,-0.4928062606,-0.4928062606,1.782132414
80.875,0,-0.4479309048,-0.4479309048,1.807868692
80.9,0,-0.402414436,-0.402414436,1.833411545
80.925,0,-0.3562624677,-0.3562624677,1.858697371
80.95,0,-0.309482294,-0.309482294,1.883655764
80.975,0,-0.2620830515,-0.2620830515,1.908209286
81,0,-0.2140759072,-0.2140759072,1.932273243
81.025,0,-0.1654742347,-0.1654742347,1.955755538
81.05,0,-0.1162938052,-0.1162938052,1.978556573
81.075,0,-0.06655297386,-0.06655297386,2.000569237
81.1,0,-0.0162728658,-0.0162728658,2.021678972
81.125,0,0.03452243726,0.03452243726,2.04176396
81.15,0,0.08580572105,0.08580572105,2.06069541
81.175,0,0.1375464689,0.1375464689,2.078337993
81.2,0,0.1897107044,0.1897107044,2.094550423
81.225,0,0.2422608522,0.2422608522,2.109186178
81.25,0,0.2951556184,0.2951556184,2.12209443
81.275,0,0.3483498944,0.3483498944,2.133121108
81.3,0,0.4017946937,0.4017946937,2.142110169
81.325,0,0.455437118,0.455437118,2.148905058
81.35,0,0.5092203653,0.5092203653,2.153350307
81.375,0,0.5630837802,0.5630837802,2.155293353
81.4,0,0.6169629485,0.6169629485,2.154586458
81.425,0,0.6707898439,0.6707898439,2.151088771
81.45,0,0.7244930288,0.7244930288,2.144668499
81.475,0,0.777997906,0.777997906,2.135205102
81.5,0,0.831227028,0.831227028,2.122591515
81.525,0,0.8841004632,0.8841004632,2.106736335
81.55,0,0.9365362123,0.9365362123,2.087565901
81.575,0,0.9884506756,0.9884506756,2.065026222
81.6,0,1.039759168,1.039759168,2.0390847
81.625,0,1.090376474,1.090376474,2.009731584
81.65,0,1.140217429,1.140217429,1.976981098
81.675,0,1.189197535,1.189197535,1.940872197
81.7,0,1.237233579,1.237233579,1.901468932
81.725,0,1.284244264,1.284244264,1.858860359
81.75,0,1.330150826,1.330150826,1.813160021
81.775,0,1.374877636,1.374877636,1.764504966
81.8,0,1.418352772,1.418352772,1.713054329
81.825,0,1.460508546,1.460508546,1.658987515
81.85,0,1.501281988,1.501281988,1.602502019
81.875,0,1.540615263,1.540615263,1.543810902
81.9,0,1.578456032,1.578456032,1.483140057
81.925,0,1.614757731,1.614757731,1.420725282
81.95,0,1.649479784,1.649479784,1.356809198
81.975,0,1.682587734,1.682587734,1.29163826
82,0,1.7140533,1.7140533,1.225459617
82.025,0,1.743854361,1.743854361,1.158518337
82.05,0,1.771974864,1.771974864,1.091054501
82.075,0,1.798404674,1.798404674,1.023300851
82.1,0,1.823139353,1.823139353,0.9554804121
82.125,0,1.846179904,1.846179904,0.8878046368
82.15,0,1.867532447,1.867532447,0.820471717
82.175,0,1.887207881,1.887207881,0.7536653284
82.2,0,1.905221507,1.905221507,0.6875536392
82.225,0,1.921592624,1.921592624,0.6222886708
82.25,0,1.936344131,1.936344131,0.5580059446
82.275,0,1.949502102,1.949502102,0.4948244132
82.3,0,1.961095387,1.961095387,0.4328466319
82.325,0,1.971155191,1.971155191,0.3721591588
82.35,0,1.979714694,1.979714694,0.3128331292
82.375,0,1.986808667,1.986808667,0.2549249807
82.4,0,1.992473117,1.992473117,0.1984773177
82.425,0,1.996744955,1.996744955,0.1435198162
82.45,0,1.999661677,1.999661677,0.09007026374
82.475,0,2.001261094,2.001261094,0.03813554321
82.5,0,2.001581056,2.001581056,-0.01228729261
82.525,0,2.000659232,2.000659232,-0.06121000307
82.55,0,1.998532896,1.998532896,-0.1086521458
82.575,0,1.995238745,1.995238745,-0.1546401045
82.6,0,1.990812741,1.990812741,-0.199206165
82.625,0,1.985289976,1.985289976,-0.2423876422
82.65,0,1.978704552,1.978704552,-0.2842260698
82.675,0,1.97108949,1.97108949,-0.3247664552
82.7,0,1.962476649,1.962476649,-0.364056594
82.725,0,1.952896663,1.952896663,-0.4021464489
82.75,0,1.942378899,1.942378899,-0.4390876003
82.775,0,1.930951417,1.930951417,-0.4749327448
82.8,0,1.918640951,1.918640951,-0.5097352608
82.825,0,1.905472895,1.905472895,-0.5435488292
82.85,0,1.891471303,1.891471303,-0.5764270944
82.875,0,1.87665889,1.87665889,-0.6084233887
82.9,0,1.861057044,1.861057044,-0.6395904814
82.925,0,1.844685842,1.844685842,-0.6699803829
82.95,0,1.827564075,1.827564075,-0.69964417
82.975,0,1.809709268,1.809709268,-0.7286318528
83,0,1.79113771,1.79113771,-0.7569922606
83.025,0,1.771864485,1.771864485,-0.7847729576
83.05,0,1.751903507,1.751903507,-0.8120201739
83.075,0,1.731267548,1.731267548,-0.8387787595
83.1,0,1.709968279,1.709968279,-0.8650921469
83.125,0,1.6880163,1.6880163,-0.8910023314
83.15,0,1.665421184,1.665421184,-0.9165498572
83.175,0,1.642191504,1.642191504,-0.9417738128
83.2,0,1.618334875,1.618334875,-0.9667118317
83.225,0,1.593857993,1.593857993,-0.9914000972
83.25,0,1.568766662,1.568766662,-1.015873348
83.275,0,1.543065839,1.543065839,-1.040164887
83.3,0,1.516759666,1.516759666,-1.064306587
83.325,0,1.489851504,1.489851504,-1.088328893
83.35,0,1.462343974,1.462343974,-1.112260828
83.375,0,1.434238986,1.434238986,-1.136129986
83.4,0,1.405537779,1.405537779,-1.159962526
83.425,0,1.376240958,1.376240958,-1.183783153
83.45,0,1.346348527,1.346348527,-1.207615098
83.475,0,1.315859927,1.315859927,-1.231480094
83.5,0,1.284774078,1.284774078,-1.255398319
83.525,0,1.253089413,1.253089413,-1.279388362
83.55,0,1.220803919,1.220803919,-1.30346716
83.575,0,1.187915188,1.187915188,-1.327649911
83.6,0,1.154420447,1.154420447,-1.351950002
83.625,0,1.120316613,1.120316613,-1.376378917
83.65,0,1.085600347,1.085600347,-1.400946092
83.675,0,1.050268096,1.050268096,-1.425658822
83.7,0,1.01431615,1.01431615,-1.450522108
83.725,0,0.9777407136,0.9777407136,-1.475538468
83.75,0,0.9405379524,0.9405379524,-1.500707802
83.775,0,0.9027040713,0.9027040713,-1.526027181
83.8,0,0.864235392,0.864235392,-1.551490611
83.825,0,0.825128417,0.825128417,-1.577088853
83.85,0,0.7853799307,0.7853799307,-1.602809137
83.875,0,0.7449870807,0.7449870807,-1.628634911
83.9,0,0.7039474759,0.7039474759,-1.654545583
83.925,0,0.6622593008,0.6622593008,-1.680516187
83.95,0,0.6199214125,0.6199214125,-1.706517132
83.975,0,0.5769334778,0.5769334778,-1.732513841
84,0,0.5332960866,0.5332960866,-1.758466462
84.025,0,0.4890108992,0.4890108992,-1.78432953
84.05,0,0.444080783,0.444080783,-1.810051653
84.075,0,0.3985099696,0.3985099696,-1.835575196
84.1,0,0.3523042109,0.3523042109,-1.860835984
84.125,0,0.3054709497,0.3054709497,-1.885763026
84.15,0,0.2580194891,0.2580194891,-1.910278271
84.175,0,0.2099611768,0.2099611768,-1.9342964
84.2,0,0.1613095825,0.1613095825,-1.95772468
84.225,0,0.1120806913,0.1120806913,-1.980462875
84.25,0,0.06229308559,0.06229308559,-2.002403233
84.275,0,0.01196813592,0.01196813592,-2.023430572
84.3,0,-0.03886981623,-0.03886981623,-2.043422465
84.325,0,-0.09019328221,-0.09019328221,-2.062249546
84.35,0,-0.1419714565,-0.1419714565,-2.079775955
84.375,0,-0.1941700611,-0.1941700611,-2.095859929
84.4,0,-0.2467512094,-0.2467512094,-2.110354541
84.425,0,-0.299673285,-0.299673285,-2.123108646
84.45,0,-0.352890852,-0.352890852,-2.133967943
84.475,0,-0.4063545912,-0.4063545912,-2.1427763
84.5,0,-0.4600112709,-0.4600112709,-2.149377178
84.525,0,-0.5138037593,-0.5138037593,-2.15361529
84.55,0,-0.567671076,-0.567671076,-2.155338407
84.575,0,-0.6215484924,-0.6215484924,-2.154399289
84.6,0,-0.6753676843,-0.6753676843,-2.150657779
84.625,0,-0.7290569341,-0.7290569341,-2.143982953
84.65,0,-0.7825413884,-0.7825413884,-2.134255329
84.675,0,-0.8357433741,-0.8357433741,-2.121369093
84.7,0,-0.8885827665,-0.8885827665,-2.105234276
84.725,0,-0.9409774107,-0.9409774107,-2.085778816
84.75,0,-0.9928435939,-0.9928435939,-2.062950478
84.775,0,-1.044096565,-1.044096565,-2.03671856
84.8,0,-1.094651088,-1.094651088,-2.007075314
84.825,0,-1.144422032,-1.144422032,-1.974037041
84.85,0,-1.193324983,-1.193324983,-1.937644828
84.875,0,-1.241276868,-1.241276868,-1.897964862
84.9,0,-1.288196581,-1.288196581,-1.855088313
84.925,0,-1.334005602,-1.334005602,-1.809130769
84.95,0,-1.378628597,-1.378628597,-1.760231217
84.975,0,-1.421993982,-1.421993982,-1.708550593
85,0,-1.464034455,-1.464034455,-1.654269942
85.025,0,-1.504687465,-1.504687465,-1.597588173
85.05,0,-1.543895636,-1.543895636,-1.538719552
85.075,0,-1.581607107,-1.581607107,-1.477890945
85.1,0,-1.617775819,-1.617775819,-1.415338828
85.125,0,-1.652361711,-1.652361711,-1.351306291
85.15,0,-1.685330851,-1.685330851,-1.286039945
85.175,0,-1.716655486,-1.716655486,-1.219786887
85.2,0,-1.746314014,-1.746314014,-1.152791852
85.225,0,-1.774290894,-1.774290894,-1.085294407
85.25,0,-1.800576484,-1.800576484,-1.017526533
85.275,0,-1.825166821,-1.825166821,-0.9497103526
85.3,0,-1.848063356,-1.848063356,-0.8820562444
85.325,0,-1.869272629,-1.869272629,-0.8147612091
85.35,0,-1.888805933,-1.888805933,-0.7480076392
85.375,0,-1.906678918,-1.906678918,-0.6819623451
85.4,0,-1.922911212,-1.922911212,-0.6167759556
85.425,0,-1.937525996,-1.937525996,-0.5525825795
85.45,0,-1.9505496,-1.9505496,-0.4894997635
85.475,0,-1.962011087,-1.962011087,-0.4276286821
85.5,0,-1.971941846,-1.971941846,-0.3670545588
85.525,0,-1.980375209,-1.980375209,-0.3078472402
85.55,0,-1.987346062,-1.987346062,-0.2500619622
85.575,0,-1.992890506,-1.992890506,-0.1937401777
85.6,0,-1.997045509,-1.997045509,-0.1389105262
85.625,0,-1.99984861,-1.99984861,-0.0855898138
85.65,0,-2.001337627,-2.001337627,-0.03378405273
85.675,0,-2.001550408,-2.001550408,0.01651049613
85.7,0,-2.000524594,-2.000524594,0.06530629488
85.725,0,-1.998297417,-1.998297417,0.1126235196
85.75,0,-1.994905517,-1.994905517,0.158489092
85.775,0,-1.990384788,-1.990384788,0.202935759
85.8,0,-1.98477024,-1.98477024,0.246001225
85.825,0,-1.978095889,-1.978095889,0.2877273478
85.85,0,-1.970394657,-1.970394657,0.3281593987
85.875,0,-1.961698303,-1.961698303,0.3673453797
85.9,0,-1.952037355,-1.952037355,0.4053354125
85.925,0,-1.941441068,-1.941441068,0.4421811917
85.95,0,-1.929937391,-1.929937391,0.4779354867
85.975,0,-1.917552945,-1.917552945,0.5126517176
86,0,-1.904313009,-1.904313009,0.5463835727
86.025,0,-1.890241522,-1.890241522,0.5791846813
86.05,0,-1.875361086,-1.875361086,0.6111083365
86.075,0,-1.859692978,-1.859692978,0.6422072498
86.1,0,-1.843257164,-1.843257164,0.6725333593
86.125,0,-1.826072325,-1.826072325,0.7021376547
86.15,0,-1.80815588,-1.80815588,0.7310700508
86.175,0,-1.789524015,-1.789524015,0.7593792711
86.2,0,-1.770191714,-1.770191714,0.7871127694
86.225,0,-1.75017279,-1.75017279,0.8143166595
86.25,0,-1.729479921,-1.729479921,0.8410356721
86.275,0,-1.708124685,-1.708124685,0.867313118
86.3,0,-1.686117595,-1.686117595,0.8931908693
86.325,0,-1.663468135,-1.663468135,0.9187093464
86.35,0,-1.640184797,-1.640184797,0.9439075139
86.375,0,-1.616275116,-1.616275116,0.9688228814
86.4,0,-1.591745709,-1.591745709,0.9934915091
86.425,0,-1.566602308,-1.566602308,1.017948013
86.45,0,-1.540849798,-1.540849798,1.042225575
86.475,0,-1.514492255,-1.514492255,1.066355944
86.5,0,-1.487532975,-1.487532975,1.090369447
86.525,0,-1.459974515,-1.459974515,1.114294983
86.55,0,-1.43181873,-1.43181873,1.138160025
86.575,0,-1.403066801,-1.403066801,1.161990609
86.6,0,-1.37371928,-1.37371928,1.185811316
86.625,0,-1.343776125,-1.343776125,1.209645251
86.65,0,-1.313236728,-1.313236728,1.233514013
86.675,0,-1.282099965,-1.282099965,1.257437653
86.7,0,-1.250364234,-1.250364234,1.281434616
86.725,0,-1.218027484,-1.218027484,1.305521695
86.75,0,-1.185087271,-1.185087271,1.329713943
86.775,0,-1.1515408,-1.1515408,1.354024582
86.8,0,-1.117384961,-1.117384961,1.378464926
86.825,0,-1.082616394,-1.082616394,1.403044245
86.85,0,-1.047231532,-1.047231532,1.42776963
86.875,0,-1.011226655,-1.011226655,1.452645882
86.9,0,-0.9745979593,-0.9745979593,1.477675312
86.925,0,-0.9373416157,-0.9373416157,1.502857574
86.95,0,-0.8994538325,-0.8994538325,1.528189493
86.975,0,-0.8609309446,-0.8609309446,1.55366481
87,0,-0.8217694766,-0.8217694766,1.579273988
87.025,0,-0.7819662367,-0.7819662367,1.605003956
87.05,0,-0.741518412,-0.741518412,1.630837818
87.075,0,-0.7004236535,-0.7004236535,1.656754626
87.1,0,-0.658680199,-0.658680199,1.682729036
87.125,0,-0.6162869709,-0.6162869709,1.708731037
87.15,0,-0.5732437073,-0.5732437073,1.734725623
87.175,0,-0.5295510863,-0.5295510863,1.76067247
87.2,0,-0.4852108627,-0.4852108627,1.786525628
87.225,0,-0.4402260166,-0.4402260166,1.812233178
87.25,0,-0.3946009002,-0.3946009002,1.837736946
87.275,0,-0.3483414051,-0.3483414051,1.862972183
87.3,0,-0.3014551235,-0.3014551235,1.887867308
87.325,0,-0.2539515273,-0.2539515273,1.912343657
87.35,0,-0.2058421447,-0.2058421447,1.936315286
87.375,0,-0.1571407448,-0.1571407448,1.959688826
87.4,0,-0.1078635261,-0.1078635261,1.982363399
87.425,0,-0.05802930086,-0.05802930086,2.004230617
87.45,0,-0.007659686077,-0.007659686077,2.025174672
87.475,0,0.04322071625,0.04322071625,2.045072532
87.5,0,0.09458414113,0.09458414113,2.063794259
87.525,0,0.1463994934,0.1463994934,2.081203466
87.55,0,0.1986321929,0.1986321929,2.097157919
87.575,0,0.2512440398,0.2512440398,2.111510291
87.6,0,0.3041930957,0.3041930957,2.124109128
87.625,0,0.357433596,0.357433596,2.134799915
87.65,0,0.4109158893,0.4109158893,2.14342643
87.675,0,0.4645864107,0.4645864107,2.149832172
87.7,0,0.5183876979,0.5183876979,2.153862042
87.725,0,0.572258447,0.572258447,2.15536416
87.75,0,0.6261336166,0.6261336166,2.154191805
87.775,0,0.6799445849,0.6799445849,2.150205521
87.8,0,0.7336193565,0.7336193565,2.143275272
87.825,0,0.7870828251,0.7870828251,2.133282653
87.85,0,0.8402570935,0.8402570935,2.120123116
87.875,0,0.8930618471,0.8930618471,2.103708137
87.9,0,0.9454147794,0.9454147794,2.08396727
87.925,0,0.9972320683,0.9972320683,2.060850051
87.95,0,1.048428899,1.048428899,2.034327682
87.975,0,1.098920022,1.098920022,2.004394421
88,0,1.148620343,1.148620343,1.971068659
88.025,0,1.197445537,1.197445537,1.934393614
88.05,0,1.245312675,1.245312675,1.894437609
88.075,0,1.292140847,1.292140847,1.851293922
88.1,0,1.337851781,1.337851781,1.805080179
88.125,0,1.38237044,1.38237044,1.755937298
88.15,0,1.425625587,1.425625587,1.704028004
88.175,0,1.467550304,1.467550304,1.649534954
88.2,0,1.508082468,1.508082468,1.592658469
88.225,0,1.547165157,1.547165157,1.533613994
88.25,0,1.584746997,1.584746997,1.472629334
88.275,0,1.62078243,1.62078243,1.409941646
88.3,0,1.655231916,1.655231916,1.345794437
88.325,0,1.688062046,1.688062046,1.280434481
88.35,0,1.719245592,1.719245592,1.214108778
88.375,0,1.748761475,1.748761475,1.147061732
88.4,0,1.776594661,1.776594661,1.079532354
88.425,0,1.802736003,1.802736003,1.01175187
88.45,0,1.827182009,1.827182009,0.943941476
88.475,0,1.849934575,1.849934575,0.8763104614
88.5,0,1.871000663,1.871000663,0.8090546361
88.525,0,1.890391948,1.890391948,0.7423550927
88.55,0,1.908124436,1.908124436,0.6763772865
88.575,0,1.924218074,1.924218074,0.6112704476
88.6,0,1.938696327,1.938696327,0.5471672736
88.625,0,1.951585774,1.951585774,0.4841839055
88.65,0,1.962915691,1.962915691,0.4224201425
88.675,0,1.972717647,1.972717647,0.3619598723
88.7,0,1.981025122,1.981025122,0.3028716671
88.725,0,1.987873119,1.987873119,0.2452095568
88.75,0,1.993297824,1.993297824,0.189013861
88.775,0,1.997336266,1.997336266,0.1343121782
88.8,0,2.000026017,2.000026017,0.08112034983
88.825,0,2.001404911,2.001404911,0.02944352057
88.85,0,2.001510783,2.001510783,-0.02072283219
88.875,0,2.000381249,2.000381249,-0.06939186608
88.9,0,1.998053496,1.998053496,-0.1165843685
88.925,0,1.994564108,1.994564108,-0.1623277927
88.95,0,1.989948907,1.989948907,-0.2066553398
88.975,0,1.984242824,1.984242824,-0.2496050981
89,0,1.977479783,1.977479783,-0.2912192452
89.025,0,1.969692613,1.969692613,-0.3315433096
89.05,0,1.960912967,1.960912967,-0.370625496
89.075,0,1.951171268,1.951171268,-0.4085160826
89.1,0,1.940496662,1.940496662,-0.4452668718
89.125,0,1.928916983,1.928916983,-0.4809307048
89.15,0,1.916458739,1.916458739,-0.5155610398
89.175,0,1.903147096,1.903147096,-0.5492115702
89.2,0,1.889005878,1.889005878,-0.5819359091
89.225,0,1.874057575,1.874057575,-0.6137873068
89.25,0,1.858323349,1.858323349,-0.644818418
89.275,0,1.841823057,1.841823057,-0.6750811045
89.3,0,1.824575272,1.824575272,-0.7046262706
89.325,0,1.806597307,1.806597307,-0.7335037327
89.35,0,1.787905245,1.787905245,-0.7617621098
89.375,0,1.768513966,1.768513966,-0.7894487434
89.4,0,1.748437188,1.748437188,-0.8166096317
89.425,0,1.727687494,1.727687494,-0.843289385
89.45,0,1.706276368,1.706276368,-0.8695311931
89.475,0,1.684214235,1.684214235,-0.8953768042
89.5,0,1.661510493,1.661510493,-0.9208665149
89.525,0,1.638173551,1.638173551,-0.9460391661
89.55,0,1.614210865,1.614210865,-0.9709321437
89.575,0,1.589628974,1.589628974,-0.9955813845
89.6,0,1.56443354,1.56443354,-1.020021383
89.625,0,1.538629373,1.538629373,-1.044285197
89.65,0,1.512220483,1.512220483,-1.068404456
89.675,0,1.485210104,1.485210104,-1.092409364
89.7,0,1.457600728,1.457600728,-1.1163287
89.725,0,1.429394153,1.429394153,-1.140189816
89.75,0,1.400591507,1.400591507,-1.164018621
89.775,0,1.371193286,1.371193286,-1.187839576
89.8,0,1.341199401,1.341199401,-1.211675657
89.825,0,1.310609199,1.310609199,-1.235548331
89.85,0,1.279421512,1.279421512,-1.259477518
89.875,0,1.247634699,1.247634699,-1.283481525
89.9,0,1.215246675,1.215246675,-1.307576994
89.925,0,1.182254961,1.182254961,-1.331778833
89.95,0,1.148656736,1.148656736,-1.356100104
89.975,0,1.114448869,1.114448869,-1.380551945
90,0,1.079627974,1.079627974,-1.405143455
90.025,0,1.044190473,1.044190473,-1.429881534
90.05,0,1.008132638,1.008132638,-1.454770769
90.075,0,0.9714506561,0.9714506561,-1.479813264
90.1,0,0.9341407016,0.9341407016,-1.505008434
90.125,0,0.8961989911,0.8961989911,-1.530352845
90.15,0,0.8576218681,0.8576218681,-1.555839983
90.175,0,0.8184058839,0.8184058839,-1.581460004
90.2,0,0.7785478712,0.7785478712,-1.607199528
90.225,0,0.7380450536,0.7380450536,-1.63304133
90.25,0,0.6968951296,0.6968951296,-1.658964089
90.275,0,0.655096387,0.655096387,-1.684942088
90.3,0,0.6126478174,0.6126478174,-1.710944892
90.325,0,0.5695492294,0.5695492294,-1.736937062
90.35,0,0.5258013912,0.5258013912,-1.762877804
90.375,0,0.4814061532,0.4814061532,-1.788720674
90.4,0,0.4363666083,0.4363666083,-1.814413231
90.425,0,0.3906872318,0.3906872318,-1.839896754
90.45,0,0.344374055,0.344374055,-1.865105921
90.475,0,0.2974348216,0.2974348216,-1.889968559
90.5,0,0.2498791734,0.2498791734,-1.914405389
90.525,0,0.2017188202,0.2017188202,-1.938329842
90.55,0,0.1529677322,0.1529677322,-1.961647911
90.575,0,0.1036423219,0.1036423219,-1.984258076
90.6,0,0.05376163388,0.05376163388,-2.006051314
90.625,0,0.003347532168,0.003347532168,-2.026911193
90.65,0,-0.04757511921,-0.04757511921,-2.046714078
90.675,0,-0.09897827778,-0.09897827778,-2.065329463
90.7,0,-0.1508305573,-0.1508305573,-2.082620438
90.725,0,-0.2030970751,-0.2030970751,-2.098444297
90.75,0,-0.2557393166,-0.2557393166,-2.112653336
90.775,0,-0.308715021,-0.308715021,-2.125095779
90.8,0,-0.3619780952,-0.3619780952,-2.135616926
90.825,0,-0.415478554,-0.415478554,-2.144060463
90.85,0,-0.4691625006,-0.4691625006,-2.150269942
90.875,0,-0.5229721424,-0.5229721424,-2.154090472
90.9,0,-0.5768458521,-0.5768458521,-2.155370524
90.925,0,-0.6307182775,-0.6307182775,-2.153963919
90.95,0,-0.6845205005,-0.6845205005,-2.149731919
90.975,0,-0.7381802492,-0.7381802492,-2.142545387
91,0,-0.791622167,-0.791622167,-2.132287013
91.025,0,-0.844768136,-0.844768136,-2.118853533
91.05,0,-0.8975376542,-0.8975376542,-2.102157881
91.075,0,-0.9498482662,-0.9498482662,-2.082131239
91.1,0,-1.001616046,-1.001616046,-2.058724931
91.125,0,-1.052756118,-1.052756118,-2.031912067
91.15,0,-1.103183224,-1.103183224,-2.001688925
91.175,0,-1.152812309,-1.152812309,-1.968075988
91.2,0,-1.201559145,-1.201559145,-1.931118605
91.225,0,-1.24934095,-1.24934095,-1.890887237
91.25,0,-1.296077012,-1.296077012,-1.847477266
91.275,0,-1.341689315,-1.341689315,-1.801008346
91.3,0,-1.386103123,-1.386103123,-1.751623315
91.325,0,-1.429247545,-1.429247545,-1.699486678
91.35,0,-1.471056057,-1.471056057,-1.644782684
91.375,0,-1.511466962,-1.511466962,-1.58771304
91.4,0,-1.550423797,-1.550423797,-1.528494371
91.425,0,-1.587875675,-1.587875675,-1.467355377
91.45,0,-1.623777543,-1.623777543,-1.404533878
91.475,0,-1.65809038,-1.65809038,-1.340273798
91.5,0,-1.690781302,-1.690781302,-1.274822008
91.525,0,-1.721823608,-1.721823608,-1.208425453
91.55,0,-1.751196736,-1.751196736,-1.141328113
91.575,0,-1.778886164,-1.778886164,-1.073768491
91.6,0,-1.804883231,-1.804883231,-1.005976995
91.625,0,-1.829184921,-1.829184921,-0.9381739078
91.65,0,-1.851793569,-1.851793569,-0.870567406
91.675,0,-1.872716555,-1.872716555,-0.8033521043
91.7,0,-1.891965937,-1.891965937,-0.7367077866
91.725,0,-1.909558074,-1.909558074,-0.6707985506
91.75,0,-1.925513227,-1.925513227,-0.6057722239
91.775,0,-1.939855141,-1.939855141,-0.5417600939
91.8,0,-1.952610644,-1.952610644,-0.4788768967
91.825,0,-1.963809219,-1.963809219,-0.4172210602
91.85,0,-1.973482617,-1.973482617,-0.3568751384
91.875,0,-1.981664457,-1.981664457,-0.2979064393
91.9,0,-1.988389859,-1.988389859,-0.2403677861
91.925,0,-1.993695094,-1.993695094,-0.1842983804
91.95,0,-1.997617247,-1.997617247,-0.1297247794
91.975,0,-2.000193924,-2.000193924,-0.07666187211
92,0,-2.001462968,-2.001462968,-0.0251139415
92.025,0,-2.001462204,-2.001462204,0.02492431107
92.05,0,-2.00022922,-2.00022922,0.07346673155
92.075,0,-1.997801157,-1.997801157,0.1205347117
92.1,0,-1.99421454,-1.99421454,0.1661562286
92.125,0,-1.98950512,-1.98950512,0.2103649317
92.15,0,-1.983707747,-1.983707747,0.2531992889
92.175,0,-1.976856255,-1.976856255,0.294701791
92.2,0,-1.968983376,-1.968983376,0.3349182179
92.225,0,-1.960120659,-1.960120659,0.373896975
92.25,0,-1.950298421,-1.950298421,0.4116884911
92.275,0,-1.939545696,-1.939545696,0.4483446727
92.3,0,-1.927890207,-1.927890207,0.4839184327
92.325,0,-1.915358349,-1.915358349,0.5184632603
92.35,0,-1.901975171,-1.901975171,0.5520328553
92.375,0,-1.887764386,-1.887764386,0.5846808104
92.4,0,-1.872748368,-1.872748368,0.6164603321
92.425,0,-1.856948168,-1.856948168,0.6474240173
92.45,0,-1.840383534,-1.840383534,0.6776236496
92.475,0,-1.823072929,-1.823072929,0.7071100479
92.5,0,-1.80503356,-1.80503356,0.7359329281
92.525,0,-1.786281407,-1.786281407,0.7641408055
92.55,0,-1.766831251,-1.766831251,0.7917809077
92.575,0,-1.74669671,-1.74669671,0.8188991176
92.6,0,-1.725890273,-1.725890273,0.8455399249
92.625,0,-1.704423333,-1.704423333,0.8717463974
92.65,0,-1.682306225,-1.682306225,0.8975601603
92.675,0,-1.659548263,-1.659548263,0.9230213864
92.7,0,-1.636157771,-1.636157771,0.9481687921
92.725,0,-1.612142127,-1.612142127,0.9730396403
92.75,0,-1.587507795,-1.587507795,0.9976697443
92.775,0,-1.562260359,-1.562260359,1.022093476
92.8,0,-1.536404566,-1.536404566,1.046343771
92.825,0,-1.509944353,-1.509944353,1.070452139
92.85,0,-1.48288289,-1.48288289,1.094448661
92.875,0,-1.455222613,-1.455222613,1.118361996
92.9,0,-1.426965256,-1.426965256,1.142219373
92.925,0,-1.398111895,-1.398111895,1.166046578
92.95,0,-1.368662976,-1.368662976,1.189867945
92.975,0,-1.338618355,-1.338618355,1.213706328
93,0,-1.307977339,-1.307977339,1.237583061
93.025,0,-1.276738718,-1.276738718,1.261517925
93.05,0,-1.244900806,-1.244900806,1.285529097
93.075,0,-1.212461489,-1.212461489,1.309633068
93.1,0,-1.179418257,-1.179418257,1.333844587
93.125,0,-1.145768254,-1.145768254,1.358176572
93.15,0,-1.111508332,-1.111508332,1.382639981
93.175,0,-1.076635087,-1.076635087,1.407243726
93.2,0,-1.041144919,-1.041144919,1.431994534
93.225,0,-1.005034097,-1.005034097,1.456896772
93.25,0,-0.9682988033,-0.9682988033,1.48195232
93.275,0,-0.9309352081,-0.9309352081,1.507160378
93.3,0,-0.8929395433,-0.8929395433,1.532517237
93.325,0,-0.8543081627,-0.8543081627,1.558016116
93.35,0,-0.8150376366,-0.8150376366,1.583646889
93.375,0,-0.775124833,-0.775124833,1.609395842
93.4,0,-0.7345670044,-0.7345670044,1.635245431
93.425,0,-0.6933619021,-0.6933619021,1.661173958
93.45,0,-0.6515078654,-0.6515078654,1.687155321
93.475,0,-0.6090039512,-0.6090039512,1.713158675
93.5,0,-0.5658500463,-0.5658500463,1.73914813
93.525,0,-0.5220470025,-0.5220470025,1.765082433
93.55,0,-0.477596774,-0.477596774,1.790914632
93.575,0,-0.4325025612,-0.4325025612,1.816591774
93.6,0,-0.3867689696,-0.3867689696,1.842054576
93.625,0,-0.3404021658,-0.3404021658,1.867237152
93.65,0,-0.2934100515,-0.2934100515,1.892066727
93.675,0,-0.245802435,-0.245802435,1.916463412
93.7,0,-0.1975912127,-0.1975912127,1.940340008
93.725,0,-0.1487905554,-0.1487905554,1.963601868
93.75,0,-0.09941709136,-0.09941709136,1.986146836
93.775,0,-0.04949009934,-0.04949009934,2.007865251
93.8,0,0.0009683095866,0.0009683095866,2.028640057
93.825,0,0.05193300685,0.05193300685,2.048347021
93.85,0,0.1033756715,0.1033756715,2.066855071
93.875,0,0.1552646257,0.1552646257,2.084026776
93.9,0,0.2075646828,0.2075646828,2.099718976
93.925,0,0.2602370123,0.2602370123,2.113783577
93.95,0,0.3132390317,0.3132390317,2.126068506
93.975,0,0.366524317,0.366524317,2.136418881
94,0,0.4200425509,0.4200425509,2.144678301
94.025,0,0.4737395038,0.4737395038,2.150690398
94.05,0,0.5275570532,0.5275570532,2.154300485
94.075,0,0.58143325,0.58143325,2.15535741
94.1,0,0.6353024317,0.6353024317,2.153715551
94.125,0,0.6890953851,0.6890953851,2.149236896
94.15,0,0.7427395645,0.7427395645,2.141793228
94.175,0,0.7961593656,0.7961593656,2.131268351
94.2,0,0.8492764514,0.8492764514,2.117560297
94.225,0,0.9020101355,0.9020101355,2.100583469
94.25,0,0.9542778193,0.9542778193,2.080270701
94.275,0,1.005995474,1.005995474,2.056575107
94.3,0,1.05707817,1.05707817,2.02947172
94.325,0,1.107440641,1.107440641,1.998958845
94.35,0,1.156997881,1.156997881,1.965059061
94.375,0,1.205665759,1.205665759,1.927819851
94.4,0,1.253361643,1.253361643,1.887313814
94.425,0,1.300005031,1.300005031,1.843638426
94.45,0,1.345518161,1.345518161,1.796915363
94.475,0,1.389826603,1.389826603,1.747289378
94.5,0,1.432859819,1.432859819,1.694926735
94.525,0,1.474551677,1.474551677,1.640013255
94.55,0,1.514840913,1.514840913,1.582752032
94.575,0,1.553671526,1.553671526,1.523360823
94.6,0,1.590993115,1.590993115,1.462069215
94.625,0,1.626761136,1.626761136,1.399115692
94.65,0,1.660937085,1.660937085,1.334744513
94.675,0,1.693488606,1.693488606,1.269202707
94.7,0,1.724389522,1.724389522,1.202737037
94.725,0,1.753619791,1.753619791,1.135591163
94.75,0,1.781165396,1.781165396,1.068002948
94.775,0,1.807018169,1.807018169,1.000202051
94.8,0,1.831175558,1.831175558,0.9324077702
94.825,0,1.853640342,1.853640342,0.8648271974
94.85,0,1.874420314,1.874420314,0.7976537203
94.875,0,1.893527912,1.893527912,0.7310658183
94.9,0,1.910979846,1.910979846,0.6652262238
94.925,0,1.926796684,1.926796684,0.6002813612
94.95,0,1.941002456,1.941002456,0.5363611056
94.975,0,1.953624227,1.953624227,0.4735787934
95,0,1.964691692,1.964691692,0.4120314808
95.025,0,1.974236774,1.974236774,0.3518003952
95.05,0,1.982293234,1.982293234,0.292951586
95.075,0,1.988896306,1.988896306,0.2355366709
95.1,0,1.994082338,1.994082338,0.1795937516
95.125,0,1.997888476,1.997888476,0.125148335
95.15,0,2.000352354,2.000352354,0.07221438102
95.175,0,2.001511822,2.001511822,0.0207953098
95.2,0,2.001404695,2.001404695,-0.02911494407
95.225,0,2.000068529,2.000068529,-0.07753090677
95.25,0,1.997540421,1.997540421,-0.1244745676
95.275,0,1.993856834,1.993856834,-0.1699744212
95.3,0,1.989053449,1.989053449,-0.21406456
95.325,0,1.983165031,1.983165031,-0.2567838252
95.35,0,1.976225326,1.976225326,-0.2981750137
95.375,0,1.968266965,1.968266965,-0.3382841542
95.4,0,1.959321397,1.959321397,-0.3771598487
95.425,0,1.94941883,1.94941883,-0.4148526697
95.45,0,1.938588188,1.938588188,-0.4514146284
95.475,0,1.926857081,1.926857081,-0.4868987028
95.5,0,1.914251789,1.914251789,-0.5213584121
95.525,0,1.900797249,1.900797249,-0.554847461
95.55,0,1.886517058,1.886517058,-0.5874194171
95.575,0,1.871433478,1.871433478,-0.6191274455
95.6,0,1.855567447,1.855567447,-0.6500240791
95.625,0,1.838938604,1.838938604,-0.6801610264
95.65,0,1.821565304,1.821565304,-0.7095890165
95.675,0,1.803464647,1.803464647,-0.7383576672
95.7,0,1.784652511,1.784652511,-0.7665153865
95.725,0,1.765143576,1.765143576,-0.7941092904
95.75,0,1.744951363,1.744951363,-0.821185144
95.775,0,1.724088266,1.724088266,-0.8477873175
95.8,0,1.702565587,1.702565587,-0.8739587563
95.825,0,1.680393571,1.680393571,-0.8997409623
95.85,0,1.657581448,1.657581448,-0.9251739841
95.875,0,1.63413746,1.63413746,-0.9502964146
95.9,0,1.610068905,1.610068905,-0.9751453927
95.925,0,1.585382172,1.585382172,-0.9997566092
95.95,0,1.56008277,1.56008277,-1.024164313
95.975,0,1.534175378,1.534175378,-1.048401318
96,0,1.507663866,1.507663866,-1.072499013
96.025,0,1.480551337,1.480551337,-1.096487357
96.05,0,1.45284017,1.45284017,-1.120394888
96.075,0,1.424532041,1.424532041,-1.144248711
96.1,0,1.395627967,1.395627967,-1.168074494
96.125,0,1.366128348,1.366128348,-1.191896441
96.15,0,1.336032988,1.336032988,-1.215737278
96.175,0,1.305341148,1.305341148,-1.239618213
96.2,0,1.274051579,1.274051579,-1.263558889
96.225,0,1.242162556,1.242162556,-1.28757734
96.25,0,1.209671926,1.209671926,-1.311689921
96.275,0,1.176577154,1.176577154,-1.335911221
96.3,0,1.142875354,1.142875354,-1.360253991
96.325,0,1.10856335,1.10856335,-1.384729035
96.35,0,1.073637726,1.073637726,-1.40934507
96.375,0,1.038094868,1.038094868,-1.434108629
96.4,0,1.001931029,1.001931029,-1.459023888
96.425,0,0.965142395,0.965142395,-1.484092489
96.45,0,0.9277251351,0.9277251351,-1.509313398
96.475,0,0.8896754871,0.8896754871,-1.534682662
96.5,0,0.8509898246,0.8509898246,-1.560193209
96.525,0,0.8116647346,0.8116647346,-1.585834632
96.55,0,0.7716971178,0.7716971178,-1.611592893
96.575,0,0.731084265,0.731084265,-1.637450103
96.6,0,0.6898239702,0.6898239702,-1.663384213
96.625,0,0.6479146335,0.6479146335,-1.689368715
96.65,0,0.6053553732,0.6053553732,-1.71537236
96.675,0,0.5621461574,0.5621461574,-1.741358803
96.7,0,0.5182879224,0.5182879224,-1.767286325
96.725,0,0.4737827259,0.4737827259,-1.793107472
96.75,0,0.4286338793,0.4286338793,-1.818768766
96.775,0,0.3828461164,0.3828461164,-1.844210373
96.8,0,0.3364257434,0.3364257434,-1.869365829
96.825,0,0.289380819,0.289380819,-1.894161763
96.85,0,0.2417213202,0.2417213202,-1.918517671
96.875,0,0.193459332,0.193459332,-1.942345722
96.9,0,0.1446092251,0.1446092251,-1.965550635
96.925,0,0.09518784746,0.09518784746,-1.988029611
96.95,0,0.04521471121,0.04521471121,-2.009672353
96.975,0,-0.005287822838,-0.005287822838,-2.030361186
97,0,-0.05629436062,-0.05629436062,-2.049971278
97.025,0,-0.1077763019,-0.1077763019,-2.068370997
97.05,0,-0.1597016761,-0.1597016761,-2.085422395
97.075,0,-0.2120349905,-0.2120349905,-2.100981863
97.1,0,-0.2647371001,-0.2647371001,-2.11490092
97.125,0,-0.3177650977,-0.3177650977,-2.127027216
97.15,0,-0.3710722293,-0.3710722293,-2.137205677
97.175,0,-0.4246078456,-0.4246078456,-2.145279851
97.2,0,-0.4783173834,-0.4783173834,-2.151093443
97.225,0,-0.5321423912,-0.5321423912,-2.154491987
97.25,0,-0.5860205993,-0.5860205993,-2.155324732
97.275,0,-0.6398860354,-0.6398860354,-2.153446617
97.3,0,-0.6936691929,-0.6936691929,-2.148720373
97.325,0,-0.7472972554,-0.7472972554,-2.141018728
97.35,0,-0.8006943717,-0.8006943717,-2.13022661
97.375,0,-0.8537819886,-0.8537819886,-2.116243355
97.4,0,-0.9064792403,-0.9064792403,-2.098984866
97.425,0,-0.9587033867,-0.9587033867,-2.078385631
97.45,0,-1.010370301,-1.010370301,-2.054400569
97.475,0,-1.061395001,-1.061395001,-2.027006647
97.5,0,-1.111692222,-1.111692222,-1.996204202
97.525,0,-1.161177006,-1.161177006,-1.962017915
97.55,0,-1.209765326,-1.209765326,-1.924497406
97.575,0,-1.257374707,-1.257374707,-1.883717404
97.6,0,-1.303924856,-1.303924856,-1.839777481
97.625,0,-1.349338273,-1.349338273,-1.792801328
97.65,0,-1.393540837,-1.393540837,-1.742935596
97.675,0,-1.436462367,-1.436462367,-1.690348291
97.7,0,-1.478037129,-1.478037129,-1.635226802
97.725,0,-1.518204289,-1.518204289,-1.577775581
97.75,0,-1.556908314,-1.556908314,-1.518213492
97.775,0,-1.594099291,-1.594099291,-1.456771012
97.8,0,-1.629733185,-1.629733185,-1.393687226
97.825,0,-1.663772012,-1.663772012,-1.329206743
97.85,0,-1.696183943,-1.696183943,-1.263576709
97.875,0,-1.726943323,-1.726943323,-1.197043692
97.9,0,-1.756030633,-1.756030633,-1.129851011
97.925,0,-1.783432356,-1.783432356,-1.062235869
97.95,0,-1.809140816,-1.809140816,-0.9944271614
97.975,0,-1.833153923,-1.833153923,-0.9266431876
98,0,-1.855474902,-1.855474902,-0.859089949
98.025,0,-1.876111949,-1.876111949,-0.791959588
98.05,0,-1.895077886,-1.895077886,-0.7254292843
98.075,0,-1.912389763,-1.912389763,-0.6596603915
98.1,0,-1.928068463,-1.928068463,-0.5947979348
98.125,0,-1.942138289,-1.942138289,-0.5309703748
98.15,0,-1.954626544,-1.954626544,-0.4682896519
98.175,0,-1.96556313,-1.96556313,-0.406851449
98.2,0,-1.974980141,-1.974980141,-0.3467356813
98.225,0,-1.982911478,-1.982911478,-0.2880071301
98.25,0,-1.989392482,-1.989392482,-0.230716234
98.275,0,-1.994459582,-1.994459582,-0.174899979
98.3,0,-1.998149977,-1.998149977,-0.1205828527
98.325,0,-2.000501329,-2.000501329,-0.06777787559
98.35,0,-2.001551496,-2.001551496,-0.01648761853
98.375,0,-2.001338278,-2.001338278,0.03329474227
98.4,0,-1.9998992,-1.9998992,0.08158440693
98.425,0,-1.99727131,-1.99727131,0.1284039555
98.45,0,-1.993491013,-1.993491013,0.1737823934
98.475,0,-1.988593913,-1.988593913,0.2177542503
98.5,0,-1.982614696,-1.982614696,0.2603587336
98.525,0,-1.975587013,-1.975587013,0.3016389424
98.55,0,-1.9675434,-1.9675434,0.3416411498
98.575,0,-1.9585152,-1.9585152,0.3804141481
98.6,0,-1.948532513,-1.948532513,0.4180086511
98.625,0,-1.937624154,-1.937624154,0.4544767718
98.65,0,-1.925817619,-1.925817619,0.4898715481
98.675,0,-1.913139075,-1.913139075,0.524246529
98.7,0,-1.899613344,-1.899613344,0.5576554199
98.725,0,-1.885263908,-1.885263908,0.5901517625
98.75,0,-1.870112917,-1.870112917,0.6217886783
98.775,0,-1.854181199,-1.854181199,0.6526186351
98.8,0,-1.83748828,-1.83748828,0.6826932655
98.825,0,-1.820052408,-1.820052408,0.7120632068
98.85,0,-1.801890579,-1.801890579,0.7407779791
98.875,0,-1.783018566,-1.783018566,0.7688858818
98.9,0,-1.76345095,-1.76345095,0.7964339191
98.925,0,-1.743201155,-1.743201155,0.8234677381
98.95,0,-1.722281479,-1.722281479,0.8500315892
98.975,0,-1.700703134,-1.700703134,0.8761682949
99,0,-1.678476278,-1.678476278,0.9019192342
99.025,0,-1.655610054,-1.655610054,0.9273243315
99.05,0,-1.632112623,-1.632112623,0.952422056
99.075,0,-1.607991203,-1.607991203,0.9772494228
99.1,0,-1.583252108,-1.583252108,1.001842
99.125,0,-1.557900776,-1.557900776,1.026233913
99.15,0,-1.531941811,-1.531941811,1.050457857
99.175,0,-1.505379022,-1.505379022,1.074545095
99.2,0,-1.478215447,-1.478215447,1.098525468
99.225,0,-1.450453401,-1.450453401,1.122427391
99.25,0,-1.422094506,-1.422094506,1.146277847
99.275,0,-1.393139724,-1.393139724,1.170102382
99.3,0,-1.363589402,-1.363589402,1.193925074
99.325,0,-1.333443298,-1.333443298,1.217768519
99.35,0,-1.302700626,-1.302700626,1.241653798
99.375,0,-1.271360096,-1.271360096,1.265600418
99.4,0,-1.239419946,-1.239419946,1.289626268
99.425,0,-1.206877986,-1.206877986,1.313747562
99.45,0,-1.173731651,-1.173731651,1.337978735
99.475,0,-1.13997803,-1.13997803,1.362332372
99.5,0,-1.105613922,-1.105613922,1.386819109
99.525,0,-1.070635892,-1.070635892,1.411447484
99.55,0,-1.035040315,-1.035040315,1.436223827
99.575,0,-0.9988234335,-0.9988234335,1.461152113
99.6,0,-0.9619814301,-0.9619814301,1.486233764
99.625,0,-0.9245104785,-0.9245104785,1.511467495
99.65,0,-0.8864068212,-0.8864068212,1.536849111
99.675,0,-0.8476668508,-0.8476668508,1.562371255
99.7,0,-0.8082871763,-0.8082871763,1.588023221
99.725,0,-0.7682647258,-0.7682647258,1.613790662
99.75,0,-0.7275968324,-0.7275968324,1.639655337
99.775,0,-0.6862813337,-0.6862813337,1.665594836
99.8,0,-0.6443166899,-0.6443166899,1.691582254
99.825,0,-0.6017020843,-0.6017020843,1.717585922
99.85,0,-0.5584375632,-0.5584375632,1.743569053
99.875,0,-0.5145241531,-0.5145241531,1.769489449
99.9,0,-0.4699640114,-0.4699640114,1.795299158
99.925,0,-0.424760566,-0.424760566,1.82094417
99.95,0,-0.3789186768,-0.3789186768,1.846364099
99.975,0,-0.3324447935,-0.3324447935,1.871491904
100,0,-0.2853471305,-0.2853471305,1.896253614
100.025,0,-0.2376358375,-0.2376358375,1.920568107
100.05,0,-0.189323187,-0.189323187,1.944346924
100.075,0,-0.1404237527,-0.1404237527,1.967494144
100.1,0,-0.09095460285,-0.09095460285,1.989906328
100.125,0,-0.0409354841,-0.0409354841,2.011472545
100.15,0,0.009610990902,0.009610990902,2.0320745
100.175,0,0.06065916213,0.06065916213,2.051586767
100.2,0,0.1121801486,0.1121801486,2.069877154
100.225,0,0.1641416853,0.1641416853,2.086807204
100.25,0,0.2165079737,0.2165079737,2.102232861
100.275,0,0.2692395522,0.2692395522,2.116005271
100.3,0,0.3222931892,0.3222931892,2.127971808
100.325,0,0.3756218003,0.3756218003,2.137977223
100.35,0,0.4291744032,0.4291744032,2.145865015
100.375,0,0.4828961021,0.4828961021,2.15147898
100.4,0,0.5367281172,0.5367281172,2.154664891
100.425,0,0.5906078582,0.5906078582,2.155272402
100.45,0,0.6444690446,0.6444690446,2.153157033
100.475,0,0.6982418787,0.6982418787,2.148182279
100.5,0,0.751853274,0.751853274,2.140221821
100.525,0,0.8052271357,0.8052271357,2.129161729
100.55,0,0.8582846978,0.8582846978,2.114902665
100.575,0,0.910944917,0.910944917,2.097362039
100.6,0,0.9631249156,0.9631249156,2.076476008
100.625,0,1.014740473,1.014740473,2.05220131
100.65,0,1.06570656,1.06570656,2.024516855
100.675,0,1.115937913,1.115937913,1.993425019
100.7,0,1.165349632,1.165349632,1.958952588
100.725,0,1.213857796,1.213857796,1.92115132
100.75,0,1.261380091,1.261380091,1.880098077
100.775,0,1.30783644,1.30783644,1.835894517
100.8,0,1.353149606,1.353149606,1.788666337
100.825,0,1.397245784,1.397245784,1.738562075
100.85,0,1.440055151,1.440055151,1.685751469
100.875,0,1.481512374,1.481512374,1.630423457
100.9,0,1.521557057,1.521557057,1.572783821
100.925,0,1.560134132,1.560134132,1.51305253
100.95,0,1.597194178,1.597194178,1.451460907
100.975,0,1.63269367,1.63269367,1.388248634
101,0,1.666595145,1.666595145,1.323660646
101.025,0,1.698867299,1.698867299,1.257944164
101.05,0,1.729485002,1.729485002,1.191345577
101.075,0,1.758429253,1.758429253,1.124107796
101.1,0,1.785687039,1.785687039,1.056467394
101.125,0,1.811251172,1.811251172,0.9886524567
101.15,0,1.835120022,1.835120022,0.9208802892
101.175,0,1.857297254,1.857297254,0.8533557734
101.2,0,1.87779147,1.87779147,0.7862698157
101.225,0,1.896615869,1.896615869,0.7197982783
101.25,0,1.913787842,1.913787842,0.654101139
101.275,0,1.92932858,1.92932858,0.5893220187
101.3,0,1.943262657,1.943262657,0.5255879663
101.325,0,1.955617613,1.955617613,0.4630095244
101.35,0,1.966423553,1.966423553,0.4016810117
101.375,0,1.975712739,1.975712739,0.3416810299
101.4,0,1.983519209,1.983519209,0.2830731032
101.425,0,1.989878409,1.989878409,0.2259064937
101.45,0,1.994826847,1.994826847,0.1702170794
101.475,0,1.998401772,1.998401772,0.1160283371
101.5,0,2.000640873,2.000640873,0.06335235391
101.525,0,2.001582013,2.001582013,0.01219086126
101.55,0,2.001262976,2.001262976,-0.03746371709
101.575,0,1.999721254,1.999721254,-0.08562724808
101.6,0,1.996993848,1.996993848,-0.132322895
101.625,0,1.993117097,1.993117097,-0.1775801681
101.65,0,1.988126536,1.988126536,-0.221434028
101.675,0,1.982056763,1.982056763,-0.263924042
101.7,0,1.974941338,1.974941338,-0.3050936065
101.725,0,1.966812699,1.966812699,-0.3449892355
101.75,0,1.957702085,1.957702085,-0.383659905
101.775,0,1.947639488,1.947639488,-0.4211564681
101.8,0,1.936653611,1.936653611,-0.4575311353
101.825,0,1.924771838,1.924771838,-0.4928370016
101.85,0,1.912020221,1.912020221,-0.5271276443
101.875,0,1.898423469,1.898423469,-0.5604567649
101.9,0,1.88400495,1.88400495,-0.5928778796
101.925,0,1.868786699,1.868786699,-0.6244440629
101.95,0,1.852789434,1.852789434,-0.6552077174
101.975,0,1.836032571,1.836032571,-0.6852203977
102,0,1.818534251,1.818534251,-0.7145326494
102.025,0,1.800311363,1.800311363,-0.7431938933
102.05,0,1.781379579,1.781379579,-0.7712523202
102.075,0,1.76175338,1.76175338,-0.7987548217
102.1,0,1.741446091,1.741446091,-0.8257469269
102.125,0,1.720469918,1.720469918,-0.8522727657
102.15,0,1.698835982,1.698835982,-0.8783750385
102.175,0,1.676554352,1.676554352,-0.9040950004
102.2,0,1.653634086,1.653634086,-0.9294724521
102.225,0,1.630083264,1.630083264,-0.9545457387
102.25,0,1.605909026,1.605909026,-0.979351752
102.275,0,1.581117608,1.581117608,-1.003925937
102.3,0,1.555714377,1.555714377,-1.028302297
102.325,0,1.529703869,1.529703869,-1.052513405
102.35,0,1.503089824,1.503089824,-1.076590403
102.375,0,1.475875219,1.475875219,-1.100563011
102.4,0,1.448062306,1.448062306,-1.124459522
102.425,0,1.419652653,1.419652653,-1.148306798
102.45,0,1.390647166,1.390647166,-1.172130257
102.475,0,1.361046137,1.361046137,-1.195953858
102.5,0,1.330849284,1.330849284,-1.219800066
102.525,0,1.300055772,1.300055772,-1.243689828
102.55,0,1.268664266,1.268664266,-1.267642521
102.575,0,1.236672973,1.236672973,-1.291675891
102.6,0,1.204079667,1.204079667,-1.315805998
102.625,0,1.170881746,1.170881746,-1.340047137
102.65,0,1.13707628,1.13707628,-1.364411721
102.675,0,1.102660045,1.102660045,-1.38891021
102.7,0,1.067629582,1.067629582,-1.413550972
102.725,0,1.031981259,1.031981259,-1.438340131
102.75,0,0.9957113082,0.9957113082,-1.46328145
102.775,0,0.9588159062,0.9588159062,-1.488376143
102.8,0,0.9212912353,0.9212912353,-1.513622669
102.825,0,0.8831335442,0.8831335442,-1.539016578
102.85,0,0.8443392401,0.8443392401,-1.564550245
102.875,0,0.804904959,0.804904959,-1.59021265
102.9,0,0.7648276552,0.7648276552,-1.615989139
102.925,0,0.724104705,0.724104705,-1.641861117
102.95,0,0.6827339926,0.6827339926,-1.667805807
102.975,0,0.6407140346,0.6407140346,-1.693795913
103,0,0.5980440849,0.5980440849,-1.719799337
103.025,0,0.5547242652,0.5547242652,-1.745778852
103.05,0,0.5107556958,0.5107556958,-1.771691774
103.075,0,0.4661406334,0.4661406334,-1.797489654
103.1,0,0.4208826246,0.4208826246,-1.823117946
103.125,0,0.3749866554,0.3749866554,-1.848515713
103.15,0,0.3284593215,0.3284593215,-1.87361533
103.175,0,0.281308993,0.281308993,-1.898342228
103.2,0,0.2335459951,0.2335459951,-1.922614666
103.225,0,0.1851827874,0.1851827874,-1.946343554
103.25,0,0.1362341494,0.1362341494,-1.969432331
103.275,0,0.08671737035,0.08671737035,-1.991776919
103.3,0,0.0366524329,0.0366524329,-2.013265753
103.325,0,-0.01393779725,-0.01393779725,-2.03377992
103.35,0,-0.06502739255,-0.06502739255,-2.053193403
103.375,0,-0.1165871904,-0.1165871904,-2.071373454
103.4,0,-0.1685846305,-0.1685846305,-2.088181113
103.425,0,-0.2209836066,-0.2209836066,-2.103471877
103.45,0,-0.2737443411,-0.2737443411,-2.117096535
103.475,0,-0.3268232758,-0.3268232758,-2.128902188
103.5,0,-0.3801729971,-0.3801729971,-2.138733418
103.525,0,-0.4337421888,-0.4337421888,-2.146433701
103.55,0,-0.4874756226,-0.4874756226,-2.151846915
103.575,0,-0.5413141914,-0.5413141914,-2.154819102
103.6,0,-0.5951949849,-0.5951949849,-2.155200333
103.625,0,-0.6490514153,-0.6490514153,-2.152846716
103.65,0,-0.7028133962,-0.7028133962,-2.147622537
103.675,0,-0.7564075729,-0.7564075729,-2.139402441
103.7,0,-0.8097576086,-0.8097576086,-2.128073651
103.725,0,-0.8627845281,-0.8627845281,-2.113538178
103.75,0,-0.9154071142,-0.9154071142,-2.095714952
103.775,0,-0.9675423544,-0.9675423544,-2.074541811
103.8,0,-1.019105937,-1.019105937,-2.049977323
103.825,0,-1.070012793,-1.070012793,-2.022002352
103.85,0,-1.120177664,-1.120177664,-1.990621318
103.875,0,-1.169515709,-1.169515709,-1.955863119
103.9,0,-1.217943119,-1.217943119,-1.917781651
103.925,0,-1.265377749,-1.265377749,-1.876455903
103.95,0,-1.311739737,-1.311739737,-1.831989616
103.975,0,-1.356952116,-1.356952116,-1.784510489
104,0,-1.400941401,-1.400941401,-1.734168928
104.025,0,-1.443638133,-1.443638133,-1.68113639
104.05,0,-1.484977379,-1.484977379,-1.62560335
104.075,0,-1.524899184,-1.524899184,-1.567776895
104.1,0,-1.563348951,-1.563348951,-1.507878075
104.125,0,-1.600277751,-1.600277751,-1.446139057
104.15,0,-1.635642569,-1.635642569,-1.382800063
104.175,0,-1.669406465,-1.669406465,-1.318106377
104.2,0,-1.701538659,-1.701538659,-1.252305221
104.225,0,-1.73201455,-1.73201455,-1.185642846
104.25,0,-1.760815646,-1.760815646,-1.118361661
104.275,0,-1.787929445,-1.787929445,-1.050697669
104.3,0,-1.813349236,-1.813349236,-0.9828780647
104.325,0,-1.837073858,-1.837073858,-0.9151191957
104.35,0,-1.859107404,-1.859107404,-0.8476247842
104.375,0,-1.879458886,-1.879458886,-0.7805845068
104.4,0,-1.898141873,-1.898141873,-0.7141728948
104.425,0,-1.915174095,-1.915174095,-0.6485485504
104.45,0,-1.93057705,-1.93057705,-0.5838536871
104.475,0,-1.944375577,-1.944375577,-0.5202139436
104.5,0,-1.956597454,-1.956597454,-0.4577384651
104.525,0,-1.967272982,-1.967272982,-0.3965202128
104.55,0,-1.976434589,-1.976434589,-0.3366364761
104.575,0,-1.98411645,-1.98411645,-0.2781495304
104.6,0,-1.99035411,-1.99035411,-0.2211074677
104.625,0,-1.995184157,-1.995184157,-0.1655450629
104.65,0,-1.998643885,-1.998643885,-0.1114847926
104.675,0,-2.00077101,-2.00077101,-0.05893781433
104.7,0,-2.001603396,-2.001603396,-0.007905030859
104.725,0,-2.001178813,-2.001178813,0.04162188074
104.75,0,-1.999534716,-1.999534716,0.08965944618
104.775,0,-1.996708056,-1.996708056,0.1362314058
104.8,0,-1.99273511,-1.99273511,0.1813677688
104.825,0,-1.987651337,-1.987651337,0.2251039185
104.85,0,-1.981491251,-1.981491251,0.2674797774
104.875,0,-1.974288321,-1.974288321,0.3085390363
104.9,0,-1.966074882,-1.966074882,0.3483284418
104.925,0,-1.956882072,-1.956882072,0.3868971506
104.95,0,-1.946739772,-1.946739772,0.4242961539
104.975,0,-1.935676576,-1.935676576,0.460577752
105,0,-1.923719754,-1.923719754,0.4957950968
105.025,0,-1.910895243,-1.910895243,0.5300017909
105.05,0,-1.897227639,-1.897227639,0.5632515284
105.075,0,-1.882740195,-1.882740195,0.5955978011
105.1,0,-1.867454836,-1.867454836,0.6270936308
105.125,0,-1.851392164,-1.851392164,0.6577913578
105.15,0,-1.834571489,-1.834571489,0.6877424536
105.175,0,-1.817010843,-1.817010843,0.7169973747
105.2,0,-1.798727011,-1.798727011,0.7456054387
105.225,0,-1.77973556,-1.77973556,0.7736147304
105.25,0,-1.760050874,-1.760050874,0.8010720256
105.275,0,-1.73968618,-1.73968618,0.8280227372
105.3,0,-1.718653591,-1.718653591,0.8545108731
105.325,0,-1.696964136,-1.696964136,0.880579012
105.35,0,-1.674627798,-1.674627798,0.906268285
105.375,0,-1.651653548,-1.651653548,0.931618369
105.4,0,-1.628049387,-1.628049387,0.9566674851
105.425,0,-1.603822375,-1.603822375,0.981452402
105.45,0,-1.578978673,-1.578978673,1.006008441
105.475,0,-1.553523578,-1.553523578,1.030369485
105.5,0,-1.527461554,-1.527461554,1.054567982
105.525,0,-1.500796274,-1.500796274,1.078634956
105.55,0,-1.473530655,-1.473530655,1.102600003
105.575,0,-1.445666888,-1.445666888,1.126491296
105.6,0,-1.41720648,-1.41720648,1.150335576
105.625,0,-1.38815029,-1.38815029,1.174158135
105.65,0,-1.358498557,-1.358498557,1.197982805
105.675,0,-1.328250945,-1.328250945,1.22183193
105.7,0,-1.297406582,-1.297406582,1.245726317
105.725,0,-1.265964092,-1.265964092,1.269685208
105.75,0,-1.233921636,-1.233921636,1.293726216
105.775,0,-1.201276964,-1.201276964,1.317865245
105.8,0,-1.16802744,-1.16802744,1.342116432
105.825,0,-1.134170103,-1.134170103,1.366492043
105.85,0,-1.099701715,-1.099701715,1.391002347
105.875,0,-1.064618796,-1.064618796,1.415655531
105.9,0,-1.028917696,-1.028917696,1.440457539
105.925,0,-0.9925946488,-0.9925946488,1.465411904
105.95,0,-0.9556458231,-0.9556458231,1.490519619
105.975,0,-0.9180674029,-0.9180674029,1.515778915
106,0,-0.8798556534,-0.8798556534,1.541185061
106.025,0,-0.8410069908,-0.8410069908,1.566730168
106.05,0,-0.8015180799,-0.8015180799,1.592402911
106.075,0,-0.7613859063,-0.7613859063,1.618188306
106.1,0,-0.7206078817,-0.7206078817,1.644067429
106.125,0,-0.6791819459,-0.6791819459,1.670017109
106.15,0,-0.6371066674,-0.6371066674,1.696009673
106.175,0,-0.5943813745,-0.5943813745,1.722012585
106.2,0,-0.5510062646,-0.5510062646,1.747988171
106.225,0,-0.5069825515,-0.5069825515,1.77389327
106.25,0,-0.4623125949,-0.4623125949,1.799678924
106.275,0,-0.4170000579,-0.4170000579,1.825290056
106.3,0,-0.3710500571,-0.3710500571,1.85066517
106.325,0,-0.3244693327,-0.3244693327,1.875736059
106.35,0,-0.2772664138,-0.2772664138,1.900427553
106.375,0,-0.2294518011,-0.2294518011,1.924657289
106.4,0,-0.1810381429,-0.1810381429,1.948335548
106.425,0,-0.1320404272,-0.1320404272,1.971365128
106.45,0,-0.08247616301,-0.08247616301,1.993641311
106.475,0,-0.03236557264,-0.03236557264,2.015051901
106.5,0,0.0182682246,0.0182682246,2.035477367
106.525,0,0.06939903301,0.06939903301,2.054791103
106.55,0,0.1209974064,0.1209974064,2.072859811
106.575,0,0.1730304877,0.1730304877,2.089544032
106.6,0,0.2254618641,0.2254618641,2.104698819
106.625,0,0.2782514382,0.2782514382,2.118174619
106.65,0,0.3313553274,0.3313553274,2.129818254
106.675,0,0.384725787,0.384725787,2.139474172
106.7,0,0.4383111669,0.4383111669,2.146985806
106.725,0,0.4920559074,0.4920559074,2.152197156
106.75,0,0.5459005739,0.5459005739,2.154954534
106.775,0,0.5997819367,0.5997819367,2.155108435
106.8,0,0.6536331035,0.6536331035,2.152515589
106.825,0,0.7073836995,0.7073836995,2.147041076
106.85,0,0.7609601036,0.7609601036,2.13856052
106.875,0,0.8142857407,0.8142857407,2.126962321
106.9,0,0.8672814292,0.8672814292,2.112149852
106.925,0,0.91986578,0.91986578,2.094043573
106.95,0,0.9719556497,0.9719556497,2.07258302
106.975,0,1.023466642,1.023466642,2.047728604
107,0,1.074313648,1.074313648,2.019463147
107.025,0,1.124411422,1.124411422,1.987793126
107.05,0,1.173675184,1.173675184,1.952749549
107.075,0,1.222021246,1.222021246,1.914388452
107.1,0,1.26936763,1.26936763,1.872790951
107.125,0,1.315634699,1.315634699,1.828062867
107.15,0,1.360745759,1.360745759,1.780333881
107.175,0,1.404627648,1.404627648,1.729756263
107.2,0,1.447211272,1.447211272,1.676503181
107.225,0,1.488432107,1.488432107,1.620766612
107.25,0,1.52823064,1.52823064,1.562754938
107.275,0,1.566552743,1.566552743,1.502690285
107.3,0,1.603349985,1.603349985,1.440805602
107.325,0,1.638579861,1.638579861,1.377341678
107.35,0,1.672205954,1.672205954,1.312544078
107.375,0,1.704198011,1.704198011,1.246660039
107.4,0,1.734531954,1.734531954,1.179935625
107.425,0,1.763189807,1.763189807,1.112612762
107.45,0,1.790159569,1.790159569,1.044926819
107.475,0,1.815435011,1.815435011,0.9771041219
107.5,0,1.839015434,1.839015434,0.9093600271
107.525,0,1.86090536,1.86090536,0.8418970949
107.55,0,1.881114206,1.881114206,0.7749037643
107.575,0,1.899655909,1.899655909,0.7085532265
107.6,0,1.916548539,1.916548539,0.6430027086
107.625,0,1.93181389,1.93181389,0.5783930128
107.65,0,1.945477069,1.945477069,0.5148483692
107.675,0,1.957566086,1.957566086,0.4524765274
107.7,0,1.968111437,1.968111437,0.3913690968
107.725,0,1.977145715,1.977145715,0.3316020529
107.75,0,1.984703222,1.984703222,0.27323644
107.775,0,1.99081961,1.99081961,0.2163191701
107.8,0,1.995531535,1.995531535,0.1608839422
107.825,0,1.998876339,1.998876339,0.1069522214
107.85,0,2.000891763,2.000891763,0.0545342548
107.875,0,2.00161567,2.00161567,0.003630119868
107.9,0,2.001085811,2.001085811,-0.04576924506
107.925,0,1.999339606,1.999339606,-0.09368101788
107.95,0,1.996413956,1.996413956,-0.1401295088
107.975,0,1.992345072,1.992345072,-0.185145218
108,0,1.987168338,1.987168338,-0.228763947
108.025,0,1.980918182,1.980918182,-0.2710259687
108.05,0,1.973627979,1.973627979,-0.3119752611
108.075,0,1.965329967,1.965329967,-0.351658799
108.1,0,1.956055177,1.956055177,-0.390125918
108.125,0,1.945833383,1.945833383,-0.4274277403
108.15,0,1.934693064,1.934693064,-0.4636166543
108.175,0,1.922661381,1.922661381,-0.4987458676
108.2,0,1.909764155,1.909764155,-0.5328690012
108.225,0,1.896025867,1.896025867,-0.5660397447
108.25,0,1.881469659,1.881469659,-0.5983115589
108.275,0,1.866117339,1.866117339,-0.629737415
108.3,0,1.849989402,1.849989402,-0.6603695872
108.325,0,1.833105045,1.833105045,-0.6902594645
108.35,0,1.815482194,1.815482194,-0.7194574123
108.375,0,1.79713753,1.79713753,-0.7480126452
108.4,0,1.778086518,1.778086518,-0.7759731405
108.425,0,1.75834344,1.75834344,-0.8033855589
108.45,0,1.737921429,1.737921429,-0.8302951955
108.475,0,1.716832504,1.716832504,-0.8567459374
108.5,0,1.695087602,1.695087602,-0.8827802403
108.525,0,1.67269662,1.67269662,-0.908439112
108.55,0,1.649668446,1.649668446,-0.9337621054
108.575,0,1.626010996,1.626010996,-0.9587873175
108.6,0,1.601731255,1.601731255,-0.9835513937
108.625,0,1.576835309,1.576835309,-1.008089533
108.65,0,1.551328379,1.551328379,-1.032435494
108.675,0,1.525214866,1.525214866,-1.056621607
108.7,0,1.498498373,1.498498373,-1.08067877
108.725,0,1.471181755,1.471181755,-1.104636462
108.75,0,1.443267146,1.443267146,-1.128522731
108.775,0,1.414755992,1.414755992,-1.152364197
108.8,0,1.385649098,1.385649098,-1.176186029
108.825,0,1.355946657,1.355946657,-1.200011932
108.85,0,1.325648282,1.325648282,-1.223864121
108.875,0,1.294753058,1.294753058,-1.247763274
108.9,0,1.263259568,1.263259568,-1.271728492
108.925,0,1.231165937,1.231165937,-1.295777249
108.95,0,1.198469877,1.198469877,-1.319925305
108.975,0,1.165168728,1.165168728,-1.344186633
109,0,1.1312595,1.1312595,-1.368573337
109.025,0,1.09673893,1.09673893,-1.393095522
109.05,0,1.061603529,1.061603529,-1.417761175
109.075,0,1.025849627,1.025849627,-1.442576049
109.1,0,0.9894734531,0.9894734531,-1.467543472
109.125,0,0.9524711767,0.9524711767,-1.492664197
109.15,0,0.9148389811,0.9148389811,-1.517936224
109.175,0,0.8765731448,0.8765731448,-1.543354556
109.2,0,0.8376701024,0.8376701024,-1.568911016
109.225,0,0.7981265379,0.7981265379,-1.594593991
109.25,0,0.7579394753,0.7579394753,-1.620388159
109.275,0,0.7171063628,0.7171063628,-1.646274252
109.3,0,0.6756251912,0.6756251912,-1.672228729
109.325,0,0.6334945897,0.6334945897,-1.698223508
109.35,0,0.590713953,0.590713953,-1.724225638
109.375,0,0.5472835631,0.5472835631,-1.750196982
109.4,0,0.5032047223,0.5032047223,-1.776093904
109.425,0,0.4584798987,0.4584798987,-1.801866932
109.45,0,0.4131128698,0.4131128698,-1.827460459
109.475,0,0.3671088868,0.3671088868,-1.852812425
109.5,0,0.320474833,0.320474833,-1.877854043
109.525,0,0.2732194003,0.2732194003,-1.902509534
109.55,0,0.2253532635,0.2253532635,-1.926695921
109.575,0,0.1768892642,0.1768892642,-1.950322845
109.6,0,0.1278425968,0.1278425968,-1.97329247
109.625,0,0.07823099414,0.07823099414,-1.995499434
109.65,0,0.02807491863,0.02807491863,-2.016830913
109.675,0,-0.02260225634,-0.02260225634,-2.03716676
109.7,0,-0.07377406441,-0.07377406441,-2.056379783
109.725,0,-0.1254107751,-0.1254107751,-2.074336137
109.75,0,-0.1774792341,-0.1774792341,-2.090895864
109.775,0,-0.2299427198,-0.2299427198,-2.105913597
109.8,0,-0.2827608158,-0.2827608158,-2.119239423
109.825,0,-0.3358893137,-0.3358893137,-2.130719916
109.85,0,-0.3892801368,-0.3892801368,-2.140199384
109.875,0,-0.4428813023,-0.4428813023,-2.147521236
109.9,0,-0.4966369189,-0.4966369189,-2.15252961
109.925,0,-0.5504872243,-0.5504872243,-2.15507109
109.95,0,-0.6043686719,-0.6043686719,-2.154996624
109.975,0,-0.6582140649,-0.6582140649,-2.152163571
110,0,-0.7119527419,-0.7119527419,-2.146437818
110.025,0,-0.7655108181,-0.7655108181,-2.137695992
110.05,0,-0.818811483,-0.818811483,-2.125827685
110.075,0,-0.8717753501,-0.8717753501,-2.110737642
110.1,0,-0.924320862,-0.924320862,-2.092347869
110.125,0,-0.9763647499,-0.9763647499,-2.070599617
110.15,0,-1.027822535,-1.027822535,-2.045455148
110.175,0,-1.078609073,-1.078609073,-2.016899252
110.2,0,-1.128639133,-1.128639133,-1.984940467
110.225,0,-1.177828007,-1.177828007,-1.949611918
110.25,0,-1.226092126,-1.226092126,-1.91097178
110.275,0,-1.273349687,-1.273349687,-1.869103296
110.3,0,-1.31952128,-1.31952128,-1.824114353
110.325,0,-1.364530491,-1.364530491,-1.776136612
110.35,0,-1.408304483,-1.408304483,-1.725324198
110.375,0,-1.450774531,-1.450774531,-1.671851961
110.4,0,-1.491876523,-1.491876523,-1.615913373
110.425,0,-1.53155139,-1.53155139,-1.5577181
110.45,0,-1.569745479,-1.569745479,-1.497489297
110.475,0,-1.606410854,-1.606410854,-1.435460695
110.5,0,-1.641505525,-1.641505525,-1.371873631
110.525,0,-1.674993596,-1.674993596,-1.306973896
110.55,0,-1.706845342,-1.706845342,-1.241008784
110.575,0,-1.737037206,-1.737037206,-1.174224056
110.6,0,-1.76555173,-1.76555173,-1.106861245
110.625,0,-1.792377409,-1.792377409,-1.039154977
110.65,0,-1.817508499,-1.817508499,-0.9713307625
110.675,0,-1.840944754,-1.840944754,-0.9036029007
110.7,0,-1.862691129,-1.862691129,-0.8361728215
110.725,0,-1.882757441,-1.882757441,-0.7692276892
110.75,0,-1.901157991,-1.901157991,-0.7029393674
110.775,0,-1.917911186,-1.917911186,-0.6374636955
110.8,0,-1.933039115,-1.933039115,-0.5729400683
110.825,0,-1.946567151,-1.946567151,-0.5094913037
110.85,0,-1.958523528,-1.958523528,-0.4472237645
110.875,0,-1.968938939,-1.968938939,-0.386227703
110.9,0,-1.977846136,-1.977846136,-0.3265777963
110.925,0,-1.985279549,-1.985279549,-0.2683338551
110.95,0,-1.99127493,-1.99127493,-0.2115416219
110.975,0,-1.995869003,-1.995869003,-0.1562337263
111,0,-1.999099159,-1.999099159,-0.1024306276
111.025,0,-2.001003155,-2.001003155,-0.05014167335
111.05,0,-2.001618857,-2.001618857,0.000633879676
111.075,0,-2.000983993,-2.000983993,0.04990582334
111.1,0,-1.999135949,-1.999135949,0.09769198036
111.125,0,-1.99611157,-1.99611157,0.144017224
111.15,0,-1.991947005,-1.991947005,0.1889125394
111.175,0,-1.986677559,-1.986677559,0.2324141399
111.2,0,-1.980337575,-1.980337575,0.274562644
111.225,0,-1.972960335,-1.972960335,0.3154023104
111.25,0,-1.964577974,-1.964577974,0.3549803384
111.275,0,-1.955221419,-1.955221419,0.393346239
111.3,0,-1.944920336,-1.944920336,0.4305512597
111.325,0,-1.933703093,-1.933703093,0.4666478759
111.35,0,-1.921596735,-1.921596735,0.5016893461
111.375,0,-1.908626972,-1.908626972,0.5357293086
111.4,0,-1.894818168,-1.894818168,0.568821446
111.425,0,-1.880193353,-1.880193353,0.6010191853
111.45,0,-1.864774221,-1.864774221,0.6323754475
111.475,0,-1.848581157,-1.848581157,0.6629424368
111.5,0,-1.831633249,-1.831633249,0.6927714613
111.525,0,-1.813948315,-1.813948315,0.721912792
111.55,0,-1.79554293,-1.79554293,0.7504155422
111.575,0,-1.77643246,-1.77643246,0.7783275789
111.6,0,-1.756631086,-1.756631086,0.805695449
111.625,0,-1.736151845,-1.736151845,0.8325643285
111.65,0,-1.715006662,-1.715006662,0.8589779842
111.675,0,-1.693206387,-1.693206387,0.8849787485
111.7,0,-1.670760825,-1.670760825,0.9106075055
111.725,0,-1.647678782,-1.647678782,0.9359036843
111.75,0,-1.623968095,-1.623968095,0.9609052582
111.775,0,-1.599635669,-1.599635669,0.9856487488
111.8,0,-1.574687516,-1.574687516,1.010169232
111.825,0,-1.549128785,-1.549128785,1.034500347
111.85,0,-1.522963808,-1.522963808,1.058674297
111.875,0,-1.496196124,-1.496196124,1.082721865
111.9,0,-1.468828522,-1.468828522,1.106672404
111.925,0,-1.440863079,-1.440863079,1.130553843
111.95,0,-1.412301186,-1.412301186,1.154392676
111.975,0,-1.38314359,-1.38314359,1.178213953
112,0,-1.353390437,-1.353390437,1.202041251
112.025,0,-1.323041294,-1.323041294,1.225896653
112.05,0,-1.292095197,-1.292095197,1.249800711
112.075,0,-1.260550694,-1.260550694,1.273772385
112.1,0,-1.228405871,-1.228405871,1.297829003
112.125,0,-1.195658404,-1.195658404,1.321986186
112.15,0,-1.162305608,-1.162305608,1.346257745
112.175,0,-1.128344466,-1.128344466,1.370655615
112.2,0,-1.09377169,-1.09377169,1.395189736
112.225,0,-1.058583777,-1.058583777,1.419867903
112.25,0,-1.022777049,-1.022777049,1.444695666
112.275,0,-0.9863477195,-0.9863477195,1.469676152
112.3,0,-0.9492919635,-0.9492919635,1.494809877
112.325,0,-0.9116059675,-0.9116059675,1.520094594
112.35,0,-0.8732860175,-0.8732860175,1.545525054
112.375,0,-0.8343285706,-0.8343285706,1.571092785
112.4,0,-0.7947303323,-0.7947303323,1.596785878
112.425,0,-0.7544883609,-0.7544883609,1.622588681
112.45,0,-0.7136001471,-0.7136001471,1.648481572
112.475,0,-0.6720637291,-0.6720637291,1.674440642
112.5,0,-0.6298778,-0.6298778,1.700437399
112.525,0,-0.5870418215,-0.5870418215,1.726438471
112.55,0,-0.5435561606,-0.5435561606,1.752405257
112.575,0,-0.4994222103,-0.4994222103,1.778293643
112.6,0,-0.4546425466,-0.4546425466,1.804053643
112.625,0,-0.4092210642,-0.4092210642,1.829629116
112.65,0,-0.3631631485,-0.3631631485,1.854957435
112.675,0,-0.3164758283,-0.3164758283,1.879969232
112.7,0,-0.269167959,-0.269167959,1.904588121
112.725,0,-0.2212503913,-0.2212503913,1.928730501
112.75,0,-0.1727361609,-0.1727361609,1.952305383
112.775,0,-0.12364067,-0.12364067,1.975214287
112.8,0,-0.07398187736,-0.07398187736,1.997351217
112.825,0,-0.02378048577,-0.02378048577,2.018602713
112.85,0,0.0269398751,0.0269398751,2.038848019
112.875,0,0.07815246738,0.07815246738,2.057959359
112.9,0,0.1298272752,0.1298272752,2.075802343
112.925,0,0.1819308459,0.1819308459,2.092236525
112.95,0,0.234426148,0.234426148,2.107116113
112.975,0,0.2872724456,0.2872724456,2.120290854
113,0,0.3404252035,0.3404252035,2.131607076
113.025,0,0.3938360135,0.3938360135,2.140908956
113.05,0,0.4474525597,0.4474525597,2.148039899
113.075,0,0.5012186189,0.5012186189,2.152844181
113.1,0,0.5550741028,0.5550741028,2.155168682
113.125,0,0.6089551479,0.6089551479,2.154864815
113.15,0,0.6627942547,0.6627942547,2.151790579
113.175,0,0.716520477,0.716520477,2.145812692
113.2,0,0.7700596687,0.7700596687,2.136808795
113.225,0,0.8233347855,0.8233347855,2.124669688
113.25,0,0.8762662396,0.8762662396,2.109301503
113.275,0,0.9287723094,0.9287723094,2.090627812
113.3,0,0.9807696028,0.9807696028,2.068591586
113.325,0,1.032173562,1.032173562,2.043156951
113.35,0,1.082899014,1.082899014,2.014310679
113.375,0,1.132860747,1.132860747,1.982063369
113.4,0,1.181974127,1.181974127,1.946450271
113.425,0,1.230155709,1.230155709,1.907531696
113.45,0,1.277323871,1.277323871,1.865393009
113.475,0,1.323399434,1.323399434,1.820144163
113.5,0,1.368306268,1.368306268,1.771918787
113.525,0,1.411971863,1.411971863,1.720872842
113.55,0,1.454327871,1.454327871,1.667182855
113.575,0,1.495310592,1.495310592,1.611043771
113.6,0,1.534861405,1.534861405,1.552666514
113.625,0,1.572927132,1.572927132,1.492275258
113.65,0,1.609460336,1.609460336,1.430104495
113.675,0,1.644419541,1.644419541,1.366396064
113.7,0,1.677769375,1.677769375,1.301396
113.725,0,1.709480639,1.709480639,1.235351581
113.75,0,1.739530298,1.739530298,1.168508312
113.775,0,1.767901409,1.767901409,1.101107239
113.8,0,1.794582963,1.794582963,1.033382289
113.825,0,1.819569699,1.819569699,0.9655581071
113.85,0,1.842861823,1.842861823,0.8978479424
113.875,0,1.864464719,1.864464719,0.830452071
113.9,0,1.884388599,1.884388599,0.7635563839
113.925,0,1.902648132,1.902648132,0.697331408
113.95,0,1.919262051,1.919262051,0.6319315925
113.975,0,1.934252742,1.934252742,0.5674949239
114,0,1.94764584,1.94764584,0.5041428097
114.025,0,1.9594698,1.9594698,0.4419802265
114.05,0,1.969755509,1.969755509,0.3810960746
114.075,0,1.978535874,1.978535874,0.3215637397
114.1,0,1.985845452,1.985845452,0.2634417977
114.125,0,1.991720092,1.991720092,0.2067748409
114.15,0,1.996196586,1.996196586,0.151594422
114.175,0,1.999312366,1.999312366,0.09792001414
114.2,0,2.00110521,2.00110521,0.04576006639
114.225,0,2.001612979,2.001612979,-0.004886976509
114.25,0,2.000873383,2.000873383,-0.05403162869
114.275,0,1.998923766,1.998923766,-0.1016923509
114.3,0,1.995800922,1.995800922,-0.1478945721
114.325,0,1.991540931,1.991540931,-0.1926697564
114.35,0,1.986179022,1.986179022,-0.2360545236
114.375,0,1.979749451,1.979749451,-0.2780898314
114.4,0,1.972285405,1.972285405,-0.3188202139
114.425,0,1.96381892,1.96381892,-0.3582930916
114.45,0,1.954380816,1.954380816,-0.3965581454
114.475,0,1.94400065,1.94400065,-0.4336667447
114.5,0,1.932706679,1.932706679,-0.4696714502
114.525,0,1.920525833,1.920525833,-0.5046255659
114.55,0,1.907483708,1.907483708,-0.5385827465
114.575,0,1.893604556,1.893604556,-0.5715966652
114.6,0,1.87891129,1.87891129,-0.6037207131
114.625,0,1.863425495,1.863425495,-0.6350077599
114.65,0,1.847167443,1.847167443,-0.6655099382
114.675,0,1.830156112,1.830156112,-0.6952784745
114.7,0,1.812409214,1.812409214,-0.724363544
114.725,0,1.793943221,1.793943221,-0.7528141585
114.75,0,1.774773395,1.774773395,-0.7806780739
114.775,0,1.754913819,1.754913819,-0.8080017233
114.8,0,1.734377435,1.734377435,-0.8348301631
114.825,0,1.713176074,1.713176074,-0.8612070394
114.85,0,1.691320494,1.691320494,-0.8871745613
114.875,0,1.668820417,1.668820417,-0.9127734894
114.9,0,1.645684563,1.645684563,-0.9380431288
114.925,0,1.621920689,1.621920689,-0.9630213291
114.95,0,1.597535621,1.597535621,-0.9877444884
114.975,0,1.572535298,1.572535298,-1.01224756
115,0,1.546924798,1.546924798,-1.036564061
115.025,0,1.520708382,1.520708382,-1.060726073
115.05,0,1.493889526,1.493889526,-1.084764257
115.075,0,1.466470957,1.466470957,-1.108707846
115.1,0,1.438454689,1.438454689,-1.132584646
115.125,0,1.409842062,1.409842062,-1.15642103
115.15,0,1.380633767,1.380633767,-1.180241921
115.175,0,1.350829898,1.350829898,-1.204070774
115.2,0,1.320429979,1.320429979,-1.22792954
115.225,0,1.289433001,1.289433001,-1.251838637
115.25,0,1.257837469,1.257837469,-1.275816894
115.275,0,1.225641437,1.225641437,-1.29988149
115.3,0,1.192842546,1.192842546,-1.324047895
115.325,0,1.159438078,1.159438078,-1.348329774
115.35,0,1.125424997,1.125424997,-1.372738885
115.375,0,1.090799992,1.090799992,-1.397284993
115.4,0,1.055559541,1.055559541,-1.421975717
115.425,0,1.019699957,1.019699957,-1.446816393
115.45,0,0.9832174467,0.9832174467,-1.471809942
115.475,0,0.9461081821,0.9461081821,-1.496956653
115.5,0,0.9083683589,0.9083683589,-1.522254022
115.525,0,0.8699942698,0.8699942698,-1.547696548
115.55,0,0.8309823934,0.8309823934,-1.573275468
115.575,0,0.7913294615,0.7913294615,-1.59897856
115.6,0,0.751032562,0.751032562,-1.624789859
115.625,0,0.7100892327,0.7100892327,-1.650689375
115.65,0,0.6684975589,0.6684975589,-1.676652832
115.675,0,0.6262562976,0.6262562976,-1.702651327
115.7,0,0.583364981,0.583364981,-1.728651058
115.725,0,0.5398240582,0.5398240582,-1.754612969
115.75,0,0.495635018,0.495635018,-1.780492455
115.775,0,0.4508005413,0.4508005413,-1.806239022
115.8,0,0.4053246452,0.4053246452,-1.831795984
115.825,0,0.3592128468,0.3592128468,-1.857100156
115.85,0,0.312472325,0.312472325,-1.882081577
115.875,0,0.2651120972,0.2651120972,-1.906663258
115.9,0,0.217143193,0.217143193,-1.930760973
115.925,0,0.168578843,0.168578843,-1.954283098
115.95,0,0.1194346588,0.1194346588,-1.977130515
115.975,0,0.06972882624,0.06972882624,-1.999196586
116,0,0.01948228956,0.01948228956,-2.020367224
116.025,0,-0.03128106361,-0.03128106361,-2.040521063
116.05,0,-0.08253422255,-0.08253422255,-2.059529745
116.075,0,-0.134246885,-0.134246885,-2.077258343
116.1,0,-0.1863852996,-0.1863852996,-2.09356592
116.125,0,-0.2389121222,-0.2389121222,-2.108306277
116.15,0,-0.2917862989,-0.2917862989,-2.121328813
116.175,0,-0.344962966,-0.344962966,-2.132479639
116.2,0,-0.3983933836,-0.3983933836,-2.14160279
116.225,0,-0.4520249031,-0.4520249031,-2.148541696
116.25,0,-0.5058009694,-0.5058009694,-2.153140778
116.275,0,-0.5596611686,-0.5596611686,-2.155247219
116.3,0,-0.6135413222,-0.6135413222,-2.154712922
116.325,0,-0.6673736284,-0.6673736284,-2.151396538
116.35,0,-0.7210868581,-0.7210868581,-2.145165625
116.375,0,-0.7746066069,-0.7746066069,-2.135898865
116.4,0,-0.8278555988,-0.8278555988,-2.123488277
116.425,0,-0.8807540468,-0.8807540468,-2.107841394
116.45,0,-0.9332200698,-0.9332200698,-2.088883369
116.475,0,-0.9851701558,-0.9851701558,-2.06655891
116.5,0,-1.036519672,-1.036519672,-2.040834014
116.525,0,-1.087183419,-1.087183419,-2.01169744
116.55,0,-1.137076212,-1.137076212,-1.979161861
116.575,0,-1.186113492,-1.186113492,-1.94326465
116.6,0,-1.234211945,-1.234211945,-1.904068258
116.625,0,-1.281290133,-1.281290133,-1.861660167
116.65,0,-1.327269116,-1.327269116,-1.816152385
116.675,0,-1.372073046,-1.372073046,-1.767680506
116.7,0,-1.415629749,-1.415629749,-1.716402314
116.725,0,-1.457871255,-1.457871255,-1.662495988
116.75,0,-1.49873428,-1.49873428,-1.606157938
116.775,0,-1.538160652,-1.538160652,-1.547600329
116.8,0,-1.576097674,-1.576097674,-1.487048313
116.825,0,-1.612498406,-1.612498406,-1.42473715
116.85,0,-1.647321889,-1.647321889,-1.360909135
116.875,0,-1.680533274,-1.680533274,-1.295810533
116.9,0,-1.712103889,-1.712103889,-1.229688595
116.925,0,-1.742011221,-1.742011221,-1.162788532
116.95,0,-1.770238838,-1.770238838,-1.095350891
116.975,0,-1.796776231,-1.796776231,-1.027608893
117,0,-1.821618614,-1.821618614,-0.9597862849
117.025,0,-1.844766646,-1.844766646,-0.8920952719
117.05,0,-1.866226138,-1.866226138,-0.8247349554
117.075,0,-1.886007692,-1.886007692,-0.7578899496
117.1,0,-1.904126343,-1.904126343,-0.6917294392
117.125,0,-1.920601149,-1.920601149,-0.6264064804
117.15,0,-1.93545479,-1.93545479,-0.5620576497
117.175,0,-1.948713154,-1.948713154,-0.4988029469
117.2,0,-1.960404922,-1.960404922,-0.4367459636
117.225,0,-1.970561167,-1.970561167,-0.375974253
117.25,0,-1.97921495,-1.97921495,-0.3165599145
117.275,0,-1.986400956,-1.986400956,-0.2585602934
117.3,0,-1.99215512,-1.99215512,-0.2020188429
117.325,0,-1.996514306,-1.996514306,-0.1469660389
117.35,0,-1.999515985,-1.999515985,-0.09342038362
117.375,0,-2.001197951,-2.001197951,-0.04138943021
117.4,0,-2.001598062,-2.001598062,0.009129179519
117.425,0,-2.000754003,-2.000754003,0.05814667472
117.45,0,-1.99870308,-1.99870308,0.1056821468
117.475,0,-1.995482031,-1.995482031,0.151761574
117.5,0,-1.99112687,-1.99112687,0.1964168929
117.525,0,-1.985672747,-1.985672747,0.2396851251
117.55,0,-1.97915383,-1.97915383,0.2816075592
117.575,0,-1.971603211,-1.971603211,0.3222290013
117.6,0,-1.963052825,-1.963052825,0.3615970904
117.625,0,-1.953533387,-1.953533387,0.3997616692
117.65,0,-1.943074342,-1.943074342,0.4367742284
117.675,0,-1.931703837,-1.931703837,0.4726874099
117.7,0,-1.919448689,-1.919448689,0.5075545593
117.725,0,-1.906334379,-1.906334379,0.5414293486
117.75,0,-1.892385044,-1.892385044,0.5743654347
117.775,0,-1.877623485,-1.877623485,0.6064161753
117.8,0,-1.862071173,-1.862071173,0.6376343843
117.825,0,-1.845748269,-1.845748269,0.6680721232
117.85,0,-1.828673644,-1.828673644,0.6977805348
117.875,0,-1.810864902,-1.810864902,0.7268096986
117.9,0,-1.792338412,-1.792338412,0.7552085233
117.925,0,-1.773109332,-1.773109332,0.7830246542
117.95,0,-1.753191648,-1.753191648,0.8103044091
117.975,0,-1.732598206,-1.732598206,0.8370927258
118,0,-1.711340744,-1.711340744,0.8634331283
118.025,0,-1.689429931,-1.689429931,0.8893677034
118.05,0,-1.666875402,-1.666875402,0.9149370876
118.075,0,-1.643685793,-1.643685793,0.9401804619
118.1,0,-1.619868781,-1.619868781,0.9651355524
118.125,0,-1.595431115,-1.595431115,0.9898386339
118.15,0,-1.570378658,-1.570378658,1.014324537
118.175,0,-1.54471642,-1.54471642,1.038626656
118.2,0,-1.51844859,-1.51844859,1.062776952
118.225,0,-1.491578582,-1.491578582,1.086805964
118.25,0,-1.46410906,-1.46410906,1.110742804
118.275,0,-1.436041979,-1.436041979,1.134615157
118.3,0,-1.40737862,-1.40737862,1.158449272
118.325,0,-1.378119627,-1.378119627,1.182269948
118.35,0,-1.34826504,-1.34826504,1.206100514
118.375,0,-1.317814336,-1.317814336,1.229962793
118.4,0,-1.286766467,-1.286766467,1.253877066
118.425,0,-1.255119893,-1.255119893,1.277862028
118.45,0,-1.222872633,-1.222872633,1.301934717
118.475,0,-1.190022299,-1.190022299,1.326110444
118.5,0,-1.156566139,-1.156566139,1.350402723
118.525,0,-1.122501093,-1.122501093,1.37482315
118.55,0,-1.087823834,-1.087823834,1.399381301
118.575,0,-1.052530818,-1.052530818,1.424084616
118.6,0,-1.016618349,-1.016618349,1.448938234
118.625,0,-0.980082632,-0.980082632,1.473944842
118.65,0,-0.9429198306,-0.9429198306,1.499104521
118.675,0,-0.9051261518,-0.9051261518,1.524414509
118.7,0,-0.8666979011,-0.8666979011,1.549869028
118.725,0,-0.8276315693,-0.8276315693,1.575459052
118.75,0,-0.7879239227,-0.7879239227,1.601172031
118.775,0,-0.7475720782,-0.7475720782,1.626991677
118.8,0,-0.7065736179,-0.7065736179,1.652897647
118.825,0,-0.6649266814,-0.6649266814,1.678865275
118.85,0,-0.6226300827,-0.6226300827,1.704865268
118.875,0,-0.5796834325,-0.5796834325,1.730863372
118.9,0,-0.5360872573,-0.5360872573,1.756820087
118.925,0,-0.4918431472,-0.4918431472,1.782690307
118.95,0,-0.4469538861,-0.4469538861,1.808423031
118.975,0,-0.4014236166,-0.4014236166,1.833961025
119,0,-0.355257987,-0.355257987,1.859240543
119.025,0,-0.3084643294,-0.3084643294,1.88419103
119.05,0,-0.2610518222,-0.2610518222,1.908734892
119.075,0,-0.2130316782,-0.2130316782,1.932787278
119.1,0,-0.1644173209,-0.1644173209,1.956255928
119.125,0,-0.1152245753,-0.1152245753,1.979041084
119.15,0,-0.0654718545,-0.0654718545,2.001035469
119.175,0,-0.01518034557,-0.01518034557,2.02212437
119.2,0,0.03562580393,0.03562580393,2.042185812
119.225,0,0.08691931004,0.08691931004,2.061090858
119.25,0,0.138669583,0.138669583,2.078704044
119.275,0,0.19084257,0.19084257,2.094883962
119.3,0,0.2434006164,0.2434006164,2.109483988
119.325,0,0.296302347,0.296302347,2.122353211
119.35,0,0.3495025698,0.3495025698,2.133337503
119.375,0,0.4029522139,0.4029522139,2.142280794
119.4,0,0.4565982965,0.4565982965,2.149026536
119.425,0,0.5103839316,0.5103839316,2.153419302
119.45,0,0.5642483813,0.5642483813,2.155306614
119.475,0,0.6181271517,0.6181271517,2.15454086
119.5,0,0.6719521405,0.6719521405,2.150981362
119.525,0,0.7256518388,0.7256518388,2.144496546
119.55,0,0.7791515844,0.7791515844,2.134966142
119.575,0,0.8323738721,0.8323738721,2.122283399
119.6,0,0.8852387209,0.8852387209,2.106357275
119.625,0,0.9376640918,0.9376640918,2.087114516
119.65,0,0.9895663562,0.9895663562,2.064501575
119.675,0,1.040860812,1.040860812,2.038486334
119.7,0,1.091462236,1.091462236,2.00905955
119.725,0,1.141285476,1.141285476,1.976235974
119.75,0,1.190246051,1.190246051,1.940055102
119.775,0,1.238260784,1.238260784,1.900581527
119.8,0,1.285248428,1.285248428,1.857904843
119.825,0,1.331130278,1.331130278,1.812139111
119.85,0,1.375830781,1.375830781,1.763421874
119.875,0,1.4192781,1.4192781,1.711912725
119.9,0,1.461404645,1.461404645,1.657791485
119.925,0,1.502147552,1.502147552,1.601256014
119.95,0,1.541449102,1.541449102,1.542519678
119.975,0,1.579257077,1.579257077,1.481808617
120,0,1.615525041,1.615525041,1.419358809
120.025,0,1.650212549,1.650212549,1.355412989
120.05,0,1.683285278,1.683285278,1.29021766
120.075,0,1.714715079,1.714715079,1.224019956
120.1,0,1.744479966,1.744479966,1.157064865
120.125,0,1.772564013,1.772564013,1.089592335
120.15,0,1.798957211,1.798957211,1.021834922
120.175,0,1.823655244,1.823655244,0.9540154194
120.2,0,1.846659228,1.846659228,0.886345009
120.225,0,1.867975391,1.867975391,0.8190215819
120.25,0,1.887614731,1.887614731,0.7522284873
120.275,0,1.905592638,1.905592638,0.6861335506
120.3,0,1.921928495,1.921928495,0.6208884389
120.325,0,1.936645273,1.936645273,0.5566283154
120.35,0,1.949769112,1.949769112,0.4934717756
120.375,0,1.961328914,1.961328914,0.4315210242
120.4,0,1.971355934,1.971355934,0.370862279
120.425,0,1.979883389,1.979883389,0.31156635
120.45,0,1.986946081,1.986946081,0.2536893656
120.475,0,1.992580037,1.992580037,0.1972736416
120.5,0,1.996822188,1.996822188,0.1423485853
120.525,0,1.999710039,1.999710039,0.0889317385
120.55,0,2.001281401,2.001281401,0.03702976018
120.575,0,2.001574127,2.001574127,-0.01336049816
120.6,0,2.000625877,2.000625877,-0.06225097499
120.625,0,1.998473914,1.998473914,-0.1096613856
120.65,0,1.995154922,1.995154922,-0.1556182508
120.675,0,1.990704846,1.990704846,-0.2001539741
120.7,0,1.985158755,1.985158755,-0.2433059701
120.725,0,1.978550732,1.978550732,-0.2851158552
120.75,0,1.970913772,1.970913772,-0.3256287038
120.775,0,1.962279708,1.962279708,-0.364892365
120.8,0,1.952679147,1.952679147,-0.402956842
120.825,0,1.942141429,1.942141429,-0.4398737442
120.85,0,1.930694584,1.930694584,-0.4756957875
120.875,0,1.918365319,1.918365319,-0.5104763606
120.9,0,1.905178998,1.905178998,-0.5442691471
120.925,0,1.891159646,1.891159646,-0.5771277873
120.95,0,1.876329948,1.876329948,-0.609105604
120.975,0,1.860711266,1.860711266,-0.6402553519
121,0,1.844323648,1.844323648,-0.6706290229
121.025,0,1.827185856,1.827185856,-0.7002776722
121.05,0,1.809315389,1.809315389,-0.7292512854
121.075,0,1.79072851,1.79072851,-0.7575986652
121.1,0,1.771440278,1.771440278,-0.7853673478
121.125,0,1.75146458,1.75146458,-0.8126035338
121.15,0,1.730814165,1.730814165,-0.839352043
121.175,0,1.70950068,1.70950068,-0.8656562768
121.2,0,1.687534703,1.687534703,-0.8915581996
121.225,0,1.664925784,1.664925784,-0.9170983237
121.25,0,1.641682476,1.641682476,-0.9423157065
121.275,0,1.617812374,1.617812374,-0.9672479499
121.3,0,1.593322154,1.593322154,-0.991931206
121.325,0,1.5682176,1.5682176,-1.016400183
121.35,0,1.542503652,1.542503652,-1.040688151
121.375,0,1.516184435,1.516184435,-1.064826953
121.4,0,1.489263293,1.489263293,-1.088847005
121.425,0,1.461742832,1.461742832,-1.112777296
121.45,0,1.433624947,1.433624947,-1.136645391
121.475,0,1.404910862,1.404910862,-1.160477418
121.5,0,1.37560117,1.37560117,-1.184298049
121.525,0,1.345695862,1.345695862,-1.208130485
121.55,0,1.315194366,1.315194366,-1.231996423
121.575,0,1.284095593,1.284095593,-1.25591601
121.6,0,1.252397964,1.252397964,-1.279907798
121.625,0,1.220099459,1.220099459,-1.303988689
121.65,0,1.18719766,1.18719766,-1.32817384
121.675,0,1.153689788,1.153689788,-1.352476601
121.7,0,1.119572753,1.119572753,-1.376908413
121.725,0,1.084843212,1.084843212,-1.401478665
121.75,0,1.049497607,1.049497607,-1.426194605
121.775,0,1.013532225,1.013532225,-1.451061182
121.8,0,0.9769432704,0.9769432704,-1.476080859
121.825,0,0.9397269081,0.9397269081,-1.501253477
121.85,0,0.9018793451,0.9018793451,-1.526576044
121.875,0,0.863396906,0.863396906,-1.552042498
121.9,0,0.8242760983,0.8242760983,-1.577643527
121.925,0,0.7845137137,0.7845137137,-1.603366279
121.95,0,0.7441069083,0.7441069083,-1.629194121
121.975,0,0.7030533025,0.7030533025,-1.655106368
122,0,0.6613510941,0.6613510941,-1.681077959
122.025,0,0.6189991562,0.6189991562,-1.707079197
122.05,0,0.5759971745,0.5759971745,-1.733075393
122.075,0,0.5323457604,0.5323457604,-1.75902658
122.1,0,0.4880465988,0.4880465988,-1.784887167
122.125,0,0.4431025847,0.4431025847,-1.810605631
122.15,0,0.3975179813,0.3975179813,-1.836124197
122.175,0,0.3512985748,0.3512985748,-1.861378547
122.2,0,0.3044518466,0.3044518466,-1.88629754
122.225,0,0.2569871421,0.2569871421,-1.910802969
122.25,0,0.2089158549,0.2089158549,-1.934809356
122.275,0,0.1602516051,0.1602516051,-1.958223808
122.3,0,0.1110104317,0.1110104317,-1.980945925
122.325,0,0.06121097569,0.06121097569,-2.002867794
122.35,0,0.01087466973,0.01087466973,-2.023874073
122.375,0,-0.03997407848,-0.03997407848,-2.043842182
122.4,0,-0.09130771033,-0.09130771033,-2.06264261
122.425,0,-0.1430953469,-0.1430953469,-2.080139361
122.45,0,-0.1953026335,-0.1953026335,-2.096190554
122.475,0,-0.2478916041,-0.2478916041,-2.110649158
122.5,0,-0.3008205607,-0.3008205607,-2.12336395
122.525,0,-0.3540439839,-0.3540439839,-2.134180574
122.55,0,-0.4075124702,-0.4075124702,-2.142942873
122.575,0,-0.4611727033,-0.4611727033,-2.149494316
122.6,0,-0.5149674675,-0.5149674675,-2.153679665
122.625,0,-0.5688357001,-0.5688357001,-2.155346777
122.65,0,-0.6227125931,-0.6227125931,-2.154348542
122.675,0,-0.6765297466,-0.6765297466,-2.150544978
122.7,0,-0.7302153721,-0.7302153721,-2.143805388
122.725,0,-0.7836945521,-0.7836945521,-2.13401056
122.75,0,-0.836889556,-0.836889556,-2.121055001
122.775,0,-0.8897202109,-0.8897202109,-2.104849106
122.8,0,-0.9421043229,-0.9421043229,-2.085321223
122.825,0,-0.9939581512,-0.9939581512,-2.062419565
122.85,0,-1.045196928,-1.045196928,-2.036113913
122.875,0,-1.095735413,-1.095735413,-2.006397027
122.9,0,-1.145488486,-1.145488486,-1.973285738
122.925,0,-1.194371753,-1.194371753,-1.936821675
122.95,0,-1.242302179,-1.242302179,-1.897071566
122.975,0,-1.289198706,-1.289198706,-1.854127116
123,0,-1.334982876,-1.334982876,-1.808104433
123.025,0,-1.379579431,-1.379579431,-1.759142994
123.05,0,-1.422916876,-1.422916876,-1.707404192
123.075,0,-1.464928003,-1.464928003,-1.653069479
123.1,0,-1.505550373,-1.505550373,-1.596338129
123.125,0,-1.544726723,-1.544726723,-1.537424707
123.15,0,-1.582405315,-1.582405315,-1.476556319
123.175,0,-1.618540217,-1.618540217,-1.413969616
123.2,0,-1.653091502,-1.653091502,-1.349907797
123.225,0,-1.68602537,-1.68602537,-1.284617516
123.25,0,-1.717314199,-1.717314199,-1.218345846
123.275,0,-1.746936524,-1.746936524,-1.151337443
123.3,0,-1.77487693,-1.77487693,-1.083831731
123.325,0,-1.801125901,-1.801125901,-1.016060504
123.35,0,-1.825679594,-1.825679594,-0.9482456479
123.375,0,-1.848539575,-1.848539575,-0.8805972685
123.4,0,-1.869712488,-1.869712488,-0.8133120624
123.425,0,-1.889209726,-1.889209726,-0.7465720947
123.45,0,-1.907047028,-1.907047028,-0.6805438311
123.475,0,-1.923244105,-1.923244105,-0.6153775461
123.5,0,-1.937824209,-1.937824209,-0.5512069899
123.525,0,-1.950813733,-1.950813733,-0.4881493527
123.55,0,-1.962241795,-1.962241795,-0.4263054587
123.575,0,-1.972139832,-1.972139832,-0.3657601927
123.6,0,-1.98054121,-1.98054121,-0.3065830769
123.625,0,-1.987480848,-1.987480848,-0.2488290398
123.65,0,-1.992994868,-1.992994868,-0.1925392477
123.675,0,-1.997120253,-1.997120253,-0.1377420728
123.7,0,-1.999894551,-1.999894551,-0.08445407767
123.725,0,-2.001355584,-2.001355584,-0.03268105227
123.75,0,-2.001541198,-2.001541198,0.01758094175
123.775,0,-2.000489026,-2.000489026,0.06634454373
123.8,0,-1.998236289,-1.998236289,0.1136300856
123.825,0,-1.994819615,-1.994819615,0.1594646246
123.85,0,-1.990274877,-1.990274877,0.2038810237
123.875,0,-1.984637068,-1.984637068,0.2469170854
123.9,0,-1.977940177,-1.977940177,0.2886147488
123.925,0,-1.970217106,-1.970217106,0.3290193513
123.95,0,-1.961499586,-1.961499586,0.3681789469
123.975,0,-1.951818117,-1.951818117,0.4061436968
124,0,-1.941201927,-1.941201927,0.442965324
124.025,0,-1.929678937,-1.929678937,0.4786966162
124.05,0,-1.917275737,-1.917275737,0.513391003
124.075,0,-1.90401758,-1.90401758,0.5471021749
124.1,0,-1.889928375,-1.889928375,0.5798837566
124.125,0,-1.875030695,-1.875030695,0.6117890313
124.15,0,-1.859345787,-1.859345787,0.6428706954
124.175,0,-1.84289359,-1.84289359,0.6731806683
124.2,0,-1.825692759,-1.825692759,0.7027699179
124.225,0,-1.807760684,-1.807760684,0.7316883341
124.25,0,-1.789113526,-1.789113526,0.7599846138
124.275,0,-1.769766242,-1.769766242,0.7877061827
124.3,0,-1.749732622,-1.749732622,0.8148991249
124.325,0,-1.729025318,-1.729025318,0.8416081408
124.35,0,-1.707655887,-1.707655887,0.8678765103
124.375,0,-1.685634816,-1.685634816,0.8937460743
124.4,0,-1.662971569,-1.662971569,0.9192572215
124.425,0,-1.639674617,-1.639674617,0.9444488853
124.45,0,-1.615751474,-1.615751474,0.9693585438
124.475,0,-1.591208739,-1.591208739,0.9940222259
124.5,0,-1.566052125,-1.566052125,1.018474517
124.525,0,-1.540286498,-1.540286498,1.042748566
124.55,0,-1.513915917,-1.513915917,1.066876094
124.575,0,-1.486943662,-1.486943662,1.090887395
124.6,0,-1.459372274,-1.459372274,1.114811339
124.625,0,-1.431203594,-1.431203594,1.138675366
124.65,0,-1.402438788,-1.402438788,1.162505481
124.675,0,-1.373078396,-1.373078396,1.186326236
124.7,0,-1.343122362,-1.343122362,1.2101607
124.725,0,-1.312570068,-1.312570068,1.234030442
124.75,0,-1.281420378,-1.281420378,1.257955478
124.775,0,-1.249671679,-1.249671679,1.281954217
124.8,0,-1.217321913,-1.217321913,1.306043417
124.825,0,-1.184368628,-1.184368628,1.33023809
124.85,0,-1.15080902,-1.15080902,1.35455142
124.875,0,-1.116639974,-1.116639974,1.378994677
124.9,0,-1.081858125,-1.081858125,1.403577086
124.925,0,-1.046459902,-1.046459902,1.428305691
124.95,0,-1.010441582,-1.010441582,1.453185238
124.975,0,-0.9737993614,-0.9737993614,1.478217984
125,0,-0.9365294098,-0.9365294098,1.503403525
125.025,0,-0.8986279378,-0.8986279378,1.528738621
125.05,0,-0.8600912837,-0.8600912837,1.554216945
125.075,0,-0.8209159772,-0.8209159772,1.579828885
125.1,0,-0.7810988336,-0.7810988336,1.605561291
125.125,0,-0.7406370492,-0.7406370492,1.631397183
125.15,0,-0.6995282864,-0.6995282864,1.65731552
125.175,0,-0.6577707965,-0.6577707965,1.683290861
125.2,0,-0.6153635184,-0.6153635184,1.709293091
125.225,0,-0.5723062089,-0.5723062089,1.735287091
125.25,0,-0.5285995681,-0.5285995681,1.76123242
125.275,0,-0.4842453757,-0.4842453757,1.787083001
125.3,0,-0.4392466397,-0.4392466397,1.812786785
125.325,0,-0.3936077439,-0.3936077439,1.838285458
125.35,0,-0.3473346148,-0.3473346148,1.863514126
125.375,0,-0.3004348836,-0.3004348836,1.888401057
125.4,0,-0.2529180644,-0.2529180644,1.912867432
125.425,0,-0.2047957322,-0.2047957322,1.936827149
125.45,0,-0.1560817063,-0.1560817063,1.960186675
125.475,0,-0.10679224,-0.10679224,1.982844972
125.5,0,-0.05694620402,-0.05694620402,2.004693487
125.525,0,-0.006565277992,-0.006565277992,2.025616256
125.55,0,0.04432586951,0.04432586951,2.045490094
125.575,0,0.09569940327,0.09569940327,2.064184917
125.6,0,0.1475241544,0.1475241544,2.081564204
125.625,0,0.1997654659,0.1997654659,2.097485605
125.65,0,0.2523850582,0.2523850582,2.111801691
125.675,0,0.3053409111,0.3053409111,2.12436093
125.7,0,0.3585871765,0.3585871765,2.135008757
125.725,0,0.4120741185,0.4120741185,2.143588925
125.75,0,0.4657480878,0.4657480878,2.149944947
125.775,0,0.5195515381,0.5195515381,2.153921774
125.8,0,0.5734230837,0.5734230837,2.155367616
125.825,0,0.6272976038,0.6272976038,2.154135886
125.85,0,0.6811064013,0.6811064013,2.150087308
125.875,0,0.7347774107,0.7347774107,2.143092076
125.9,0,0.7882354616,0.7882354616,2.13303206
125.925,0,0.8414026006,0.8414026006,2.119803036
125.95,0,0.8941984652,0.8941984652,2.103316848
125.975,0,0.9465407111,0.9465407111,2.083503464
126,0,0.9983454889,0.9983454889,2.060312871
126.025,0,1.049527968,1.049527968,2.033716754
126.05,0,1.100002897,1.100002897,2.003709886
126.075,0,1.149685191,1.149685191,1.970311187
126.1,0,1.198490549,1.198490549,1.933564415
126.125,0,1.246336078,1.246336078,1.893538437
126.15,0,1.293140919,1.293140919,1.850327065
126.175,0,1.338826864,1.338826864,1.804048441
126.2,0,1.383318953,1.383318953,1.754843972
126.225,0,1.426546035,1.426546035,1.702876834
126.25,0,1.468441293,1.468441293,1.648330091
126.275,0,1.508942711,1.508942711,1.591404421
126.3,0,1.547993484,1.547993484,1.532315564
126.325,0,1.58554236,1.58554236,1.471291559
126.35,0,1.621543912,1.621543912,1.408569733
126.375,0,1.655958728,1.655958728,1.344393697
126.4,0,1.688753535,1.688753535,1.279010261
126.425,0,1.719901237,1.719901237,1.212666396
126.45,0,1.749380889,1.749380889,1.145606423
126.475,0,1.777177584,1.777177584,1.078069205
126.5,0,1.8032823,1.8032823,1.010285776
126.525,0,1.827691666,1.827691666,0.9424770917
126.55,0,1.85040769,1.85040769,0.8748521672
126.575,0,1.871437438,1.871437438,0.8076065052
126.6,0,1.890792686,1.890792686,0.7409208695
126.625,0,1.908489529,1.908489529,0.6749603694
126.65,0,1.924547993,1.924547993,0.6098738802
126.675,0,1.938991614,1.938991614,0.5457937407
126.7,0,1.951847035,1.951847035,0.4828357359
126.725,0,1.963143586,1.963143586,0.4210993154
126.75,0,1.972912881,1.972912881,0.3606680296
126.775,0,1.981188436,1.981188436,0.3016101272
126.8,0,1.988005283,1.988005283,0.2439793329
126.825,0,1.993399632,1.993399632,0.1878156806
126.85,0,1.997408525,1.997408525,0.1331465041
126.875,0,2.000069544,2.000069544,0.07998740287
126.9,0,2.001420523,2.001420523,0.02834330133
126.925,0,2.001499297,2.001499297,-0.02179052048
126.95,0,2.000343474,2.000343474,-0.07042739558
126.975,0,1.997990229,1.997990229,-0.1175882655
127,0,1.994476132,1.994476132,-0.1633007171
127.025,0,1.989836987,1.989836987,-0.2075980663
127.05,0,1.984107704,1.984107704,-0.2505184978
127.075,0,1.977322186,1.977322186,-0.2921042692
127.1,0,1.969513234,1.969513234,-0.3324009738
127.125,0,1.960712478,1.960712478,-0.3714568674
127.15,0,1.950950312,1.950950312,-0.4093222663
127.175,0,1.940255853,1.940255853,-0.4460490008
127.2,0,1.92865691,1.92865691,-0.4816899293
127.225,0,1.91617996,1.91617996,-0.5162985191
127.25,0,1.90285014,1.90285014,-0.5499284651
127.275,0,1.888691245,1.888691245,-0.5826333752
127.3,0,1.873725736,1.873725736,-0.6144664893
127.325,0,1.857974747,1.857974747,-0.6454804467
127.35,0,1.841458107,1.841458107,-0.6757270905
127.375,0,1.824194362,1.824194362,-0.7052573024
127.4,0,1.806200797,1.806200797,-0.7341208742
127.425,0,1.787493468,1.787493468,-0.762366398
127.45,0,1.768087233,1.768087233,-0.7900411868
127.475,0,1.747995782,1.747995782,-0.8171912094
127.5,0,1.727231674,1.727231674,-0.8438610457
127.525,0,1.705806371,1.705806371,-0.8700938542
127.55,0,1.683730275,1.683730275,-0.8959313521
127.575,0,1.661012762,1.661012762,-0.9214138046
127.6,0,1.63766222,1.63766222,-0.9465800209
127.625,0,1.613686084,1.613686084,-0.9714673558
127.65,0,1.589090876,1.589090876,-0.9961117145
127.675,0,1.563882236,1.563882236,-1.02054756
127.7,0,1.53806496,1.53806496,-1.044807921
127.725,0,1.511643038,1.511643038,-1.068924394
127.75,0,1.484619688,1.484619688,-1.092927153
127.775,0,1.456997388,1.456997388,-1.116844947
127.8,0,1.42877792,1.42877792,-1.140705096
127.825,0,1.399962398,1.399962398,-1.164533478
127.85,0,1.370551306,1.370551306,-1.188354522
127.875,0,1.340544541,1.340544541,-1.212191172
127.9,0,1.30994144,1.30994144,-1.236064863
127.925,0,1.278740823,1.278740823,-1.25999548
127.95,0,1.246941038,1.246941038,-1.284001294
127.975,0,1.214539994,1.214539994,-1.30809891
128,0,1.181535202,1.181535202,-1.332303199
128.025,0,1.147923835,1.147923835,-1.356627182
128.05,0,1.113702754,1.113702754,-1.381081953
128.075,0,1.078868571,1.078868571,-1.405676566
128.1,0,1.043417702,1.043417702,-1.430417873
128.125,0,1.007346418,1.007346418,-1.455310407
128.15,0,0.9706509028,0.9706509028,-1.480356218
128.175,0,0.9333273334,0.9333273334,-1.505554661
128.2,0,0.8953719274,0.8953719274,-1.530902237
128.225,0,0.8567810318,0.8567810318,-1.556392363
128.25,0,0.8175512032,0.8175512032,-1.582015122
128.275,0,0.7776792817,0.7776792817,-1.607757053
128.3,0,0.7371625002,0.7371625002,-1.633600846
128.325,0,0.6959985686,0.6959985686,-1.659525087
128.35,0,0.6541857887,0.6541857887,-1.685503962
128.375,0,0.6117231686,0.6117231686,-1.711506929
128.4,0,0.5686105361,0.5686105361,-1.737498439
128.425,0,0.5248486815,0.5248486815,-1.763437577
128.45,0,0.4804394802,0.4804394802,-1.789277775
128.475,0,0.4353860535,0.4353860535,-1.814966458
128.5,0,0.3896929086,0.3896929086,-1.840444766
128.525,0,0.343366112,0.343366112,-1.865647232
128.55,0,0.2964134466,0.2964134466,-1.89050153
128.575,0,0.2488445967,0.2488445967,-1.914928228
128.6,0,0.2006713194,0.2006713194,-1.938840596
128.625,0,0.1519076355,0.1519076355,-1.962144464
128.65,0,0.1025700124,0.1025700124,-1.984738153
128.675,0,0.05267755368,0.05267755368,-2.006512475
128.7,0,0.002252186287,0.002252186287,-2.027350841
128.725,0,-0.04868115888,-0.04868115888,-2.047129463
128.75,0,-0.1000943688,-0.1000943688,-2.065717692
128.775,0,-0.1519559832,-0.1519559832,-2.082978486
128.8,0,-0.2042310423,-0.2042310423,-2.098769021
128.825,0,-0.2568809517,-0.2568809517,-2.112941495
128.85,0,-0.3098633685,-0.3098633685,-2.125344055
128.875,0,-0.3631321161,-0.3631321161,-2.135821953
128.9,0,-0.4166371247,-0.4166371247,-2.144218856
128.925,0,-0.470324413,-0.470324413,-2.15037833
128.95,0,-0.5241361048,-0.5241361048,-2.154145537
128.975,0,-0.5780104909,-0.5780104909,-2.155369043
129,0,-0.6318821401,-0.6318821401,-2.153902807
129.025,0,-0.6856820595,-0.6856820595,-2.149608276
129.05,0,-0.7393379075,-0.7393379075,-2.142356543
129.075,0,-0.792774264,-0.792774264,-2.132030581
129.1,0,-0.8459129554,-0.8459129554,-2.118527452
129.125,0,-0.898673433,-0.898673433,-2.101760463
129.15,0,-0.9509732041,-0.9509732041,-2.081661213
129.175,0,-1.002728316,-1.002728316,-2.058181479
129.2,0,-1.053853881,-1.053853881,-2.03129486
129.225,0,-1.104264636,-1.104264636,-2.000998147
129.25,0,-1.153875539,-1.153875539,-1.967312354
129.275,0,-1.202602386,-1.202602386,-1.930283373
129.3,0,-1.250362433,-1.250362433,-1.889982207
129.325,0,-1.297075021,-1.297075021,-1.846504769
129.35,0,-1.342662197,-1.342662197,-1.79997123
129.375,0,-1.387049303,-1.387049303,-1.750524912
129.4,0,-1.430165539,-1.430165539,-1.69833077
129.425,0,-1.471944477,-1.471944477,-1.643573454
129.45,0,-1.512324531,-1.512324531,-1.586455023
129.475,0,-1.551249357,-1.551249357,-1.527192392
129.5,0,-1.588668188,-1.588668188,-1.466014491
129.525,0,-1.624536102,-1.624536102,-1.403159304
129.55,0,-1.658814208,-1.658814208,-1.338870851
129.575,0,-1.691469758,-1.691469758,-1.273396035
129.6,0,-1.722476182,-1.722476182,-1.206981769
129.625,0,-1.751813051,-1.751813051,-1.139871941
129.65,0,-1.779465972,-1.779465972,-1.072304904
129.675,0,-1.805426407,-1.805426407,-1.004510869
129.7,0,-1.829691461,-1.829691461,-0.9367098754
129.725,0,-1.85226358,-1.85226358,-0.8691098229
129.75,0,-1.873150249,-1.873150249,-0.8019050164
129.775,0,-1.892363625,-1.892363625,-0.7352749093
129.8,0,-1.909920153,-1.909920153,-0.6693832525
129.825,0,-1.925840175,-1.925840175,-0.604377518
129.85,0,-1.940147507,-1.940147507,-0.5403886346
129.875,0,-1.952869038,-1.952869038,-0.4775309826
129.9,0,-1.964034305,-1.964034305,-0.4159026414
129.925,0,-1.973675103,-1.973675103,-0.3555858285
129.95,0,-1.981825089,-1.981825089,-0.2966475301
129.975,0,-1.988519409,-1.988519409,-0.2391402658
130,0,-1.993794355,-1.993794355,-0.1831029528
130.025,0,-1.997687028,-1.997687028,-0.1285618863
130.05,0,-2.000235043,-2.000235043,-0.07553171433
130.075,0,-2.001476242,-2.001476242,-0.02401650201
130.1,0,-2.001448449,-2.001448449,0.02598924475
130.125,0,-2.000189243,-2.000189243,0.07449954549
130.15,0,-1.997735756,-1.997735756,0.1215359444
130.175,0,-1.994124496,-1.994124496,0.1671265505
130.2,0,-1.989391197,-1.989391197,0.2113051264
130.225,0,-1.983570686,-1.983570686,0.2541102347
130.25,0,-1.976696777,-1.976696777,0.2955844454
130.275,0,-1.968802174,-1.968802174,0.3357736016
130.3,0,-1.959918402,-1.959918402,0.3747261585
130.325,0,-1.950075751,-1.950075751,0.4124925825
130.35,0,-1.939303225,-1.939303225,0.4491248068
130.375,0,-1.927628521,-1.927628521,0.4846757608
130.4,0,-1.915078002,-1.915078002,0.5191989421
130.425,0,-1.901676691,-1.901676691,0.5527480512
130.45,0,-1.88744827,-1.88744827,0.5853766755
130.475,0,-1.872415085,-1.872415085,0.6171380105
130.5,0,-1.856598158,-1.856598158,0.6480846373
130.525,0,-1.84001721,-1.84001721,0.6782683204
130.55,0,-1.822690677,-1.822690677,0.7077398561
130.575,0,-1.804635738,-1.804635738,0.7365489353
130.6,0,-1.785868346,-1.785868346,0.7647440465
130.625,0,-1.766403258,-1.766403258,0.7923723884
130.65,0,-1.746254067,-1.746254067,0.8194798146
130.675,0,-1.725433237,-1.725433237,0.846110784
130.7,0,-1.703952139,-1.703952139,0.8723083337
130.725,0,-1.681821085,-1.681821085,0.8981140575
130.75,0,-1.659049367,-1.659049367,0.9235680966
130.775,0,-1.635645288,-1.635645288,0.9487091361
130.8,0,-1.611616208,-1.611616208,0.9735744075
130.825,0,-1.586968568,-1.586968568,0.9981996928
130.85,0,-1.561707936,-1.561707936,1.022619333
130.875,0,-1.535839041,-1.535839041,1.046866233
130.9,0,-1.509365801,-1.509365801,1.07097187
130.925,0,-1.482291373,-1.482291373,1.094966296
130.95,0,-1.454618175,-1.454618175,1.118878139
130.975,0,-1.426347927,-1.426347927,1.142734596
131,0,-1.397481691,-1.397481691,1.166561423
131.025,0,-1.368019901,-1.368019901,1.190382922
131.05,0,-1.337962398,-1.337962398,1.214221914
131.075,0,-1.307308481,-1.307308481,1.2380997
131.1,0,-1.276056926,-1.276056926,1.262036026
131.125,0,-1.244206039,-1.244206039,1.286049036
131.15,0,-1.211753697,-1.211753697,1.310155182
131.175,0,-1.178697382,-1.178697382,1.334369175
131.2,0,-1.145034231,-1.145034231,1.358703892
131.225,0,-1.110761089,-1.110761089,1.383170248
131.25,0,-1.075874549,-1.075874549,1.407777108
131.275,0,-1.040371006,-1.040371006,1.432531152
131.3,0,-1.004246727,-1.004246727,1.457436693
131.325,0,-0.9674978941,-0.9674978941,1.482495556
131.35,0,-0.930120677,-0.930120677,1.507706879
131.375,0,-0.89211131,-0.89211131,1.533066892
131.4,0,-0.8534661504,-0.8534661504,1.558568741
131.425,0,-0.8141817743,-0.8141817743,1.584202226
131.45,0,-0.7742550567,-0.7742550567,1.609953554
131.475,0,-0.7336832599,-0.7336832599,1.635805094
131.5,0,-0.6924641469,-0.6924641469,1.661735056
131.525,0,-0.6505960711,-0.6505960711,1.687717238
131.55,0,-0.6080781062,-0.6080781062,1.713720689
131.575,0,-0.5649101583,-0.5649101583,1.739709409
131.6,0,-0.5210931016,-0.5210931016,1.765642022
131.625,0,-0.4766289155,-0.4766289155,1.791471452
131.65,0,-0.4315208294,-0.4315208294,1.817144611
131.675,0,-0.3857734805,-0.3857734805,1.842602078
131.7,0,-0.3393930714,-0.3393930714,1.867777819
131.725,0,-0.2923875429,-0.2923875429,1.892598908
131.75,0,-0.2447667466,-0.2447667466,1.916985301
131.775,0,-0.1965426261,-0.1965426261,1.940849637
131.8,0,-0.1477294032,-0.1477294032,1.96409711
131.825,0,-0.09834376172,-0.09834376172,1.9866254
131.85,0,-0.04840503945,-0.04840503945,2.008324684
131.875,0,0.002064589108,0.002064589108,2.029077749
131.9,0,0.05303992827,0.05303992827,2.048760209
131.925,0,0.1044925862,0.1044925862,2.067240851
131.95,0,0.1563908108,0.1563908108,2.084382112
131.975,0,0.208699338,0.208699338,2.100040715
132,0,0.2613792573,0.2613792573,2.114068471
132.025,0,0.3143879038,0.3143879038,2.126313232
132.05,0,0.3676787701,0.3676787701,2.13662007
132.075,0,0.4212014543,0.4212014543,2.144832568
132.1,0,0.4749016422,0.4749016422,2.150794374
132.125,0,0.5287211278,0.5287211278,2.15435086
132.15,0,0.5825978804,0.5825978804,2.15535097
132.175,0,0.6364661587,0.6364661587,2.153649226
132.2,0,0.6902566752,0.6902566752,2.149107802
132.225,0,0.7438968148,0.7438968148,2.141598719
132.25,0,0.7973109105,0.7973109105,2.131006065
132.275,0,0.8504205704,0.8504205704,2.117228202
132.3,0,0.9031450619,0.9031450619,2.100179913
132.325,0,0.9554017502,0.9554017502,2.079794448
132.35,0,1.007106582,1.007106582,2.056025382
132.375,0,1.058174613,1.058174613,2.028848236
132.4,0,1.108520576,1.108520576,1.998261829
132.425,0,1.158059479,1.158059479,1.964289275
132.45,0,1.206707215,1.206707215,1.926978599
132.475,0,1.254381194,1.254381194,1.886402941
132.5,0,1.301000964,1.301000964,1.842660309
132.525,0,1.34648883,1.34648883,1.795872893
132.55,0,1.39077044,1.39077044,1.746185926
132.575,0,1.433775347,1.433775347,1.693766119
132.6,0,1.475437519,1.475437519,1.638799691
132.625,0,1.515695801,1.515695801,1.58149008
132.65,0,1.55449431,1.55449431,1.522055332
132.675,0,1.591782771,1.591782771,1.460725257
132.7,0,1.627516766,1.627516766,1.397738494
132.725,0,1.661657925,1.661657925,1.333339398
132.75,0,1.694174025,1.694174025,1.26777502
132.775,0,1.725039022,1.725039022,1.201292089
132.8,0,1.754233006,1.754233006,1.134134164
132.825,0,1.781742089,1.781742089,1.066538958
132.85,0,1.807558225,1.807558225,0.9987359262
132.875,0,1.831678982,1.831678982,0.9309441217
132.9,0,1.854107252,1.854107252,0.8633703546
132.925,0,1.87485093,1.87485093,0.7962077024
132.95,0,1.893922551,1.893922551,0.7296343114
132.975,0,1.911338914,1.911338914,0.6638125665
133,0,1.927120666,1.927120666,0.5988885361
133.025,0,1.941291905,1.941291905,0.5349917366
133.05,0,1.953879759,1.953879759,0.472235149
133.075,0,1.964913974,1.964913974,0.4107154821
133.1,0,1.97442652,1.97442652,0.3505136276
133.125,0,1.982451189,1.982451189,0.2916953148
133.15,0,1.989023246,1.989023246,0.2343118592
133.175,0,1.994179058,1.994179058,0.1784010801
133.2,0,1.997955786,1.997955786,0.1239882242
133.225,0,2.00039107,2.00039107,0.07108701218
133.25,0,2.001522763,2.001522763,0.01970064855
133.275,0,2.001388676,2.001388676,-0.0301771259
133.3,0,2.000026357,2.000026357,-0.07856100908
133.325,0,1.997472892,1.997472892,-0.1254731408
133.35,0,1.993764728,1.993764728,-0.1709421463
133.375,0,1.988937527,1.988937527,-0.2150022291
133.4,0,1.983026034,1.983026034,-0.2576923242
133.425,0,1.976063971,1.976063971,-0.2990553059
133.45,0,1.968083945,1.968083945,-0.339137265
133.475,0,1.959117378,1.959117378,-0.3779868524
133.5,0,1.949194451,1.949194451,-0.4156546771
133.525,0,1.938344059,1.938344059,-0.4521927758
133.55,0,1.926593785,1.926593785,-0.4876541428
133.575,0,1.913969878,1.913969878,-0.5220923046
133.6,0,1.900497249,1.900497249,-0.5555609663
133.625,0,1.886199463,1.886199463,-0.5881136895
133.65,0,1.871098754,1.871098754,-0.6198036279
133.675,0,1.855216033,1.855216033,-0.6506832984
133.7,0,1.83857091,1.83857091,-0.6808043899
133.725,0,1.821181713,1.821181713,-0.7102176088
133.75,0,1.803065515,1.803065515,-0.7389725477
133.775,0,1.784238167,1.784238167,-0.7671175875
133.8,0,1.764714325,1.764714325,-0.7946998154
133.825,0,1.744507485,1.744507485,-0.821764967
133.85,0,1.723630016,1.723630016,-0.8483573818
133.875,0,1.702093198,1.702093198,-0.8745199742
133.9,0,1.679907253,1.679907253,-0.9002942148
133.925,0,1.657081389,1.657081389,-0.9257201208
133.95,0,1.633623828,1.633623828,-0.9508362535
133.975,0,1.609541848,1.609541848,-0.9756797206
134,0,1.584841817,1.584841817,-1.000286181
134.025,0,1.559529228,1.559529228,-1.024689854
134.05,0,1.53360874,1.53360874,-1.048923522
134.075,0,1.507084208,1.507084208,-1.073018541
134.1,0,1.479958718,1.479958718,-1.097004842
134.125,0,1.452234634,1.452234634,-1.12091093
134.15,0,1.423913615,1.423913615,-1.144763881
134.175,0,1.394996667,1.394996667,-1.16858933
134.2,0,1.365484176,1.365484176,-1.192411451
134.225,0,1.335375934,1.335375934,-1.216252936
134.25,0,1.30467119,1.30467119,-1.240134961
134.275,0,1.273368684,1.273368684,-1.264077133
134.3,0,1.241466683,1.241466683,-1.288097451
134.325,0,1.208963023,1.208963023,-1.312212235
134.35,0,1.175855162,1.175855162,-1.336436031
134.375,0,1.142140208,1.142140208,-1.360781554
134.4,0,1.107814978,1.107814978,-1.385259561
134.425,0,1.072876053,1.072876053,-1.409878723
134.45,0,1.037319812,1.037319812,-1.434645526
134.475,0,1.00114251,1.00114251,-1.459564091
134.5,0,0.9643403294,0.9643403294,-1.484636005
134.525,0,0.9269094405,0.9269094405,-1.509860173
134.55,0,0.8888460837,0.8888460837,-1.535232577
134.575,0,0.8501466359,0.8501466359,-1.560746075
134.6,0,0.81080769,0.81080769,-1.586390185
134.625,0,0.7708261543,0.7708261543,-1.612150789
134.65,0,0.7301993292,0.7301993292,-1.63800991
134.675,0,0.6889250208,0.6889250208,-1.663945406
134.7,0,0.6470016433,0.6470016433,-1.68993067
134.725,0,0.6044283321,0.6044283321,-1.715934346
134.75,0,0.561205075,0.561205075,-1.741919976
134.775,0,0.5173328307,0.5173328307,-1.767845723
134.8,0,0.4728136826,0.4728136826,-1.793664002
134.825,0,0.4276509712,0.4276509712,-1.819321204
134.85,0,0.3818494627,0.3818494627,-1.844757353
134.875,0,0.3354154989,0.3354154989,-1.86990584
134.9,0,0.2883571785,0.2883571785,-1.89469314
134.925,0,0.2406845221,0.2406845221,-1.919038594
134.95,0,0.1924096619,0.1924096619,-1.942854212
134.975,0,0.1435470203,0.1435470203,-1.966044548
135,0,0.09411350087,0.09411350087,-1.988506643
135.025,0,0.04412867535,0.04412867535,-2.010130039
135.05,0,-0.006385031818,-0.006385031818,-2.030796901
135.075,0,-0.05740215911,-0.05740215911,-2.050382248
135.1,0,-0.1088940351,-0.1088940351,-2.068754305
135.125,0,-0.1608286145,-0.1608286145,-2.085774994
135.15,0,-0.2131703273,-0.2131703273,-2.101300592
135.175,0,-0.2658799479,-0.2658799479,-2.115182524
135.2,0,-0.318914487,-0.318914487,-2.127268367
135.225,0,-0.3722271066,-0.3722271066,-2.137403003
135.25,0,-0.425767073,-0.425767073,-2.145429966
135.275,0,-0.4794797384,-0.4794797384,-2.151192984
135.3,0,-0.533306568,-0.533306568,-2.154537649
135.325,0,-0.5871852107,-0.5871852107,-2.155313311
135.35,0,-0.6410496157,-0.6410496157,-2.153375057
135.375,0,-0.6948302024,-0.6948302024,-2.14858581
135.4,0,-0.7484540856,-0.7484540856,-2.140818537
135.425,0,-0.8018453521,-0.8018453521,-2.129958455
135.45,0,-0.8549253944,-0.8549253944,-2.115905236
135.475,0,-0.9076133012,-0.9076133012,-2.098575163
135.5,0,-0.9598262973,-0.9598262973,-2.077903147
135.525,0,-1.011480232,-1.011480232,-2.053844569
135.55,0,-1.06249011,-1.06249011,-2.026376886
135.575,0,-1.112770666,-1.112770666,-1.995500954
135.6,0,-1.162236959,-1.162236959,-1.961241987
135.625,0,-1.210804985,-1.210804985,-1.923650147
135.65,0,-1.258392312,-1.258392312,-1.882800707
135.675,0,-1.304918701,-1.304918701,-1.838793767
135.7,0,-1.350306717,-1.350306717,-1.791753528
135.725,0,-1.39448232,-1.39448232,-1.741827123
135.75,0,-1.43737542,-1.43737542,-1.689182998
135.775,0,-1.478920383,-1.478920383,-1.634008937
135.8,0,-1.519056487,-1.519056487,-1.57650973
135.825,0,-1.557728316,-1.557728316,-1.516904526
135.85,0,-1.594886083,-1.594886083,-1.455424017
135.875,0,-1.630485881,-1.630485881,-1.392307444
135.9,0,-1.66448986,-1.66448986,-1.327799498
135.925,0,-1.696866322,-1.696866322,-1.262147347
135.95,0,-1.727589747,-1.727589747,-1.195597516
135.975,0,-1.756640746,-1.756640746,-1.128393222
136,0,-1.784005932,-1.784005932,-1.060771511
136.025,0,-1.809677751,-1.809677751,-0.9929610715
136.05,0,-1.833654233,-1.833654233,-0.9251799541
136.075,0,-1.855938712,-1.855938712,-0.8576338758
136.1,0,-1.876539488,-1.876539488,-0.7905146668
136.125,0,-1.89546948,-1.89546948,-0.723999172
136.15,0,-1.912745825,-1.912745825,-0.6582483967
136.175,0,-1.928389482,-1.928389482,-0.5934070095
136.2,0,-1.942424826,-1.942424826,-0.5296031125
136.225,0,-1.954879218,-1.954879218,-0.466948291
136.25,0,-1.965782614,-1.965782614,-0.4055378818
136.275,0,-1.97516715,-1.97516715,-0.345451465
136.3,0,-1.983066762,-1.983066762,-0.2867535039
136.325,0,-1.989516818,-1.989516818,-0.2294941357
136.35,0,-1.994553766,-1.994553766,-0.1737100669
136.375,0,-1.99821482,-1.99821482,-0.1194255254
136.4,0,-2.000537648,-2.000537648,-0.06665329551
136.425,0,-2.001560109,-2.001560109,-0.01539573387
136.45,0,-2.001320001,-2.001320001,0.03435417519
136.475,0,-1.999854838,-1.999854838,0.08261180164
136.5,0,-1.997201659,-1.997201659,0.1293998743
136.525,0,-1.99339685,-1.99339685,0.1747475275
136.55,0,-1.988475999,-1.988475999,0.2186894003
136.575,0,-1.982473768,-1.982473768,0.2612647927
136.6,0,-1.975423788,-1.975423788,0.3025168798
136.625,0,-1.967358566,-1.967358566,0.3424919956
136.65,0,-1.958309423,-1.958309423,0.38123898
136.675,0,-1.948306429,-1.948306429,0.4188085827
136.7,0,-1.937378371,-1.937378371,0.455252941
136.725,0,-1.925552717,-1.925552717,0.4906251084
136.75,0,-1.912855604,-1.912855604,0.5249786408
136.775,0,-1.899311826,-1.899311826,0.558367243
136.8,0,-1.884944837,-1.884944837,0.5908444506
136.825,0,-1.869776756,-1.869776756,0.6224633729
136.85,0,-1.853828383,-1.853828383,0.6532764617
136.875,0,-1.837119218,-1.837119218,0.6833353295
136.9,0,-1.81966748,-1.81966748,0.7126905909
136.925,0,-1.801490139,-1.801490139,0.7413917403
136.95,0,-1.782602941,-1.782602941,0.7694870501
136.975,0,-1.763020443,-1.763020443,0.7970234955
137,0,-1.742756043,-1.742756043,0.824046694
137.025,0,-1.721822016,-1.721822016,0.8506008653
137.05,0,-1.700229552,-1.700229552,0.8767288009
137.075,0,-1.677988783,-1.677988783,0.9024718483
137.1,0,-1.655108833,-1.655108833,0.9278699007
137.125,0,-1.631597843,-1.631597843,0.9529613956
137.15,0,-1.607463009,-1.607463009,0.9777833168
137.175,0,-1.582710627,-1.582710627,1.002371201
137.2,0,-1.557346115,-1.557346115,1.026759144
137.225,0,-1.531374063,-1.531374063,1.050979807
137.25,0,-1.504798259,-1.504798259,1.075064425
137.275,0,-1.477621726,-1.477621726,1.099042807
137.3,0,-1.449846766,-1.449846766,1.122943338
137.325,0,-1.421474984,-1.421474984,1.146792969
137.35,0,-1.392507329,-1.392507329,1.170617214
137.375,0,-1.362944133,-1.362944133,1.194440121
137.4,0,-1.332785146,-1.332785146,1.218284253
137.425,0,-1.302029568,-1.302029568,1.242170658
137.45,0,-1.270676098,-1.270676098,1.266118806
137.475,0,-1.238722965,-1.238722965,1.290146554
137.5,0,-1.206167971,-1.206167971,1.314270077
137.525,0,-1.173008541,-1.173008541,1.33850377
137.55,0,-1.139241761,-1.139241761,1.362860179
137.575,0,-1.10486442,-1.10486442,1.387349895
137.6,0,-1.069873083,-1.069873083,1.41198141
137.625,0,-1.034264117,-1.034264117,1.436761003
137.65,0,-0.9980337643,-0.9980337643,1.461692599
137.675,0,-0.9611782074,-0.9611782074,1.48677756
137.7,0,-0.92369362,-0.92369362,1.512014543
137.725,0,-0.885576247,-0.885576247,1.537399286
137.75,0,-0.8468224851,-0.8468224851,1.562924362
137.775,0,-0.807428949,-0.807428949,1.588578989
137.8,0,-0.7673925748,-0.7673925748,1.614348739
137.825,0,-0.726710705,-0.726710705,1.640215283
137.85,0,-0.6853811897,-0.6853811897,1.666156119
137.875,0,-0.6434025036,-0.6434025036,1.692144241
137.9,0,-0.6007738471,-0.6007738471,1.718147873
137.925,0,-0.5574952865,-0.5574952865,1.744130115
137.95,0,-0.513567871,-0.513567871,1.770048646
137.975,0,-0.468993784,-0.468993784,1.795855389
138,0,-0.4237764826,-0.4237764826,1.821496198
138.025,0,-0.3779208594,-0.3779208594,1.846910547
138.05,0,-0.3314334004,-0.3314334004,1.872031247
138.075,0,-0.2843223599,-0.2843223599,1.896784174
138.1,0,-0.2365979317,-0.2365979317,1.921088052
138.125,0,-0.1882724359,-0.1882724359,1.944854259
138.15,0,-0.1393604981,-0.1393604981,1.967986713
138.175,0,-0.0898792426,-0.0898792426,1.990381812
138.2,0,-0.039848476,-0.039848476,2.011928465
138.225,0,0.01070912512,0.01070912512,2.032508218
138.25,0,0.06176783293,0.06176783293,2.051995497
138.275,0,0.1132986949,0.1132986949,2.070257968
138.3,0,0.1652693713,0.1652693713,2.087157044
138.325,0,0.2176439856,0.2176439856,2.102548557
138.35,0,0.2703829958,0.2703829958,2.116283562
138.375,0,0.3234430879,0.3234430879,2.12820936
138.4,0,0.3767770934,0.3767770934,2.138170662
138.425,0,0.4303339456,0.4303339456,2.146010956
138.45,0,0.4840586642,0.4840586642,2.151574061
138.475,0,0.5378923862,0.5378923862,2.154705816
138.5,0,0.5917724399,0.5917724399,2.155255978
138.525,0,0.6456324671,0.6456324671,2.153080217
138.55,0,0.699402596,0.699402596,2.148042227
138.575,0,0.7530096721,0.7530096721,2.14001593
138.6,0,0.8063775391,0.8063775391,2.128887689
138.625,0,0.8594273776,0.8594273776,2.114558509
138.65,0,0.9120780994,0.9120780994,2.09694618
138.675,0,0.9642467927,0.9642467927,2.075987287
138.7,0,1.015849213,1.015849213,2.051639033
138.725,0,1.066800321,1.066800321,2.02388082
138.75,0,1.117014855,1.117014855,1.992715544
138.775,0,1.166407927,1.166407927,1.958170527
138.8,0,1.214895646,1.214895646,1.920298069
138.825,0,1.26239574,1.26239574,1.879175573
138.85,0,1.308828186,1.308828186,1.834905226
138.875,0,1.354115815,1.354115815,1.787613233
138.9,0,1.398184903,1.398184903,1.737448608
138.925,0,1.440965719,1.440965719,1.68458153
138.95,0,1.482393032,1.482393032,1.629201323
138.975,0,1.522406556,1.522406556,1.571514107
139,0,1.560951344,1.560951344,1.511740126
139.025,0,1.5979781,1.5979781,1.450110915
139.05,0,1.633443427,1.633443427,1.386866305
139.075,0,1.667309995,1.667309995,1.32225131
139.1,0,1.699546633,1.699546633,1.256513165
139.125,0,1.730128346,1.730128346,1.189898212
139.15,0,1.759036263,1.759036263,1.122649255
139.175,0,1.786257498,1.786257498,1.055002704
139.2,0,1.811784987,1.811784987,0.9871864351
139.225,0,1.835617218,1.835617218,0.9194175017
139.25,0,1.857757965,1.857757965,0.8519004988
139.275,0,1.878215935,1.878215935,0.7848260176
139.3,0,1.897004421,1.897004421,0.7183695845
139.325,0,1.9141409,1.9141409,0.652690828
139.35,0,1.929646641,1.929646641,0.587933012
139.375,0,1.943546286,1.943546286,0.5242228268
139.4,0,1.955867435,1.955867435,0.461670461
139.425,0,1.966640245,1.966640245,0.4003698872
139.45,0,1.975897017,1.975897017,0.340399374
139.475,0,1.983671828,1.983671828,0.2818221286
139.5,0,1.990000146,1.990000146,0.2246871137
139.525,0,1.994918502,1.994918502,0.1690299293
139.55,0,1.998464155,1.998464155,0.1148737946
139.575,0,2.000674802,2.000674802,0.06223056223
139.6,0,2.001588306,2.001588306,0.0111017514
139.625,0,2.001242447,2.001242447,-0.03852040411
139.65,0,1.999674709,1.999674709,-0.08665193925
139.675,0,1.99692208,1.99692208,-0.1333161644
139.7,0,1.993020883,1.993020883,-0.1785427168
139.725,0,1.988006634,1.988006634,-0.2223666654
139.75,0,1.981913909,1.981913909,-0.2648276683
139.775,0,1.974776247,1.974776247,-0.3059691966
139.8,0,1.966626057,1.966626057,-0.345837824
139.825,0,1.957494555,1.957494555,-0.3844825733
139.85,0,1.947411704,1.947411704,-0.421954332
139.875,0,1.936406178,1.936406178,-0.4583053347
139.9,0,1.924505334,1.924505334,-0.4935886907
139.925,0,1.911735194,1.911735194,-0.5278579837
139.95,0,1.898120438,1.898120438,-0.5611669142
139.975,0,1.883684406,1.883684406,-0.5935689915
140,0,1.868449103,1.868449103,-0.6251172779
140.025,0,1.85243522,1.85243522,-0.6558641593
140.05,0,1.835662144,1.835662144,-0.6858611702
140.075,0,1.818147989,1.818147989,-0.7151588329
140.1,0,1.799909618,1.799909618,-0.7438065427
140.125,0,1.780962676,1.780962676,-0.7718524631
140.15,0,1.761321619,1.761321619,-0.7993434566
140.175,0,1.740999748,1.740999748,-0.8263250225
140.2,0,1.720009245,1.720009245,-0.8528412601
140.225,0,1.698361207,1.698361207,-0.8789348388
140.25,0,1.676065682,1.676065682,-0.9046469822
140.275,0,1.653131704,1.653131704,-0.9300174596
140.3,0,1.629567336,1.629567336,-0.9550845846
140.325,0,1.605379696,1.605379696,-0.9798852177
140.35,0,1.580575,1.580575,-1.004454772
140.375,0,1.5551586,1.5551586,-1.028827222
140.4,0,1.52913501,1.52913501,-1.053035107
140.425,0,1.502507956,1.502507956,-1.07710954
140.45,0,1.475280398,1.475280398,-1.101080208
140.475,0,1.447454573,1.447454573,-1.124975377
140.5,0,1.419032034,1.419032034,-1.148821874
140.525,0,1.390013674,1.390013674,-1.172645088
140.55,0,1.360399773,1.360399773,-1.196468946
140.575,0,1.330190034,1.330190034,-1.22031588
140.6,0,1.299383613,1.299383613,-1.244206802
140.625,0,1.267979165,1.267979165,-1.268161058
140.65,0,1.235974884,1.235974884,-1.292196355
140.675,0,1.203368539,1.203368539,-1.316328717
140.7,0,1.170157519,1.170157519,-1.3405724
140.725,0,1.136338887,1.136338887,-1.364939775
140.75,0,1.101909414,1.101909414,-1.389441258
140.775,0,1.066865636,1.066865636,-1.414085171
140.8,0,1.031203917,1.031203917,-1.438877587
140.825,0,0.9949204883,0.9949204883,-1.463822219
140.85,0,0.9580115257,0.9580115257,-1.488920219
140.875,0,0.9204732122,0.9204732122,-1.514169989
140.9,0,0.8823017987,0.8823017987,-1.539567012
140.925,0,0.843493697,0.843493697,-1.565103589
140.95,0,0.8040455487,0.8040455487,-1.590768629
140.975,0,0.7639543161,0.7639543161,-1.616547393
141,0,0.7232173857,0.7232173857,-1.6424212
141.025,0,0.6818326538,0.6818326538,-1.668367176
141.05,0,0.6397986521,0.6397986521,-1.694357928
141.075,0,0.5971146517,0.5971146517,-1.720361248
141.1,0,0.5537807945,0.5537807945,-1.746339795
141.125,0,0.5097982237,0.5097982237,-1.772250763
141.15,0,0.4651692225,0.4651692225,-1.798045577
141.175,0,0.4198973667,0.4198973667,-1.823669554
141.2,0,0.3739876756,0.3739876756,-1.849061618
141.225,0,0.3274467812,0.3274467812,-1.874153992
141.25,0,0.2802830942,0.2802830942,-1.898871958
141.275,0,0.2325069836,0.2325069836,-1.923133617
141.3,0,0.1841309577,0.1841309577,-1.946849717
141.325,0,0.1351698479,0.1351698479,-1.969923537
141.35,0,0.08564099977,0.08564099977,-1.992250836
141.375,0,0.03556445634,0.03556445634,-2.013719887
141.4,0,-0.01503685245,-0.01503685245,-2.034211622
141.425,0,-0.06613693087,-0.06613693087,-2.053599873
141.45,0,-0.1177065446,-0.1177065446,-2.071751751
141.475,0,-0.1697130582,-0.1697130582,-2.088528171
141.5,0,-0.2221202872,-0.2221202872,-2.103784517
141.525,0,-0.2748883735,-0.2748883735,-2.117371488
141.55,0,-0.3279736762,-0.3279736762,-2.129136116
141.575,0,-0.3813286978,-0.3813286978,-2.138922945
141.6,0,-0.4349020374,-0.4349020374,-2.146575442
141.625,0,-0.4886383823,-0.4886383823,-2.151937513
141.65,0,-0.5424785424,-0.5424785424,-2.154855267
141.675,0,-0.5963595264,-0.5963595264,-2.155178884
141.7,0,-0.6502146686,-0.6502146686,-2.152764625
141.725,0,-0.7039738096,-0.7039738096,-2.147476977
141.75,0,-0.7575635267,-0.7575635267,-2.139190834
141.775,0,-0.8109074225,-0.8109074225,-2.127793714
141.8,0,-0.8639264689,-0.8639264689,-2.113187973
141.825,0,-0.9165394049,-0.9165394049,-2.095292928
141.85,0,-0.9686631847,-0.9686631847,-2.074046849
141.875,0,-1.020213474,-1.020213474,-2.049408767
141.9,0,-1.071105194,-1.071105194,-2.021360044
141.925,0,-1.121253089,-1.121253089,-1.989905623
141.95,0,-1.170572333,-1.170572333,-1.955074935
141.975,0,-1.218979147,-1.218979147,-1.91692242
142,0,-1.266391428,-1.266391428,-1.875527609
142.025,0,-1.312729371,-1.312729371,-1.830994769
142.05,0,-1.357916078,-1.357916078,-1.783452105
142.075,0,-1.401878145,-1.401878145,-1.733050496
142.1,0,-1.444546206,-1.444546206,-1.679961835
142.125,0,-1.485855431,-1.485855431,-1.624376982
142.15,0,-1.525745977,-1.525745977,-1.566503353
142.175,0,-1.564163367,-1.564163367,-1.506562269
142.2,0,-1.601058796,-1.601058796,-1.444786106
142.225,0,-1.636389381,-1.636389381,-1.381415227
142.25,0,-1.670118313,-1.670118313,-1.316694989
142.275,0,-1.702214946,-1.702214946,-1.250872624
142.3,0,-1.732654812,-1.732654812,-1.184194329
142.325,0,-1.761419551,-1.761419551,-1.116902403
142.35,0,-1.788496786,-1.788496786,-1.049232681
142.375,0,-1.813879931,-1.813879931,-0.9814121447
142.4,0,-1.837567941,-1.837567941,-0.9136568855
142.425,0,-1.859565019,-1.859565019,-0.8461703371
142.45,0,-1.879880279,-1.879880279,-0.7791418581
142.475,0,-1.898527385,-1.898527385,-0.7127456434
142.5,0,-1.915524153,-1.915524153,-0.6471399444
142.525,0,-1.930892157,-1.930892157,-0.5824666175
142.55,0,-1.944656303,-1.944656303,-0.5188509429
142.575,0,-1.956844429,-1.956844429,-0.4564017125
142.6,0,-1.967486886,-1.967486886,-0.395211542
142.625,0,-1.976616143,-1.976616143,-0.3353573894
142.65,0,-1.984266409,-1.984266409,-0.276901214
142.675,0,-1.990473255,-1.990473255,-0.2198908107
142.7,0,-1.995273288,-1.995273288,-0.1643606776
142.725,0,-1.998703814,-1.998703814,-0.1103330358
142.75,0,-2.000802554,-2.000802554,-0.05781881055
142.775,0,-2.001607374,-2.001607374,-0.006818693893
142.8,0,-2.001156038,-2.001156038,0.04267582499
142.825,0,-1.999485993,-1.999485993,0.09068143803
142.85,0,-1.996634176,-1.996634176,0.1372220308
142.875,0,-1.99263685,-1.99263685,0.1823277381
142.9,0,-1.987529452,-1.987529452,0.2260340498
142.925,0,-1.981346477,-1.981346477,0.268380978
142.95,0,-1.974121368,-1.974121368,0.3094122866
142.975,0,-1.965886437,-1.965886437,0.349174781
143,0,-1.956672793,-1.956672793,0.3877176633
143.025,0,-1.946510292,-1.946510292,0.4250919585
143.05,0,-1.935427497,-1.935427497,0.4613499899
143.075,0,-1.923451652,-1.923451652,0.4965449231
143.1,0,-1.910608663,-1.910608663,0.5307303663
143.125,0,-1.896923098,-1.896923098,0.5639600123
143.15,0,-1.882418182,-1.882418182,0.5962873452
143.175,0,-1.867115808,-1.867115808,0.6277653744
143.2,0,-1.851036554,-1.851036554,0.658446423
143.225,0,-1.8341997,-1.8341997,0.6883819424
143.25,0,-1.81662325,-1.81662325,0.7176223652
143.275,0,-1.798323963,-1.798323963,0.7462169838
143.3,0,-1.779317381,-1.779317381,0.7742138551
143.325,0,-1.759617862,-1.759617862,0.8016597259
143.35,0,-1.739238608,-1.739238608,0.8285999793
143.375,0,-1.718191709,-1.718191709,0.8550785925
143.4,0,-1.69648817,-1.69648817,0.8811381131
143.425,0,-1.674137953,-1.674137953,0.9068196406
143.45,0,-1.651150008,-1.651150008,0.9321628207
143.475,0,-1.627532313,-1.627532313,0.957205843
143.5,0,-1.603291911,-1.603291911,0.9819854447
143.525,0,-1.578434941,-1.578434941,1.006536916
143.55,0,-1.552966683,-1.552966683,1.030894108
143.575,0,-1.526891585,-1.526891585,1.05508944
143.6,0,-1.500213301,-1.500213301,1.079153903
143.625,0,-1.472934733,-1.472934733,1.103117064
143.65,0,-1.445058057,-1.445058057,1.127007063
143.675,0,-1.416584766,-1.416584766,1.150850611
143.7,0,-1.387515703,-1.387515703,1.174672969
143.725,0,-1.357851096,-1.357851096,1.198497937
143.75,0,-1.327590597,-1.327590597,1.222347826
143.775,0,-1.296733323,-1.296733323,1.246243409
143.8,0,-1.265277886,-1.265277886,1.270203894
143.825,0,-1.23322244,-1.23322244,1.294246859
143.85,0,-1.200564723,-1.200564723,1.31838817
143.875,0,-1.167302095,-1.167302095,1.342641923
143.9,0,-1.133431586,-1.133431586,1.367020344
143.925,0,-1.098949953,-1.098949953,1.391533658
143.95,0,-1.063853712,-1.063853712,1.416190004
143.975,0,-1.02813921,-1.02813921,1.440995277
144,0,-0.9918026778,-0.9918026778,1.465952955
144.025,0,-0.9548402843,-0.9548402843,1.491063975
144.05,0,-0.9172482147,-0.9172482147,1.516326506
144.075,0,-0.8790227363,-0.8790227363,1.54173575
144.1,0,-0.8401602697,-0.8401602697,1.567283749
144.125,0,-0.800657486,-0.800657486,1.592959099
144.15,0,-0.7605113789,-0.7605113789,1.618746735
144.175,0,-0.7197193702,-0.7197193702,1.644627643
144.2,0,-0.6782794124,-0.6782794124,1.67057856
144.225,0,-0.6361900887,-0.6361900887,1.696571709
144.25,0,-0.5934507454,-0.5934507454,1.722574448
144.275,0,-0.5500616,-0.5500616,1.748548988
144.3,0,-0.50602389,-0.50602389,1.774452044
144.325,0,-0.4613400011,-0.4613400011,1.80023453
144.35,0,-0.4160136265,-0.4160136265,1.825841235
144.375,0,-0.370049916,-0.370049916,1.85121052
144.4,0,-0.3234556467,-0.3234556467,1.876274029
144.425,0,-0.2762393883,-0.2762393883,1.900956439
144.45,0,-0.2284116863,-0.2284116863,1.925175232
144.475,0,-0.1799852372,-0.1799852372,1.948840525
144.5,0,-0.1309750817,-0.1309750817,1.971854956
144.525,0,-0.08139878546,-0.08139878546,1.994113643
144.55,0,-0.03127663142,-0.03127663142,2.01550423
144.575,0,0.01936819645,0.01936819645,2.035907032
144.6,0,0.07050943401,0.07050943401,2.055195291
144.625,0,0.1221175631,0.1221175631,2.07323557
144.65,0,0.174159651,0.174159651,2.089888285
144.675,0,0.2265992068,0.2265992068,2.105008379
144.7,0,0.2793960522,0.2793960522,2.11844621
144.725,0,0.3325062218,0.3325062218,2.130048534
144.75,0,0.3858818869,0.3858818869,2.139659762
144.775,0,0.4394713126,0.4394713126,2.147123323
144.8,0,0.4932188552,0.4932188552,2.152283247
144.825,0,0.5470649968,0.5470649968,2.154985916
144.85,0,0.6009464272,0.6009464272,2.155081939
144.875,0,0.6547961765,0.6547961765,2.152428201
144.9,0,0.7085437972,0.7085437972,2.146889989
144.925,0,0.7621156009,0.7621156009,2.138343179
144.95,0,0.8154349525,0.8154349525,2.126676472
144.975,0,0.8684226181,0.8684226181,2.111793588
145,0,0.9209971659,0.9209971659,2.093615378
145.025,0,0.9730754199,0.9730754199,2.072081811
145.05,0,1.024572962,1.024572962,2.047153767
145.075,0,1.075404676,1.075404676,2.018814571
145.1,0,1.125485317,1.125485317,1.987071216
145.125,0,1.174730124,1.174730124,1.951955253
145.15,0,1.223055438,1.223055438,1.913523257
145.175,0,1.270379327,1.270379327,1.871856886
145.2,0,1.316622209,1.316622209,1.827062486
145.225,0,1.361707463,1.361707463,1.779270243
145.25,0,1.405562006,1.405562006,1.728632895
145.275,0,1.44811684,1.44811684,1.675324042
145.3,0,1.489307544,1.489307544,1.619536042
145.325,0,1.529074718,1.529074718,1.561477603
145.35,0,1.567364354,1.567364354,1.501371116
145.375,0,1.604128147,1.604128147,1.439449731
145.4,0,1.639323723,1.639323723,1.375954373
145.425,0,1.672914796,1.672914796,1.311130677
145.45,0,1.704871248,1.704871248,1.245225882
145.475,0,1.735169133,1.735169133,1.178485995
145.5,0,1.763790605,1.763790605,1.111152824
145.525,0,1.790723792,1.790723792,1.043461568
145.55,0,1.815962586,1.815962586,0.9756383359
145.575,0,1.839506406,1.839506406,0.9078982251
145.6,0,1.86135988,1.86135988,0.8404435035
145.625,0,1.881532531,1.881532531,0.7734622911
145.65,0,1.900038386,1.900038386,0.707127441
145.675,0,1.916895601,1.916895601,0.6415958285
145.7,0,1.932126046,1.932126046,0.5770078986
145.725,0,1.945754896,1.945754896,0.5134875233
145.75,0,1.957810218,1.957810218,0.4511420989
145.775,0,1.968322557,1.968322557,0.3900628907
145.8,0,1.977324549,1.977324549,0.330325544
145.825,0,1.984850527,1.984850527,0.2719907883
145.85,0,1.990936168,1.990936168,0.2151052406
145.875,0,1.995618148,1.995618148,0.159702324
145.9,0,1.99893382,1.99893382,0.1058032514
145.925,0,2.000920929,2.000920929,0.05341803824
145.95,0,2.001617339,2.001617339,0.00254655377
145.975,0,2.001060796,2.001060796,-0.04682044974
146,0,1.999288711,1.999288711,-0.09470031462
146.025,0,1.996337971,1.996337971,-0.1411174946
146.05,0,1.992244772,1.992244772,-0.1861026139
146.075,0,1.987044476,1.987044476,-0.2296915789
146.1,0,1.980771492,1.980771492,-0.2719247506
146.125,0,1.973459171,1.973459171,-0.3128461791
146.15,0,1.965139723,1.965139723,-0.3525028967
146.175,0,1.955844154,1.955844154,-0.3909442832
146.2,0,1.945602211,1.945602211,-0.4282214938
146.225,0,1.934442344,1.934442344,-0.4643869391
146.25,0,1.922391685,1.922391685,-0.4994938394
146.275,0,1.909476027,1.909476027,-0.533595821
146.3,0,1.895719821,1.895719821,-0.5667465713
146.325,0,1.881146179,1.881146179,-0.5989995434
146.35,0,1.865776884,1.865776884,-0.6304076952
146.375,0,1.849632399,1.849632399,-0.6610232837
146.4,0,1.832731896,1.832731896,-0.6908976773
146.425,0,1.815093272,1.815093272,-0.7200812176
146.45,0,1.796733182,1.796733182,-0.7486230934
146.475,0,1.777667064,1.777667064,-0.7765712542
146.5,0,1.757909178,1.757909178,-0.8039723316
146.525,0,1.737472629,1.737472629,-0.8308715909
146.55,0,1.716369414,1.716369414,-0.8573128883
146.575,0,1.694610447,1.694610447,-0.8833386484
146.6,0,1.672205602,1.672205602,-0.9089898476
146.625,0,1.649163747,1.649163747,-0.9343060072
146.65,0,1.625492776,1.625492776,-0.959325193
146.675,0,1.601199656,1.601199656,-0.9840840189
146.7,0,1.576290452,1.576290452,-1.008617652
146.725,0,1.550770368,1.550770368,-1.032959822
146.75,0,1.524643787,1.524643787,-1.057142826
146.775,0,1.497914296,1.497914296,-1.081197533
146.8,0,1.470584733,1.470584733,-1.10515339
146.825,0,1.442657217,1.442657217,-1.129038414
146.85,0,1.414133181,1.414133181,-1.152879195
146.875,0,1.385013415,1.385013415,-1.176700869
146.9,0,1.3552981,1.3552981,-1.200527111
146.925,0,1.324986836,1.324986836,-1.224380102
146.95,0,1.294078698,1.294078698,-1.248280487
146.975,0,1.262572259,1.262572259,-1.272247332
147,0,1.230465632,1.230465632,-1.296298075
147.025,0,1.197756523,1.197756523,-1.320448438
147.05,0,1.164442264,1.164442264,-1.344712354
147.075,0,1.130519858,1.130519858,-1.369101888
147.1,0,1.095986037,1.095986037,-1.393627096
147.125,0,1.060837307,1.060837307,-1.418295922
147.15,0,1.025069996,1.025069996,-1.443114068
147.175,0,0.9886803302,0.9886803302,-1.468084806
147.2,0,0.951664479,0.951664479,-1.493208832
147.225,0,0.914018627,0.914018627,-1.518484086
147.25,0,0.8757390553,0.8757390553,-1.543905501
147.275,0,0.8368222028,0.8368222028,-1.569464831
147.3,0,0.79726476,0.79726476,-1.595150386
147.325,0,0.7570637592,0.7570637592,-1.620946758
147.35,0,0.7162166588,0.7162166588,-1.646834594
147.375,0,0.6747214626,0.6747214626,-1.672790256
147.4,0,0.6325768148,0.6325768148,-1.69878556
147.425,0,0.5897821282,0.5897821282,-1.724787447
147.45,0,0.5463377051,0.5463377051,-1.750757665
147.475,0,0.5022448717,0.5022448717,-1.776652454
147.5,0,0.4575061227,0.4575061227,-1.802422213
147.525,0,0.4121252657,0.4121252657,-1.828011199
147.55,0,0.3661075856,0.3661075856,-1.853357209
147.575,0,0.3194600027,0.3194600027,-1.878391308
147.6,0,0.2721912501,0.2721912501,-1.903037564
147.625,0,0.2243120474,0.2243120474,-1.92721284
147.65,0,0.1758352849,0.1758352849,-1.95082662
147.675,0,0.1267762102,0.1267762102,-1.973780901
147.7,0,0.07715261301,0.07715261301,-1.995970163
147.725,0,0.02698501662,0.02698501662,-2.017281419
147.75,0,-0.02370314048,-0.02370314048,-2.037594368
147.775,0,-0.07488532322,-0.07488532322,-2.056781667
147.8,0,-0.1265317287,-0.1265317287,-2.074709335
147.825,0,-0.1786091271,-0.1786091271,-2.09123729
147.85,0,-0.2310807181,-0.2310807181,-2.106220053
147.875,0,-0.2839060043,-0.2839060043,-2.119507628
147.9,0,-0.3370406944,-0.3370406944,-2.130946523
147.925,0,-0.3904366274,-0.3904366274,-2.140381013
147.95,0,-0.4440417362,-0.4440417362,-2.147654505
147.975,0,-0.4978000451,-0.4978000451,-2.15261117
148,0,-0.5516517089,-0.5516517089,-2.155097666
148.025,0,-0.6055331005,-0.6055331005,-2.154965058
148.05,0,-0.6593769462,-0.6593769462,-2.152070866
148.075,0,-0.7131125121,-0.7131125121,-2.146281187
148.1,0,-0.7666658467,-0.7666658467,-2.137472902
148.125,0,-0.8199600801,-0.8199600801,-2.12553591
148.15,0,-0.8729157743,-0.8729157743,-2.110375307
148.175,0,-0.9254513301,-0.9254513301,-2.091913493
148.2,0,-0.9774834467,-0.9774834467,-2.070092157
148.225,0,-1.028927625,-1.028927625,-2.044874031
148.25,0,-1.079698713,-1.079698713,-2.016244409
148.275,0,-1.129711485,-1.129711485,-1.98421235
148.3,0,-1.17888125,-1.17888125,-1.94881152
148.325,0,-1.227124471,-1.227124471,-1.910100636
148.35,0,-1.27435939,-1.27435939,-1.868163478
148.375,0,-1.320506655,-1.320506655,-1.823108461
148.4,0,-1.365489926,-1.365489926,-1.775067745
148.425,0,-1.409236445,-1.409236445,-1.724195922
148.45,0,-1.451677584,-1.451677584,-1.67066827
148.475,0,-1.492749337,-1.492749337,-1.614678636
148.5,0,-1.532392746,-1.532392746,-1.556437007
148.525,0,-1.570554279,-1.570554279,-1.496166801
148.55,0,-1.607186128,-1.607186128,-1.434101941
148.575,0,-1.642246432,-1.642246432,-1.370483895
148.6,0,-1.675699428,-1.675699428,-1.30555852
148.625,0,-1.707515525,-1.707515525,-1.239573105
148.65,0,-1.737671298,-1.737671298,-1.172773349
148.675,0,-1.76614942,-1.76614942,-1.105400663
148.7,0,-1.792938513,-1.792938513,-1.037689498
148.725,0,-1.818032955,-1.818032955,-0.9698651436
148.75,0,-1.841432615,-1.841432615,-0.9021416375
148.775,0,-1.863142557,-1.863142557,-0.8347201142
148.8,0,-1.883172698,-1.883172698,-0.7677874176
148.825,0,-1.901537435,-1.901537435,-0.701515071
148.85,0,-1.918255255,-1.918255255,-0.6360585621
148.875,0,-1.933348325,-1.933348325,-0.5715569278
148.9,0,-1.946842084,-1.946842084,-0.5081326281
148.925,0,-1.958764823,-1.958764823,-0.445891673
148.95,0,-1.969147282,-1.969147282,-0.3849239724
148.975,0,-1.978022256,-1.978022256,-0.3253038735
149,0,-1.985424205,-1.985424205,-0.2670908745
149.025,0,-1.991388908,-1.991388908,-0.2103304239
149.05,0,-1.995953104,-1.995953104,-0.155054878
149.075,0,-1.999154197,-1.999154197,-0.101284445
149.1,0,-2.001029948,-2.001029948,-0.04902824321
149.125,0,-2.001618222,-2.001618222,0.00171467699
149.15,0,-2.000956744,-2.000956744,0.05095429172
149.175,0,-1.999082887,-1.999082887,0.09870858632
149.2,0,-1.996033486,-1.996033486,0.1450025759
149.225,0,-1.99184467,-1.99184467,0.1898673678
149.25,0,-1.986551726,-1.986551726,0.233339279
149.275,0,-1.980188975,-1.980188975,0.2754590145
149.3,0,-1.972789675,-1.972789675,0.3162709038
149.325,0,-1.964385935,-1.964385935,0.3558222025
149.35,0,-1.955008657,-1.955008657,0.394162465
149.375,0,-1.944687477,-1.944687477,0.4313429705
149.4,0,-1.933450736,-1.933450736,0.4674162159
149.425,0,-1.92132545,-1.92132545,0.502435472
149.45,0,-1.908337298,-1.908337298,0.5364543813
149.475,0,-1.894510619,-1.894510619,0.5695266239
149.5,0,-1.879868411,-1.879868411,0.6017056184
149.525,0,-1.864432341,-1.864432341,0.6330442724
149.55,0,-1.848222765,-1.848222765,0.6635947727
149.575,0,-1.831258743,-1.831258743,0.6934084059
149.6,0,-1.813558066,-1.813558066,0.7225354197
149.625,0,-1.795137284,-1.795137284,0.7510249008
149.65,0,-1.776011735,-1.776011735,0.7789246887
149.675,0,-1.756195576,-1.756195576,0.8062813012
149.7,0,-1.73570182,-1.73570182,0.833139884
149.725,0,-1.714542367,-1.714542367,0.8595441732
149.75,0,-1.692728044,-1.692728044,0.8855364699
149.775,0,-1.670268636,-1.670268636,0.9111576271
149.8,0,-1.647172927,-1.647172927,0.9364470421
149.825,0,-1.623448732,-1.623448732,0.9614426569
149.85,0,-1.599102937,-1.599102937,0.9861809618
149.875,0,-1.574141536,-1.574141536,1.010697002
149.9,0,-1.548569659,-1.548569659,1.035024384
149.925,0,-1.52239162,-1.52239162,1.059195283
149.95,0,-1.495610943,-1.495610943,1.083240448
149.975,0,-1.4682304,-1.4682304,1.107189203
150,0,-1.440252053,-1.440252053,1.131069446
150.025,0,-1.411677279,-1.411677279,1.15490764
150.05,0,-1.382506811,-1.382506811,1.178728804
150.075,0,-1.352740783,-1.352740783,1.202556481
150.1,0,-1.32237875,-1.32237875,1.226412723
150.125,0,-1.291419737,-1.291419737,1.250318047
150.15,0,-1.25986228,-1.25986228,1.274291381
150.175,0,-1.227704458,-1.227704458,1.298350014
150.2,0,-1.194943937,-1.194943937,1.322509529
150.225,0,-1.161578025,-1.161578025,1.346783699
150.25,0,-1.127603699,-1.127603699,1.371184416
150.275,0,-1.093017665,-1.093017665,1.395721576
150.3,0,-1.057816417,-1.057816417,1.420402926
150.325,0,-1.021996272,-1.021996272,1.445233965
150.35,0,-0.9855534441,-0.9855534441,1.470217768
150.375,0,-0.9484841064,-0.9484841064,1.495354791
150.4,0,-0.910784447,-0.910784447,1.520642724
150.425,0,-0.8724507551,-0.8724507551,1.546076253
150.45,0,-0.8334794921,-0.8334794921,1.571646832
150.475,0,-0.79386737,-0.79386737,1.597342476
150.5,0,-0.7536114556,-0.7536114556,1.623147448
150.525,0,-0.7127092503,-0.7127092503,1.649042038
150.55,0,-0.6711588053,-0.6711588053,1.675002242
150.575,0,-0.6289588288,-0.6289588288,1.700999463
150.6,0,-0.586108801,-0.586108801,1.727000221
150.625,0,-0.5426091094,-0.5426091094,1.7529658
150.65,0,-0.4984611712,-0.4984611712,1.778851961
150.675,0,-0.4536675891,-0.4536675891,1.804608589
150.7,0,-0.4082322884,-0.4082322884,1.830179406
150.725,0,-0.3621606884,-0.3621606884,1.855501642
150.75,0,-0.3154598553,-0.3154598553,1.88050578
150.775,0,-0.2681386859,-0.2681386859,1.90511528
150.8,0,-0.2202080761,-0.2202080761,1.929246384
150.825,0,-0.1716811107,-0.1716811107,1.952807939
150.85,0,-0.1225732454,-0.1225732454,1.975701306
150.875,0,-0.07290249605,-0.07290249605,1.997820324
150.9,0,-0.02268962689,-0.02268962689,2.019051376
150.925,0,0.02804166714,0.02804166714,2.039273549
150.95,0,0.07926457908,0.07926457908,2.058358918
150.975,0,0.1309490205,0.1309490205,2.076172959
151,0,0.1830614626,0.1830614626,2.092575099
151.025,0,0.2355647952,0.2355647952,2.107419442
151.05,0,0.2884182012,0.2884182012,2.120555649
151.075,0,0.3415770625,0.3415770625,2.131829985
151.1,0,0.3949928865,0.3949928865,2.141086599
151.125,0,0.4486132727,0.4486132727,2.148168895
151.15,0,0.5023819138,0.5023819138,2.152921186
151.175,0,0.5562386388,0.5562386388,2.15519043
151.2,0,0.610119504,0.610119504,2.154828158
151.225,0,0.663956933,0.663956933,2.151692538
151.25,0,0.7176799079,0.7176799079,2.145650497
151.275,0,0.7712142164,0.7712142164,2.13657994
151.3,0,0.8244827553,0.8244827553,2.124371974
151.325,0,0.8774058862,0.8774058862,2.108933087
151.35,0,0.9299018464,0.9299018464,2.090187248
151.375,0,0.9818872128,0.9818872128,2.06807787
151.4,0,1.033277409,1.033277409,2.042569553
151.425,0,1.083987254,1.083987254,2.013649572
151.45,0,1.133931543,1.133931543,1.981329053
151.475,0,1.183025659,1.183025659,1.945643782
151.5,0,1.231186193,1.231186193,1.906654617
151.525,0,1.278331567,1.278331567,1.864447458
151.55,0,1.324382663,1.324382663,1.819132782
151.575,0,1.369263422,1.369263422,1.770844717
151.6,0,1.412901419,1.412901419,1.719739688
151.625,0,1.455228401,1.455228401,1.665994643
151.65,0,1.496180774,1.496180774,1.609804901
151.675,0,1.53570003,1.53570003,1.551381701
151.7,0,1.573733114,1.573733114,1.490949472
151.725,0,1.610232715,1.610232715,1.428742896
151.75,0,1.645157488,1.645157488,1.365003937
151.775,0,1.678472193,1.678472193,1.299978688
151.8,0,1.710147764,1.710147764,1.233914419
151.825,0,1.740161301,1.740161301,1.167056566
151.85,0,1.768495989,1.768495989,1.099646048
151.875,0,1.795140948,1.795140948,1.031916616
151.9,0,1.820091036,1.820091036,0.9640926877
151.925,0,1.843346574,1.843346574,0.8963872484
151.95,0,1.864913056,1.864913056,0.8290002759
151.975,0,1.884800793,1.884800793,0.7621173394
152,0,1.903024546,1.903024546,0.695908624
152.025,0,1.919603132,1.919603132,0.6305282264
152.05,0,1.934559011,1.934559011,0.5661137749
152.075,0,1.947917883,1.947917883,0.5027863196
152.1,0,1.959708262,1.959708262,0.440650485
152.125,0,1.96996108,1.96996108,0.3797948298
152.15,0,1.978709285,1.978709285,0.3202924111
152.175,0,1.985987466,1.985987466,0.2622014942
152.2,0,1.991831495,1.991831495,0.2055663784
152.225,0,1.996278181,1.996278181,0.1504183458
152.25,0,1.999364968,1.999364968,0.09677661964
152.275,0,2.001129636,2.001129636,0.04464942182
152.3,0,2.001610047,2.001610047,-0.00596500724
152.325,0,2.000843905,2.000843905,-0.05507736416
152.35,0,1.998868543,1.998868543,-0.1027062705
152.375,0,1.995720742,1.995720742,-0.1488772954
152.4,0,1.991436566,1.991436566,-0.1936220234
152.425,0,1.986051222,1.986051222,-0.2369771765
152.45,0,1.979598946,1.979598946,-0.2789837976
152.475,0,1.972112899,1.972112899,-0.3196864902
152.5,0,1.963625092,1.963625092,-0.35913273
152.525,0,1.954166319,1.954166319,-0.3973722402
152.55,0,1.943766108,1.943766108,-0.4344564211
152.575,0,1.932452688,1.932452688,-0.4704378538
152.6,0,1.920252961,1.920252961,-0.5053698542
152.625,0,1.907192493,1.907192493,-0.5393060804
152.65,0,1.893295508,1.893295508,-0.5723002026
152.675,0,1.878584889,1.878584889,-0.6044056031
152.7,0,1.863082193,1.863082193,-0.6356751378
152.725,0,1.846807663,1.846807663,-0.6661609213
152.75,0,1.829780251,1.829780251,-0.6959141588
152.775,0,1.812017642,1.812017642,-0.7249850016
152.8,0,1.793536279,1.793536279,-0.753422435
152.825,0,1.7743514,1.7743514,-0.7812741872
152.85,0,1.754477063,1.754477063,-0.8085866619
152.875,0,1.733926186,1.733926186,-0.8354048854
152.9,0,1.712710574,1.712710574,-0.8617724729
152.925,0,1.690840965,1.690840965,-0.8877316024
152.95,0,1.668327058,1.668327058,-0.913323003
152.975,0,1.645177552,1.645177552,-0.9385859484
153,0,1.621400182,1.621400182,-0.9635582567
153.025,0,1.597001757,1.597001757,-0.9882762947
153.05,0,1.571988195,1.571988195,-1.012774985
153.075,0,1.546364557,1.546364557,-1.037087812
153.1,0,1.520135085,1.520135085,-1.061246829
153.125,0,1.493303241,1.493303241,-1.085282664
153.15,0,1.465871735,1.465871735,-1.109224521
153.175,0,1.437842566,1.437842566,-1.133100174
153.2,0,1.409217059,1.409217059,-1.156935964
153.225,0,1.379995892,1.379995892,-1.180756786
153.25,0,1.350179147,1.350179147,-1.204586058
153.275,0,1.319766337,1.319766337,-1.228445701
153.3,0,1.288756439,1.288756439,-1.2523561
153.325,0,1.25714795,1.25714795,-1.276336048
153.35,0,1.224938915,1.224938915,-1.300402687
153.375,0,1.192126965,1.192126965,-1.32457145
153.4,0,1.158709376,1.158709376,-1.348855961
153.425,0,1.124683105,1.124683105,-1.373267937
153.45,0,1.090044836,1.090044836,-1.397817099
153.475,0,1.054791042,1.054791042,-1.422511016
153.5,0,1.018918035,1.018918035,-1.447354974
153.525,0,0.9824220182,0.9824220182,-1.47235184
153.55,0,0.9452991649,0.9452991649,-1.497501844
153.575,0,0.9075456716,0.9075456716,-1.52280242
153.6,0,0.8691578339,0.8691578339,-1.548247999
153.625,0,0.8301321354,0.8301321354,-1.573829745
153.65,0,0.7904653144,0.7904653144,-1.599535358
153.675,0,0.7501544674,0.7501544674,-1.625348791
153.7,0,0.709197143,0.709197143,-1.651249961
153.725,0,0.6675914397,0.6675914397,-1.677214498
153.75,0,0.6253361302,0.6253361302,-1.703213396
153.775,0,0.5824307649,0.5824307649,-1.729212741
153.8,0,0.5388758141,0.5388758141,-1.755173363
153.825,0,0.4946727908,0.4946727908,-1.781050532
153.85,0,0.4498244031,0.4498244031,-1.806793624
153.875,0,0.4043346987,0.4043346987,-1.832345814
153.9,0,0.3582092291,0.3582092291,-1.857643775
153.925,0,0.3114552108,0.3114552108,-1.882617396
153.95,0,0.264081703,0.264081703,-1.907189533
153.975,0,0.2160997809,0.2160997809,-1.931275803
154,0,0.1675227246,0.1675227246,-1.954784421
154.025,0,0.1183661992,0.1183661992,-1.977616103
154.05,0,0.06864844823,0.06864844823,-1.999664054
154.075,0,0.01839047775,0.01839047775,-2.020814025
154.1,0,-0.03238375909,-0.03238375909,-2.040944494
154.125,0,-0.08364718217,-0.08364718217,-2.059926958
154.15,0,-0.1353694163,-0.1353694163,-2.077626353
154.175,0,-0.1875166338,-0.1875166338,-2.093901619
154.2,0,-0.2400514117,-0.2400514117,-2.108606454
154.225,0,-0.2929326145,-0.2929326145,-2.121590173
154.25,0,-0.3461152955,-0.3461152955,-2.132698827
154.275,0,-0.3995506304,-0.3995506304,-2.141776424
154.3,0,-0.4531858861,-0.4531858861,-2.148666396
154.325,0,-0.5069644233,-0.5069644233,-2.153213204
154.35,0,-0.5608257457,-0.5608257457,-2.155264115
154.375,0,-0.6147055948,-0.6147055948,-2.154671152
154.4,0,-0.6685360923,-0.6685360923,-2.151293139
154.425,0,-0.7222459379,-0.7222459379,-2.144997849
154.45,0,-0.7757606613,-0.7757606613,-2.135664229
154.475,0,-0.8290029286,-0.8290029286,-2.123184611
154.5,0,-0.8818929029,-0.8818929029,-2.107466886
154.525,0,-0.9343486625,-0.9343486625,-2.08843661
154.55,0,-0.9862866658,-0.9862866658,-2.066038935
154.575,0,-1.037622262,-1.037622262,-2.040240335
154.6,0,-1.088270245,-1.088270245,-2.011030073
154.625,0,-1.138145438,-1.138145438,-1.978421352
154.65,0,-1.187163302,-1.187163302,-1.942452083
154.675,0,-1.235240556,-1.235240556,-1.903185259
154.7,0,-1.282295811,-1.282295811,-1.860708901
154.725,0,-1.328250186,-1.328250186,-1.815135539
154.75,0,-1.373027908,-1.373027908,-1.766601258
154.775,0,-1.416556888,-1.416556888,-1.71526431
154.8,0,-1.458769251,-1.458769251,-1.661303287
154.825,0,-1.49960182,-1.49960182,-1.604914969
154.85,0,-1.538996539,-1.538996539,-1.546311831
154.875,0,-1.57690083,-1.57690083,-1.485719276
154.9,0,-1.613267884,-1.613267884,-1.423372746
154.925,0,-1.64805687,-1.64805687,-1.359514656
154.95,0,-1.681233073,-1.681233073,-1.294391323
154.975,0,-1.712767954,-1.712767954,-1.228249987
155,0,-1.742639133,-1.742639133,-1.161335783
155.025,0,-1.770830308,-1.770830308,-1.093889129
155.05,0,-1.797331096,-1.797331096,-1.02614306
155.075,0,-1.822136832,-1.822136832,-0.958321098
155.1,0,-1.845248289,-1.845248289,-0.8906351772
155.125,0,-1.866671385,-1.866671385,-0.8232841006
155.15,0,-1.886416824,-1.886416824,-0.7564521576
155.175,0,-1.904499731,-1.904499731,-0.6903081904
155.2,0,-1.920939244,-1.920939244,-0.6250049017
155.225,0,-1.935758121,-1.935758121,-0.56067851
155.25,0,-1.948982313,-1.948982313,-0.4974486575
155.275,0,-1.960640556,-1.960640556,-0.4354185849
155.3,0,-1.970763971,-1.970763971,-0.3746755043
155.325,0,-1.979385659,-1.979385659,-0.3152911883
155.35,0,-1.986540332,-1.986540332,-0.2573226728
155.375,0,-1.992263954,-1.992263954,-0.20081312
155.4,0,-1.996593401,-1.996593401,-0.1457927369
155.425,0,-1.999566156,-1.999566156,-0.09227977757
155.45,0,-2.001220016,-2.001220016,-0.04028157023
155.475,0,-2.001592838,-2.001592838,0.01020444597
155.5,0,-2.000722302,-2.000722302,0.05918968079
155.525,0,-1.998645702,-1.998645702,0.1066933845
155.55,0,-1.995399763,-1.995399763,0.1527416741
155.575,0,-1.991020481,-1.991020481,0.1973666047
155.6,0,-1.985542986,-1.985542986,0.2406052986
155.625,0,-1.979001425,-1.979001425,0.2824991283
155.65,0,-1.971428864,-1.971428864,0.3230929681
155.675,0,-1.962857213,-1.962857213,0.3624345109
155.7,0,-1.953317159,-1.953317159,0.400573641
155.725,0,-1.942838122,-1.942838122,0.4375618786
155.75,0,-1.931448217,-1.931448217,0.4734518856
155.775,0,-1.919174235,-1.919174235,0.5082970185
155.8,0,-1.906041626,-1.906041626,0.5421509521
155.825,0,-1.8920745,-1.8920745,0.57506734
155.85,0,-1.877295627,-1.877295627,0.6070995305
155.875,0,-1.861726452,-1.861726452,0.6383003232
155.9,0,-1.845387106,-1.845387106,0.6687217614
155.925,0,-1.828296432,-1.828296432,0.6984149665
155.95,0,-1.810472008,-1.810472008,0.7274299936
155.975,0,-1.791930176,-1.791930176,0.7558157251
156,0,-1.772686069,-1.772686069,0.7836197781
156.025,0,-1.752753648,-1.752753648,0.8108884411
156.05,0,-1.732145734,-1.732145734,0.8376666216
156.075,0,-1.710874042,-1.710874042,0.8639978129
156.1,0,-1.688949217,-1.688949217,0.8899240704
156.125,0,-1.666380874,-1.666380874,0.9154859993
156.15,0,-1.643177627,-1.643177627,0.9407227491
156.175,0,-1.619347132,-1.619347132,0.9656720143
156.2,0,-1.59489612,-1.59489612,0.9903700388
156.225,0,-1.569830433,-1.569830433,1.014851622
156.25,0,-1.544155064,-1.544155064,1.039150126
156.275,0,-1.517874186,-1.517874186,1.063297484
156.3,0,-1.490991194,-1.490991194,1.087324201
156.325,0,-1.463508739,-1.463508739,1.111259359
156.35,0,-1.435428758,-1.435428758,1.135130613
156.375,0,-1.406752521,-1.406752521,1.158964181
156.4,0,-1.377480657,-1.377480657,1.18278483
156.425,0,-1.347613193,-1.347613193,1.206615856
156.45,0,-1.317149595,-1.317149595,1.23047905
156.475,0,-1.286088804,-1.286088804,1.254394658
156.5,0,-1.254429269,-1.254429269,1.278381342
156.525,0,-1.222169001,-1.222169001,1.302456103
156.55,0,-1.189305603,-1.189305603,1.326634212
156.575,0,-1.155836317,-1.155836317,1.350929146
156.6,0,-1.121758074,-1.121758074,1.375352456
156.625,0,-1.087067545,-1.087067545,1.399913673
156.65,0,-1.051761179,-1.051761179,1.424620192
156.675,0,-1.01583528,-1.01583528,1.449477097
156.7,0,-0.9792860499,-0.9792860499,1.474487022
156.725,0,-0.9421096527,-0.9421096527,1.49964999
156.75,0,-0.904302297,-0.904302297,1.524963174
156.775,0,-0.8658602913,-0.8658602913,1.55042073
156.8,0,-0.8267801314,-0.8267801314,1.576013557
156.825,0,-0.7870585903,-0.7870585903,1.601729027
156.85,0,-0.7466927937,-0.7466927937,1.627550769
156.875,0,-0.705680335,-0.705680335,1.653458349
156.9,0,-0.6640193667,-0.6640193667,1.679427004
156.925,0,-0.621708719,-0.621708719,1.705427336
156.95,0,-0.578748021,-0.578748021,1.731424983
156.975,0,-0.5351378207,-0.5351378207,1.757380326
157,0,-0.4908797325,-0.4908797325,1.783248135
157.025,0,-0.4459765678,-0.4459765678,1.808977278
157.05,0,-0.4004325004,-0.4004325004,1.834510384
157.075,0,-0.3542532129,-0.3542532129,1.859783561
157.1,0,-0.3074460756,-0.3074460756,1.884726106
157.125,0,-0.2600203089,-0.2600203089,1.909260269
157.15,0,-0.2119871715,-0.2119871715,1.93330104
157.175,0,-0.1633601368,-0.1633601368,1.956756
157.2,0,-0.1141550836,-0.1141550836,1.979525225
157.225,0,-0.06439048333,-0.06439048333,2.001501279
157.25,0,-0.01408758481,-0.01408758481,2.022569288
157.275,0,0.03672939839,0.03672939839,2.042607123
157.3,0,0.08803311256,0.08803311256,2.061485702
157.325,0,0.1397928947,0.1397928947,2.079069426
157.35,0,0.1919746157,0.1919746157,2.095216764
157.375,0,0.2445405414,0.2445405414,2.10978099
157.4,0,0.2974492152,0.2974492152,2.122611112
157.425,0,0.3506553618,0.3506553618,2.133552945
157.45,0,0.4041098259,0.4041098259,2.142450393
157.475,0,0.4577595403,0.4577595403,2.149146914
157.5,0,0.5115475348,0.5115475348,2.153487127
157.525,0,0.5654129892,0.5654129892,2.155318635
157.55,0,0.6192913299,0.6192913299,2.154493957
157.575,0,0.6731143787,0.6731143787,2.150872586
157.6,0,0.7268105554,0.7268105554,2.144323171
157.625,0,0.7803051333,0.7803051333,2.134725709
157.65,0,0.8335205493,0.8335205493,2.121973766
157.675,0,0.8863767733,0.8863767733,2.105976664
157.7,0,0.9387917269,0.9387917269,2.086661555
157.725,0,0.9906817529,0.9906817529,2.063975337
157.75,0,1.041962131,1.041962131,2.037886373
157.775,0,1.092547635,1.092547635,2.008385928
157.8,0,1.142353119,1.142353119,1.975489281
157.825,0,1.191294125,1.191294125,1.939236468
157.85,0,1.23928751,1.23928751,1.899692625
157.875,0,1.286252075,1.286252075,1.856947883
157.9,0,1.332109179,1.332109179,1.811116821
157.925,0,1.376783341,1.376783341,1.762337477
157.95,0,1.420202811,1.420202811,1.710769901
157.975,0,1.462300098,1.462300098,1.656594328
158,0,1.503012442,1.503012442,1.60000898
158.025,0,1.542282242,1.542282242,1.541227532
158.05,0,1.580057402,1.580057402,1.480476364
158.075,0,1.616291612,1.616291612,1.417991637
158.1,0,1.65094456,1.65094456,1.354016196
158.125,0,1.683982054,1.683982054,1.288796592
158.15,0,1.715376081,1.715376081,1.222579941
158.175,0,1.745104785,1.745104785,1.155611152
158.2,0,1.773152371,1.773152371,1.088130037
158.225,0,1.799508956,1.799508956,1.020368965
158.25,0,1.824170344,1.824170344,0.952550497
158.275,0,1.847137764,1.847137764,0.8848855438
158.3,0,1.868417552,1.868417552,0.8175716952
158.325,0,1.888020804,1.888020804,0.750791973
158.35,0,1.905963002,1.905963002,0.6847138597
158.375,0,1.922263609,1.922263609,0.6194886678
158.4,0,1.936945671,1.936945671,0.5552512024
158.425,0,1.95003539,1.95003539,0.492119702
158.45,0,1.961561725,1.961561725,0.4301960207
158.475,0,1.971555977,1.971555977,0.3695660365
158.5,0,1.980051399,1.980051399,0.3103002342
158.525,0,1.987082826,1.987082826,0.2524544336
158.55,0,1.992686308,1.992686308,0.1960706623
158.575,0,1.996898789,1.996898789,0.1411780595
158.6,0,1.999757785,1.999757785,0.08779392132
158.625,0,2.001301111,2.001301111,0.03592468371
158.65,0,2.001566618,2.001566618,-0.01443300279
158.675,0,2.000591959,2.000591959,-0.06329125524
158.7,0,1.998414387,1.998414387,-0.1106699461
158.725,0,1.995070571,1.995070571,-0.1565957331
158.75,0,1.990596438,1.990596438,-0.2011011367
158.775,0,1.985027039,1.985027039,-0.2442236709
158.8,0,1.978396432,1.978396432,-0.2860050346
158.825,0,1.970737588,1.970737588,-0.3264903688
158.85,0,1.962082315,1.962082315,-0.3657275757
158.875,0,1.952461194,1.952461194,-0.4037666989
158.9,0,1.941903534,1.941903534,-0.4406593766
158.925,0,1.930437339,1.930437339,-0.4764583437
158.95,0,1.918089286,1.918089286,-0.511216999
158.975,0,1.904884711,1.904884711,-0.5449890287
159,0,1.89084761,1.89084761,-0.5778280689
159.025,0,1.876000638,1.876000638,-0.6097874325
159.05,0,1.860365129,1.860365129,-0.6409198599
159.075,0,1.843961103,1.843961103,-0.6712773242
159.1,0,1.826807295,1.826807295,-0.7009108591
159.125,0,1.808921176,1.808921176,-0.7298704255
159.15,0,1.790318983,1.790318983,-0.7582047996
159.175,0,1.77101575,1.77101575,-0.7859614894
159.2,0,1.751025338,1.751025338,-0.813186666
159.225,0,1.730360472,1.730360472,-0.839925119
159.25,0,1.709032776,1.709032776,-0.8662202189
159.275,0,1.687052806,1.687052806,-0.8921138987
159.3,0,1.664430089,1.664430089,-0.9176466395
159.325,0,1.641173156,1.641173156,-0.9428574671
159.35,0,1.617289584,1.617289584,-0.9677839519
159.375,0,1.592786027,1.592786027,-0.9924622148
159.4,0,1.567668253,1.567668253,-1.016926932
159.425,0,1.541941182,1.541941182,-1.041211345
159.45,0,1.515608923,1.515608923,-1.065347264
159.475,0,1.488674802,1.488674802,-1.089365074
159.5,0,1.461141411,1.461141411,-1.113293736
159.525,0,1.43301063,1.43301063,-1.13716078
159.55,0,1.404283667,1.404283667,-1.160992305
159.575,0,1.374961104,1.374961104,-1.184812951
159.6,0,1.345042918,1.345042918,-1.208645887
159.625,0,1.314528526,1.314528526,-1.232512778
159.65,0,1.283416828,1.283416828,-1.256433734
159.675,0,1.251706235,1.251706235,-1.280427275
159.7,0,1.219394717,1.219394717,-1.304510266
159.725,0,1.186479849,1.186479849,-1.328697825
159.75,0,1.152958844,1.152958844,-1.353003262
159.775,0,1.118828607,1.118828607,-1.377437973
159.8,0,1.084085789,1.084085789,-1.402011306
159.825,0,1.048726828,1.048726828,-1.426730458
159.85,0,1.012748009,1.012748009,-1.451600327
159.875,0,0.976145534,0.976145534,-1.476623321
159.9,0,0.938915569,0.938915569,-1.501799223
159.925,0,0.9010543223,0.9010543223,-1.527124975
159.95,0,0.8625581218,0.8625581218,-1.552594448
159.975,0,0.8234234799,0.8234234799,-1.578198257
160,0,0.7836471956,0.7836471956,-1.60392347
160.025,0,0.7432264337,0.7432264337,-1.629753371
160.05,0,0.702158826,0.702158826,-1.655667182
160.075,0,0.6604425838,0.6604425838,-1.681639745
160.1,0,0.6180765962,0.6180765962,-1.707641259
160.125,0,0.5750605679,0.5750605679,-1.733636924
160.15,0,0.5313951315,0.5313951315,-1.759586656
160.175,0,0.4870819971,0.4870819971,-1.785444738
160.2,0,0.4421240872,0.4421240872,-1.811159515
160.225,0,0.3965256963,0.3965256963,-1.836673075
160.25,0,0.3502926455,0.3502926455,-1.861920954
160.275,0,0.3034324548,0.3034324548,-1.886831861
160.3,0,0.2559545115,0.2559545115,-1.911327434
160.325,0,0.2078702559,0.2078702559,-1.935322036
160.35,0,0.159193358,0.159193358,-1.958722613
160.375,0,0.1099399112,0.1099399112,-1.981428602
160.4,0,0.06012861488,0.06012861488,-2.003331927
160.425,0,0.009780964033,0.009780964033,-2.024317089
160.45,0,-0.04107856737,-0.04107856737,-2.044261354
160.475,0,-0.09242235067,-0.09242235067,-2.063035065
160.5,0,-0.1442194334,-0.1442194334,-2.080502092
160.525,0,-0.1964353844,-0.1964353844,-2.096520435
160.55,0,-0.2490321578,-0.2490321578,-2.110942961
160.575,0,-0.3019679742,-0.3019679742,-2.123618367
160.6,0,-0.3551972304,-0.3551972304,-2.134392245
160.625,0,-0.4086704389,-0.4086704389,-2.143108412
160.65,0,-0.4623341987,-0.4623341987,-2.14961035
160.675,0,-0.5161312101,-0.5161312101,-2.153742864
160.7,0,-0.5700003284,-0.5700003284,-2.155353901
160.725,0,-0.6238766661,-0.6238766661,-2.154296483
160.75,0,-0.6776917475,-0.6776917475,-2.150430806
160.775,0,-0.7313737138,-0.7313737138,-2.143626395
160.8,0,-0.7848475831,-0.7848475831,-2.133764314
160.825,0,-0.8380355678,-0.8380355678,-2.12073939
160.85,0,-0.8908574467,-0.8908574467,-2.104462383
160.875,0,-0.9432309875,-0.9432309875,-2.084862053
160.9,0,-0.9950724212,-0.9950724212,-2.061887062
160.925,0,-1.046296964,-1.046296964,-2.035507672
160.95,0,-1.096819372,-1.096819372,-2.005717154
160.975,0,-1.146554534,-1.146554534,-1.972532869
161,0,-1.195418078,-1.195418078,-1.935996985
161.025,0,-1.243327006,-1.243327006,-1.896176776
161.05,0,-1.29020031,-1.29020031,-1.85316448
161.075,0,-1.335959595,-1.335959595,-1.807076723
161.1,0,-1.380529677,-1.380529677,-1.758053473
161.125,0,-1.423839149,-1.423839149,-1.706256576
161.15,0,-1.465820903,-1.465820903,-1.651867897
161.175,0,-1.506412605,-1.506412605,-1.595087066
161.2,0,-1.545557109,-1.545557109,-1.536128948
161.225,0,-1.5832028,-1.5832028,-1.475220889
161.25,0,-1.619303875,-1.619303875,-1.412599715
161.275,0,-1.653820537,-1.653820537,-1.348508729
161.3,0,-1.686719119,-1.686719119,-1.283194629
161.325,0,-1.717972135,-1.717972135,-1.216904461
161.35,0,-1.747558248,-1.747558248,-1.149882803
161.375,0,-1.775462175,-1.775462175,-1.082368932
161.4,0,-1.801674526,-1.801674526,-1.014594456
161.425,0,-1.826191576,-1.826191576,-0.9467810216
161.45,0,-1.849015005,-1.849015005,-0.8791384629
161.475,0,-1.870151564,-1.870151564,-0.811863171
161.5,0,-1.889612743,-1.889612743,-0.7451368832
161.525,0,-1.907414372,-1.907414372,-0.6791257205
161.55,0,-1.923576242,-1.923576242,-0.6139796024
161.575,0,-1.938121678,-1.938121678,-0.5498319208
161.6,0,-1.951077136,-1.951077136,-0.4867995095
161.625,0,-1.962471789,-1.962471789,-0.4249828426
161.65,0,-1.972337118,-1.972337118,-0.3644664662
161.675,0,-1.980706529,-1.980706529,-0.3053195789
161.7,0,-1.987614968,-1.987614968,-0.247596802
161.725,0,-1.99309858,-1.99309858,-0.1913390154
161.75,0,-1.997194365,-1.997194365,-0.1365743248
161.775,0,-1.999939878,-1.999939878,-0.08331904964
161.8,0,-2.001372945,-2.001372945,-0.03157875803
161.825,0,-2.001531409,-2.001531409,0.01865068709
161.85,0,-2.000452897,-2.000452897,0.06738210183
161.875,0,-1.998174618,-1.998174618,0.1146359736
161.9,0,-1.994733186,-1.994733186,0.1604394945
161.925,0,-1.990164457,-1.990164457,0.2048256434
161.95,0,-1.9845034,-1.9845034,0.2478323205
161.975,0,-1.977783987,-1.977783987,0.2895015457
162,0,-1.970039091,-1.970039091,0.3298787222
162.025,0,-1.961300418,-1.961300418,0.3690119558
162.05,0,-1.951598441,-1.951598441,0.4069514471
162.075,0,-1.940962362,-1.940962362,0.4437489468
162.1,0,-1.929420071,-1.929420071,0.4794572612
162.125,0,-1.91699813,-1.91699813,0.514129829
162.15,0,-1.903721763,-1.903721763,0.5478203429
162.175,0,-1.88961485,-1.88961485,0.5805824227
162.2,0,-1.874699935,-1.874699935,0.6124693414
162.225,0,-1.858998237,-1.858998237,0.6435337806
162.25,0,-1.842529667,-1.842529667,0.6738276407
162.275,0,-1.825312851,-1.825312851,0.7034018677
162.3,0,-1.807365155,-1.807365155,0.7323063268
162.325,0,-1.788702711,-1.788702711,0.7605896882
162.35,0,-1.769340451,-1.769340451,0.7882993491
162.375,0,-1.74929214,-1.74929214,0.8154813643
162.4,0,-1.728570407,-1.728570407,0.8421804037
162.425,0,-1.707186783,-1.707186783,0.8684397164
162.45,0,-1.685151737,-1.685151737,0.8943011118
162.475,0,-1.662474707,-1.662474707,0.9198049474
162.5,0,-1.639164145,-1.639164145,0.944990125
162.525,0,-1.615227544,-1.615227544,0.9698940913
162.55,0,-1.590671483,-1.590671483,0.9945528439
162.575,0,-1.565501657,-1.565501657,1.019000937
162.6,0,-1.539722915,-1.539722915,1.043271489
162.625,0,-1.513339298,-1.513339298,1.06739619
162.65,0,-1.486354069,-1.486354069,1.091405303
162.675,0,-1.458769754,-1.458769754,1.115327666
162.7,0,-1.43058818,-1.43058818,1.139190691
162.725,0,-1.401810498,-1.401810498,1.16302035
162.75,0,-1.372437234,-1.372437234,1.186841162
162.775,0,-1.342468321,-1.342468321,1.210676166
162.8,0,-1.311903128,-1.311903128,1.234546897
162.825,0,-1.280740511,-1.280740511,1.258473337
162.85,0,-1.248978844,-1.248978844,1.282473861
162.875,0,-1.216616061,-1.216616061,1.306565187
162.9,0,-1.183649702,-1.183649702,1.330762293
162.925,0,-1.150076955,-1.150076955,1.355078319
162.95,0,-1.115894701,-1.115894701,1.379524494
162.975,0,-1.081099568,-1.081099568,1.404109996
163,0,-1.045687982,-1.045687982,1.428841821
163.025,0,-1.009656218,-1.009656218,1.453724666
163.05,0,-0.9730004702,-0.9730004702,1.478760728
163.075,0,-0.9357169089,-0.9357169089,1.503949546
163.1,0,-0.8978017463,-0.8978017463,1.529287817
163.125,0,-0.8592513244,-0.8592513244,1.554769142
163.15,0,-0.8200621779,-0.8200621779,1.580383839
163.175,0,-0.7802311294,-0.7802311294,1.606118675
163.2,0,-0.7397553842,-0.7397553842,1.631956586
163.225,0,-0.6986326161,-0.6986326161,1.657876441
163.25,0,-0.6568610905,-0.6568610905,1.683852699
163.275,0,-0.6144397621,-0.6144397621,1.709855141
163.3,0,-0.5713684072,-0.5713684072,1.735848536
163.325,0,-0.5276477474,-0.5276477474,1.761792325
163.35,0,-0.4832795876,-0.4832795876,1.787640306
163.375,0,-0.4382669636,-0.4382669636,1.813340297
163.4,0,-0.3926142913,-0.3926142913,1.838833844
163.425,0,-0.3463275318,-0.3463275318,1.864055909
163.45,0,-0.2994143554,-0.2994143554,1.88893461
163.475,0,-0.2518843186,-0.2518843186,1.913390971
163.5,0,-0.2037490432,-0.2037490432,1.937338731
163.525,0,-0.1550223989,-0.1550223989,1.960684197
163.55,0,-0.1057206938,-0.1057206938,1.983326166
163.575,0,-0.05586285718,-0.05586285718,2.005155925
163.6,0,-0.005470631433,-0.005470631433,2.026057351
163.625,0,0.04543124826,0.04543124826,2.045907105
163.65,0,0.09681487633,0.09681487633,2.06457496
163.675,0,0.1486490102,0.1486490102,2.081924262
163.7,0,0.2008989157,0.2008989157,2.097812542
163.725,0,0.2535262337,0.2535262337,2.112092271
163.75,0,0.3064888623,0.3064888623,2.124611839
163.775,0,0.3597408695,0.3597408695,2.135216632
163.8,0,0.4132324352,0.4132324352,2.14375038
163.825,0,0.4669098255,0.4669098255,2.150056611
163.85,0,0.5207154103,0.5207154103,2.153980323
163.875,0,0.5745877219,0.5745877219,2.15536982
163.9,0,0.6284615605,0.6284615605,2.15407865
163.925,0,0.6822681535,0.6822681535,2.149967719
163.95,0,0.7359353654,0.7359353654,2.142907448
163.975,0,0.7893879624,0.7893879624,2.132779986
164,0,0.8425479343,0.8425479343,2.119481433
164.025,0,0.8953348714,0.8953348714,2.102924003
164.05,0,0.9476663917,0.9476663917,2.083038078
164.075,0,0.9994586189,0.9994586189,2.059774098
164.1,0,1.050626707,1.050626707,2.033104233
164.125,0,1.101085402,1.101085402,2.003023766
164.15,0,1.15074963,1.15074963,1.96955215
164.175,0,1.199535112,1.199535112,1.932733683
164.2,0,1.247358994,1.247358994,1.892637777
164.225,0,1.294140469,1.294140469,1.849358774
164.25,0,1.33980139,1.33980139,1.803015335
164.275,0,1.384266874,1.384266874,1.753749354
164.3,0,1.427465861,1.427465861,1.701724458
164.325,0,1.469331631,1.469331631,1.647124117
164.35,0,1.509802276,1.509802276,1.590149362
164.375,0,1.548821109,1.548821109,1.531016229
164.4,0,1.586337001,1.586337001,1.46995299
164.425,0,1.622304651,1.622304651,1.407197142
164.45,0,1.656684783,1.656684783,1.342992393
164.475,0,1.689444254,1.689444254,1.277585592
164.5,0,1.720556103,1.720556103,1.21122368
164.525,0,1.749999516,1.749999516,1.144150892
164.55,0,1.777759715,1.777759715,1.076605941
164.575,0,1.803827804,1.803827804,1.00881967
164.6,0,1.828200531,1.828200531,0.9410127937
164.625,0,1.850880016,1.850880016,0.8733940508
164.65,0,1.871873431,1.871873431,0.8061586365
164.675,0,1.89119265,1.89119265,0.7394869857
164.7,0,1.908853856,1.908853856,0.6735438613
164.725,0,1.924877156,1.924877156,0.6084777835
164.75,0,1.939286159,1.939286159,0.5444207327
164.775,0,1.952107568,1.952107568,0.4814881376
164.8,0,1.963370767,1.963370767,0.4197790987
164.825,0,1.973107416,1.973107416,0.3593768291
164.85,0,1.981351068,1.981351068,0.3003492545
164.875,0,1.988136784,1.988136784,0.2427497948
164.9,0,1.993500794,1.993500794,0.1866181989
164.925,0,1.997480155,1.997480155,0.1319815359
164.95,0,2.000112459,2.000112459,0.07885516402
164.975,0,2.001435541,2.001435541,0.02724378795
165,0,2.001487235,2.001487235,-0.02285750918
165.025,0,2.000305139,2.000305139,-0.07146223529
165.05,0,1.99792642,1.99792642,-0.1185914856
165.075,0,1.994387631,1.994387631,-0.1642729803
165.1,0,1.989724559,1.989724559,-0.2085401493
165.125,0,1.983972092,1.983972092,-0.251431274
165.15,0,1.97716411,1.97716411,-0.2929886909
165.175,0,1.969333392,1.969333392,-0.3332580583
165.2,0,1.960511539,1.960511539,-0.3722876825
165.225,0,1.95072892,1.95072892,-0.4101279181
165.25,0,1.940014623,1.940014623,-0.4468306225
165.275,0,1.928396428,1.928396428,-0.4824486716
165.3,0,1.915900782,1.915900782,-0.5170355413
165.325,0,1.902552796,1.902552796,-0.5506449279
165.35,0,1.888376235,1.888376235,-0.5833304341
165.375,0,1.87339353,1.87339353,-0.6151452892
165.4,0,1.857625787,1.857625787,-0.6461421171
165.425,0,1.841092809,1.841092809,-0.6763727419
165.45,0,1.823813111,1.823813111,-0.7058880229
165.475,0,1.805803954,1.805803954,-0.7347377271
165.5,0,1.787081366,1.787081366,-0.7629704196
165.525,0,1.76766018,1.76766018,-0.7906333852
165.55,0,1.747554061,1.747554061,-0.8177725629
165.575,0,1.726775545,1.726775545,-0.8444325022
165.6,0,1.70533607,1.70533607,-0.8706563307
165.625,0,1.683246015,1.683246015,-0.8964857343
165.65,0,1.660514734,1.660514734,-0.9219609466
165.675,0,1.637150596,1.637150596,-0.9471207455
165.7,0,1.613161014,1.613161014,-0.9720024543
165.725,0,1.588552491,1.588552491,-0.9966419471
165.75,0,1.563330648,1.563330648,-1.021073656
165.775,0,1.537500264,1.537500264,-1.045330577
165.8,0,1.511065312,1.511065312,-1.069444279
165.825,0,1.484028993,1.484028993,-1.093444903
165.85,0,1.456393769,1.456393769,-1.117361168
165.875,0,1.428161409,1.428161409,-1.141220361
165.9,0,1.399333012,1.399333012,-1.165048332
165.925,0,1.369909048,1.369909048,-1.188869476
165.95,0,1.339889403,1.339889403,-1.212706706
165.975,0,1.309273402,1.309273402,-1.236581422
166,0,1.278059853,1.278059853,-1.260513477
166.025,0,1.246247097,1.246247097,-1.284521105
166.05,0,1.213833031,1.213833031,-1.308620877
166.075,0,1.18081516,1.18081516,-1.332827622
166.1,0,1.147190649,1.147190649,-1.357154321
166.125,0,1.112956353,1.112956353,-1.381612027
166.15,0,1.078108879,1.078108879,-1.406209746
166.175,0,1.042644641,1.042644641,-1.430954282
166.2,0,1.006559905,1.006559905,-1.455850116
166.225,0,0.9698508561,0.9698508561,-1.480899244
166.25,0,0.93251367,0.93251367,-1.506100957
166.275,0,0.8945445667,0.8945445667,-1.531451696
166.3,0,0.855939897,0.855939897,-1.556944806
166.325,0,0.8166962226,0.8166962226,-1.582570296
166.35,0,0.7768103909,0.7768103909,-1.608314626
166.375,0,0.7362796444,0.7362796444,-1.634160399
166.4,0,0.6951017043,0.6951017043,-1.660086111
166.425,0,0.6532748869,0.6532748869,-1.686065846
166.45,0,0.6107982161,0.6107982161,-1.71206896
166.475,0,0.5676715395,0.5676715395,-1.738059791
166.5,0,0.5238956693,0.5238956693,-1.763997304
166.525,0,0.4794725061,0.4794725061,-1.789834805
166.55,0,0.4344051999,0.4344051999,-1.815519587
166.575,0,0.3886982893,0.3886982893,-1.84099265
166.6,0,0.3423578766,0.3423578766,-1.86618838
166.625,0,0.2953917835,0.2953917835,-1.891034302
166.65,0,0.2478097376,0.2478097376,-1.915450827
166.675,0,0.1996235427,0.1996235427,-1.939351065
166.7,0,0.1508472705,0.1508472705,-1.962640687
166.725,0,0.1014974436,0.1014974436,-1.985217847
166.75,0,0.05159322442,0.05159322442,-2.006973199
166.775,0,0.001156602978,0.001156602978,-2.027789994
166.8,0,-0.04978742285,-0.04978742285,-2.047544293
166.825,0,-0.1012106694,-0.1012106694,-2.066105302
166.85,0,-0.1530816024,-0.1530816024,-2.083335848
166.875,0,-0.2053651848,-0.2053651848,-2.09909299
166.9,0,-0.2580227423,-0.2580227423,-2.113228827
166.925,0,-0.31101185,-0.31101185,-2.125591433
166.95,0,-0.3642862475,-0.3642862475,-2.136026009
166.975,0,-0.4177957807,-0.4177957807,-2.144376204
167,0,-0.4714863837,-0.4714863837,-2.1504856
167.025,0,-0.5253000966,-0.5253000966,-2.154199414
167.05,0,-0.5791751286,-0.5791751286,-2.155366306
167.075,0,-0.6330459694,-0.6330459694,-2.153840374
167.1,0,-0.6868435514,-0.6868435514,-2.14948325
167.125,0,-0.7404954633,-0.7404954633,-2.142166263
167.15,0,-0.7939262219,-0.7939262219,-2.131772664
167.175,0,-0.8470575982,-0.8470575982,-2.118199845
167.2,0,-0.8998089966,-0.8998089966,-2.101361487
167.225,0,-0.9520978877,-0.9520978877,-2.081189607
167.25,0,-1.003840293,-1.003840293,-2.057636435
167.275,0,-1.05495131,-1.05495131,-2.03067606
167.3,0,-1.105345674,-1.105345674,-2.000305785
167.325,0,-1.154938356,-1.154938356,-1.966547158
167.35,0,-1.203645175,-1.203645175,-1.929446612
167.375,0,-1.251383426,-1.251383426,-1.889075691
167.4,0,-1.298072504,-1.298072504,-1.845530844
167.425,0,-1.343634518,-1.343634518,-1.798932752
167.45,0,-1.38799489,-1.38799489,-1.749425225
167.475,0,-1.431082907,-1.431082907,-1.697173663
167.5,0,-1.472832243,-1.472832243,-1.64236312
167.525,0,-1.513181421,-1.513181421,-1.585196004
167.55,0,-1.552074212,-1.552074212,-1.525889517
167.575,0,-1.589459976,-1.589459976,-1.464672821
167.6,0,-1.625293918,-1.625293918,-1.40178406
167.625,0,-1.659537278,-1.659537278,-1.33746735
167.65,0,-1.692157443,-1.692157443,-1.271969624
167.675,0,-1.723127976,-1.723127976,-1.20553776
167.7,0,-1.752428579,-1.752428579,-1.138415556
167.725,0,-1.780044989,-1.780044989,-1.070841211
167.75,0,-1.805968792,-1.805968792,-1.00304474
167.775,0,-1.83019721,-1.83019721,-0.9352459375
167.8,0,-1.852732803,-1.852732803,-0.867652425
167.825,0,-1.873583162,-1.873583162,-0.8004581976
167.85,0,-1.892760538,-1.892760538,-0.7338423777
167.875,0,-1.910281467,-1.910281467,-0.6679683689
167.9,0,-1.926166369,-1.926166369,-0.6029832878
167.925,0,-1.940439132,-1.940439132,-0.5390177044
167.95,0,-1.953126705,-1.953126705,-0.4761856435
167.975,0,-1.964258679,-1.964258679,-0.4145848359
168,0,-1.973866893,-1.973866893,-0.3542971633
168.025,0,-1.98198504,-1.98198504,-0.2953892899
168.05,0,-1.988648295,-1.988648295,-0.2379134327
168.075,0,-1.993892971,-1.993892971,-0.1819082246
168.1,0,-1.997756182,-1.997756182,-0.1273996994
168.125,0,-2.000275551,-2.000275551,-0.07440226463
168.15,0,-2.001488922,-2.001488922,-0.02291976801
168.175,0,-2.001434118,-2.001434118,0.02705347954
168.2,0,-2.000148709,-2.000148709,0.07553167064
168.225,0,-1.997669815,-1.997669815,0.1225365014
168.25,0,-1.994033928,-1.994033928,0.1680962125
168.275,0,-1.989276766,-1.989276766,0.2122446792
168.3,0,-1.983433134,-1.983433134,0.2550205588
168.325,0,-1.976536822,-1.976536822,0.2964664994
168.35,0,-1.96862051,-1.96862051,0.3366284075
168.375,0,-1.959715698,-1.959715698,0.3755547878
168.4,0,-1.949852646,-1.949852646,0.4132961441
168.425,0,-1.939060333,-1.939060333,0.4499044357
168.45,0,-1.927366425,-1.927366425,0.4854326087
168.475,0,-1.914797258,-1.914797258,0.5199341688
168.5,0,-1.901377825,-1.901377825,0.5534628171
168.525,0,-1.887131778,-1.887131778,0.5860721355
168.55,0,-1.872081436,-1.872081436,0.6178153083
168.575,0,-1.856247792,-1.856247792,0.648744901
168.6,0,-1.839650539,-1.839650539,0.6789126586
168.625,0,-1.822308084,-1.822308084,0.7083693549
168.65,0,-1.804237582,-1.804237582,0.7371646558
168.675,0,-1.785454959,-1.785454959,0.7653470227
168.7,0,-1.765974946,-1.765974946,0.7929636258
168.725,0,-1.74581111,-1.74581111,0.820060289
168.75,0,-1.724975893,-1.724975893,0.8466814407
168.775,0,-1.703480642,-1.703480642,0.8728700871
168.8,0,-1.681335646,-1.681335646,0.8986677905
168.825,0,-1.658550176,-1.658550176,0.9241146607
168.85,0,-1.635132514,-1.635132514,0.9492493514
168.875,0,-1.611089999,-1.611089999,0.9741090626
168.9,0,-1.586429054,-1.586429054,0.9987295452
168.925,0,-1.561155229,-1.561155229,1.023145109
168.95,0,-1.535273233,-1.535273233,1.047388628
168.975,0,-1.508786969,-1.508786969,1.071491549
169,0,-1.481699576,-1.481699576,1.095483893
169.025,0,-1.454013458,-1.454013458,1.119394256
169.05,0,-1.425730319,-1.425730319,1.143249805
169.075,0,-1.396851209,-1.396851209,1.167076266
169.1,0,-1.367376547,-1.367376547,1.190897907
169.125,0,-1.337306163,-1.337306163,1.214737518
169.15,0,-1.306639343,-1.306639343,1.238616366
169.175,0,-1.275374854,-1.275374854,1.262554164
169.2,0,-1.243510991,-1.243510991,1.286569018
169.225,0,-1.211045623,-1.211045623,1.310677346
169.25,0,-1.177976223,-1.177976223,1.334893819
169.275,0,-1.144299922,-1.144299922,1.359231273
169.3,0,-1.11001356,-1.11001356,1.38370058
169.325,0,-1.075113722,-1.075113722,1.408310559
169.35,0,-1.039596803,-1.039596803,1.43306784
169.375,0,-1.003459066,-1.003459066,1.457976685
169.4,0,-0.9666966913,-0.9666966913,1.483038862
169.425,0,-0.9293058506,-0.9293058506,1.50825345
169.45,0,-0.8912827797,-0.8912827797,1.533616612
169.475,0,-0.8526238395,-0.8526238395,1.559121427
169.5,0,-0.8133256119,-0.8133256119,1.584757619
169.525,0,-0.773384979,-0.773384979,1.610511313
169.55,0,-0.7327992131,-0.7327992131,1.636364794
169.575,0,-0.6915660886,-0.6915660886,1.662296178
169.6,0,-0.6496839732,-0.6496839732,1.688279164
169.625,0,-0.6071519576,-0.6071519576,1.714282697
169.65,0,-0.563969967,-0.563969967,1.740270661
169.675,0,-0.5201388983,-0.5201388983,1.766201563
169.7,0,-0.4756607562,-0.4756607562,1.792028199
169.725,0,-0.4305387989,-0.4305387989,1.817697348
169.75,0,-0.3847776957,-0.3847776957,1.843149448
169.775,0,-0.3383836849,-0.3383836849,1.86831832
169.8,0,-0.2913647467,-0.2913647467,1.893130887
169.825,0,-0.2437307762,-0.2437307762,1.917506946
169.85,0,-0.1954937641,-0.1954937641,1.941358979
169.875,0,-0.1466679836,-0.1466679836,1.964592017
169.9,0,-0.09727017359,-0.09727017359,1.987103576
169.925,0,-0.04731973143,-0.04731973143,2.008783675
169.95,0,0.003161104998,0.003161104998,2.02951494
169.975,0,0.0541470728,0.0541470728,2.049172836
170,0,0.1056097092,0.1056097092,2.067626005
170.025,0,0.1575171877,0.1575171877,2.084736754
170.05,0,0.2098341669,0.2098341669,2.100361692
170.075,0,0.2625216559,0.2625216559,2.114352531
170.1,0,0.315536908,0.315536908,2.126557053
170.125,0,0.3688333318,0.3688333318,2.136820281
170.15,0,0.4223604408,0.4223604408,2.144985783
170.175,0,0.4760638365,0.4760638365,2.150897226
170.2,0,0.5298852294,0.5298852294,2.15440004
170.225,0,0.5837625069,0.5837625069,2.155343268
170.25,0,0.6376298496,0.6376298496,2.153581573
170.275,0,0.6914178951,0.6914178951,2.148977321
170.3,0,0.7450539596,0.7450539596,2.141402768
170.325,0,0.7984623133,0.7984623133,2.13074229
170.35,0,0.8515645095,0.8515645095,2.116894579
170.375,0,0.9042797699,0.9042797699,2.099774797
170.4,0,0.9565254233,0.9565254233,2.079316614
170.425,0,1.008217391,1.008217391,2.055474064
170.45,0,1.059270717,1.059270717,2.028223158
170.475,0,1.109600134,1.109600134,1.99756323
170.5,0,1.15912066,1.15912066,1.963517929
170.525,0,1.207748217,1.207748217,1.926135821
170.55,0,1.255400252,1.255400252,1.885490588
170.575,0,1.301996368,1.301996368,1.84168077
170.6,0,1.347458935,1.347458935,1.794829068
170.625,0,1.391713681,1.391713681,1.745081197
170.65,0,1.434690247,1.434690247,1.692604312
170.675,0,1.476322705,1.476322705,1.637585032
170.7,0,1.516550007,1.516550007,1.580227135
170.725,0,1.555316389,1.555316389,1.520748956
170.75,0,1.5925717,1.5925717,1.459380524
170.775,0,1.628271652,1.628271652,1.396360637
170.8,0,1.662378006,1.662378006,1.331933738
170.825,0,1.694858672,1.694858672,1.266346904
170.85,0,1.725687741,1.725687741,1.199846826
170.875,0,1.754845434,1.754845434,1.132676961
170.9,0,1.78231799,1.78231799,1.065074871
170.925,0,1.808097489,1.808097489,0.9972698069
170.95,0,1.832181616,1.832181616,0.9294805757
170.975,0,1.854573374,1.854573374,0.8619137044
171,0,1.875280765,1.875280765,0.7947619604
171.025,0,1.894316417,1.894316417,0.7282031563
171.05,0,1.911697218,1.911697218,0.6623993293
171.075,0,1.927443895,1.927443895,0.5974961915
171.1,0,1.941580614,1.941580614,0.5336229008
171.125,0,1.954134565,1.954134565,0.470892083
171.15,0,1.965135546,1.965135546,0.4094000996
171.175,0,1.97461557,1.97461557,0.3492275069
171.2,0,1.982608465,1.982608465,0.2904397143
171.225,0,1.989149524,1.989149524,0.233087736
171.25,0,1.994275134,1.994275134,0.1772091088
171.275,0,1.998022469,1.998022469,0.12282882
171.3,0,2.000429177,2.000429177,0.06996035136
171.325,0,2.001533112,2.001533112,0.01860669237
171.35,0,2.001372083,2.001372083,-0.03123860957
171.375,0,1.999983629,1.999983629,-0.0795904236
171.4,0,1.997404824,1.997404824,-0.1264710397
171.425,0,1.993672099,1.993672099,-0.1719092131
171.45,0,1.988821099,1.988821099,-0.2159392581
171.475,0,1.982886547,1.982886547,-0.2586002031
171.5,0,1.975902141,1.975902141,-0.2999349995
171.525,0,1.967900464,1.967900464,-0.3399898001
171.55,0,1.958912912,1.958912912,-0.378813304
171.575,0,1.948969638,1.948969638,-0.4164561567
171.6,0,1.93809951,1.93809951,-0.4529704203
171.625,0,1.92633008,1.92633008,-0.4884091047
171.65,0,1.913687571,1.913687571,-0.5228257443
171.675,0,1.900196862,1.900196862,-0.5562740438
171.7,0,1.885881492,1.885881492,-0.588807559
171.725,0,1.870763665,1.870763665,-0.6204794317
171.75,0,1.854864263,1.854864263,-0.6513421634
171.775,0,1.838202869,1.838202869,-0.6814474228
171.8,0,1.820797782,1.820797782,-0.7108458937
171.825,0,1.80266605,1.80266605,-0.7395871433
171.85,0,1.783823498,1.783823498,-0.7677195256
171.875,0,1.764284755,1.764284755,-0.7952900989
171.9,0,1.744063294,1.744063294,-0.8223445692
171.925,0,1.723171458,1.723171458,-0.8489272454
171.95,0,1.701620505,1.701620505,-0.8750810108
171.975,0,1.679420636,1.679420636,-0.9008473047
172,0,1.656581035,1.656581035,-0.9262661129
172.025,0,1.633109905,1.633109905,-0.9513759652
172.05,0,1.609014502,1.609014502,-0.9762139378
172.075,0,1.584301177,1.584301177,-1.000815659
172.1,0,1.558975402,1.558975402,-1.025215315
172.125,0,1.533041821,1.533041821,-1.04944566
172.15,0,1.50650427,1.50650427,-1.073538018
172.175,0,1.47936582,1.47936582,-1.09752229
172.2,0,1.451628818,1.451628818,-1.121426948
172.225,0,1.423294911,1.423294911,-1.145279039
172.25,0,1.394365089,1.394365089,-1.169104166
172.275,0,1.364839726,1.364839726,-1.19292647
172.3,0,1.334718601,1.334718601,-1.216768613
172.325,0,1.304000952,1.304000952,-1.240651737
172.35,0,1.272685509,1.272685509,-1.264595413
172.375,0,1.240770528,1.240770528,-1.288617607
172.4,0,1.208253837,1.208253837,-1.312734599
172.425,0,1.175132886,1.175132886,-1.336960899
172.45,0,1.141404776,1.141404776,-1.361309179
172.475,0,1.10706632,1.10706632,-1.385790153
172.5,0,1.07211409,1.07211409,-1.410412446
172.525,0,1.036544467,1.036544467,-1.435182493
172.55,0,1.000353699,1.000353699,-1.460104366
172.575,0,0.96353797,0.96353797,-1.485179592
172.6,0,0.9260934505,0.9260934505,-1.510407018
172.625,0,0.8880163831,0.8880163831,-1.535782558
172.65,0,0.8493031484,0.8493031484,-1.561299003
172.675,0,0.8099503452,0.8099503452,-1.586945794
172.7,0,0.7699548894,0.7699548894,-1.612708731
172.725,0,0.7293140909,0.7293140909,-1.638569753
172.75,0,0.6880257681,0.6880257681,-1.664506622
172.775,0,0.6460883494,0.6460883494,-1.690492633
172.8,0,0.6035009873,0.6035009873,-1.716496323
172.825,0,0.5602636893,0.5602636893,-1.742481122
172.85,0,0.5163774367,0.5163774367,-1.76840507
172.875,0,0.4718443387,0.4718443387,-1.794220457
172.9,0,0.4266677647,0.4266677647,-1.819873539
172.925,0,0.3808525134,0.3808525134,-1.845304199
172.95,0,0.3344049627,0.3344049627,-1.870445682
172.975,0,0.287333251,0.287333251,-1.895224311
173,0,0.2396474426,0.2396474426,-1.919559271
173.025,0,0.1913597171,0.1913597171,-1.94336241
173.05,0,0.1424845488,0.1424845488,-1.966538122
173.075,0,0.09303889662,0.09303889662,-1.988983284
173.1,0,0.0430423923,0.0430423923,-2.010587278
173.125,0,-0.007482476097,-0.007482476097,-2.031232111
173.15,0,-0.05851017951,-0.05851017951,-2.050792651
173.175,0,-0.1100119752,-0.1100119752,-2.069136982
173.2,0,-0.1619557433,-0.1619557433,-2.086126895
173.225,0,-0.2143058361,-0.2143058361,-2.101618554
173.25,0,-0.2670229476,-0.2670229476,-2.115463289
173.275,0,-0.3200640063,-0.3200640063,-2.127508607
173.3,0,-0.3733820902,-0.3733820902,-2.137599345
173.325,0,-0.4269263811,-0.4269263811,-2.145579024
173.35,0,-0.4806421469,-0.4806421469,-2.151291395
173.375,0,-0.5344707692,-0.5344707692,-2.15458211
173.4,0,-0.5883498156,-0.5883498156,-2.155300623
173.425,0,-0.642213157,-0.642213157,-2.153302165
173.45,0,-0.6959911388,-0.6959911388,-2.148449854
173.475,0,-0.7496108073,-0.7496108073,-2.1406169
173.5,0,-0.8029961872,-0.8029961872,-2.129688807
173.525,0,-0.8560686171,-0.8560686171,-2.115565585
173.55,0,-0.9087471404,-0.9087471404,-2.098163898
173.575,0,-0.9609489468,-0.9609489468,-2.077419081
173.6,0,-1.012589861,-1.012589861,-2.053286975
173.625,0,-1.063584878,-1.063584878,-2.025745532
173.65,0,-1.113848731,-1.113848731,-1.994796124
173.675,0,-1.163296492,-1.163296492,-1.960464501
173.7,0,-1.211844187,-1.211844187,-1.922801366
173.725,0,-1.259409422,-1.259409422,-1.881882534
173.75,0,-1.305912014,-1.305912014,-1.837808634
173.775,0,-1.351274595,-1.351274595,-1.79070438
173.8,0,-1.395423204,-1.395423204,-1.740717379
173.825,0,-1.438287843,-1.438287843,-1.688016522
173.85,0,-1.479802979,-1.479802979,-1.632789984
173.875,0,-1.519908,-1.519908,-1.575242895
173.9,0,-1.558547611,-1.558547611,-1.515594684
173.925,0,-1.595672147,-1.595672147,-1.454076258
173.95,0,-1.631237832,-1.631237832,-1.390927011
173.975,0,-1.665206946,-1.665206946,-1.326391718
174,0,-1.697547928,-1.697547928,-1.260717565
174.025,0,-1.728235388,-1.728235388,-1.194151035
174.05,0,-1.757250071,-1.757250071,-1.126935239
174.075,0,-1.784578716,-1.784578716,-1.059307065
174.1,0,-1.810213895,-1.810213895,-0.9914949957
174.125,0,-1.834153752,-1.834153752,-0.9237168309
174.15,0,-1.856401735,-1.856401735,-0.8561780026
174.175,0,-1.876966247,-1.876966247,-0.7890700282
174.2,0,-1.895860302,-1.895860302,-0.7225694176
174.225,0,-1.913101123,-1.913101123,-0.6568368273
174.25,0,-1.92870975,-1.92870975,-0.5920165694
174.275,0,-1.942710624,-1.942710624,-0.5282363875
174.3,0,-1.955131168,-1.955131168,-0.4656075122
174.325,0,-1.966001389,-1.966001389,-0.4042249336
174.35,0,-1.975353466,-1.975353466,-0.3441678979
174.375,0,-1.983221369,-1.983221369,-0.2855005502
174.4,0,-1.989640493,-1.989640493,-0.2282727271
174.425,0,-1.994647308,-1.994647308,-0.1725208557
174.45,0,-1.998279038,-1.998279038,-0.118268905
174.475,0,-2.00057336,-2.00057336,-0.06552942338
174.5,0,-2.001568134,-2.001568134,-0.01430455384
174.525,0,-2.001301152,-2.001301152,0.0354129107
174.55,0,-1.999809922,-1.999809922,0.08363850959
174.575,0,-1.99713147,-1.99713147,0.13039512
174.6,0,-1.993302166,-1.993302166,0.1757120046
174.625,0,-1.988357579,-1.988357579,0.2196239118
174.65,0,-1.982332351,-1.982332351,0.2621702336
174.675,0,-1.975260088,-1.975260088,0.3033942206
174.7,0,-1.967173273,-1.967173273,0.3433422675
174.725,0,-1.9581032,-1.9581032,0.3820632619
174.75,0,-1.948079913,-1.948079913,0.4196079885
174.775,0,-1.937132169,-1.937132169,0.4560286093
174.8,0,-1.925287408,-1.925287408,0.4913781929
174.825,0,-1.912571738,-1.912571738,0.5257103017
174.85,0,-1.899009924,-1.899009924,0.5590786404
174.875,0,-1.884625391,-1.884625391,0.5915367377
174.9,0,-1.86944023,-1.86944023,0.6231376911
174.925,0,-1.853475212,-1.853475212,0.6539339361
174.95,0,-1.836749809,-1.836749809,0.6839770649
174.975,0,-1.819282213,-1.819282213,0.7133176695
175,0,-1.801089367,-1.801089367,0.7420052185
175.025,0,-1.782186992,-1.782186992,0.7700879574
175.05,0,-1.762589618,-1.762589618,0.7976128322
175.075,0,-1.742310619,-1.742310619,0.8246254308
175.1,0,-1.721362246,-1.721362246,0.8511699423
175.125,0,-1.699755666,-1.699755666,0.8772891271
175.15,0,-1.67750099,-1.67750099,0.9030243013
175.175,0,-1.654607318,-1.654607318,0.9284153267
175.2,0,-1.631082771,-1.631082771,0.9535006093
175.225,0,-1.606934527,-1.606934527,0.9783171016
175.25,0,-1.58216886,-1.58216886,1.002900309
175.275,0,-1.556791171,-1.556791171,1.027284296
175.3,0,-1.530806032,-1.530806032,1.051501693
175.325,0,-1.504217215,-1.504217215,1.075583705
175.35,0,-1.477027727,-1.477027727,1.09956011
175.375,0,-1.449239852,-1.449239852,1.12345926
175.4,0,-1.420855184,-1.420855184,1.147308079
175.425,0,-1.391874655,-1.391874655,1.171132046
175.45,0,-1.362298587,-1.362298587,1.194955178
175.475,0,-1.332126716,-1.332126716,1.218800007
175.5,0,-1.30135823,-1.30135823,1.242687546
175.525,0,-1.269991819,-1.269991819,1.266637232
175.55,0,-1.238025703,-1.238025703,1.290666886
175.575,0,-1.205457673,-1.205457673,1.314792644
175.6,0,-1.172285149,-1.172285149,1.339028864
175.625,0,-1.138505206,-1.138505206,1.363388049
175.65,0,-1.104114632,-1.104114632,1.387880748
175.675,0,-1.069109984,-1.069109984,1.412515405
175.7,0,-1.033487628,-1.033487628,1.437298251
175.725,0,-0.997243803,-0.997243803,1.462233157
175.75,0,-0.9603746908,-0.9603746908,1.487321428
175.775,0,-0.9228764658,-0.9228764658,1.51256166
175.8,0,-0.8847453756,-0.8847453756,1.537949527
175.825,0,-0.8459778206,-0.8459778206,1.563477529
175.85,0,-0.8065704214,-0.8065704214,1.58913481
175.875,0,-0.7665201221,-0.7665201221,1.614906861
175.9,0,-0.725824275,-0.725824275,1.640775265
175.925,0,-0.6844807425,-0.6844807425,1.666717425
175.95,0,-0.6424880137,-0.6424880137,1.692706235
175.975,0,-0.5998453063,-0.5998453063,1.718709815
176,0,-0.5565527066,-0.5565527066,1.744691147
176.025,0,-0.5126112866,-0.5126112866,1.770607792
176.05,0,-0.468023256,-0.468023256,1.796411543
176.075,0,-0.4227921009,-0.4227921009,1.822048121
176.1,0,-0.3769227468,-0.3769227468,1.847456858
176.125,0,-0.3304217159,-0.3304217159,1.872570418
176.15,0,-0.2832973028,-0.2832973028,1.897314525
176.175,0,-0.235559745,-0.235559745,1.921607745
176.2,0,-0.1872214107,-0.1872214107,1.945361298
176.225,0,-0.1382969775,-0.1382969775,1.968478937
176.25,0,-0.08880362553,-0.08880362553,1.9908569
176.275,0,-0.03876122167,-0.03876122167,2.012383933
176.3,0,0.01180749357,0.01180749357,2.032941427
176.325,0,0.06287672443,0.06287672443,2.052403655
176.35,0,0.1144174468,0.1144174468,2.070638145
176.375,0,0.1663972461,0.1663972461,2.08750618
176.4,0,0.218780168,0.218780168,2.10286348
176.425,0,0.2715265896,0.2715265896,2.116561007
176.45,0,0.3245931146,0.3245931146,2.128445994
176.475,0,0.3779324908,0.3779324908,2.13836311
176.5,0,0.4314935665,0.4314935665,2.146155833
176.525,0,0.4852212774,0.4852212774,2.151668007
176.55,0,0.5390566769,0.5390566769,2.154745534
176.575,0,0.5929370125,0.5929370125,2.15523828
176.6,0,0.6467958476,0.6467958476,2.153002064
176.625,0,0.7005632372,0.7005632372,2.147900778
176.65,0,0.7541659585,0.7541659585,2.139808589
176.675,0,0.8075277941,0.8075277941,2.128612154
176.7,0,0.8605698709,0.8605698709,2.114212818
176.725,0,0.9132110567,0.9132110567,2.096528756
176.75,0,0.9653684053,0.9653684053,2.075496982
176.775,0,1.01695765,1.01695765,2.051075161
176.8,0,1.067893739,1.067893739,2.023243192
176.825,0,1.118091413,1.118091413,1.992004489
176.85,0,1.167465799,1.167465799,1.957386911
176.875,0,1.215933035,1.215933035,1.919443298
176.9,0,1.26341089,1.26341089,1.878251597
176.925,0,1.309819396,1.309819396,1.833914522
176.95,0,1.355081454,1.355081454,1.786558785
176.975,0,1.39912342,1.39912342,1.736333879
177,0,1.441875654,1.441875654,1.683410416
177.025,0,1.483273029,1.483273029,1.62797811
177.05,0,1.52325537,1.52325537,1.570243417
177.075,0,1.561767848,1.561767848,1.510426855
177.1,0,1.598761292,1.598761292,1.448760169
177.125,0,1.634192437,1.634192437,1.385483336
177.15,0,1.668024083,1.668024083,1.320841449
177.175,0,1.700225194,1.700225194,1.255081756
177.2,0,1.730770908,1.730770908,1.188450552
177.225,0,1.759642484,1.759642484,1.121190528
177.25,0,1.786827166,1.786827166,1.053537934
177.275,0,1.81231801,1.81231801,0.9857204361
177.3,0,1.836113623,1.836113623,0.9179548325
177.325,0,1.85821789,1.85821789,0.8504454316
177.35,0,1.87863962,1.87863962,0.7833825088
177.375,0,1.8973922,1.8973922,0.7169412547
177.4,0,1.914493196,1.914493196,0.6512809479
177.425,0,1.929963951,1.929963951,0.5865444953
177.45,0,1.943829177,1.943829177,0.5228582288
177.475,0,1.956116533,1.956116533,0.4603319829
177.5,0,1.966856228,1.966856228,0.3990593846
177.525,0,1.976080604,1.976080604,0.3391183696
177.55,0,1.98382377,1.98382377,0.2805718283
177.575,0,1.990121225,1.990121225,0.2234684245
177.6,0,1.995009515,1.995009515,0.1678434808
177.625,0,1.998525914,1.998525914,0.1137199592
177.65,0,2.000708125,2.000708125,0.06110947838
177.675,0,2.00159401,2.00159401,0.01001334569
177.7,0,2.001221348,2.001221348,-0.03957639451
177.725,0,1.999627611,1.999627611,-0.08767594472
177.75,0,1.996849775,1.996849775,-0.134308762
177.775,0,1.992924149,1.992924149,-0.1795046101
177.8,0,1.987886227,1.987886227,-0.2232986659
177.825,0,1.981770567,1.981770567,-0.2657306781
177.85,0,1.974610682,1.974610682,-0.306844192
177.875,0,1.966438957,1.966438957,-0.3466858407
177.9,0,1.95728658,1.95728658,-0.3853046936
177.925,0,1.947183488,1.947183488,-0.4227516724
177.95,0,1.936158327,1.936158327,-0.4590790353
177.975,0,1.924238424,1.924238424,-0.4943399061
178,0,1.911449773,1.911449773,-0.5285878744
178.025,0,1.897817024,1.897817024,-0.5618766399
178.05,0,1.883363488,1.883363488,-0.5942597046
178.075,0,1.868111144,1.868111144,-0.6257901185
178.1,0,1.852080651,1.852080651,-0.656520251
178.125,0,1.835291371,1.835291371,-0.686501616
178.15,0,1.817761389,1.817761389,-0.7157847128
178.175,0,1.799507542,1.799507542,-0.744418911
178.2,0,1.780545449,1.780545449,-0.7724523467
178.225,0,1.76088954,1.76088954,-0.7999318535
178.25,0,1.740553093,1.740553093,-0.8269029007
178.275,0,1.719548265,1.719548265,-0.8534095572
178.3,0,1.69788613,1.69788613,-0.879494461
178.325,0,1.675576713,1.675576713,-0.9051988045
178.35,0,1.652629029,1.652629029,-0.9305623254
178.375,0,1.629051118,1.629051118,-0.9556233061
178.4,0,1.604850078,1.604850078,-0.9804185754
178.425,0,1.580032108,1.580032108,-1.004983516
178.45,0,1.554602538,1.554602538,-1.02935207
178.475,0,1.528565869,1.528565869,-1.053556746
178.5,0,1.501925807,1.501925807,-1.077628628
178.525,0,1.474685297,1.474685297,-1.101597371
178.55,0,1.446846562,1.446846562,-1.125491209
178.575,0,1.418411137,1.418411137,-1.14933694
178.6,0,1.389379905,1.389379905,-1.17315992
178.625,0,1.35975313,1.35975313,-1.196984045
178.65,0,1.329530506,1.329530506,-1.220831714
178.675,0,1.298711175,1.298711175,-1.244723806
178.7,0,1.267293783,1.267293783,-1.268679632
178.725,0,1.235276514,1.235276514,-1.292716864
178.75,0,1.202657129,1.202657129,-1.316851489
178.775,0,1.169433008,1.169433008,-1.341097721
178.8,0,1.135601209,1.135601209,-1.365467891
178.825,0,1.101158495,1.101158495,-1.389972372
178.85,0,1.0661014,1.0661014,-1.414619439
178.875,0,1.030426284,1.030426284,-1.439415115
178.9,0,0.9941293762,0.9941293762,-1.464363059
178.925,0,0.9572068513,0.9572068513,-1.489464367
178.95,0,0.9196548933,0.9196548933,-1.514717378
178.975,0,0.8814697559,0.8814697559,-1.54011751
179,0,0.8426478549,0.8426478549,-1.565656994
179.025,0,0.8031858379,0.8031858379,-1.591324661
179.05,0,0.7630806754,0.7630806754,-1.617105692
179.075,0,0.7223297638,0.7223297638,-1.642981316
179.1,0,0.6809310118,0.6809310118,-1.668928567
179.125,0,0.638882966,0.638882966,-1.694919948
179.15,0,0.5961849149,0.5961849149,-1.720923147
179.175,0,0.5528370207,0.5528370207,-1.746900706
179.2,0,0.5088404496,0.5088404496,-1.772809699
179.225,0,0.4641975112,0.4641975112,-1.798601421
179.25,0,0.4189118108,0.4189118108,-1.824221055
179.275,0,0.3729884008,0.3729884008,-1.849607382
179.3,0,0.3264339499,0.3264339499,-1.87469248
179.325,0,0.2792569092,0.2792569092,-1.899401476
179.35,0,0.2314676919,0.2314676919,-1.923652313
179.375,0,0.1830788546,0.1830788546,-1.947355581
179.4,0,0.1341052811,0.1341052811,-1.970414396
179.425,0,0.08456437323,0.08456437323,-1.992724352
179.45,0,0.03447623452,0.03447623452,-2.014173565
179.475,0,-0.01613614078,-0.01613614078,-2.034642808
179.5,0,-0.06724668867,-0.06724668867,-2.054005765
179.525,0,-0.118826103,-0.118826103,-2.072129407
179.55,0,-0.1708416732,-0.1708416732,-2.088874519
179.575,0,-0.2232571365,-0.2232571365,-2.104096378
179.6,0,-0.2760325543,-0.2760325543,-2.117645589
179.625,0,-0.3291242028,-0.3291242028,-2.129369121
179.65,0,-0.3824845006,-0.3824845006,-2.139111475
179.675,0,-0.4360619622,-0.4360619622,-2.146716112
179.7,0,-0.4898011907,-0.4898011907,-2.152026969
179.725,0,-0.5436429126,-0.5436429126,-2.15489022
179.75,0,-0.5975240559,-0.5975240559,-2.155156155
179.775,0,-0.6513778773,-0.6513778773,-2.152681191
179.8,0,-0.7051341438,-0.7051341438,-2.147330016
179.825,0,-0.7587193658,-0.7587193658,-2.138977772
179.85,0,-0.8120570848,-0.8120570848,-2.127512278
179.875,0,-0.8650682201,-0.8650682201,-2.112836231
179.9,0,-0.9176714672,-0.9176714672,-2.094869339
179.925,0,-0.9697837471,-0.9697837471,-2.073550301
179.95,0,-1.021320704,-1.021320704,-2.048838617
179.975,0,-1.072197248,-1.072197248,-2.020716145
180,0,-1.122328127,-1.122328127,-1.989188349
180.025,0,-1.171628531,-1.171628531,-1.954285199
180.05,0,-1.22001471,-1.22001471,-1.916061675
180.075,0,-1.267404605,-1.267404605,-1.874597848
180.1,0,-1.313718467,-1.313718467,-1.829998515
180.125,0,-1.358879467,-1.358879467,-1.782392384
180.15,0,-1.402814284,-1.402814284,-1.731930809
180.175,0,-1.445453644,-1.445453644,-1.678786114
180.2,0,-1.48673282,-1.48673282,-1.623149543
180.225,0,-1.526592082,-1.526592082,-1.565228844
180.25,0,-1.564977071,-1.564977071,-1.505245606
180.275,0,-1.601839111,-1.601839111,-1.443432411
180.3,0,-1.637135445,-1.637135445,-1.380029761
180.325,0,-1.670829398,-1.670829398,-1.315283086
180.35,0,-1.702890459,-1.702890459,-1.249439628
180.375,0,-1.733294292,-1.733294292,-1.182745526
180.4,0,-1.762022667,-1.762022667,-1.115442969
180.425,0,-1.789063336,-1.789063336,-1.047767622
180.45,0,-1.814409834,-1.814409834,-0.9799462557
180.475,0,-1.838061234,-1.838061234,-0.9121947013
180.5,0,-1.860021848,-1.860021848,-0.8447161045
180.525,0,-1.880300893,-1.880300893,-0.7776995054
180.55,0,-1.898912127,-1.898912127,-0.7113187619
180.575,0,-1.91587345,-1.91587345,-0.6457317746
180.6,0,-1.931206514,-1.931206514,-0.5810800426
180.625,0,-1.944936292,-1.944936292,-0.5174884878
180.65,0,-1.957090681,-1.957090681,-0.4550655487
180.675,0,-1.967700082,-1.967700082,-0.3939034959
180.7,0,-1.976797005,-1.976797005,-0.3340789564
180.725,0,-1.984415693,-1.984415693,-0.2756535736
180.75,0,-1.990591743,-1.990591743,-0.2186748457
180.775,0,-1.99536178,-1.99536178,-0.1631769946
180.8,0,-1.99876312,-1.99876312,-0.1091819864
180.825,0,-2.000833494,-2.000833494,-0.05670051445
180.85,0,-2.001610765,-2.001610765,-0.005733060588
180.875,0,-2.001132694,-2.001132694,0.04372907341
180.9,0,-1.999436718,-1.999436718,0.09170274524
180.925,0,-1.996559762,-1.996559762,0.1382119854
180.95,0,-1.992538071,-1.992538071,0.1832870534
180.975,0,-1.987407065,-1.987407065,0.226963546
181,0,-1.981201216,-1.981201216,0.2692815639
181.025,0,-1.973953943,-1.973953943,0.310284944
181.05,0,-1.965697534,-1.965697534,0.3500205503
181.075,0,-1.956463071,-1.956463071,0.3885376301
181.1,0,-1.946280382,-1.946280382,0.4258872416
181.125,0,-1.935178002,-1.935178002,0.4621217312
181.15,0,-1.923183145,-1.923183145,0.4972942777
181.175,0,-1.91032169,-1.91032169,0.5314584952
181.2,0,-1.896618175,-1.896618175,0.5646680746
181.225,0,-1.882095796,-1.882095796,0.5969764925
181.25,0,-1.866776419,-1.866776419,0.6284367456
181.275,0,-1.850680591,-1.850680591,0.65910114
181.3,0,-1.833827565,-1.833827565,0.6890211064
181.325,0,-1.816235319,-1.816235319,0.7182470542
181.35,0,-1.797920585,-1.797920585,0.7468282497
181.375,0,-1.778898878,-1.778898878,0.7748127223
181.4,0,-1.759184532,-1.759184532,0.8022471901
181.425,0,-1.738790724,-1.738790724,0.8291770058
181.45,0,-1.71772952,-1.71772952,0.8556461162
181.475,0,-1.696011903,-1.696011903,0.8816970376
181.5,0,-1.67364781,-1.67364781,0.9073708382
181.525,0,-1.650646173,-1.650646173,0.9327071323
181.55,0,-1.627014948,-1.627014948,0.9577440778
181.575,0,-1.602761158,-1.602761158,0.9825183809
181.6,0,-1.577890923,-1.577890923,1.0070653
181.625,0,-1.552409505,-1.552409505,1.031418657
181.65,0,-1.526321334,-1.526321334,1.055610837
181.675,0,-1.499630047,-1.499630047,1.079672803
181.7,0,-1.472338532,-1.472338532,1.10363409
181.725,0,-1.444448948,-1.444448948,1.127522809
181.75,0,-1.415962773,-1.415962773,1.151365636
181.775,0,-1.386880838,-1.386880838,1.175187804
181.8,0,-1.357203357,-1.357203357,1.199013081
181.825,0,-1.326929971,-1.326929971,1.222863743
181.85,0,-1.296059785,-1.296059785,1.246760532
181.875,0,-1.264591401,-1.264591401,1.27072262
181.9,0,-1.232522962,-1.232522962,1.294767549
181.925,0,-1.1998522,-1.1998522,1.318911147
181.95,0,-1.166576466,-1.166576466,1.343167473
181.975,0,-1.132692784,-1.132692784,1.367548708
182,0,-1.098197904,-1.098197904,1.392065036
182.025,0,-1.06308834,-1.06308834,1.416724547
182.05,0,-1.027360433,-1.027360433,1.441533085
182.075,0,-0.9910104144,-0.9910104144,1.466494078
182.1,0,-0.9540344513,-0.9540344513,1.491608402
182.125,0,-0.9164287305,-0.9164287305,1.516874166
182.15,0,-0.8781895215,-0.8781895215,1.542286505
182.175,0,-0.8393132495,-0.8393132495,1.56783739
182.2,0,-0.7997965916,-0.7997965916,1.59351534
182.225,0,-0.7596365497,-0.7596365497,1.619305208
182.25,0,-0.718830556,-0.718830556,1.64518789
182.275,0,-0.6773765754,-0.6773765754,1.671140031
182.3,0,-0.6352732064,-0.6352732064,1.69713375
182.325,0,-0.5925198127,-0.5925198127,1.723136298
182.35,0,-0.5491166325,-0.5491166325,1.749109771
182.375,0,-0.5050649265,-0.5050649265,1.775010761
182.4,0,-0.460367107,-0.460367107,1.800790055
182.425,0,-0.4150268973,-0.4150268973,1.826392304
182.45,0,-0.3690494802,-0.3690494802,1.851755727
182.475,0,-0.3224416701,-0.3224416701,1.876811821
182.5,0,-0.2752120772,-0.2752120772,1.90148511
182.525,0,-0.2273712916,-0.2273712916,1.925692917
182.55,0,-0.1789320587,-0.1789320587,1.949345198
182.575,0,-0.1299094716,-0.1299094716,1.972344431
182.6,0,-0.08032115279,-0.08032115279,1.99458557
182.625,0,-0.03018744591,-0.03018744591,2.015956099
182.65,0,0.02046840033,0.02046840033,2.036336176
182.675,0,0.07162005327,0.07162005327,2.055598896
182.7,0,0.1232379226,0.1232379226,2.073610681
182.725,0,0.1752890001,0.1752890001,2.090231823
182.75,0,0.2277367166,0.2277367166,2.105317154
182.775,0,0.2805408128,0.2805408128,2.118716944
182.8,0,0.3336572404,0.3336572404,2.130277884
182.825,0,0.3870380867,0.3870380867,2.139844349
182.85,0,0.4406315324,0.4406315324,2.147259764
182.875,0,0.4943818491,0.4943818491,2.15236819
182.9,0,0.5482294363,0.5482294363,2.15501608
182.925,0,0.602110903,0.602110903,2.155054157
182.95,0,0.6559592018,0.6559592018,2.152339466
182.975,0,0.7097038128,0.7097038128,2.146737497
183,0,0.7632709804,0.7632709804,2.138124381
183.025,0,0.8165840095,0.8165840095,2.12638912
183.05,0,0.8695636142,0.8695636142,2.111435783
183.075,0,0.9221283201,0.9221283201,2.093185614
183.1,0,0.9741949188,0.9741949188,2.071579015
183.125,0,1.025678972,1.025678972,2.046577337
183.15,0,1.076495352,1.076495352,2.018164402
183.175,0,1.126558821,1.126558821,1.98634773
183.2,0,1.175784634,1.175784634,1.951159406
183.225,0,1.224089163,1.224089163,1.91265655
183.25,0,1.271390519,1.271390519,1.870921359
183.275,0,1.317609179,1.317609179,1.826060704
183.3,0,1.362668591,1.362668591,1.778205274
183.325,0,1.406495757,1.406495757,1.727508278
183.35,0,1.449021771,1.449021771,1.674143744
183.375,0,1.490182316,1.490182316,1.618304411
183.4,0,1.529918106,1.529918106,1.56019931
183.425,0,1.568175253,1.568175253,1.500051098
183.45,0,1.604905577,1.604905577,1.438093125
183.475,0,1.640066835,1.640066835,1.374566447
183.5,0,1.673622874,1.673622874,1.30971677
183.525,0,1.705543709,1.705543709,1.243791334
183.55,0,1.735805527,1.735805527,1.177036087
183.575,0,1.764390614,1.764390614,1.109692718
183.6,0,1.791287224,1.791287224,1.041996256
183.625,0,1.81648937,1.81648937,0.9741725893
183.65,0,1.839996587,1.839996587,0.9064365569
183.675,0,1.861813615,1.861813615,0.8389901339
183.7,0,1.881950076,1.881950076,0.7720211206
183.725,0,1.900420092,1.900420092,0.7057020314
183.75,0,1.917241902,1.917241902,0.64018939
183.775,0,1.932437454,1.932437454,0.5756232838
183.8,0,1.946031988,1.946031988,0.5121272269
183.825,0,1.958053629,1.958053629,0.4498082624
183.85,0,1.968532972,1.968532972,0.3887573121
183.875,0,1.977502693,1.977502693,0.3290496909
183.9,0,1.984997159,1.984997159,0.2707458141
183.925,0,1.991052071,1.991052071,0.2138920041
183.95,0,1.995704123,1.995704123,0.1585214088
183.975,0,1.99899068,1.99899068,0.104654989
184,0,2.000949491,2.000949491,0.05230252918
184.025,0,2.001618422,2.001618422,0.001463690812
184.05,0,2.001035213,2.001035213,-0.04787095942
184.075,0,1.999237265,1.999237265,-0.09571892783
184.1,0,1.996261452,1.996261452,-0.1421048112
184.125,0,1.992143954,1.992143954,-0.1870593573
184.15,0,1.986920113,1.986920113,-0.2306185774
184.175,0,1.980624317,1.980624317,-0.2728229197
184.2,0,1.973289891,1.973289891,-0.3137165062
184.225,0,1.964949023,1.964949023,-0.3533464265
184.25,0,1.955632689,1.955632689,-0.3917621046
184.275,0,1.94537061,1.94537061,-0.429014728
184.3,0,1.934191208,1.934191208,-0.4651567293
184.325,0,1.922121585,1.922121585,-0.5002413418
184.35,0,1.909187506,1.909187506,-0.5343221965
184.375,0,1.895413392,1.895413392,-0.5674529786
184.4,0,1.880822328,1.880822328,-0.5996871332
184.425,0,1.865436066,1.865436066,-0.6310776051
184.45,0,1.849275043,1.849275043,-0.661676634
184.475,0,1.832358402,1.832358402,-0.6915355674
184.5,0,1.814704013,1.814704013,-0.7207047231
184.525,0,1.796328504,1.796328504,-0.7492332642
184.55,0,1.777247288,1.777247288,-0.7771691123
184.575,0,1.757474599,1.757474599,-0.80455887
184.6,0,1.737023518,1.737023518,-0.8314477724
184.625,0,1.715906018,1.715906018,-0.8578796452
184.65,0,1.694132991,1.694132991,-0.8838968816
184.675,0,1.671714288,1.671714288,-0.9095404267
184.7,0,1.648658754,1.648658754,-0.9348497704
184.725,0,1.624974266,1.624974266,-0.9598629469
184.75,0,1.60066777,1.60066777,-0.9846165389
184.775,0,1.57574531,1.57574531,-1.009145683
184.8,0,1.550212074,1.550212074,-1.033484076
184.825,0,1.524072427,1.524072427,-1.057663986
184.85,0,1.497329939,1.497329939,-1.08171625
184.875,0,1.469987432,1.469987432,-1.105670285
184.9,0,1.44204701,1.44204701,-1.129554077
184.925,0,1.413510091,1.413510091,-1.153394184
184.95,0,1.384377454,1.384377454,-1.177215712
184.975,0,1.354649264,1.354649264,-1.201042303
185,0,1.324325112,1.324325112,-1.224896105
185.025,0,1.293404059,1.293404059,-1.248797731
185.05,0,1.261884669,1.261884669,-1.272766211
185.075,0,1.229765046,1.229765046,-1.296818947
185.1,0,1.197042887,1.197042887,-1.320971624
185.125,0,1.163715516,1.163715516,-1.345238135
185.15,0,1.129779931,1.129779931,-1.369630502
185.175,0,1.095232857,1.095232857,-1.394158738
185.2,0,1.060070796,1.060070796,-1.418830739
185.225,0,1.024290074,1.024290074,-1.443652157
185.25,0,0.9878869148,0.9878869148,-1.468626211
185.275,0,0.9508574871,0.9508574871,-1.493753538
185.3,0,0.9131979768,0.9131979768,-1.519032015
185.325,0,0.874904668,0.874904668,-1.544456511
185.35,0,0.8359740039,0.8359740039,-1.570018706
185.375,0,0.7964026815,0.7964026815,-1.595706832
185.4,0,0.7561877412,0.7561877412,-1.621505401
185.425,0,0.715326652,0.715326652,-1.647394968
185.45,0,0.6738174306,0.6738174306,-1.673351802
185.475,0,0.6316587362,0.6316587362,-1.699347617
185.5,0,0.5888499998,0.5888499998,-1.725349243
185.525,0,0.5453915441,0.5453915441,-1.751318313
185.55,0,0.5012847193,0.5012847193,-1.777210945
185.575,0,0.4565320466,0.4565320466,-1.802977409
185.6,0,0.4111373641,0.4111373641,-1.828561826
185.625,0,0.36510599,0.36510599,-1.853901848
185.65,0,0.3184448822,0.3184448822,-1.878928392
185.675,0,0.2711628146,0.2711628146,-1.903565374
185.7,0,0.223270552,0.223270552,-1.927729498
185.725,0,0.1747810336,0.1747810336,-1.951330087
185.75,0,0.1257095599,0.1257095599,-1.974268976
185.775,0,0.07607397763,0.07607397763,-1.996440482
185.8,0,0.0258948713,0.0258948713,-2.017731459
185.825,0,-0.02480425554,-0.02480425554,-2.038021449
185.85,0,-0.07599679903,-0.07599679903,-2.057182963
185.875,0,-0.1276528839,-0.1276528839,-2.07508188
185.9,0,-0.1797392044,-0.1797392044,-2.091577993
185.925,0,-0.2322188818,-0.2322188818,-2.106525718
185.95,0,-0.2850513374,-0.2850513374,-2.11977497
185.975,0,-0.3381921972,-0.3381921972,-2.131172194
186,0,-0.391593216,-0.391593216,-2.140561633
186.025,0,-0.4452022419,-0.4452022419,-2.147786692
186.05,0,-0.498963215,-0.498963215,-2.152691576
186.075,0,-0.5528162076,-0.5528162076,-2.155123019
186.1,0,-0.6066975118,-0.6066975118,-2.154932202
186.125,0,-0.6605397771,-0.6605397771,-2.151976809
186.15,0,-0.7142721972,-0.7142721972,-2.146123145
186.175,0,-0.7678207545,-0.7678207545,-2.137248351
186.2,0,-0.8211085192,-0.8211085192,-2.125242629
186.225,0,-0.8740560024,-0.8740560024,-2.110011429
186.25,0,-0.926581563,-0.926581563,-2.091477547
186.275,0,-0.9786018689,-0.9786018689,-2.069583109
186.3,0,-1.030032401,-1.030032401,-2.044291319
186.325,0,-1.080787999,-1.080787999,-2.015587975
186.35,0,-1.130783443,-1.130783443,-1.983482659
186.375,0,-1.17993406,-1.17993406,-1.948009575
186.4,0,-1.228156344,-1.228156344,-1.909227983
186.425,0,-1.275368584,-1.275368584,-1.867222204
186.45,0,-1.321491487,-1.321491487,-1.822101174
186.475,0,-1.366448782,-1.366448782,-1.773997555
186.5,0,-1.410167796,-1.410167796,-1.723066404
186.525,0,-1.452579998,-1.452579998,-1.669483428
186.55,0,-1.493621483,-1.493621483,-1.613442846
186.575,0,-1.533233409,-1.533233409,-1.555154967
186.6,0,-1.571362365,-1.571362365,-1.494843466
186.625,0,-1.607960668,-1.607960668,-1.432742462
186.65,0,-1.642986588,-1.642986588,-1.369093549
186.675,0,-1.676404495,-1.676404495,-1.304142649
186.7,0,-1.708184931,-1.708184931,-1.238137045
186.725,0,-1.738304606,-1.738304606,-1.171322375
186.75,0,-1.766746321,-1.766746321,-1.103939922
186.775,0,-1.793498825,-1.793498825,-1.036223966
186.8,0,-1.818556619,-1.818556619,-0.9683995724
186.825,0,-1.841919686,-1.841919686,-0.900680516
186.85,0,-1.8635932,-1.8635932,-0.8332676358
186.875,0,-1.883587178,-1.883587178,-0.7663474551
186.9,0,-1.901916109,-1.901916109,-0.7000911564
186.925,0,-1.918598565,-1.918598565,-0.6346538755
186.95,0,-1.933656788,-1.933656788,-0.5701742912
186.975,0,-1.947116283,-1.947116283,-0.5067745059
187,0,-1.959005397,-1.959005397,-0.4445601769
187.025,0,-1.969354921,-1.969354921,-0.3836208719
187.05,0,-1.978197687,-1.978197687,-0.3240306085
187.075,0,-1.98556819,-1.98556819,-0.265848573
187.1,0,-1.991502231,-1.991502231,-0.20911992
187.125,0,-1.996036569,-1.996036569,-0.1538767332
187.15,0,-1.999208616,-1.999208616,-0.1001389702
187.175,0,-2.00105614,-2.00105614,-0.04791552036
187.2,0,-2.001617004,-2.001617004,0.002794771719
187.225,0,-2.000928928,-2.000928928,0.05200206596
187.25,0,-1.999029276,-1.999029276,0.09972450986
187.275,0,-1.995954868,-1.995954868,0.14598726
187.3,0,-1.991741818,-1.991741818,0.1908215453
187.325,0,-1.986425393,-1.986425393,0.2342637863
187.35,0,-1.980039891,-1.980039891,0.2763547738
187.375,0,-1.972618545,-1.972618545,0.3171389081
187.4,0,-1.964193442,-1.964193442,0.3566635008
187.425,0,-1.954795454,-1.954795454,0.3949781491
187.45,0,-1.94445419,-1.94445419,0.4321341641
187.475,0,-1.933197963,-1.933197963,0.4681840636
187.5,0,-1.921053761,-1.921053761,0.5031811305
187.525,0,-1.908047233,-1.908047233,0.5371790117
187.55,0,-1.894202689,-1.894202689,0.5702313845
187.575,0,-1.879543098,-1.879543098,0.6023916591
187.6,0,-1.864090099,-1.864090099,0.6337127292
187.625,0,-1.84786402,-1.84786402,0.6642467643
187.65,0,-1.830883892,-1.830883892,0.6940450299
187.675,0,-1.813167481,-1.813167481,0.7231577495
187.7,0,-1.794731309,-1.794731309,0.751633984
187.725,0,-1.775590687,-1.775590687,0.7795215449
187.75,0,-1.755759749,-1.755759749,0.8068669207
187.775,0,-1.735251483,-1.735251483,0.8337152273
187.8,0,-1.714077765,-1.714077765,0.8601101697
187.825,0,-1.6922494,-1.6922494,0.8860940181
187.85,0,-1.669776149,-1.669776149,0.9117075937
187.875,0,-1.646666777,-1.646666777,0.9369902626
187.9,0,-1.622929078,-1.622929078,0.9619799354
187.925,0,-1.598569918,-1.598569918,0.9867130711
187.95,0,-1.57359527,-1.57359527,1.011224683
187.975,0,-1.548010249,-1.548010249,1.035548348
188,0,-1.52181915,-1.52181915,1.059716209
188.025,0,-1.495025481,-1.495025481,1.083758986
188.05,0,-1.467631998,-1.467631998,1.10770597
188.075,0,-1.439640748,-1.439640748,1.13158503
188.1,0,-1.411053093,-1.411053093,1.155422597
188.125,0,-1.381869755,-1.381869755,1.179243658
188.15,0,-1.352090851,-1.352090851,1.203071724
188.175,0,-1.321715927,-1.321715927,1.226928815
188.2,0,-1.290743996,-1.290743996,1.250835416
188.225,0,-1.259173586,-1.259173586,1.274810416
188.25,0,-1.227002763,-1.227002763,1.298871071
188.275,0,-1.194229187,-1.194229187,1.323032926
188.3,0,-1.160850158,-1.160850158,1.347309712
188.325,0,-1.126862646,-1.126862646,1.371713281
188.35,0,-1.092263353,-1.092263353,1.396253483
188.375,0,-1.057048768,-1.057048768,1.420938019
188.4,0,-1.021215205,-1.021215205,1.445772337
188.425,0,-0.984758876,-0.984758876,1.470759456
188.45,0,-0.9476759548,-0.9476759548,1.495899775
188.475,0,-0.9099626304,-0.9099626304,1.521190923
188.5,0,-0.8716151949,-0.8716151949,1.546627516
188.525,0,-0.8326301142,-0.8326301142,1.572200938
188.55,0,-0.7930041069,-0.7930041069,1.597899125
188.575,0,-0.7527342485,-0.7527342485,1.623706258
188.6,0,-0.7118180507,-0.7118180507,1.649602535
188.625,0,-0.6702535781,-0.6702535781,1.675563858
188.65,0,-0.6280395539,-0.6280395539,1.701561528
188.675,0,-0.5851754769,-0.5851754769,1.727561955
188.7,0,-0.5416617554,-0.5416617554,1.753526305
188.725,0,-0.4974998303,-0.4974998303,1.779410218
188.75,0,-0.4526923317,-0.4526923317,1.805163448
188.775,0,-0.4072432153,-0.4072432153,1.83072958
188.8,0,-0.3611579342,-0.3611579342,1.856045701
188.825,0,-0.3144435924,-0.3144435924,1.881042144
188.85,0,-0.267109128,-0.267109128,1.905642216
188.875,0,-0.2191654822,-0.2191654822,1.929762
188.9,0,-0.1706257891,-0.1706257891,1.953310184
188.925,0,-0.1215055577,-0.1215055577,1.976187964
188.95,0,-0.07182286138,-0.07182286138,1.998289017
188.975,0,-0.0215985257,-0.0215985257,2.019499568
189,0,0.02914368896,0.02914368896,2.039698547
189.025,0,0.08037690651,0.08037690651,2.058757884
189.05,0,0.1320709658,0.1320709658,2.076542915
189.075,0,0.184192262,0.184192262,2.092912946
189.1,0,0.2367036061,0.2367036061,2.107721973
189.125,0,0.2895640998,0.2895640998,2.120819574
189.15,0,0.3427290417,0.3427290417,2.132051953
189.175,0,0.3961498552,0.3961498552,2.141263227
189.2,0,0.4497740551,0.4497740551,2.148296803
189.225,0,0.50354525,0.50354525,2.152997031
189.25,0,0.5574031863,0.5574031863,2.155210948
189.275,0,0.6112838399,0.6112838399,2.154790206
189.3,0,0.665119558,0.665119558,2.151593138
189.325,0,0.7188392508,0.7188392508,2.145486887
189.35,0,0.7723686401,0.7723686401,2.136349619
189.375,0,0.8256305638,0.8256305638,2.12407275
189.4,0,0.8785453333,0.8785453333,2.108563124
189.425,0,0.9310311449,0.9310311449,2.089745112
189.45,0,0.9830045449,0.9830045449,2.067562566
189.475,0,1.034380938,1.034380938,2.041980561
189.5,0,1.085075136,1.085075136,2.012986876
189.525,0,1.135001941,1.135001941,1.980593163
189.55,0,1.184076756,1.184076756,1.94483575
189.575,0,1.232216203,1.232216203,1.905776033
189.6,0,1.279338752,1.279338752,1.863500454
189.625,0,1.325365345,1.325365345,1.818120012
189.65,0,1.370219994,1.370219994,1.76976933
189.675,0,1.413830361,1.413830361,1.718605299
189.7,0,1.456128288,1.456128288,1.664805288
189.725,0,1.497050285,1.497050285,1.608564987
189.75,0,1.536537961,1.536537961,1.550095949
189.775,0,1.574538379,1.574538379,1.489622857
189.8,0,1.611004358,1.611004358,1.427380582
189.825,0,1.645894682,1.645894682,1.363611209
189.85,0,1.679174244,1.679174244,1.298560891
189.875,0,1.710814113,1.710814113,1.232476885
189.9,0,1.74079152,1.74079152,1.165604562
189.925,0,1.76908978,1.76908978,1.098184709
189.95,0,1.795698141,1.795698141,1.0304509
189.975,0,1.820611581,1.820611581,0.9626273242
190,0,1.843830536,1.843830536,0.8949267037
190.025,0,1.865360608,1.865360608,0.827548717
190.05,0,1.885212209,1.885212209,0.7606786105
190.075,0,1.903400191,1.903400191,0.6944862276
190.1,0,1.919943454,1.919943454,0.6291253121
190.125,0,1.934864533,1.934864533,0.5647331344
190.15,0,1.948189194,1.948189194,0.5014303869
190.175,0,1.959946005,1.959946005,0.4393213422
190.2,0,1.970165948,1.970165948,0.3784942178
190.225,0,1.978882009,1.978882009,0.3190217425
190.25,0,1.98612881,1.98612881,0.2609618714
190.275,0,1.991942245,1.991942245,0.2043586111
190.3,0,1.996359141,1.996359141,0.1492429737
190.325,0,1.999416951,1.999416951,0.09563393303
190.35,0,2.001153462,2.001153462,0.04353948429
190.375,0,2.001606533,2.001606533,-0.007042335968
190.4,0,2.000813862,2.000813862,-0.05612240637
190.425,0,1.998812773,1.998812773,-0.1037195088
190.45,0,1.995640032,1.995640032,-0.1498593522
190.475,0,1.991331686,1.991331686,-0.1945736411
190.5,0,1.985922924,1.985922924,-0.2378991993
190.525,0,1.979447957,1.979447957,-0.2798771545
190.55,0,1.971939925,1.971939925,-0.3205521794
190.575,0,1.963430811,1.963430811,-0.3599718045
190.6,0,1.953951382,1.953951382,-0.3981857952
190.625,0,1.94353114,1.94353114,-0.4352455824
190.65,0,1.932198283,1.932198283,-0.4712037672
190.675,0,1.919979687,1.919979687,-0.5061136773
190.7,0,1.906900888,1.906900888,-0.5400289742
190.725,0,1.892986079,1.892986079,-0.5730033249
190.75,0,1.878258118,1.878258118,-0.6050901027
190.775,0,1.86273853,1.86273853,-0.6363421496
190.8,0,1.846447532,1.846447532,-0.6668115622
190.825,0,1.829404047,1.829404047,-0.6965495244
190.85,0,1.811625733,1.811625733,-0.7256061633
190.875,0,1.793129008,1.793129008,-0.754030438
190.9,0,1.773929083,1.773929083,-0.7818700486
190.925,0,1.754039991,1.754039991,-0.8091713696
190.95,0,1.733474625,1.733474625,-0.8359793972
190.975,0,1.712244768,1.712244768,-0.8623377156
191,0,1.690361135,1.690361135,-0.8882884717
191.025,0,1.667833402,1.667833402,-0.9138723632
191.05,0,1.644670247,1.644670247,-0.9391286322
191.075,0,1.620879385,1.620879385,-0.9640950655
191.1,0,1.596467605,1.596467605,-0.9888079985
191.125,0,1.571440807,1.571440807,-1.013302323
191.15,0,1.545804032,1.545804032,-1.037611491
191.175,0,1.519561507,1.519561507,-1.061767528
191.2,0,1.492716677,1.492716677,-1.085801028
191.225,0,1.465272234,1.465272234,-1.109741165
191.25,0,1.437230164,1.437230164,-1.133615683
191.275,0,1.408591777,1.408591777,-1.157450892
191.3,0,1.37935774,1.37935774,-1.181271654
191.325,0,1.349528119,1.349528119,-1.205101356
191.35,0,1.319102415,1.319102415,-1.228961886
191.375,0,1.288079598,1.288079598,-1.252873596
191.4,0,1.256458151,1.256458151,-1.276855242
191.425,0,1.224236111,1.224236111,-1.300923931
191.45,0,1.191411101,1.191411101,-1.325095059
191.475,0,1.157980389,1.157980389,-1.349382208
191.5,0,1.123940926,1.123940926,-1.373797054
191.525,0,1.089289391,1.089289391,-1.398349272
191.55,0,1.054022253,1.054022253,-1.423046385
191.575,0,1.018135821,1.018135821,-1.447893627
191.6,0,0.9816262968,0.9816262968,-1.47289381
191.625,0,0.9444898532,0.9444898532,-1.498047106
191.65,0,0.9067226879,0.9067226879,-1.523350887
191.675,0,0.8683211001,0.8683211001,-1.548799514
191.7,0,0.829281578,0.829281578,-1.57438408
191.725,0,0.7896008663,0.7896008663,-1.600092208
191.75,0,0.7492760707,0.7492760707,-1.625907763
191.775,0,0.7083047503,0.7083047503,-1.651810577
191.8,0,0.666685017,0.666685017,-1.677776181
191.825,0,0.6244156591,0.6244156591,-1.703775465
191.85,0,0.5814962453,0.5814962453,-1.729774407
191.875,0,0.5379272673,0.5379272673,-1.755733719
191.9,0,0.493710262,0.493710262,-1.781608547
191.925,0,0.4488479651,0.4488479651,-1.807348136
191.95,0,0.4033444551,0.4033444551,-1.832895525
191.975,0,0.3572053176,0.3572053176,-1.858187242
192,0,0.3104378071,0.3104378071,-1.883153027
192.025,0,0.2630510246,0.2630510246,-1.907715581
192.05,0,0.2150560907,0.2150560907,-1.931790364
192.075,0,0.1664663353,0.1664663353,-1.955285427
192.1,0,0.1172974772,0.1172974772,-1.978101326
192.125,0,0.06756781775,0.06756781775,-2.000131103
192.15,0,0.01729842463,0.01729842463,-2.021260349
192.175,0,-0.03348668323,-0.03348668323,-2.041367389
192.2,0,-0.08476035627,-0.08476035627,-2.060323572
192.225,0,-0.1364921462,-0.1364921462,-2.077993698
192.25,0,-0.1886481492,-0.1886481492,-2.094236586
192.275,0,-0.2411908631,-0.2411908631,-2.108905828
192.3,0,-0.2940790711,-0.2940790711,-2.121850657
192.325,0,-0.3472677432,-0.3472677432,-2.132917066
192.35,0,-0.4007079708,-0.4007079708,-2.141949035
192.375,0,-0.4543469362,-0.4543469362,-2.14879
192.4,0,-0.5081279161,-0.5081279161,-2.153284465
192.425,0,-0.5619903317,-0.5619903317,-2.155279775
192.45,0,-0.6158698444,-0.6158698444,-2.154628081
192.475,0,-0.6696985001,-0.6696985001,-2.151188377
192.5,0,-0.7234049266,-0.7234049266,-2.144828653
192.525,0,-0.7769145886,-0.7769145886,-2.135428123
192.55,0,-0.830150094,-0.830150094,-2.122879431
192.575,0,-0.8830315561,-0.8830315561,-2.107090829
192.6,0,-0.9354770133,-0.9354770133,-2.087988278
192.625,0,-0.9874028944,-0.9874028944,-2.065517371
192.65,0,-1.038724531,-1.038724531,-2.03964506
192.675,0,-1.08935671,-1.08935671,-2.010361119
192.7,0,-1.139214264,-1.139214264,-1.977679273
192.725,0,-1.188212672,-1.188212672,-1.941637974
192.75,0,-1.23626869,-1.23626869,-1.902300761
192.775,0,-1.283300975,-1.283300975,-1.859756188
192.8,0,-1.329230707,-1.329230707,-1.814117308
192.825,0,-1.373982187,-1.373982187,-1.765520701
192.85,0,-1.417483411,-1.417483411,-1.714125079
192.875,0,-1.459666602,-1.459666602,-1.660109452
192.9,0,-1.500468689,-1.500468689,-1.603670964
192.925,0,-1.539831729,-1.539831729,-1.545022403
192.95,0,-1.577703269,-1.577703269,-1.484389418
192.975,0,-1.614036625,-1.614036625,-1.422007635
193,0,-1.648791097,-1.648791097,-1.358119586
193.025,0,-1.681932105,-1.681932105,-1.292971638
193.05,0,-1.713431241,-1.713431241,-1.226811018
193.075,0,-1.74326626,-1.74326626,-1.159882786
193.1,0,-1.771420988,-1.771420988,-1.092427227
193.125,0,-1.797885169,-1.797885169,-1.024677193
193.15,0,-1.822654258,-1.822654258,-0.9568559751
193.175,0,-1.845729143,-1.845729143,-0.8891752395
193.2,0,-1.867115849,-1.867115849,-0.8218334889
193.225,0,-1.886825179,-1.886825179,-0.7550146876
193.25,0,-1.90487235,-1.90487235,-0.6888873349
193.275,0,-1.921276583,-1.921276583,-0.6236037801
193.3,0,-1.936060707,-1.936060707,-0.5592998833
193.325,0,-1.94925074,-1.94925074,-0.4960949293
193.35,0,-1.960875473,-1.960875473,-0.4340918081
193.375,0,-1.970966074,-1.970966074,-0.373377391
193.4,0,-1.979555681,-1.979555681,-0.3140231241
193.425,0,-1.986679041,-1.986679041,-0.2560857342
193.45,0,-1.992372137,-1.992372137,-0.1996080932
193.475,0,-1.996671863,-1.996671863,-0.1446201396
193.5,0,-1.999615711,-1.999615711,-0.09113987952
193.525,0,-2.001241483,-2.001241483,-0.03917441702
193.55,0,-2.001587034,-2.001587034,0.01127901102
193.575,0,-2.000690038,-2.000690038,0.06023199449
193.6,0,-1.998587778,-1.998587778,0.1077039422
193.625,0,-1.995316966,-1.995316966,0.153721109
193.65,0,-1.990913579,-1.990913579,0.1983156686
193.675,0,-1.985412728,-1.985412728,0.2415248437
193.7,0,-1.978848538,-1.978848538,0.28339009
193.725,0,-1.97125405,-1.97125405,0.3239563498
193.75,0,-1.962661148,-1.962661148,0.3632713697
193.775,0,-1.953100493,-1.953100493,0.401385075
193.8,0,-1.942601476,-1.942601476,0.4383490157
193.825,0,-1.931192184,-1.931192184,0.4742158732
193.85,0,-1.91889938,-1.91889938,0.5090390146
193.875,0,-1.905748484,-1.905748484,0.5428721177
193.9,0,-1.891763577,-1.891763577,0.5757688323
193.925,0,-1.876967401,-1.876967401,0.6077824973
193.95,0,-1.861381371,-1.861381371,0.638965898
193.975,0,-1.845025591,-1.845025591,0.6693710595
194,0,-1.827918877,-1.827918877,0.6990490815
194.025,0,-1.810078779,-1.810078779,0.7280499947
194.05,0,-1.791521612,-1.791521612,0.7564226552
194.075,0,-1.772262485,-1.772262485,0.7842146518
194.1,0,-1.752315333,-1.752315333,0.8114722439
194.125,0,-1.731692952,-1.731692952,0.8382403087
194.15,0,-1.710407034,-1.710407034,0.8645623083
194.175,0,-1.688468203,-1.688468203,0.8904802673
194.2,0,-1.665886049,-1.665886049,0.9160347592
194.225,0,-1.642669167,-1.642669167,0.941264902
194.25,0,-1.618825193,-1.618825193,0.966208359
194.275,0,-1.594360837,-1.594360837,0.9909013426
194.3,0,-1.569281922,-1.569281922,1.015378621
194.325,0,-1.543593425,-1.543593425,1.039673526
194.35,0,-1.5172995,-1.5172995,1.063817959
194.375,0,-1.490403526,-1.490403526,1.087842394
194.4,0,-1.462908138,-1.462908138,1.111775884
194.425,0,-1.434815259,-1.434815259,1.135646052
194.45,0,-1.406126144,-1.406126144,1.159479084
194.475,0,-1.376841409,-1.376841409,1.183299716
194.5,0,-1.346961067,-1.346961067,1.207131212
194.525,0,-1.316484575,-1.316484575,1.230995331
194.55,0,-1.285410861,-1.285410861,1.254912284
194.575,0,-1.253738365,-1.253738365,1.278900698
194.6,0,-1.221465087,-1.221465087,1.302977537
194.625,0,-1.188588624,-1.188588624,1.327158036
194.65,0,-1.155106209,-1.155106209,1.351455629
194.675,0,-1.121014769,-1.121014769,1.375881827
194.7,0,-1.086310968,-1.086310968,1.400446114
194.725,0,-1.050991251,-1.050991251,1.425155838
194.75,0,-1.01505192,-1.01505192,1.450016031
194.775,0,-0.9784891748,-0.9784891748,1.475029274
194.8,0,-0.9412991801,-0.9412991801,1.500195529
194.825,0,-0.9034781458,-0.9034781458,1.525511907
194.85,0,-0.8650223833,-0.8650223833,1.550972495
194.875,0,-0.8259283939,-0.8259283939,1.576568119
194.9,0,-0.7861929569,-0.7861929569,1.602286074
194.925,0,-0.7458132071,-0.7458132071,1.628109902
194.95,0,-0.704786749,-0.704786749,1.65401908
194.975,0,-0.6631117484,-0.6631117484,1.679988748
195,0,-0.6207870516,-0.6207870516,1.705989403
195.025,0,-0.5778123061,-0.5778123061,1.731986575
195.05,0,-0.5341880814,-0.5341880814,1.757940525
195.075,0,-0.4899160163,-0.4899160163,1.783805899
195.1,0,-0.44499895,-0.44499895,1.809531435
195.125,0,-0.3994410873,-0.3994410873,1.835059622
195.15,0,-0.3532481454,-0.3532481454,1.860326425
195.175,0,-0.3064275327,-0.3064275327,1.885260991
195.2,0,-0.2589885118,-0.2589885118,1.909785416
195.225,0,-0.2109423872,-0.2109423872,1.93381453
195.25,0,-0.1623026826,-0.1623026826,1.957255751
195.275,0,-0.1130853305,-0.1130853305,1.980008996
195.3,0,-0.06330886057,-0.06330886057,2.001966665
195.325,0,-0.01299458378,-0.01299458378,2.023013725
195.35,0,0.03783322035,0.03783322035,2.043027894
195.375,0,0.08914712826,0.08914712826,2.061879942
195.4,0,0.1409164036,0.1409164036,2.079434136
195.425,0,0.1931068409,0.1931068409,2.095548827
195.45,0,0.2456806266,0.2456806266,2.110077183
195.475,0,0.2985962225,0.2985962225,2.12286813
195.5,0,0.35180827,0.35180827,2.133767432
195.525,0,0.4052675294,0.4052675294,2.142618963
195.55,0,0.4589208488,0.4589208488,2.149266192
195.575,0,0.5127111743,0.5127111743,2.153553779
195.6,0,0.5665776033,0.5665776033,2.155329415
195.625,0,0.6204554825,0.6204554825,2.154445746
195.65,0,0.6742765577,0.6742765577,2.150762442
195.675,0,0.7279691781,0.7279691781,2.144148371
195.7,0,0.7814585519,0.7814585519,2.134483801
195.725,0,0.8346670588,0.8346670588,2.121662617
195.75,0,0.8875146197,0.8875146197,2.105594503
195.775,0,0.9399191169,0.9399191169,2.086207018
195.8,0,0.9917968648,0.9917968648,2.063447509
195.825,0,1.043063126,1.043063126,2.037284818
195.85,0,1.09363267,1.09363267,2.007710719
195.875,0,1.143420359,1.143420359,1.974741019
195.9,0,1.192341756,1.192341756,1.938416295
195.925,0,1.240313755,1.240313755,1.898802227
195.95,0,1.287255205,1.287255205,1.85598948
195.975,0,1.333087526,1.333087526,1.810093153
196,0,1.377735314,1.377735314,1.761251776
196.025,0,1.421126905,1.421126905,1.709625857
196.05,0,1.463194903,1.463194903,1.655396043
196.075,0,1.503876658,1.503876658,1.59876092
196.1,0,1.543114684,1.543114684,1.539934465
196.125,0,1.580857006,1.580857006,1.479143301
196.15,0,1.617057444,1.617057444,1.416623768
196.175,0,1.651675815,1.651675815,1.352618822
196.2,0,1.684678062,1.684678062,1.287375058
196.225,0,1.716036304,1.716036304,1.221139575
196.25,0,1.745728818,1.745728818,1.154157199
196.275,0,1.773739939,1.773739939,1.086667609
196.3,0,1.800059909,1.800059909,1.018902981
196.325,0,1.824684652,1.824684652,0.9510856467
196.35,0,1.847615512,1.847615512,0.8834262433
196.375,0,1.868858929,1.868858929,0.8161220586
196.4,0,1.888426101,1.888426101,0.7493557872
196.425,0,1.906332599,1.906332599,0.6832945678
196.45,0,1.922597967,1.922597967,0.6180893588
196.475,0,1.937245325,1.937245325,0.5538746067
196.5,0,1.950300939,1.950300939,0.4907681931
196.525,0,1.961793821,1.961793821,0.4288716221
196.55,0,1.971755319,1.971755319,0.3682704318
196.575,0,1.980218726,1.980218726,0.3090347823
196.6,0,1.987218905,1.987218905,0.2512201851
196.625,0,1.992791928,1.992791928,0.1948683801
196.65,0,1.996974757,1.996974757,0.1400082388
196.675,0,1.999804916,1.999804916,0.0866568122
196.7,0,2.001320225,2.001320225,0.0348203137
196.725,0,2.001558529,2.001558529,-0.01550480666
196.75,0,2.000557479,2.000557479,-0.06433084403
196.775,0,1.998354315,1.998354315,-0.1116778277
196.8,0,1.994985691,1.994985691,-0.1575725516
196.825,0,1.990487519,1.990487519,-0.2020476531
196.85,0,1.984894826,1.984894826,-0.2451407451
196.875,0,1.978241651,1.978241651,-0.2868936084
196.9,0,1.970560939,1.970560939,-0.3273514506
196.925,0,1.961884471,1.961884471,-0.3665622267
196.95,0,1.952242803,1.952242803,-0.4045760202
196.975,0,1.941665215,1.941665215,-0.441444498
197,0,1.930179683,1.930179683,-0.4772204139
197.025,0,1.917812854,1.917812854,-0.5119571765
197.05,0,1.904590036,1.904590036,-0.5457084744
197.075,0,1.890535195,1.890535195,-0.5785279395
197.1,0,1.87567096,1.87567096,-0.6104688747
197.125,0,1.860018633,1.860018633,-0.6415840059
197.15,0,1.843598208,1.843598208,-0.6719252874
197.175,0,1.826428392,1.826428392,-0.7015437312
197.2,0,1.808526629,1.808526629,-0.7304892736
197.225,0,1.789909129,1.789909129,-0.7588106642
197.25,0,1.770590901,1.770590901,-0.7865553827
197.275,0,1.750585781,1.750585781,-0.8137695709
197.3,0,1.72990647,1.72990647,-0.8404979879
197.325,0,1.708564568,1.708564568,-0.8667839735
197.35,0,1.686570608,1.686570608,-0.8926694293
197.375,0,1.663934097,1.663934097,-0.918194805
197.4,0,1.640663544,1.640663544,-0.9433990948
197.425,0,1.616766504,1.616766504,-0.968319838
197.45,0,1.592249614,1.592249614,-0.9929931239
197.475,0,1.567118621,1.567118621,-1.017453598
197.5,0,1.54137843,1.54137843,-1.04173447
197.525,0,1.51503313,1.51503313,-1.06586752
197.55,0,1.488086032,1.488086032,-1.089883103
197.575,0,1.460539711,1.460539711,-1.113810146
197.6,0,1.432396034,1.432396034,-1.137676152
197.625,0,1.403656194,1.403656194,-1.161507186
197.65,0,1.37432076,1.37432076,-1.185327859
197.675,0,1.344389696,1.344389696,-1.209161305
197.7,0,1.313862407,1.313862407,-1.233029157
197.725,0,1.282737783,1.282737783,-1.256951493
197.75,0,1.251014225,1.251014225,-1.280946795
197.775,0,1.218689693,1.218689693,-1.305031893
197.8,0,1.185761755,1.185761755,-1.329221865
197.825,0,1.152227616,1.152227616,-1.353529982
197.85,0,1.118084175,1.118084175,-1.377967599
197.875,0,1.083328079,1.083328079,-1.402544015
197.9,0,1.047955759,1.047955759,-1.427266381
197.925,0,1.011963501,1.011963501,-1.452139544
197.95,0,0.9753475045,0.9753475045,-1.477165855
197.975,0,0.9381039349,0.9381039349,-1.502345038
198,0,0.9002290028,0.9002290028,-1.527673973
198.025,0,0.8617190393,0.8617190393,-1.553146461
198.05,0,0.8225705618,0.8225705618,-1.578753044
198.075,0,0.7827803765,0.7827803765,-1.604480711
198.1,0,0.7423456569,0.7423456569,-1.63031266
198.125,0,0.7012640465,0.7012640465,-1.656228023
198.15,0,0.6595337699,0.6595337699,-1.682201544
198.175,0,0.6171537325,0.6171537325,-1.708203318
198.2,0,0.5741236578,0.5741236578,-1.734198434
198.225,0,0.5304442,0.5304442,-1.76014669
198.25,0,0.4861170941,0.4861170941,-1.786002242
198.275,0,0.4411452903,0.4411452903,-1.811713306
198.3,0,0.3955331148,0.3955331148,-1.837221829
198.325,0,0.3492864232,0.3492864232,-1.862463204
198.35,0,0.3024127743,0.3024127743,-1.887365988
198.375,0,0.2549215977,0.2549215977,-1.911851665
198.4,0,0.2068243799,0.2068243799,-1.935834439
198.425,0,0.1581348414,0.1581348414,-1.959221094
198.45,0,0.10886913,0.10886913,-1.981910904
198.475,0,0.05904600341,0.05904600341,-2.003795632
198.5,0,0.008687019085,0.008687019085,-2.02475962
198.525,0,-0.0421832826,-0.0421832826,-2.044679979
198.55,0,-0.09353720291,-0.09353720291,-2.063426909
198.575,0,-0.1453437158,-0.1453437158,-2.080864147
198.6,0,-0.1975683133,-0.1975683133,-2.09684957
198.625,0,-0.25017287,-0.25017287,-2.111235947
198.65,0,-0.3031155248,-0.3031155248,-2.123871896
198.675,0,-0.3563505911,-0.3563505911,-2.134602955
198.7,0,-0.4098284968,-0.4098284968,-2.143272917
198.725,0,-0.4634957566,-0.4634957566,-2.149725276
198.75,0,-0.5172949866,-0.5172949866,-2.153804884
198.775,0,-0.5711649602,-0.5711649602,-2.155359778
198.8,0,-0.6250407105,-0.6250407105,-2.154243112
198.825,0,-0.6788536864,-0.6788536864,-2.150315259
198.85,0,-0.7325319584,-0.7325319584,-2.143445973
198.875,0,-0.7860004806,-0.7860004806,-2.13351659
198.9,0,-0.8391814087,-0.8391814087,-2.120422258
198.925,0,-0.8919944732,-0.8919944732,-2.104074107
198.95,0,-0.9443574035,-0.9443574035,-2.084401306
198.975,0,-0.996186403,-0.996186403,-2.061352967
199,0,-1.047396672,-1.047396672,-2.034899836
199.025,0,-1.097902963,-1.097902963,-2.005035694
199.05,0,-1.147620174,-1.147620174,-1.971778432
199.075,0,-1.196463957,-1.196463957,-1.935170761
199.1,0,-1.24435135,-1.24435135,-1.895280494
199.125,0,-1.291201394,-1.291201394,-1.852200407
199.15,0,-1.336935758,-1.336935758,-1.806047641
199.175,0,-1.381479334,-1.381479334,-1.756962656
199.2,0,-1.424760803,-1.424760803,-1.70510775
199.225,0,-1.466713153,-1.466713153,-1.650665196
199.25,0,-1.507274161,-1.507274161,-1.593834984
199.275,0,-1.546386795,-1.546386795,-1.534832278
199.3,0,-1.583999565,-1.583999565,-1.473884659
199.325,0,-1.620066793,-1.620066793,-1.411229128
199.35,0,-1.654548816,-1.654548816,-1.347109089
199.375,0,-1.6874121,-1.6874121,-1.281771285
199.4,0,-1.718629291,-1.718629291,-1.215462735
199.425,0,-1.748179186,-1.748179186,-1.148427932
199.45,0,-1.77604663,-1.77604663,-1.080906012
199.475,0,-1.802222359,-1.802222359,-1.01312839
199.5,0,-1.826702767,-1.826702767,-0.9453164756
199.525,0,-1.849489647,-1.849489647,-0.8776798294
199.55,0,-1.870589857,-1.870589857,-0.8104145367
199.575,0,-1.890014984,-1.890014984,-0.7437020064
199.6,0,-1.90778095,-1.90778095,-0.6777080146
199.625,0,-1.923907624,-1.923907624,-0.6125821258
199.65,0,-1.938418404,-1.938418404,-0.5484573734
199.675,0,-1.95133981,-1.95133981,-0.4854502348
199.7,0,-1.962701068,-1.962701068,-0.4236608345
199.725,0,-1.972533705,-1.972533705,-0.3631733802
199.75,0,-1.980871165,-1.980871165,-0.3040567467
199.775,0,-1.987748423,-1.987748423,-0.2463652491
199.8,0,-1.993201645,-1.993201645,-0.1901394811
199.825,0,-1.997267847,-1.997267847,-0.1354072824
199.85,0,-1.999984592,-1.999984592,-0.08218472971
199.875,0,-2.001389711,-2.001389711,-0.03047716992
199.9,0,-2.001521042,-2.001521042,0.01971973233
199.925,0,-2.000416207,-2.000416207,0.06841896943
199.95,0,-1.998112404,-1.998112404,0.1156411838
199.975,0,-1.99464623,-1.99464623,0.1614137021
200,0,-1.990053525,-1.990053525,0.2057696185
200.025,0,-1.984369239,-1.984369239,0.2487469306
200.05,0,-1.977627317,-1.977627317,0.2903877389
200.075,0,-1.969860611,-1.969860611,0.3307375119
200.1,0,-1.9611008,-1.9611008,0.3698444071
200.125,0,-1.95137833,-1.95137833,0.4077586638
200.15,0,-1.940722374,-1.940722374,0.4445320609
200.175,0,-1.929160794,-1.929160794,0.4802174224
200.2,0,-1.916720124,-1.916720124,0.5148681963
200.225,0,-1.903425558,-1.903425558,0.5485380772
200.25,0,-1.889300948,-1.889300948,0.5812806799
200.275,0,-1.874368808,-1.874368808,0.6131492672
200.3,0,-1.858650329,-1.858650329,0.6441965058
200.325,0,-1.842165394,-1.842165394,0.674474277
200.35,0,-1.824932603,-1.824932603,0.7040335047
200.375,0,-1.806969291,-1.806969291,0.7329240294
200.4,0,-1.788291568,-1.788291568,0.7611944946
200.425,0,-1.768914339,-1.768914339,0.7888922691
200.45,0,-1.748851343,-1.748851343,0.8160633781
200.475,0,-1.728115186,-1.728115186,0.8427524613
200.5,0,-1.706717376,-1.706717376,0.8690027366
200.525,0,-1.684668358,-1.684668358,0.8948559824
200.55,0,-1.661977549,-1.661977549,0.9203525246
200.575,0,-1.63865338,-1.63865338,0.9455312334
200.6,0,-1.614703324,-1.614703324,0.9704295243
200.625,0,-1.59013394,-1.59013394,0.9950833636
200.65,0,-1.564950905,-1.564950905,1.019527275
200.675,0,-1.539159049,-1.539159049,1.043794345
200.7,0,-1.512762397,-1.512762397,1.067916232
200.725,0,-1.485764196,-1.485764196,1.09192317
200.75,0,-1.458166955,-1.458166955,1.115843966
200.775,0,-1.429972487,-1.429972487,1.139706
200.8,0,-1.401181929,-1.401181929,1.163535214
200.825,0,-1.371795794,-1.371795794,1.187356094
200.85,0,-1.341814002,-1.341814002,1.211191649
200.875,0,-1.31123591,-1.31123591,1.235063379
200.9,0,-1.280060364,-1.280060364,1.258991231
200.925,0,-1.248285728,-1.248285728,1.282993547
200.95,0,-1.215909927,-1.215909927,1.307087008
200.975,0,-1.182930492,-1.182930492,1.331286551
201,0,-1.149344606,-1.149344606,1.355605279
201.025,0,-1.115149142,-1.115149142,1.380054376
201.05,0,-1.080340723,-1.080340723,1.404642975
201.075,0,-1.044915773,-1.044915773,1.429378023
201.1,0,-1.008870562,-1.008870562,1.454264165
201.125,0,-0.9722012857,-0.9722012857,1.479303544
201.15,0,-0.9349041129,-0.9349041129,1.504495638
201.175,0,-0.8969752581,-0.8969752581,1.529837079
201.2,0,-0.8584110667,-0.8584110667,1.555321402
201.225,0,-0.8192080787,-0.8192080787,1.580938848
201.25,0,-0.779363124,-0.779363124,1.606676107
201.275,0,-0.7388734169,-0.7388734169,1.632516028
201.3,0,-0.6977366428,-0.6977366428,1.658437389
201.325,0,-0.6559510808,-0.6559510808,1.684414549
201.35,0,-0.6135157021,-0.6135157021,1.710417186
201.375,0,-0.5704303021,-0.5704303021,1.736409958
201.4,0,-0.5266956241,-0.5266956241,1.762352186
201.425,0,-0.4823134983,-0.4823134983,1.788197542
201.45,0,-0.4372869885,-0.4372869885,1.813893712
201.475,0,-0.3916205424,-0.3916205424,1.839382103
201.5,0,-0.345320156,-0.345320156,1.864597532
201.525,0,-0.2983935389,-0.2983935389,1.889467966
201.55,0,-0.25085029,-0.25085029,1.913914273
201.575,0,-0.2027020778,-0.2027020778,1.937850033
201.6,0,-0.1539628228,-0.1539628228,1.961181391
201.625,0,-0.1046488876,-0.1046488876,1.983806981
201.65,0,-0.05477926059,-0.05477926059,2.00561793
201.675,0,-0.004375746665,-0.004375746665,2.026497954
201.7,0,0.04653685218,0.04653685218,2.046323564
201.725,0,0.09793055999,0.09793055999,2.064964388
201.75,0,0.1497740603,0.1497740603,2.082283637
201.775,0,0.202032542,0.202032542,2.098138727
201.8,0,0.2546675661,0.2546675661,2.112382028
201.825,0,0.3076369488,0.3076369488,2.124861855
201.85,0,0.3608946746,0.3608946746,2.13542354
201.875,0,0.4143908389,0.4143908389,2.143910795
201.9,0,0.4680716233,0.4680716233,2.150167161
201.925,0,0.5218793139,0.5218793139,2.154037689
201.95,0,0.575752361,0.575752361,2.155370772
201.975,0,0.6296254858,0.6296254858,2.154020097
202,0,0.6834298407,0.6834298407,2.149846751
202.025,0,0.73709322,0.73709322,2.142721387
202.05,0,0.7905403265,0.7905403265,2.13252643
202.075,0,0.8436930938,0.8436930938,2.119158307
202.1,0,0.896471065,0.896471065,2.102529603
202.125,0,0.9487918205,0.9487918205,2.082571115
202.15,0,1.000571457,1.000571457,2.059233734
202.175,0,1.051725115,1.051725115,2.032490117
202.2,0,1.102167536,1.102167536,2.002336061
202.225,0,1.151813658,1.151813658,1.968791548
202.25,0,1.200579226,1.200579226,1.931901419
202.275,0,1.248381424,1.248381424,1.891735628
202.3,0,1.295139495,1.295139495,1.848389051
202.325,0,1.340775357,1.340775357,1.801980863
202.35,0,1.385214204,1.385214204,1.752653447
202.375,0,1.428385064,1.428385064,1.700570879
202.4,0,1.470221316,1.470221316,1.645917033
202.425,0,1.510661162,1.510661162,1.588893294
202.45,0,1.549648031,1.549648031,1.529715992
202.475,0,1.587130917,1.587130917,1.468613631
202.5,0,1.623064649,1.623064649,1.405823873
202.525,0,1.65741008,1.65741008,1.341590527
202.55,0,1.690134203,1.690134203,1.276160477
202.575,0,1.721210189,1.721210189,1.209780633
202.6,0,1.750617356,1.750617356,1.14269514
202.625,0,1.778341056,1.778341056,1.075142565
202.65,0,1.804372517,1.804372517,1.007353556
202.675,0,1.828708605,1.828708605,0.9395485841
202.7,0,1.851351554,1.851351554,0.871936114
202.725,0,1.872308642,1.872308642,0.8047110318
202.75,0,1.891591839,1.891591839,0.7380534428
202.775,0,1.909217418,1.909217418,0.6721277636
202.8,0,1.925205566,1.925205566,0.6070821589
202.825,0,1.939579962,1.939579962,0.5430482506
202.85,0,1.952367373,1.952367373,0.4801411115
202.875,0,1.963597235,1.963597235,0.418459493
202.9,0,1.973301254,1.973301254,0.3580862713
202.925,0,1.981513019,1.981513019,0.2990890495
202.95,0,1.98826762,1.98826762,0.2415209429
202.975,0,1.993601308,1.993601308,0.1854214159
203,0,1.997551156,1.997551156,0.1308172736
203.025,0,2.000154762,2.000154762,0.07772363328
203.05,0,2.001449965,2.001449965,0.02614498035
203.075,0,2.001474596,2.001474596,-0.02392379845
203.1,0,2.000266246,2.000266246,-0.07249638548
203.125,0,1.997862069,1.997862069,-0.1195940292
203.15,0,1.994298605,1.994298605,-0.1652445825
203.175,0,1.989611621,1.989611621,-0.2094815894
203.2,0,1.983835986,1.983835986,-0.2523434269
203.225,0,1.977005557,1.977005557,-0.2938725108
203.25,0,1.969153087,1.969153087,-0.3341145636
203.275,0,1.960310152,1.960310152,-0.373117942
203.3,0,1.950507092,1.950507092,-0.4109330384
203.325,0,1.93977297,1.93977297,-0.4476117375
203.35,0,1.928135535,1.928135535,-0.4832069321
203.375,0,1.915621207,1.915621207,-0.5177721068
203.4,0,1.902255066,1.902255066,-0.5513609591
203.425,0,1.888060848,1.888060848,-0.5840270862
203.45,0,1.873060957,1.873060957,-0.6158237069
203.475,0,1.85727647,1.85727647,-0.6468034295
203.5,0,1.840727161,1.840727161,-0.6770180591
203.525,0,1.823431519,1.823431519,-0.7065184324
203.55,0,1.805406777,1.805406777,-0.7353542917
203.575,0,1.786668937,1.786668937,-0.7635741751
203.6,0,1.767232807,1.767232807,-0.7912253389
203.625,0,1.747112027,1.747112027,-0.8183536926
203.65,0,1.726319108,1.726319108,-0.845003755
203.675,0,1.704865465,1.704865465,-0.871218623
203.7,0,1.682761456,1.682761456,-0.897039951
203.725,0,1.660016411,1.660016411,-0.9225079414
203.75,0,1.63663868,1.63663868,-0.9476613403
203.775,0,1.612635655,1.612635655,-0.9725374398
203.8,0,1.588013819,1.588013819,-0.9971720827
203.825,0,1.562778776,1.562778776,-1.02159967
203.85,0,1.536935286,1.536935286,-1.045853167
203.875,0,1.510487305,1.510487305,-1.069964111
203.9,0,1.483438018,1.483438018,-1.093962613
203.925,0,1.455789872,1.455789872,-1.117877361
203.95,0,1.42754462,1.42754462,-1.141735612
203.975,0,1.398703347,1.398703347,-1.165563182
204,0,1.369266512,1.369266512,-1.189384437
204.025,0,1.339233986,1.339233986,-1.213222256
204.05,0,1.308605084,1.308605084,-1.237098008
204.075,0,1.277378603,1.277378603,-1.261031509
204.1,0,1.245552874,1.245552874,-1.28504096
204.125,0,1.213125786,1.213125786,-1.309142893
204.15,0,1.180094834,1.180094834,-1.333352101
204.175,0,1.146457178,1.146457178,-1.357681522
204.2,0,1.112209666,1.112209666,-1.382142166
204.225,0,1.0773489,1.0773489,-1.406742995
204.25,0,1.04187129,1.04187129,-1.431490762
204.275,0,1.005773101,1.005773101,-1.456389898
204.3,0,0.969050516,0.969050516,-1.481442341
204.325,0,0.9316997115,0.9316997115,-1.506647324
204.35,0,0.8937169092,0.8937169092,-1.532001221
204.375,0,0.8550984637,0.8550984637,-1.557497311
204.4,0,0.815840942,0.815840942,-1.583125525
204.425,0,0.7759411989,0.7759411989,-1.608872247
204.45,0,0.7353964862,0.7353964862,-1.63471999
204.475,0,0.694204537,0.694204537,-1.66064716
204.5,0,0.6523636814,0.6523636814,-1.686627742
204.525,0,0.6098729599,0.6098729599,-1.712630987
204.55,0,0.5667322396,0.5667322396,-1.738621119
204.575,0,0.5229423546,0.5229423546,-1.764556985
204.6,0,0.4785052311,0.4785052311,-1.790391764
204.625,0,0.4334240473,0.4334240473,-1.816072618
204.65,0,0.387703374,0.387703374,-1.841540404
204.675,0,0.3413493487,0.3413493487,-1.866729365
204.7,0,0.2943698327,0.2943698327,-1.891566874
204.725,0,0.2467745962,0.2467745962,-1.915973185
204.75,0,0.1985754903,0.1985754903,-1.93986125
204.775,0,0.1497866376,0.1497866376,-1.963136576
204.8,0,0.1004246158,0.1004246158,-1.985697157
204.825,0,0.05050864633,0.05050864633,-2.007433484
204.85,0,6.078250944e-05,6.078250944e-05,-2.028228651
204.875,0,-0.05089391082,-0.05089391082,-2.047958565
204.9,0,-0.1023271793,-0.1023271793,-2.06649229
204.925,0,-0.1542074146,-0.1542074146,-2.083692521
204.95,0,-0.2064995022,-0.2064995022,-2.099416201
204.975,0,-0.259164688,-0.259164688,-2.113515331
205,0,-0.3121604648,-0.3121604648,-2.12583791
205.025,0,-0.3654404889,-0.3654404889,-2.13622909
205.05,0,-0.4189545215,-0.4189545215,-2.144532505
205.075,0,-0.472648412,-0.472648412,-2.150591751
205.1,0,-0.5264641173,-0.5264641173,-2.1542521
205.125,0,-0.5803397645,-0.5803397645,-2.15536231
205.15,0,-0.6342097646,-0.6342097646,-2.153776617
205.175,0,-0.6880049753,-0.6880049753,-2.149356841
205.2,0,-0.7416529159,-0.7416529159,-2.141974545
205.225,0,-0.7950780402,-0.7950780402,-2.131513261
205.25,0,-0.8482020636,-0.8482020636,-2.117870711
205.275,0,-0.9009443442,-0.9009443442,-2.100960953
205.3,0,-0.9532223159,-0.9532223159,-2.08071642
205.325,0,-1.004951975,-1.004951975,-2.057089798
205.35,0,-1.056048403,-1.056048403,-2.030055665
205.375,0,-1.106426337,-1.106426337,-1.999611839
205.4,0,-1.156000758,-1.156000758,-1.965780399
205.425,0,-1.204687511,-1.204687511,-1.928608321
205.45,0,-1.25240393,-1.25240393,-1.888167692
205.475,0,-1.29906946,-1.29906946,-1.844555491
205.5,0,-1.344606278,-1.344606278,-1.797892915
205.525,0,-1.388939882,-1.388939882,-1.748324255
205.55,0,-1.43199965,-1.43199965,-1.696015361
205.575,0,-1.473719355,-1.473719355,-1.641151686
205.6,0,-1.51403763,-1.51403763,-1.583935985
205.625,0,-1.552898364,-1.552898364,-1.52458575
205.65,0,-1.590251038,-1.590251038,-1.46333037
205.675,0,-1.62605099,-1.62605099,-1.400408148
205.7,0,-1.66025959,-1.66025959,-1.336063296
205.725,0,-1.692844357,-1.692844357,-1.270542776
205.75,0,-1.72377899,-1.72377899,-1.204093429
205.775,0,-1.753043321,-1.753043321,-1.13695896
205.8,0,-1.780623215,-1.780623215,-1.069377415
205.825,0,-1.806510384,-1.806510384,-1.00157861
205.85,0,-1.830702168,-1.830702168,-0.933782096
205.875,0,-1.853201239,-1.853201239,-0.8661952143
205.9,0,-1.874015293,-1.874015293,-0.7990116497
205.925,0,-1.893156678,-1.893156678,-0.7324101933
205.95,0,-1.910642017,-1.910642017,-0.6665539013
205.975,0,-1.92649181,-1.92649181,-0.6015895345
206,0,-1.940730016,-1.940730016,-0.5376473044
206.025,0,-1.953383645,-1.953383645,-0.4748408801
206.05,0,-1.964482341,-1.964482341,-0.4132676445
206.075,0,-1.974057987,-1.974057987,-0.3530091432
206.1,0,-1.982144312,-1.982144312,-0.2941317192
206.125,0,-1.988776518,-1.988776518,-0.2366872872
206.15,0,-1.993990941,-1.993990941,-0.1807141961
206.175,0,-1.997824708,-1.997824708,-0.1262382188
206.2,0,-2.000315448,-2.000315448,-0.07327352301
206.225,0,-2.001501011,-2.001501011,-0.02182373939
206.25,0,-2.001419213,-2.001419213,0.02811701562
206.275,0,-2.000107618,-2.000107618,0.07656310725
206.3,0,-1.997603333,-1.997603333,0.1235363831
206.325,0,-1.993942837,-1.993942837,0.1690652152
206.35,0,-1.989161827,-1.989161827,0.2131835907
206.375,0,-1.983295089,-1.983295089,0.2559302614
206.4,0,-1.97637639,-1.97637639,0.2973479534
206.425,0,-1.968438384,-1.968438384,0.3374826361
206.45,0,-1.959512546,-1.959512546,0.3763828635
206.475,0,-1.949629107,-1.949629107,0.4140991763
206.5,0,-1.93881702,-1.93881702,0.4506835601
206.525,0,-1.927103921,-1.927103921,0.486188977
206.55,0,-1.914516117,-1.914516117,0.520668941
206.575,0,-1.901078572,-1.901078572,0.5541771536
206.6,0,-1.88681491,-1.88681491,0.5867671909
206.625,0,-1.871747421,-1.871747421,0.618492226
206.65,0,-1.855897069,-1.855897069,0.6494048088
206.675,0,-1.839283519,-1.839283519,0.6795566646
206.7,0,-1.821925152,-1.821925152,0.7089985448
206.725,0,-1.803839094,-1.803839094,0.73778009
206.75,0,-1.785041246,-1.785041246,0.7659497346
206.775,0,-1.765546314,-1.765546314,0.7935546203
206.8,0,-1.74536784,-1.74536784,0.8206405413
206.825,0,-1.724518241,-1.724518241,0.8472518955
206.85,0,-1.703008841,-1.703008841,0.8734316579
206.875,0,-1.680849908,-1.680849908,0.8992213596
206.9,0,-1.658050689,-1.658050689,0.924661079
206.925,0,-1.634619448,-1.634619448,0.9497894383
206.95,0,-1.610563502,-1.610563502,0.9746436061
206.975,0,-1.585889255,-1.585889255,0.999259302
207,0,-1.560602238,-1.560602238,1.023670805
207.025,0,-1.534707143,-1.534707143,1.047910958
207.05,0,-1.508207855,-1.508207855,1.072011176
207.075,0,-1.481107499,-1.481107499,1.096001451
207.1,0,-1.453408461,-1.453408461,1.119910347
207.125,0,-1.425112433,-1.425112433,1.143765001
207.15,0,-1.396220448,-1.396220448,1.167591106
207.175,0,-1.366732914,-1.366732914,1.1914129
207.2,0,-1.336649648,-1.336649648,1.21525314
207.225,0,-1.305969925,-1.305969925,1.239133059
207.25,0,-1.274692502,-1.274692502,1.263072337
207.275,0,-1.242815662,-1.242815662,1.287089045
207.3,0,-1.210337267,-1.210337267,1.311199561
207.325,0,-1.177254781,-1.177254781,1.33541852
207.35,0,-1.143565329,-1.143565329,1.359758716
207.375,0,-1.109265744,-1.109265744,1.384230978
207.4,0,-1.074352607,-1.074352607,1.408844078
207.425,0,-1.03882231,-1.03882231,1.433604599
207.45,0,-1.002671112,-1.002671112,1.458516749
207.475,0,-0.965895195,-0.965895195,1.48358224
207.5,0,-0.9284907289,-0.9284907289,1.508800091
207.525,0,-0.8904539523,-0.8904539523,1.534166399
207.55,0,-0.8517812299,-0.8517812299,1.559674175
207.575,0,-0.8124691493,-0.8124691493,1.585313066
207.6,0,-0.7725145999,-0.7725145999,1.611069119
207.625,0,-0.7319148637,-0.7319148637,1.636924531
207.65,0,-0.6906677271,-0.6906677271,1.662857324
207.675,0,-0.6487715717,-0.6487715717,1.688841101
207.7,0,-0.6062255053,-0.6062255053,1.714844697
207.725,0,-0.5630294725,-0.5630294725,1.740831887
207.75,0,-0.5191843927,-0.5191843927,1.766761056
207.775,0,-0.474692296,-0.474692296,1.792584873
207.8,0,-0.4295564698,-0.4295564698,1.818249983
207.825,0,-0.3837816151,-0.3837816151,1.843696686
207.85,0,-0.3373740064,-0.3373740064,1.868858655
207.875,0,-0.2903416632,-0.2903416632,1.893662661
207.9,0,-0.2426945241,-0.2426945241,1.918028346
207.925,0,-0.194444627,-0.194444627,1.941868031
207.95,0,-0.1456062966,-0.1456062966,1.965086586
207.975,0,-0.09619632719,-0.09619632719,1.987581365
208,0,-0.04623417552,-0.04623417552,2.009242223
208.025,0,0.004257856986,0.004257856986,2.029951631
208.05,0,0.05525444014,0.05525444014,2.0495849
208.075,0,0.1067270402,0.1067270402,2.068010532
208.1,0,0.158643756,0.158643756,2.085090703
208.125,0,0.210969169,0.210969169,2.100681905
208.15,0,0.2636642079,0.2636642079,2.114635758
208.175,0,0.3166860437,0.3166860437,2.126799967
208.2,0,0.3699880013,0.3699880013,2.137019512
208.225,0,0.4235195098,0.4235195098,2.145137945
208.25,0,0.4772260861,0.4772260861,2.150998954
208.275,0,0.5310493572,0.5310493572,2.154448025
208.3,0,0.584927129,0.584927129,2.155334302
208.325,0,0.6387935035,0.6387935035,2.153512592
208.35,0,0.6925790442,0.6925790442,2.148845452
208.375,0,0.7462109981,0.7462109981,2.141205376
208.4,0,0.7996135731,0.7996135731,2.130477025
208.425,0,0.852708268,0.852708268,2.116559426
208.45,0,0.9054142585,0.9054142585,2.09936812
208.475,0,0.9576488378,0.9576488378,2.078837199
208.5,0,1.009327903,1.009327903,2.054921152
208.525,0,1.060366484,1.060366484,2.027596486
208.55,0,1.110679314,1.110679314,1.996863049
208.575,0,1.160181424,1.160181424,1.962745023
208.6,0,1.208788763,1.208788763,1.925291518
208.625,0,1.256418817,1.256418817,1.884576755
208.65,0,1.302991242,1.302991242,1.840699809
208.675,0,1.348428476,1.348428476,1.793783889
208.7,0,1.392656324,1.392656324,1.743975192
208.725,0,1.43560452,1.43560452,1.691441318
208.75,0,1.477207234,1.477207234,1.636369279
208.775,0,1.51740353,1.51740353,1.5789632
208.8,0,1.556137762,1.556137762,1.519441696
208.825,0,1.593359902,1.593359902,1.458035019
208.85,0,1.629025793,1.629025793,1.394982122
208.875,0,1.663097327,1.663097327,1.330527537
208.9,0,1.695542548,1.695542548,1.264918361
208.925,0,1.72633568,1.72633568,1.198401251
208.95,0,1.755457074,1.755457074,1.131219557
208.975,0,1.7828931,1.7828931,1.063610691
209,0,1.80863596,1.80863596,0.9958036953
209.025,0,1.832683459,1.832683459,0.9280171341
209.05,0,1.855038709,1.855038709,0.8604572488
209.075,0,1.875709818,1.875709818,0.793316496
209.1,0,1.89470951,1.89470951,0.7267723545
209.125,0,1.912054759,1.912054759,0.6609865135
209.15,0,1.927766371,1.927766371,0.5961043286
209.175,0,1.941868584,1.941868584,0.5322545994
209.2,0,1.954388646,1.954388646,0.4695495963
209.225,0,1.965356407,1.965356407,0.4080853341
209.25,0,1.974803925,1.974803925,0.3479420337
209.275,0,1.982765063,1.982765063,0.2891847852
209.3,0,1.989275141,1.989275141,0.2318643015
209.325,0,1.994370566,1.994370566,0.1760178379
209.35,0,1.998088525,1.998088525,0.1216701225
209.375,0,2.000466675,2.000466675,0.06883439857
209.4,0,2.001542871,2.001542871,0.01751344115
209.425,0,2.001354917,2.001354917,-0.03229939526
209.45,0,1.999940345,1.999940345,-0.08061915059
209.475,0,1.997336217,1.997336217,-0.1274682646
209.5,0,1.993578948,1.993578948,-0.1728756218
209.525,0,1.988704165,1.988704165,-0.2168756473
209.55,0,1.982746569,1.982746569,-0.2595074624
209.575,0,1.975739836,1.975739836,-0.3008140951
209.6,0,1.967716523,1.967716523,-0.3408417598
209.625,0,1.958708,1.958708,-0.379639204
209.65,0,1.948744392,1.948744392,-0.417257109
209.675,0,1.93785454,1.93785454,-0.4537475622
209.7,0,1.926065968,1.926065968,-0.4891635892
209.725,0,1.913404868,1.913404868,-0.5235587316
209.75,0,1.899896091,1.899896091,-0.556986694
209.775,0,1.885563147,1.885563147,-0.5895010259
209.8,0,1.870428211,1.870428211,-0.6211548577
209.825,0,1.854512137,1.854512137,-0.6520006745
209.85,0,1.83783448,1.83783448,-0.6820901255
209.875,0,1.820413512,1.820413512,-0.7114738715
209.9,0,1.802266254,1.802266254,-0.7402014545
209.925,0,1.783408504,1.783408504,-0.7683212013
209.95,0,1.763854867,1.763854867,-0.7958801414
209.975,0,1.743618789,1.743618789,-0.8229239511
210,0,1.722712592,1.722712592,-0.8494969087
210.025,0,1.70114751,1.70114751,-0.8756418665
210.05,0,1.67893372,1.67893372,-0.9014002324
210.075,0,1.656080387,1.656080387,-0.9268119607
210.1,0,1.63259569,1.63259569,-0.9519155499
210.125,0,1.608486868,1.608486868,-0.9767480447
210.15,0,1.58376025,1.58376025,-1.001345042
210.175,0,1.558421293,1.558421293,-1.025740698
210.2,0,1.532474619,1.532474619,-1.049967735
210.225,0,1.505924051,1.505924051,-1.074057445
210.25,0,1.478772642,1.478772642,-1.0980397
210.275,0,1.451022723,1.451022723,-1.121942942
210.3,0,1.422675928,1.422675928,-1.145794184
210.325,0,1.393733233,1.393733233,-1.169619
210.35,0,1.364194997,1.364194997,-1.193441499
210.375,0,1.334060989,1.334060989,-1.21728431
210.4,0,1.303330435,1.303330435,-1.241168541
210.425,0,1.272002054,1.272002054,-1.26511373
210.45,0,1.240074092,1.240074092,-1.289137807
210.475,0,1.207544369,1.207544369,-1.313257015
210.5,0,1.174410327,1.174410327,-1.337485824
210.525,0,1.14066906,1.14066906,-1.361836865
210.55,0,1.106317374,1.106317374,-1.38632081
210.575,0,1.07135184,1.07135184,-1.410946237
210.6,0,1.035768831,1.035768831,-1.435719532
210.625,0,0.9995645958,0.9995645958,-1.460644712
210.65,0,0.9627353169,0.9627353169,-1.485723251
210.675,0,0.925277165,0.925277165,-1.510953932
210.7,0,0.8871863854,0.8871863854,-1.536332605
210.725,0,0.8484593622,0.8484593622,-1.561851992
210.75,0,0.8090927002,0.8090927002,-1.587501456
210.775,0,0.7690833229,0.7690833229,-1.613266719
210.8,0,0.72842855,0.72842855,-1.639129631
210.825,0,0.6871262122,0.6871262122,-1.665067861
210.85,0,0.6451747519,0.6451747519,-1.691054605
210.875,0,0.6025733389,0.6025733389,-1.717058292
210.9,0,0.5593220004,0.5593220004,-1.74304224
210.925,0,0.5154217405,0.5154217405,-1.768964367
210.95,0,0.4708746941,0.4708746941,-1.794776837
210.975,0,0.4256842597,0.4256842597,-1.82042577
211,0,0.3798552687,0.3798552687,-1.84585091
211.025,0,0.3333941349,0.3333941349,-1.870985355
211.05,0,0.2863090366,0.2863090366,-1.895755276
211.075,0,0.2386100817,0.2386100817,-1.920079699
211.1,0,0.1903094978,0.1903094978,-1.943870315
211.125,0,0.1414218106,0.1414218106,-1.967031355
211.15,0,0.09196403493,0.09196403493,-1.989459532
211.175,0,0.04195586231,0.04195586231,-2.011044069
211.2,0,-0.008580155403,-0.008580155403,-2.031666814
211.225,0,-0.05961842151,-0.05961842151,-2.051202486
211.25,0,-0.111130122,-0.111130122,-2.069519026
211.275,0,-0.1630830621,-0.1630830621,-2.086478096
211.3,0,-0.2154415165,-0.2154415165,-2.101935747
211.325,0,-0.2681660989,-0.2681660989,-2.115743214
211.35,0,-0.3212136552,-0.3212136552,-2.127747934
211.375,0,-0.3745371797,-0.3745371797,-2.137794701
211.4,0,-0.4280857695,-0.4280857695,-2.145727023
211.425,0,-0.4818046082,-0.4818046082,-2.151388674
211.45,0,-0.5356349941,-0.5356349941,-2.154625369
211.475,0,-0.5895144132,-0.5895144132,-2.155286664
211.5,0,-0.6433766585,-0.6433766585,-2.153227939
211.525,0,-0.6971520014,-0.6971520014,-2.148312506
211.55,0,-0.7507674196,-0.7507674196,-2.140413816
211.575,0,-0.8041468763,-0.8041468763,-2.129417665
211.6,0,-0.8572116558,-0.8572116558,-2.115224401
211.625,0,-0.9098807569,-0.9098807569,-2.09775107
211.65,0,-0.9620713343,-0.9620713343,-2.076933431
211.675,0,-1.013699189,-1.013699189,-2.052727787
211.7,0,-1.064679304,-1.064679304,-2.025112585
211.725,0,-1.114926414,-1.114926414,-1.994089713
211.75,0,-1.164355605,-1.164355605,-1.959685457
211.775,0,-1.212882929,-1.212882929,-1.921951063
211.8,0,-1.260426036,-1.260426036,-1.880962885
211.825,0,-1.306904795,-1.306904795,-1.836822086
211.85,0,-1.352241906,-1.352241906,-1.789653883
211.875,0,-1.396363489,-1.396363489,-1.739606368
211.9,0,-1.439199635,-1.439199635,-1.686848866
211.925,0,-1.480684916,-1.480684916,-1.631569947
211.95,0,-1.520758829,-1.520758829,-1.573975078
211.975,0,-1.559366197,-1.559366197,-1.514283968
212,0,-1.596457483,-1.596457483,-1.452727737
212.025,0,-1.631989036,-1.631989036,-1.389545931
212.05,0,-1.665923272,-1.665923272,-1.324983406
212.075,0,-1.698228761,-1.698228761,-1.259287367
212.1,0,-1.728880249,-1.728880249,-1.192704251
212.125,0,-1.757858609,-1.757858609,-1.125477064
212.15,0,-1.78515071,-1.78515071,-1.057842534
212.175,0,-1.810749246,-1.810749246,-0.9900289362
212.2,0,-1.834652481,-1.834652481,-0.92225382
212.225,0,-1.856863971,-1.856863971,-0.8547223313
212.25,0,-1.877392225,-1.877392225,-0.787625674
212.275,0,-1.896250351,-1.896250351,-0.7211400225
212.3,0,-1.913455659,-1.913455659,-0.6554256849
212.325,0,-1.929029266,-1.929029266,-0.5906266159
212.35,0,-1.942995683,-1.942995683,-0.5268702011
212.375,0,-1.955382394,-1.955382394,-0.4642673161
212.4,0,-1.966219455,-1.966219455,-0.4029126053
212.425,0,-1.975539088,-1.975539088,-0.3428849805
212.45,0,-1.983375298,-1.983375298,-0.2842482696
212.475,0,-1.989763509,-1.989763509,-0.2270520084
212.5,0,-1.994740207,-1.994740207,-0.1713323457
212.525,0,-1.998342632,-1.998342632,-0.1171129916
212.55,0,-2.000608465,-2.000608465,-0.06440625917
212.575,0,-2.001575568,-2.001575568,-0.01321407832
212.6,0,-2.001281731,-2.001281731,0.03647094899
212.625,0,-1.999764452,-1.999764452,0.08466453105
212.65,0,-1.997060743,-1.997060743,0.131389693
212.675,0,-1.99320696,-1.99320696,0.1766758252
212.7,0,-1.988238654,-1.988238654,0.2205577852
212.725,0,-1.982190445,-1.982190445,0.2630750565
212.75,0,-1.975095914,-1.975095914,0.3042709652
212.775,0,-1.966987521,-1.966987521,0.3441919662
212.8,0,-1.957896533,-1.957896533,0.3828869942
212.825,0,-1.947852965,-1.947852965,0.4204068692
212.85,0,-1.936885547,-1.936885547,0.4568037772
212.875,0,-1.925021692,-1.925021692,0.4921308021
212.9,0,-1.912287477,-1.912287477,0.5264415125
212.925,0,-1.898707638,-1.898707638,0.5597896126
212.95,0,-1.884305572,-1.884305572,0.5922286245
212.975,0,-1.86910334,-1.86910334,0.6238116334
213,0,-1.853121686,-1.853121686,0.6545910586
213.025,0,-1.836380053,-1.836380053,0.6846184722
213.05,0,-1.818896608,-1.818896608,0.713944443
213.075,0,-1.800688264,-1.800688264,0.7426184143
213.1,0,-1.781770718,-1.781770718,0.770688604
213.125,0,-1.762158474,-1.762158474,0.7982019297
213.15,0,-1.741864882,-1.741864882,0.825203949
213.175,0,-1.720902169,-1.720902169,0.8517388207
213.2,0,-1.699281478,-1.699281478,0.877849274
213.225,0,-1.677012898,-1.677012898,0.9035765937
213.25,0,-1.654105508,-1.654105508,0.92896061
213.275,0,-1.630567408,-1.630567408,0.9540396975
213.3,0,-1.606405756,-1.606405756,0.9788507774
213.325,0,-1.581626807,-1.581626807,1.003429324
213.35,0,-1.556235944,-1.556235944,1.02780937
213.375,0,-1.53023772,-1.53023772,1.052023517
213.4,0,-1.503635891,-1.503635891,1.076102936
213.425,0,-1.476433447,-1.476433447,1.100077377
213.45,0,-1.44863266,-1.44863266,1.12397516
213.475,0,-1.420235105,-1.420235105,1.147823177
213.5,0,-1.391241703,-1.391241703,1.171646877
213.525,0,-1.361652762,-1.361652762,1.195470246
213.55,0,-1.331468006,-1.331468006,1.219315782
213.575,0,-1.300686613,-1.300686613,1.243204464
213.6,0,-1.269307261,-1.269307261,1.267155696
213.625,0,-1.237328159,-1.237328159,1.291187262
213.65,0,-1.204747093,-1.204747093,1.315315262
213.675,0,-1.171561472,-1.171561472,1.339554015
213.7,0,-1.137768366,-1.137768366,1.363915981
213.725,0,-1.103364557,-1.103364557,1.388411667
213.75,0,-1.068346597,-1.068346597,1.413049469
213.775,0,-1.032710849,-1.032710849,1.43783557
213.8,0,-0.9964535496,-0.9964535496,1.462773786
213.825,0,-0.9595708803,-0.9595708803,1.487865366
213.85,0,-0.922059016,-0.922059016,1.513108847
213.875,0,-0.8839142068,-0.8839142068,1.538499833
213.9,0,-0.8451328572,-0.8451328572,1.564030757
213.925,0,-0.8057115935,-0.8057115935,1.589690686
213.95,0,-0.7656473679,-0.7656473679,1.615465028
213.975,0,-0.7249375424,-0.7249375424,1.641335281
214,0,-0.6835799919,-0.6835799919,1.667278752
214.025,0,-0.6415732201,-0.6415732201,1.693268237
214.05,0,-0.5989164618,-0.5989164618,1.719271746
214.075,0,-0.5556098236,-0.5556098236,1.745252149
214.1,0,-0.5116544002,-0.5116544002,1.771166885
214.125,0,-0.4670524276,-0.4670524276,1.796967619
214.15,0,-0.421807421,-0.421807421,1.822599938
214.175,0,-0.3759243391,-0.3759243391,1.848003031
214.2,0,-0.3294097401,-0.3294097401,1.873109417
214.225,0,-0.2822719591,-0.2822719591,1.897844666
214.25,0,-0.2345212775,-0.2345212775,1.922127187
214.275,0,-0.1861701116,-0.1861701116,1.94586804
214.3,0,-0.137233191,-0.137233191,1.968970816
214.325,0,-0.08772775186,-0.08772775186,1.99133159
214.35,0,-0.03767372135,-0.03767372135,2.012838948
214.375,0,0.01290609595,0.01290609595,2.033374124
214.4,0,0.06398583632,0.06398583632,2.05281124
214.425,0,0.115536404,0.115536404,2.071017684
214.45,0,0.1675253094,0.1675253094,2.087854611
214.475,0,0.2199165202,0.2199165202,2.103177628
214.5,0,0.2726703331,0.2726703331,2.116837606
214.525,0,0.325743269,0.325743269,2.128681709
214.55,0,0.3790879919,0.3790879919,2.138554565
214.575,0,0.4326532655,0.4326532655,2.146299644
214.6,0,0.4863839411,0.4863839411,2.151760815
214.625,0,0.5402209888,0.5402209888,2.154784045
214.65,0,0.5941015751,0.5941015751,2.155219307
214.675,0,0.6479591856,0.6479591856,2.152922573
214.7,0,0.7017238016,0.7017238016,2.147757931
214.725,0,0.7553221326,0.7553221326,2.139599798
214.75,0,0.8086778998,0.8086778998,2.128335122
214.775,0,0.8617121771,0.8617121771,2.113865592
214.8,0,0.914343788,0.914343788,2.096109768
214.825,0,0.9664897525,0.9664897525,2.075005093
214.85,0,1.018065781,1.018065781,2.050509696
214.875,0,1.068986811,1.068986811,2.022603971
214.9,0,1.119167586,1.119167586,1.991291855
214.925,0,1.168523247,1.168523247,1.956601739
214.95,0,1.216969961,1.216969961,1.91858701
214.975,0,1.26442554,1.26442554,1.877326151
215,0,1.310810071,1.310810071,1.832922407
215.025,0,1.356046523,1.356046523,1.785502997
215.05,0,1.400061334,1.400061334,1.735217888
215.075,0,1.442784957,1.442784957,1.682238129
215.1,0,1.484152365,1.484152365,1.626753822
215.125,0,1.524103496,1.524103496,1.568971754
215.15,0,1.562583641,1.562583641,1.509112719
215.175,0,1.599543755,1.599543755,1.44740867
215.2,0,1.634940699,1.634940699,1.384099729
215.225,0,1.668737409,1.668737409,1.319431066
215.25,0,1.700902982,1.700902982,1.253649941
215.275,0,1.731412688,1.731412688,1.187002597
215.3,0,1.760247917,1.760247917,1.119731618
215.325,0,1.787396042,1.787396042,1.052073088
215.35,0,1.812850241,1.812850241,0.9842544619
215.375,0,1.836609239,1.836609239,0.9164922836
215.4,0,1.858677029,1.858677029,0.8489905735
215.425,0,1.879062525,1.879062525,0.7819392911
215.45,0,1.897779209,1.897779209,0.7155132903
215.475,0,1.91484473,1.91484473,0.6498715
215.5,0,1.930280511,1.930280511,0.5851564698
215.525,0,1.944111331,1.944111331,0.5214941733
215.55,0,1.956364909,1.956364909,0.4589940911
215.575,0,1.967071502,1.967071502,0.3977495046
215.6,0,1.976263498,1.976263498,0.3378380171
215.625,0,1.983975038,1.983975038,0.2793222026
215.65,0,1.990241646,1.990241646,0.2222504265
215.675,0,1.995099888,1.995099888,0.1666577342
215.7,0,1.998587051,1.998587051,0.112566831
215.725,0,2.000740842,2.000740842,0.05998910232
215.75,0,2.001599127,2.001599127,0.008925644024
215.775,0,2.001199678,2.001199678,-0.04063168848
215.8,0,1.999579959,1.999579959,-0.08869926476
215.825,0,1.996776934,1.996776934,-0.1353006881
215.85,0,1.992826895,1.992826895,-0.1804658484
215.875,0,1.987765318,1.987765318,-0.2242300301
215.9,0,1.981626738,1.981626738,-0.2666330719
215.925,0,1.974444645,1.974444645,-0.3077185931
215.95,0,1.966251399,1.966251399,-0.3475332861
215.975,0,1.957078162,1.957078162,-0.3861262664
216,0,1.946954842,1.946954842,-0.4235484897
216.025,0,1.935910058,1.935910058,-0.4598522376
216.05,0,1.923971108,1.923971108,-0.4950906483
216.075,0,1.911163957,1.911163957,-0.529317317
216.1,0,1.897513226,1.897513226,-0.5625859425
216.125,0,1.883042198,1.883042198,-0.5949500194
216.15,0,1.867772821,1.867772821,-0.6264625854
216.175,0,1.851725728,1.851725728,-0.6571759929
216.2,0,1.834920251,1.834920251,-0.6871417357
216.225,0,1.817374451,1.817374451,-0.7164102897
216.25,0,1.799105135,1.799105135,-0.7450309988
216.275,0,1.780127898,1.780127898,-0.7730519716
216.3,0,1.760457144,1.760457144,-0.8005200129
216.325,0,1.740106126,1.740106126,-0.8274805621
216.35,0,1.719086978,1.719086978,-0.8539776573
216.375,0,1.69741075,1.69741075,-0.8800539055
216.4,0,1.675087446,1.675087446,-0.9057504676
216.425,0,1.652126059,1.652126059,-0.93110705
216.45,0,1.628534608,1.628534608,-0.9561619035
216.475,0,1.604320171,1.604320171,-0.9809518256
216.5,0,1.579488929,1.579488929,-1.005512168
216.525,0,1.554046194,1.554046194,-1.029876841
216.55,0,1.527996446,1.527996446,-1.054078324
216.575,0,1.501343378,1.501343378,-1.078147668
216.6,0,1.474089917,1.474089917,-1.102114499
216.625,0,1.446238271,1.446238271,-1.126007018
216.65,0,1.417789962,1.417789962,-1.149851995
216.675,0,1.388745857,1.388745857,-1.173674752
216.7,0,1.359106209,1.359106209,-1.197499155
216.725,0,1.328870699,1.328870699,-1.221347569
216.75,0,1.298038458,1.298038458,-1.24524084
216.775,0,1.266608121,1.266608121,-1.269198245
216.8,0,1.234577863,1.234577863,-1.293237419
216.825,0,1.201945436,1.201945436,-1.317374312
216.85,0,1.168708214,1.168708214,-1.341623099
216.875,0,1.134863246,1.134863246,-1.365996071
216.9,0,1.10040729,1.10040729,-1.390503554
216.925,0,1.065336876,1.065336876,-1.415153777
216.95,0,1.029648361,1.029648361,-1.439952714
216.975,0,0.9933379718,0.9933379718,-1.464903971
217,0,0.9564018828,0.9564018828,-1.490008585
217.025,0,0.9188362786,0.9188362786,-1.515264836
217.05,0,0.8806374155,0.8806374155,-1.540668074
217.075,0,0.8418017138,0.8418017138,-1.566210459
217.1,0,0.8023258267,0.8023258267,-1.591880747
217.125,0,0.762206733,0.762206733,-1.617664036
217.15,0,0.7214418392,0.7214418392,-1.643541466
217.175,0,0.6800290664,0.6800290664,-1.669489978
217.2,0,0.6379669762,0.6379669762,-1.695481975
217.225,0,0.5952548745,0.5952548745,-1.721485034
217.25,0,0.5518929438,0.5518929438,-1.747461585
217.275,0,0.5078823734,0.5078823734,-1.77336858
217.3,0,0.4632254995,0.4632254995,-1.799157185
217.325,0,0.4179259569,0.4179259569,-1.824772447
217.35,0,0.3719888312,0.3719888312,-1.850153006
217.375,0,0.3254208277,0.3254208277,-1.875230793
217.4,0,0.2782304381,0.2782304381,-1.899930779
217.425,0,0.2304281199,0.2304281199,-1.924170754
217.45,0,0.1820264782,0.1820264782,-1.947861144
217.475,0,0.1330404491,0.1330404491,-1.970904904
217.5,0,0.08348749093,0.08348749093,-1.993197466
217.525,0,0.03338776768,0.03338776768,-2.014626785
217.55,0,-0.01723566196,-0.01723566196,-2.035073478
217.575,0,-0.06835666563,-0.06835666563,-2.054411079
217.6,0,-0.1199458653,-0.1199458653,-2.072506418
217.625,0,-0.1719704751,-0.1719704751,-2.089220156
217.65,0,-0.2243941541,-0.2243941541,-2.104407458
217.675,0,-0.2771768829,-0.2771768829,-2.117918838
217.7,0,-0.330274855,-0.330274855,-2.129601199
217.725,0,-0.383640405,-0.383640405,-2.139299006
217.75,0,-0.4372219628,-0.4372219628,-2.146855712
217.775,0,-0.4909640471,-0.4909640471,-2.152115282
217.8,0,-0.5448073014,-0.5448073014,-2.154923959
217.825,0,-0.5986885728,-0.5986885728,-2.155132146
217.85,0,-0.6525410404,-0.6525410404,-2.152596413
217.875,0,-0.7062943983,-0.7062943983,-2.147181652
217.9,0,-0.7598750893,-0.7598750893,-2.138763256
217.925,0,-0.8132065946,-0.8132065946,-2.127229341
217.95,0,-0.8662097808,-0.8662097808,-2.112482951
217.975,0,-0.9188033002,-0.9188033002,-2.094444182
218,0,-0.9709040407,-0.9709040407,-2.073052167
218.025,0,-1.022427625,-1.022427625,-2.048266872
218.05,0,-1.073288953,-1.073288953,-2.020070654
218.075,0,-1.123402776,-1.123402776,-1.988469498
218.1,0,-1.172684301,-1.172684301,-1.95349391
218.125,0,-1.221049807,-1.221049807,-1.915199414
218.15,0,-1.268417279,-1.268417279,-1.873666622
218.175,0,-1.314707024,-1.314707024,-1.829000856
218.2,0,-1.359842284,-1.359842284,-1.781331329
218.225,0,-1.403749818,-1.403749818,-1.730809868
218.25,0,-1.446360446,-1.446360446,-1.677609228
218.275,0,-1.487609545,-1.487609545,-1.621921037
218.3,0,-1.527437498,-1.527437498,-1.563953371
218.325,0,-1.565790064,-1.565790064,-1.503928088
218.35,0,-1.602618693,-1.602618693,-1.442077972
218.375,0,-1.63788076,-1.63788076,-1.378643666
218.4,0,-1.67153972,-1.67153972,-1.31387067
218.425,0,-1.703565198,-1.703565198,-1.248006234
218.45,0,-1.733932988,-1.733932988,-1.181296439
218.475,0,-1.762624994,-1.762624994,-1.113983362
218.5,0,-1.789629094,-1.789629094,-1.046302496
218.525,0,-1.814938945,-1.814938945,-0.9784803998
218.55,0,-1.838553737,-1.838553737,-0.9107326452
218.575,0,-1.860477892,-1.860477892,-0.8432620883
218.6,0,-1.880720728,-1.880720728,-0.7762574503
218.625,0,-1.899296098,-1.899296098,-0.7098922519
218.65,0,-1.916221987,-1.916221987,-0.6443240424
218.675,0,-1.931520122,-1.931520122,-0.5796939636
218.7,0,-1.945215546,-1.945215546,-0.5161265793
218.725,0,-1.957336211,-1.957336211,-0.4537299745
218.75,0,-1.967912572,-1.967912572,-0.3925960753
218.775,0,-1.976977177,-1.976977177,-0.3328011775
218.8,0,-1.984564304,-1.984564304,-0.2744066096
218.825,0,-1.990709574,-1.990709574,-0.2174595729
218.85,0,-1.995449631,-1.995449631,-0.1619940142
218.875,0,-1.998821805,-1.998821805,-0.1080316445
218.9,0,-2.00086383,-2.00086383,-0.05558292598
218.925,0,-2.00161357,-2.00161357,-0.00464813081
218.95,0,-2.001108781,-2.001108781,0.04478162621
218.975,0,-1.999386891,-1.999386891,0.09272336811
219,0,-1.996484813,-1.996484813,0.1392012697
219.025,0,-1.992438774,-1.992438774,0.1842457153
219.05,0,-1.987284176,-1.987284176,0.2278924074
219.075,0,-1.981055468,-1.981055468,0.2701815356
219.1,0,-1.973786047,-1.973786047,0.3111570091
219.125,0,-1.965508174,-1.965508174,0.3508657503
219.15,0,-1.956252906,-1.956252906,0.3893570515
219.175,0,-1.946050042,-1.946050042,0.4266820038
219.2,0,-1.934928089,-1.934928089,0.4628929763
219.225,0,-1.922914233,-1.922914233,0.4980431614
219.25,0,-1.910034324,-1.910034324,0.5321861781
219.275,0,-1.89631287,-1.89631287,0.565375716
219.3,0,-1.881773038,-1.881773038,0.5976652436
219.325,0,-1.866436666,-1.866436666,0.6291077452
219.35,0,-1.850324273,-1.850324273,0.6597555093
219.375,0,-1.833455085,-1.833455085,0.6896599463
219.4,0,-1.81584705,-1.81584705,0.718871442
219.425,0,-1.797516876,-1.797516876,0.7474392368
219.45,0,-1.778480052,-1.778480052,0.7754113327
219.475,0,-1.758750884,-1.758750884,0.8028344185
219.5,0,-1.738342528,-1.738342528,0.8297538171
219.525,0,-1.717267025,-1.717267025,0.8562134446
219.55,0,-1.695535333,-1.695535333,0.882255786
219.575,0,-1.67315737,-1.67315737,0.9079218783
219.6,0,-1.650142044,-1.650142044,0.9332513041
219.625,0,-1.626497292,-1.626497292,0.9582821901
219.65,0,-1.602230117,-1.602230117,0.9830512109
219.675,0,-1.57734662,-1.57734662,1.007593594
219.7,0,-1.551852043,-1.551852043,1.03194313
219.725,0,-1.525750801,-1.525750801,1.056132174
219.75,0,-1.499046514,-1.499046514,1.080191656
219.775,0,-1.471742051,-1.471742051,1.104151083
219.8,0,-1.44383956,-1.44383956,1.128038532
219.825,0,-1.415340501,-1.415340501,1.151880652
219.85,0,-1.386245694,-1.386245694,1.175702641
219.875,0,-1.35655534,-1.35655534,1.199528236
219.9,0,-1.326269066,-1.326269066,1.223379682
219.925,0,-1.295385967,-1.295385967,1.247277685
219.95,0,-1.263904634,-1.263904634,1.271241384
219.975,0,-1.231823203,-1.231823203,1.295288285
220,0,-1.199139395,-1.199139395,1.319434177
220.025,0,-1.165850553,-1.165850553,1.343693081
220.05,0,-1.131953696,-1.131953696,1.368077136
220.075,0,-1.097445568,-1.097445568,1.39259648
220.1,0,-1.062322678,-1.062322678,1.417259159
220.125,0,-1.026581366,-1.026581366,1.442070965
220.15,0,-0.9902178585,-0.9902178585,1.467035272
220.175,0,-0.9532283242,-0.9532283242,1.4921529
220.2,0,-0.9156089504,-0.9156089504,1.517421894
220.225,0,-0.8773560091,-0.8773560091,1.542837325
220.25,0,-0.8384659301,-0.8384659301,1.56839109
220.275,0,-0.7989353966,-0.7989353966,1.594071633
220.3,0,-0.7587614186,-0.7587614186,1.619863724
220.325,0,-0.7179414391,-0.7179414391,1.64574817
220.35,0,-0.6764734351,-0.6764734351,1.671701521
220.375,0,-0.6343560204,-0.6343560204,1.697695796
220.4,0,-0.5915885765,-0.5915885765,1.723698135
220.425,0,-0.5481713619,-0.5481713619,1.749670521
220.45,0,-0.5041056611,-0.5041056611,1.775569422
220.475,0,-0.4593939128,-0.4593939128,1.801345498
220.5,0,-0.4140398703,-0.4140398703,1.826943261
220.525,0,-0.3680487498,-0.3680487498,1.852300791
220.55,0,-0.3214274029,-0.3214274029,1.877349435
220.575,0,-0.2741844804,-0.2741844804,1.902013563
220.6,0,-0.2263306173,-0.2263306173,1.926210342
220.625,0,-0.1778786076,-0.1778786076,1.949849567
220.65,0,-0.1288435971,-0.1288435971,1.972833552
220.675,0,-0.07924326524,-0.07924326524,1.99505709
220.7,0,-0.02909801636,-0.02909801636,2.016407505
220.725,0,0.02156883596,0.02156883596,2.036764799
220.75,0,0.07273089044,0.07273089044,2.056001916
220.775,0,0.1243584846,0.1243584846,2.073985143
220.8,0,0.1764185347,0.1764185347,2.090574643
220.825,0,0.228874393,0.228874393,2.105625142
220.85,0,0.2816857194,0.2816857194,2.118986818
220.875,0,0.3348083827,0.3348083827,2.130506302
220.9,0,0.3881943861,0.3881943861,2.140027931
220.925,0,0.4417918256,0.4417918256,2.147395127
220.95,0,0.4955448887,0.4955448887,2.152451983
220.975,0,0.5493938918,0.5493938918,2.155045024
221,0,0.6032753634,0.6032753634,2.15502509
221.025,0,0.6571221789,0.6571221789,2.152249381
221.05,0,0.7108637456,0.7108637456,2.146583597
221.075,0,0.7644262413,0.7644262413,2.137904124
221.1,0,0.8177329108,0.8177329108,2.126100264
221.125,0,0.8707044165,0.8707044165,2.111076437
221.15,0,0.9232592416,0.9232592416,2.092754281
221.175,0,0.9753141456,0.9753141456,2.071074632
221.2,0,1.026784669,1.026784669,2.045999312
221.225,0,1.077585677,1.077585677,2.017512643
221.25,0,1.127631934,1.127631934,1.985622668
221.275,0,1.176838714,1.176838714,1.950362011
221.3,0,1.225122419,1.225122419,1.911788333
221.325,0,1.272401205,1.272401205,1.869984371
221.35,0,1.318595607,1.318595607,1.825057523
221.375,0,1.363629144,1.363629144,1.777138978
221.4,0,1.4074289,1.4074289,1.726382415
221.425,0,1.449926063,1.449926063,1.67296229
221.45,0,1.491056422,1.491056422,1.617071721
221.475,0,1.530760803,1.530760803,1.558920063
221.5,0,1.568985438,1.568985438,1.498730234
221.525,0,1.605682274,1.605682274,1.436735785
221.55,0,1.640809197,1.640809197,1.373177903
221.575,0,1.674330188,1.674330188,1.308302361
221.6,0,1.706215395,1.706215395,1.242356399
221.625,0,1.736441139,1.736441139,1.175585906
221.65,0,1.764989834,1.764989834,1.108232448
221.675,0,1.791849863,1.791849863,1.040530885
221.7,0,1.817015361,1.817015361,0.972706884
221.725,0,1.840485979,1.840485979,0.9049750245
221.75,0,1.862266565,1.862266565,0.8375369879
221.775,0,1.882366843,1.882366843,0.7705802542
221.8,0,1.900801028,1.900801028,0.7042769991
221.825,0,1.917587444,1.917587444,0.6387833943
221.85,0,1.932748114,1.932748114,0.5742391696
221.875,0,1.946308345,1.946308345,0.510767481
221.9,0,1.95829632,1.95829632,0.448475019
221.925,0,1.968742682,1.968742682,0.3874523615
221.95,0,1.977680148,1.977680148,0.327774494
221.975,0,1.985143118,1.985143118,0.2695015177
222,0,1.991167319,1.991167319,0.2126794611
222.025,0,1.99578946,1.99578946,0.1573411967
222.05,0,1.999046919,1.999046919,0.1035074343
222.075,0,2.000977451,2.000977451,0.05118772757
222.1,0,2.001618921,2.001618921,0.0003815308556
222.125,0,2.001009063,2.001009063,-0.04892077431
222.15,0,1.999185269,1.999185269,-0.09673685778
222.175,0,1.9961844,1.9961844,-0.143091459
222.2,0,1.992042619,1.992042619,-0.1880154488
222.225,0,1.98679525,1.98679525,-0.2315449427
222.25,0,1.980476656,1.980476656,-0.2737204763
222.275,0,1.973120142,1.973120142,-0.3145862429
222.3,0,1.964757867,1.964757867,-0.3541893891
222.325,0,1.955420782,1.955420782,-0.3925793826
222.35,0,1.945138581,1.945138581,-0.4298074433
222.375,0,1.933939656,1.933939656,-0.4659260256
222.4,0,1.921851081,1.921851081,-0.5009883753
222.425,0,1.908898592,1.908898592,-0.5350481282
222.45,0,1.895106583,1.895106583,-0.5681589671
222.475,0,1.880498106,1.880498106,-0.600374329
222.5,0,1.865094887,1.865094887,-0.6317471454
222.525,0,1.848917335,1.848917335,-0.6623296387
222.55,0,1.831984563,1.831984563,-0.6921731353
222.575,0,1.814314417,1.814314417,-0.7213279295
222.6,0,1.795923496,1.795923496,-0.7498431582
222.625,0,1.776827189,1.776827189,-0.7777667154
222.65,0,1.757039703,1.757039703,-0.8051451745
222.675,0,1.736574096,1.736574096,-0.8320237405
222.7,0,1.715442316,1.715442316,-0.8584462084
222.725,0,1.693655233,1.693655233,-0.8844549403
222.75,0,1.671222675,1.671222675,-0.9100908497
222.775,0,1.648153468,1.648153468,-0.9353933952
222.8,0,1.624455466,1.624455466,-0.9604005796
222.825,0,1.600135595,1.600135595,-0.9851489541
222.85,0,1.575199883,1.575199883,-1.009673624
222.875,0,1.549653497,1.549653497,-1.034008256
222.9,0,1.523500785,1.523500785,-1.058185086
222.925,0,1.496745301,1.496745301,-1.082234921
222.95,0,1.469389851,1.469389851,-1.106187147
222.975,0,1.441436524,1.441436524,-1.130069719
223,0,1.412886724,1.412886724,-1.153909164
223.025,0,1.383741215,1.383741215,-1.177730557
223.05,0,1.35400015,1.35400015,-1.201557508
223.075,0,1.323663108,1.323663108,-1.225412131
223.1,0,1.29272914,1.29272914,-1.249315007
223.125,0,1.261196798,1.261196798,-1.27328513
223.15,0,1.229064178,1.229064178,-1.297339866
223.175,0,1.196328968,1.196328968,-1.321494863
223.2,0,1.162988484,1.162988484,-1.345763974
223.225,0,1.129039718,1.129039718,-1.370159179
223.25,0,1.09447939,1.09447939,-1.394690447
223.275,0,1.059303997,1.059303997,-1.419365626
223.3,0,1.023509862,1.023509862,-1.444190319
223.325,0,0.9870932068,0.9870932068,-1.469167688
223.35,0,0.9500502008,0.9500502008,-1.494298315
223.375,0,0.9123770306,0.9123770306,-1.519580014
223.4,0,0.874069983,0.874069983,-1.545007585
223.425,0,0.8351255058,0.8351255058,-1.570572639
223.45,0,0.7955403024,0.7955403024,-1.59626333
223.475,0,0.7553114214,0.7553114214,-1.622064086
223.5,0,0.7144363424,0.7144363424,-1.647955374
223.525,0,0.6729130951,0.6729130951,-1.673913366
223.55,0,0.6307403539,0.6307403539,-1.699909676
223.575,0,0.5879175678,0.5879175678,-1.725911023
223.6,0,0.5444450802,0.5444450802,-1.751878926
223.625,0,0.5003242651,0.5003242651,-1.777769378
223.65,0,0.4555576706,0.4555576706,-1.803532521
223.675,0,0.410149165,0.410149165,-1.829112338
223.7,0,0.3641041002,0.3641041002,-1.85444634
223.725,0,0.3174294716,0.3174294716,-1.879465295
223.75,0,0.270134094,0.270134094,-1.904092964
223.775,0,0.2222287776,0.2222287776,-1.928245893
223.8,0,0.1737265102,0.1737265102,-1.951833245
223.825,0,0.1246426459,0.1246426459,-1.974756693
223.85,0,0.07499508823,0.07499508823,-1.99691039
223.875,0,0.02480448294,0.02480448294,-2.018181031
223.9,0,-0.02590560122,-0.02590560122,-2.038448004
223.925,0,-0.07710849152,-0.07710849152,-2.05758367
223.95,0,-0.1287742402,-0.1287742402,-2.07545377
223.975,0,-0.1808694656,-0.1808694656,-2.091917974
224,0,-0.2333572104,-0.2333572104,-2.106830589
224.025,0,-0.2861968148,-0.2861968148,-2.120041446
224.05,0,-0.3393438217,-0.3393438217,-2.131396927
224.075,0,-0.3927499018,-0.3927499018,-2.140741241
224.1,0,-0.4463628186,-0.4463628186,-2.147917794
224.125,0,-0.5001264281,-0.5001264281,-2.152770826
224.15,0,-0.5539807196,-0.5539807196,-2.155147146
224.175,0,-0.607861905,-0.607861905,-2.154898054
224.2,0,-0.6617025567,-0.6617025567,-2.151881396
224.225,0,-0.7154317966,-0.7154317966,-2.145963691
224.25,0,-0.7689755404,-0.7689755404,-2.137022336
224.275,0,-0.8222567994,-0.8222567994,-2.12494784
224.3,0,-0.8751960334,-0.8751960334,-2.109646007
224.325,0,-0.9277115599,-0.9277115599,-2.091040031
224.35,0,-0.9797200155,-0.9797200155,-2.069072473
224.375,0,-1.031136861,-1.031136861,-2.043707013
224.4,0,-1.08187693,-1.08187693,-2.014929951
224.425,0,-1.131855006,-1.131855006,-1.982751394
224.45,0,-1.180986436,-1.180986436,-1.947206084
224.475,0,-1.229187746,-1.229187746,-1.908353824
224.5,0,-1.27637727,-1.27637727,-1.866279473
224.525,0,-1.322475774,-1.322475774,-1.821092492
224.55,0,-1.367407059,-1.367407059,-1.772926042
224.575,0,-1.411098538,-1.411098538,-1.721935647
224.6,0,-1.453481771,-1.453481771,-1.668297437
224.625,0,-1.494492961,-1.494492961,-1.612206007
224.65,0,-1.53407338,-1.53407338,-1.553871981
224.675,0,-1.572169735,-1.572169735,-1.493519294
224.7,0,-1.608734473,-1.608734473,-1.431382259
224.725,0,-1.643725992,-1.643725992,-1.367702595
224.75,0,-1.677108797,-1.677108797,-1.302726285
224.775,0,-1.708853562,-1.708853562,-1.236700608
224.8,0,-1.73893713,-1.73893713,-1.169871135
224.825,0,-1.767342432,-1.767342432,-1.102479026
224.85,0,-1.794058346,-1.794058346,-1.034758385
224.875,0,-1.81907949,-1.81907949,-0.9669340508
224.9,0,-1.842405967,-1.842405967,-0.8992195381
224.925,0,-1.864043057,-1.864043057,-0.8318153882
224.95,0,-1.884000879,-1.884000879,-0.7649078034
224.975,0,-1.902294013,-1.902294013,-0.6986676251
225,0,-1.918941117,-1.918941117,-0.6332496369
225.025,0,-1.933964504,-1.933964504,-0.5687921597
225.05,0,-1.947389748,-1.947389748,-0.505416938
225.075,0,-1.959245253,-1.959245253,-0.4432292771
225.1,0,-1.969561856,-1.969561856,-0.3823184022
225.125,0,-1.978372431,-1.978372431,-0.322758002
225.15,0,-1.985711504,-1.985711504,-0.2646069509
225.175,0,-1.991614901,-1.991614901,-0.2079101106
225.2,0,-1.996119397,-1.996119397,-0.1526992922
225.225,0,-1.999262416,-1.999262416,-0.09899420323
225.25,0,-2.00108173,-2.00108173,-0.04680350474
225.275,0,-2.001615202,-2.001615202,0.003874164008
225.3,0,-2.000900546,-2.000900546,0.05304914628
225.325,0,-1.998975116,-1.998975116,0.1007397513
225.35,0,-1.995875719,-1.995875719,0.1469712765
225.375,0,-1.991638452,-1.991638452,0.1917750724
225.4,0,-1.98629856,-1.98629856,0.2351876622
225.425,0,-1.979890322,-1.979890322,0.2772499226
225.45,0,-1.972446947,-1.972446947,0.3180063239
225.475,0,-1.964000494,-1.964000494,0.3575042337
225.5,0,-1.95458181,-1.95458181,0.3957932918
225.525,0,-1.944220476,-1.944220476,0.4329248408
225.55,0,-1.932944776,-1.932944776,0.4689514194
225.575,0,-1.920781669,-1.920781669,0.5039263223
225.6,0,-1.907756777,-1.907756777,0.5379032005
225.625,0,-1.893894378,-1.893894378,0.5709357284
225.65,0,-1.879217415,-1.879217415,0.6030773077
225.675,0,-1.863747497,-1.863747497,0.6343808184
225.7,0,-1.847504923,-1.847504923,0.6648984123
225.725,0,-1.830508698,-1.830508698,0.6946813336
225.75,0,-1.81277656,-1.81277656,0.7237797821
225.775,0,-1.794325004,-1.794325004,0.7522427922
225.8,0,-1.775169317,-1.775169317,0.7801181479
225.825,0,-1.755323606,-1.755323606,0.8074523082
225.85,0,-1.734800835,-1.734800835,0.8342903589
225.875,0,-1.713612858,-1.713612858,0.8606759743
225.9,0,-1.691770455,-1.691770455,0.8866513933
225.925,0,-1.669283366,-1.669283366,0.9122574058
225.95,0,-1.646160335,-1.646160335,0.9375333464
225.975,0,-1.622409134,-1.622409134,0.9625170942
226,0,-1.598036611,-1.598036611,0.9872450769
226.025,0,-1.57304872,-1.57304872,1.011752277
226.05,0,-1.547450556,-1.547450556,1.03607224
226.075,0,-1.5212464,-1.5212464,1.060237078
226.1,0,-1.49443974,-1.49443974,1.084277479
226.125,0,-1.467033318,-1.467033318,1.108222706
226.15,0,-1.439029165,-1.439029165,1.132100595
226.175,0,-1.41042863,-1.41042863,1.155937546
226.2,0,-1.38123242,-1.38123242,1.179758515
226.225,0,-1.351440641,-1.351440641,1.203586981
226.25,0,-1.321052826,-1.321052826,1.227444932
226.275,0,-1.290067977,-1.290067977,1.251352816
226.3,0,-1.258484611,-1.258484611,1.275329491
226.325,0,-1.226300786,-1.226300786,1.299392176
226.35,0,-1.193514154,-1.193514154,1.323556376
226.375,0,-1.160122006,-1.160122006,1.347835784
226.4,0,-1.126121308,-1.126121308,1.372242209
226.425,0,-1.091508754,-1.091508754,1.396785458
226.45,0,-1.05628083,-1.05628083,1.421473182
226.475,0,-1.020433847,-1.020433847,1.446310779
226.5,0,-0.9839640153,-0.9839640153,1.471301215
226.525,0,-0.9468675088,-0.9468675088,1.496444829
226.55,0,-0.9091405175,-0.9091405175,1.521739189
226.575,0,-0.8707793368,-0.8707793368,1.547178843
226.6,0,-0.8317804368,-0.8317804368,1.572755102
226.625,0,-0.792140543,-0.792140543,1.598455825
226.65,0,-0.7518567394,-0.7518567394,1.624265109
226.675,0,-0.7109265482,-0.7109265482,1.650163063
226.7,0,-0.6693480473,-0.6693480473,1.676125492
226.725,0,-0.6271199754,-0.6271199754,1.702123595
226.75,0,-0.5842418493,-0.5842418493,1.728123672
226.775,0,-0.5407140984,-0.5407140984,1.754086773
226.8,0,-0.4965381878,-0.4965381878,1.779968415
226.825,0,-0.4517167746,-0.4517167746,1.80571822
226.85,0,-0.406253845,-0.406253845,1.831279637
226.875,0,-0.3601548861,-0.3601548861,1.85658961
226.9,0,-0.3134270398,-0.3134270398,1.881578323
226.925,0,-0.2660792855,-0.2660792855,1.906168928
226.95,0,-0.2181226098,-0.2181226098,1.93027735
226.975,0,-0.1695701961,-0.1695701961,1.953812116
227,0,-0.1204376072,-0.1204376072,1.976674259
227.025,0,-0.07074297356,-0.07074297356,1.998757295
227.05,0,-0.02050718246,-0.02050718246,2.019947287
227.075,0,0.03024594029,0.03024594029,2.040123013
227.1,0,0.08148944937,0.08148944937,2.059156254
227.125,0,0.1331931108,0.1331931108,2.07691221
227.15,0,0.1853232438,0.1853232438,2.093250064
227.175,0,0.2378425803,0.2378425803,2.108023705
227.2,0,0.2907101407,0.2907101407,2.121082627
227.225,0,0.3438811406,0.3438811406,2.132272976
227.25,0,0.3973069191,0.3973069191,2.141438837
227.275,0,0.4509349063,0.4509349063,2.14842362
227.3,0,0.5047086269,0.5047086269,2.153071714
227.325,0,0.5585677445,0.5585677445,2.155230234
227.35,0,0.6124481549,0.6124481549,2.154750956
227.375,0,0.6662821289,0.6662821289,2.151492378
227.4,0,0.7199985049,0.7199985049,2.145321861
227.425,0,0.7735229389,0.7735229389,2.136117831
227.45,0,0.8267782103,0.8267782103,2.123772015
227.475,0,0.8796845801,0.8796845801,2.108191616
227.5,0,0.932160204,0.932160204,2.089301404
227.525,0,0.9841215981,0.9841215981,2.067045672
227.55,0,1.035484148,1.035484148,2.041389973
227.575,0,1.08616266,1.08616266,2.01232259
227.6,0,1.136071942,1.136071942,1.979855702
227.625,0,1.185127415,1.185127415,1.944026173
227.65,0,1.233245738,1.233245738,1.904895947
227.675,0,1.280345425,1.280345425,1.862551999
227.7,0,1.326347479,1.326347479,1.817105852
227.725,0,1.371175986,1.371175986,1.768692628
227.75,0,1.414758691,1.414758691,1.717469678
227.775,0,1.457027532,1.457027532,1.663614793
227.8,0,1.497919127,1.497919127,1.607324032
227.825,0,1.537375197,1.537375197,1.54880926
227.85,0,1.575342928,1.575342928,1.488295415
227.875,0,1.611775265,1.611775265,1.426017554
227.9,0,1.646631123,1.646631123,1.362217884
227.925,0,1.679875529,1.679875529,1.297142611
227.95,0,1.711479684,1.711479684,1.231038984
227.975,0,1.741420954,1.741420954,1.164152302
228,0,1.769682782,1.769682782,1.096723223
228.025,0,1.796254542,1.796254542,1.028985142
228.05,0,1.821131334,1.821131334,0.9611620187
228.075,0,1.844313709,1.844313709,0.8934663104
228.1,0,1.865807376,1.865807376,0.8260973959
228.125,0,1.885622847,1.885622847,0.7592401988
228.15,0,1.903775067,1.903775067,0.6930642202
228.175,0,1.920283018,1.920283018,0.6277228511
228.2,0,1.93516931,1.93516931,0.5633530035
228.225,0,1.948459772,1.948459772,0.5000750124
228.25,0,1.96018303,1.96018303,0.4379927989
228.275,0,1.970370113,1.970370113,0.3771942391
228.3,0,1.979054047,1.979054047,0.3177517343
228.325,0,1.986269484,1.986269484,0.2597229294
228.35,0,1.992052343,1.992052343,0.2031515393
228.375,0,1.996439466,1.996439466,0.1480683059
228.4,0,1.999468318,1.999468318,0.09449195437
228.425,0,2.001176689,2.001176689,0.04243025374
228.45,0,2.001602437,2.001602437,-0.008118962844
228.475,0,2.000783255,2.000783255,-0.05716675553
228.5,0,1.998756455,1.998756455,-0.1047320661
228.525,0,1.995558792,1.995558792,-0.1508407428
228.55,0,1.991226293,1.991226293,-0.1955246099
228.575,0,1.985794128,1.985794128,-0.2388205925
228.6,0,1.979296487,1.979296487,-0.2807699027
228.625,0,1.971766483,1.971766483,-0.3214172821
228.65,0,1.963236076,1.963236076,-0.3608103158
228.675,0,1.953736005,1.953736005,-0.3989988109
228.7,0,1.943295745,1.943295745,-0.4360342289
228.725,0,1.931943465,1.931943465,-0.4719691909
228.75,0,1.919706011,1.919706011,-0.5068570358
228.775,0,1.906608892,1.906608892,-0.5407514285
228.8,0,1.892676271,1.892676271,-0.5737060326
228.825,0,1.877930977,1.877930977,-0.6057742124
228.85,0,1.862394507,1.862394507,-0.6370087958
228.875,0,1.846087049,1.846087049,-0.6674618614
228.9,0,1.8290275,1.8290275,-0.6971845717
228.925,0,1.811233489,1.811233489,-0.7262270296
228.95,0,1.792721409,1.792721409,-0.7546381678
228.975,0,1.773506444,1.773506444,-0.7824656586
229,0,1.753602603,1.753602603,-0.809755847
229.025,0,1.733022754,1.733022754,-0.836553699
229.05,0,1.711778658,1.711778658,-0.862902768
229.075,0,1.689881005,1.689881005,-0.8888451698
229.1,0,1.667339449,1.667339449,-0.9144215705
229.125,0,1.644162649,1.644162649,-0.9396711807
229.15,0,1.620358299,1.620358299,-0.964631756
229.175,0,1.595933166,1.595933166,-0.9893396003
229.2,0,1.570893133,1.570893133,-1.013829574
229.225,0,1.545243225,1.545243225,-1.0381351
229.25,0,1.518987648,1.518987648,-1.062288169
229.275,0,1.492129832,1.492129832,-1.086319348
229.3,0,1.464672453,1.464672453,-1.110257778
229.325,0,1.436617484,1.436617484,-1.134131174
229.35,0,1.407966218,1.407966218,-1.157965813
229.375,0,1.378719309,1.378719309,-1.181786526
229.4,0,1.348876812,1.348876812,-1.205616669
229.425,0,1.318438215,1.318438215,-1.229478096
229.45,0,1.287402477,1.287402477,-1.253391124
229.475,0,1.255768071,1.255768071,-1.277374477
229.5,0,1.223533025,1.223533025,-1.301445224
229.525,0,1.190694953,1.190694953,-1.325618723
229.55,0,1.157251118,1.157251118,-1.349908515
229.575,0,1.123198462,1.123198462,-1.374326235
229.6,0,1.088533659,1.088533659,-1.398881514
229.625,0,1.053253176,1.053253176,-1.423581824
229.65,0,1.017353317,1.017353317,-1.448432351
229.675,0,0.9808302827,0.9808302827,-1.473435852
229.7,0,0.9436802468,0.9436802468,-1.498592439
229.725,0,0.9058994079,0.9058994079,-1.52389942
229.75,0,0.8674840683,0.8674840683,-1.549351092
229.775,0,0.828430721,0.828430721,-1.574938473
229.8,0,0.7887361173,0.7887361173,-1.600649107
229.825,0,0.748397372,0.748397372,-1.626466777
229.85,0,0.7074120547,0.7074120547,-1.652371223
229.875,0,0.6657782908,0.6657782908,-1.67833788
229.9,0,0.6234948843,0.6234948843,-1.704337534
229.925,0,0.5805614222,0.5805614222,-1.730336055
229.95,0,0.5369784177,0.5369784177,-1.756294036
229.975,0,0.4927474317,0.4927474317,-1.782166499
230,0,0.4478712276,0.4478712276,-1.807902559
230.025,0,0.4023539145,0.4023539145,-1.833445117
230.05,0,0.3562011126,0.3562011126,-1.858730557
230.075,0,0.309420114,0.309420114,-1.88368847
230.1,0,0.262020062,0.262020062,-1.908241402
230.125,0,0.2140121226,0.2140121226,-1.932304653
230.15,0,0.1654096754,0.1654096754,-1.955786116
230.175,0,0.1162284932,0.1162284932,-1.978586182
230.2,0,0.066486935,0.066486935,-2.000597731
230.225,0,0.01620613048,0.01620613048,-2.021706196
230.25,0,-0.03458983573,-0.03458983573,-2.041789746
230.275,0,-0.0858737445,-0.0858737445,-2.060719585
230.3,0,-0.1376150744,-0.1376150744,-2.078360376
230.325,0,-0.1897798454,-0.1897798454,-2.094570817
230.35,0,-0.2423304761,-0.2423304761,-2.109204396
230.375,0,-0.2952256682,-0.2952256682,-2.122110264
230.4,0,-0.3484203085,-0.3484203085,-2.133134355
230.425,0,-0.4018654042,-0.4018654042,-2.142120623
230.45,0,-0.4555080527,-0.4555080527,-2.148912508
230.475,0,-0.5092914471,-0.5092914471,-2.153354557
230.5,0,-0.5631549257,-0.5631549257,-2.155294199
230.525,0,-0.6170340705,-0.6170340705,-2.154583708
230.55,0,-0.6708608508,-0.6708608508,-2.15108225
230.575,0,-0.7245638235,-0.7245638235,-2.144658036
230.6,0,-0.7780683879,-0.7780683879,-2.135190545
230.625,0,-0.831297094,-0.831297094,-2.122572736
230.65,0,-0.8841700058,-0.8841700058,-2.106713224
230.675,0,-0.9366051215,-0.9366051215,-2.087538371
230.7,0,-0.9885188408,-0.9885188408,-2.064994216
230.725,0,-1.039826477,-1.039826477,-2.039048192
230.75,0,-1.090442814,-1.090442814,-2.009690575
230.775,0,-1.140282688,-1.140282688,-1.976935623
230.8,0,-1.189261602,-1.189261602,-1.940822325
230.825,0,-1.237296345,-1.237296345,-1.901414763
230.85,0,-1.284305623,-1.284305623,-1.858802028
230.875,0,-1.330210676,-1.330210676,-1.813097694
230.9,0,-1.374935881,-1.374935881,-1.764438836
230.925,0,-1.418409318,-1.418409318,-1.712984623
230.95,0,-1.460563307,-1.460563307,-1.658914484
230.975,0,-1.501334885,-1.501334885,-1.602425927
231,0,-1.540666223,-1.540666223,-1.543732048
231.025,0,-1.578504989,-1.578504989,-1.483058744
231.05,0,-1.614804628,-1.614804628,-1.42064182
231.075,0,-1.649524571,-1.649524571,-1.356723928
231.1,0,-1.682630369,-1.682630369,-1.29155148
231.125,0,-1.714093751,-1.714093751,-1.225371691
231.15,0,-1.743892601,-1.743892601,-1.158429542
231.175,0,-1.772010879,-1.772010879,-1.090965188
231.2,0,-1.79843845,-1.79843845,-1.023211293
231.225,0,-1.823170893,-1.823170893,-0.9553909183
231.25,0,-1.846209208,-1.846209208,-0.8877154608
231.275,0,-1.867559529,-1.867559529,-0.8203831222
231.3,0,-1.887232758,-1.887232758,-0.7535775413
231.325,0,-1.905244201,-1.905244201,-0.6874668743
231.35,0,-1.921613164,-1.921613164,-0.6222031167
231.375,0,-1.936362548,-1.936362548,-0.5579217705
231.4,0,-1.949518436,-1.949518436,-0.4947417632
231.425,0,-1.961109673,-1.961109673,-0.4327656338
231.45,0,-1.971167475,-1.971167475,-0.3720799136
231.475,0,-1.979725019,-1.979725019,-0.3127557223
231.5,0,-1.986817081,-1.986817081,-0.2548494781
231.525,0,-1.992479668,-1.992479668,-0.1984037628
231.55,0,-1.996749691,-1.996749691,-0.143448247
231.575,0,-1.99966465,-1.99966465,-0.0900006895
231.6,0,-2.001262351,-2.001262351,-0.0380679705
231.625,0,-2.001580649,-2.001580649,0.01235287483
231.65,0,-2.000657211,-2.000657211,0.06127361606
231.675,0,-1.998529308,-1.998529308,0.10871382
231.7,0,-1.995233639,-1.995233639,0.1546998792
231.725,0,-1.990806165,-1.990806165,0.1992640853
231.75,0,-1.985281974,-1.985281974,0.2424437608
231.775,0,-1.978695169,-1.978695169,0.2842804448
231.8,0,-1.971078769,-1.971078769,0.3248191469
231.825,0,-1.962464631,-1.962464631,0.3641076672
231.85,0,-1.952883388,-1.952883388,0.402195972
231.875,0,-1.942364404,-1.942364404,0.4391356404
231.9,0,-1.930935739,-1.930935739,0.4749793732
231.925,0,-1.918624124,-1.918624124,0.5097805482
231.95,0,-1.905454952,-1.905454952,0.5435928458
231.975,0,-1.891452275,-1.891452275,0.5764699122
232,0,-1.876638805,-1.876638805,0.6084650762
232.025,0,-1.86103593,-1.86103593,0.6396311094
232.05,0,-1.844663726,-1.844663726,0.6700200179
232.075,0,-1.827540979,-1.827540979,0.6996828802
232.1,0,-1.809685215,-1.809685215,0.7286697023
232.125,0,-1.791112721,-1.791112721,0.757029314
232.15,0,-1.771838579,-1.771838579,0.784809276
232.175,0,-1.751876702,-1.751876702,0.8120558182
232.2,0,-1.73123986,-1.73123986,0.8388137874
232.225,0,-1.709939722,-1.709939722,0.8651266151
232.25,0,-1.687986888,-1.687986888,0.8910362944
232.275,0,-1.665390928,-1.665390928,0.9165833675
232.3,0,-1.642160415,-1.642160415,0.941806921
232.325,0,-1.618302964,-1.618302964,0.9667445867
232.35,0,-1.593825267,-1.593825267,0.9914325457
232.375,0,-1.568733127,-1.568733127,1.015905535
232.4,0,-1.543031503,-1.543031503,1.040196855
232.425,0,-1.516724533,-1.516724533,1.064338377
232.45,0,-1.489815578,-1.489815578,1.088360546
232.475,0,-1.462307258,-1.462307258,1.11229238
232.5,0,-1.434201482,-1.434201482,1.136161473
232.525,0,-1.405499488,-1.405499488,1.159993981
232.55,0,-1.376201882,-1.376201882,1.183814607
232.575,0,-1.346308663,-1.346308663,1.207646584
232.6,0,-1.315819276,-1.315819276,1.231511636
232.625,0,-1.284732638,-1.284732638,1.255429943
232.65,0,-1.253047179,-1.253047179,1.279420095
232.675,0,-1.220760892,-1.220760892,1.30349902
232.7,0,-1.187871363,-1.187871363,1.327681914
232.725,0,-1.154375818,-1.154375818,1.351982172
232.75,0,-1.120271179,-1.120271179,1.376411262
232.775,0,-1.085554103,-1.085554103,1.400978623
232.8,0,-1.050221034,-1.050221034,1.425691554
232.825,0,-1.014268269,-1.014268269,1.450555037
232.85,0,-0.9776920067,-0.9776920067,1.475571598
232.875,0,-0.9404884127,-0.9404884127,1.500741139
232.9,0,-0.902653698,-0.902653698,1.526060707
232.925,0,-0.8641841772,-0.8641841772,1.551524323
232.95,0,-0.8250763567,-0.8250763567,1.577122739
232.975,0,-0.7853270225,-0.7853270225,1.602843169
233,0,-0.7449333184,-0.7449333184,1.628669075
233.025,0,-0.7038928601,-0.7038928601,1.654579839
233.05,0,-0.6622038266,-0.6622038266,1.680550506
233.075,0,-0.6198650805,-0.6198650805,1.706551469
233.1,0,-0.5768762877,-0.5768762877,1.732548146
233.125,0,-0.5332380394,-0.5332380394,1.758500682
233.15,0,-0.4889519988,-0.4889519988,1.784363597
233.175,0,-0.4440210329,-0.4440210329,1.810085499
233.2,0,-0.3984493775,-0.3984493775,1.835608738
233.225,0,-0.3522427846,-0.3522427846,1.860869134
233.25,0,-0.3054087008,-0.3054087008,1.885795685
233.275,0,-0.257956431,-0.257956431,1.910310331
233.3,0,-0.2098973256,-0.2098973256,1.934327744
233.325,0,-0.1612449584,-0.1612449584,1.957755182
233.35,0,-0.1120153161,-0.1120153161,1.980492396
233.375,0,-0.06222698646,-0.06222698646,2.002431626
233.4,0,-0.01190134272,-0.01190134272,2.02345768
233.425,0,0.03893726953,0.03893726953,2.043448121
233.45,0,0.09026135683,0.09026135683,2.062273576
233.475,0,0.1420401095,0.1420401095,2.079798175
233.5,0,0.1942392454,0.1942392454,2.095880148
233.525,0,0.2468208717,0.2468208717,2.110372563
233.55,0,0.2997433685,0.2997433685,2.123124265
233.575,0,0.3529612938,0.3529612938,2.133980963
233.6,0,0.4064253236,0.4064253236,2.142786504
233.625,0,0.4600822215,0.4600822215,2.149384366
233.65,0,0.5138748496,0.5138748496,2.153619257
233.675,0,0.5677422229,0.5677422229,2.155338952
233.7,0,0.6216196086,0.6216196086,2.154396228
233.725,0,0.6754386769,0.6754386769,2.150650928
233.75,0,0.7291277059,0.7291277059,2.143972145
233.775,0,0.7826118393,0.7826118393,2.134240418
233.8,0,0.8358133997,0.8358133997,2.12134995
233.825,0,0.8886522591,0.8886522591,2.10521079
233.85,0,0.9410462609,0.9410462609,2.085750905
233.875,0,0.9929116911,0.9929116911,2.06291809
233.9,0,1.044163796,1.044163796,2.036681668
233.925,0,1.09471734,1.09471734,2.007033922
233.95,0,1.144487193,1.144487193,1.973991188
233.975,0,1.193388944,1.193388944,1.937594585
234,0,1.241339518,1.241339518,1.897910333
234.025,0,1.288257816,1.288257816,1.855029635
234.05,0,1.33406532,1.33406532,1.809068108
234.075,0,1.3786867,1.3786867,1.760164774
234.1,0,1.422050379,1.422050379,1.708480597
234.125,0,1.464089061,1.464089061,1.654196635
234.15,0,1.5047402,1.5047402,1.597511836
234.175,0,1.543946427,1.543946427,1.53864048
234.2,0,1.581655891,1.581655891,1.477809431
234.225,0,1.617822537,1.617822537,1.415255205
234.25,0,1.652406316,1.652406316,1.35122087
234.275,0,1.685373302,1.685373302,1.285953061
234.3,0,1.716695749,1.716695749,1.219698861
234.325,0,1.746352066,1.746352066,1.15270301
234.35,0,1.774326717,1.774326717,1.085205052
234.375,0,1.80061007,1.80061007,1.017436973
234.4,0,1.825198169,1.825198169,0.9496208708
234.425,0,1.84809247,1.84809247,0.8819671093
234.45,0,1.869299523,1.869299523,0.8146726739
234.475,0,1.888830622,1.888830622,0.7479199313
234.5,0,1.906701429,1.906701429,0.6818756765
234.525,0,1.92293157,1.92293157,0.6166905131
234.55,0,1.937544235,1.937544235,0.5524985295
234.575,0,1.950565757,1.950565757,0.4894172501
234.6,0,1.962025201,1.962025201,0.4275478293
234.625,0,1.971953962,1.971953962,0.3669754655
234.65,0,1.980385369,1.980385369,0.3077699948
234.675,0,1.987354316,1.987354316,0.2499866205
234.7,0,1.992896899,1.992896899,0.1936667951
234.725,0,1.997050094,1.997050094,0.1388391232
234.75,0,1.999851434,1.999851434,0.08552041117
234.775,0,2.001338741,2.001338741,0.03371665007
234.8,0,2.001549862,2.001549862,-0.01657590993
234.825,0,2.000522437,2.000522437,-0.06536974162
234.85,0,1.998293698,1.998293698,-0.1126850307
234.875,0,1.994900284,1.994900284,-0.1585487067
234.9,0,1.990378088,1.990378088,-0.2029935237
234.925,0,1.984762119,1.984762119,-0.246057193
234.95,0,1.97808639,1.97808639,-0.2877815771
234.975,0,1.970383824,1.970383824,-0.3282119498
235,0,1.961686176,1.961686176,-0.3673963185
235.025,0,1.952023974,1.952023974,-0.4053848065
235.05,0,1.941426471,1.941426471,-0.442229109
235.075,0,1.929921614,1.929921614,-0.4779819986
235.1,0,1.917536021,1.917536021,-0.5126968936
235.125,0,1.904294972,1.904294972,-0.5464274848
235.15,0,1.890222403,1.890222403,-0.5792273997
235.175,0,1.875340913,1.875340913,-0.6111499312
235.2,0,1.859671778,1.859671778,-0.6422477904
235.225,0,1.843234963,1.843234963,-0.672572913
235.25,0,1.826049147,1.826049147,-0.702176289
235.275,0,1.808131747,1.808131747,-0.7311078301
235.3,0,1.789498948,1.789498948,-0.7594162594
235.325,0,1.770165731,1.770165731,-0.7871490282
235.35,0,1.750145909,1.750145909,-0.814352249
235.375,0,1.729452158,1.729452158,-0.8410706503
235.4,0,1.708096055,1.708096055,-0.8673475411
235.425,0,1.686088111,1.686088111,-0.8932247918
235.45,0,1.663437808,1.663437808,-0.9187428205
235.475,0,1.640153638,1.640153638,-0.9439405902
235.5,0,1.616243135,1.616243135,-0.9688556085
235.525,0,1.591712914,1.591712914,-0.9935239337
235.55,0,1.566568705,1.566568705,-1.01798018
235.575,0,1.540815395,1.540815395,-1.042257527
235.6,0,1.514457055,1.514457055,-1.066387722
235.625,0,1.487496981,1.487496981,-1.09040109
235.65,0,1.459937732,1.459937732,-1.114326528
235.675,0,1.431781159,1.431781159,-1.138191508
235.7,0,1.403028443,1.403028443,-1.162022063
235.725,0,1.373680137,1.373680137,-1.185842772
235.75,0,1.343736195,1.343736195,-1.209676739
235.775,0,1.313196009,1.313196009,-1.233545562
235.8,0,1.282058458,1.282058458,-1.257469285
235.825,0,1.250321934,1.250321934,-1.281466357
235.85,0,1.217984387,1.217984387,-1.305553568
235.875,0,1.185043378,1.185043378,-1.32974596
235.9,0,1.151496104,1.151496104,-1.354056763
235.925,0,1.117339457,1.117339457,-1.378497289
235.95,0,1.08257008,1.08257008,-1.403076792
235.975,0,1.047184401,1.047184401,-1.427802375
236,0,1.011178702,1.011178702,-1.452678832
236.025,0,0.9745491819,0.9745491819,-1.47770846
236.05,0,0.9372920059,0.9372920059,-1.502890924
236.075,0,0.8994033867,0.8994033867,-1.528223038
236.1,0,0.8608796585,0.8608796585,-1.553698537
236.125,0,0.8217173438,0.8217173438,-1.579307888
236.15,0,0.7819132562,0.7819132562,-1.605038001
236.175,0,0.7414645779,0.7414645779,-1.630871989
236.2,0,0.7003689639,0.7003689639,-1.656788891
236.225,0,0.6586246525,0.6586246525,-1.682763357
236.25,0,0.6162305651,0.6162305651,-1.708765375
236.275,0,0.5731864443,0.5731864443,-1.734759923
236.3,0,0.5294929659,0.5294929659,-1.76070668
236.325,0,0.4851518898,0.4851518898,-1.786559679
236.35,0,0.4401661943,0.4401661943,-1.812267002
236.375,0,0.3945402368,0.3945402368,-1.837770458
236.4,0,0.348279908,0.348279908,-1.863005295
236.425,0,0.3013928052,0.3013928052,-1.88789992
236.45,0,0.2538884006,0.2538884006,-1.912375661
236.475,0,0.2057782271,0.2057782271,-1.936346564
236.5,0,0.1570760556,0.1570760556,-1.959719249
236.525,0,0.1077980883,0.1077980883,-1.98239283
236.55,0,0.05796314149,0.05796314149,-2.004258907
236.575,0,0.007592835152,0.007592835152,-2.025201662
236.6,0,-0.0432882239,-0.0432882239,-2.045098057
236.625,0,-0.09465226671,-0.09465226671,-2.063818142
236.65,0,-0.1464681936,-0.1464681936,-2.081225523
236.675,0,-0.1987014198,-0.1987014198,-2.097177959
236.7,0,-0.2513137403,-0.2513137403,-2.111528117
236.725,0,-0.3042632122,-0.3042632122,-2.124124536
236.75,0,-0.3575040653,-0.3575040653,-2.134812701
236.775,0,-0.4109866433,-0.4109866433,-2.143436386
236.8,0,-0.4646573762,-0.4646573762,-2.149839093
236.825,0,-0.5184587963,-0.5184587963,-2.153865725
236.85,0,-0.5723295948,-0.5723295948,-2.155364407
236.875,0,-0.6262047258,-0.6262047258,-2.154188427
236.9,0,-0.6800155624,-0.6800155624,-2.150198339
236.925,0,-0.7336901052,-0.7336901052,-2.143264121
236.95,0,-0.7871532439,-0.7871532439,-2.133267387
236.975,0,-0.8403270778,-0.8403270778,-2.120103606
237,0,-0.8931312894,-0.8931312894,-2.103684277
237.025,0,-0.9454835701,-0.9454835701,-2.083938981
237.05,0,-0.9973000958,-0.9973000958,-2.060817281
237.075,0,-1.048496051,-1.048496051,-2.034290406
237.1,0,-1.098986185,-1.098986185,-2.004352648
237.125,0,-1.148685406,-1.148685406,-1.97102243
237.15,0,-1.19750939,-1.19750939,-1.934343002
237.175,0,-1.245375208,-1.245375208,-1.894382722
237.2,0,-1.292201956,-1.292201956,-1.851234897
237.225,0,-1.337911365,-1.337911365,-1.805017189
237.25,0,-1.382428402,-1.382428402,-1.755870543
237.275,0,-1.425681835,-1.425681835,-1.703957714
237.3,0,-1.467604753,-1.467604753,-1.64946138
237.325,0,-1.50813504,-1.50813504,-1.592581888
237.35,0,-1.54721578,-1.54721578,-1.533534699
237.375,0,-1.584795607,-1.584795607,-1.472547631
237.4,0,-1.620828971,-1.620828971,-1.409857856
237.425,0,-1.655276338,-1.655276338,-1.345708881
237.45,0,-1.688104311,-1.688104311,-1.280347489
237.475,0,-1.719285668,-1.719285668,-1.21402067
237.5,0,-1.748799338,-1.748799338,-1.146972835
237.525,0,-1.776630295,-1.776630295,-1.079442973
237.55,0,-1.802769399,-1.802769399,-1.011662308
237.575,0,-1.827213166,-1.827213166,-0.943852012
237.6,0,-1.849963501,-1.849963501,-0.87622137
237.625,0,-1.871027367,-1.871027367,-0.8089661612
237.65,0,-1.890416451,-1.890416451,-0.742267466
237.675,0,-1.908146762,-1.908146762,-0.6762907149
237.7,0,-1.924238251,-1.924238251,-0.6111851175
237.725,0,-1.938714388,-1.938714388,-0.5470833488
237.75,0,-1.951601755,-1.951601755,-0.4841015297
237.775,0,-1.962929633,-1.962929633,-0.4223394352
237.8,0,-1.972729594,-1.972729594,-0.361880935
237.825,0,-1.981035119,-1.981035119,-0.3027945809
237.85,0,-1.987881212,-1.987881212,-0.2451343814
237.875,0,-1.993304062,-1.993304062,-0.1889406449
237.9,0,-1.997340698,-1.997340698,-0.1342409457
237.925,0,-2.000028694,-2.000028694,-0.08105111788
237.95,0,-2.001405882,-2.001405882,-0.02937628785
237.975,0,-2.001510098,-2.001510098,0.02078807762
238,0,-2.000378957,-2.000378957,0.06945514677
238.025,0,-1.998049647,-1.998049647,0.1166457166
238.05,0,-1.994558748,-1.994558748,0.1623872477
238.075,0,-1.989942084,-1.989942084,0.2067129494
238.1,0,-1.984234583,-1.984234583,0.2496609162
238.125,0,-1.977470169,-1.977470169,0.2912733289
238.15,0,-1.969681668,-1.969681668,0.3315957209
238.175,0,-1.960900732,-1.960900732,0.3706763011
238.2,0,-1.951157783,-1.951157783,0.4085653476
238.225,0,-1.940481963,-1.940481963,0.4453146666
238.25,0,-1.928901107,-1.928901107,0.4809771003
238.275,0,-1.91644172,-1.91644172,0.5156061054
238.3,0,-1.903128966,-1.903128966,0.5492553783
238.325,0,-1.888986668,-1.888986668,0.5819785288
238.35,0,-1.874037313,-1.874037313,0.6138288094
238.375,0,-1.858302063,-1.858302063,0.6448588715
238.4,0,-1.841800772,-1.841800772,0.6751205776
238.425,0,-1.824552012,-1.824552012,0.7046648293
238.45,0,-1.806573094,-1.806573094,0.7335414424
238.475,0,-1.787880099,-1.787880099,0.7617990335
238.5,0,-1.768487906,-1.768487906,0.7894849431
238.525,0,-1.748410232,-1.748410232,0.8166451668
238.55,0,-1.727659656,-1.727659656,0.8433243139
238.575,0,-1.706247665,-1.706247665,0.8695655715
238.6,0,-1.684184679,-1.684184679,0.8954106864
238.625,0,-1.661480095,-1.661480095,0.9208999532
238.65,0,-1.638142323,-1.638142323,0.9460722108
238.675,0,-1.614178814,-1.614178814,0.9709648431
238.7,0,-1.58959611,-1.58959611,0.9956137853
238.725,0,-1.564399868,-1.564399868,1.020053529
238.75,0,-1.538594901,-1.538594901,1.044317132
238.775,0,-1.512185216,-1.512185216,1.06843622
238.8,0,-1.485174043,-1.485174043,1.092440997
238.825,0,-1.457563877,-1.457563877,1.116360239
238.85,0,-1.429356515,-1.429356515,1.140221294
238.875,0,-1.400553082,-1.400553082,1.164050074
238.9,0,-1.371154076,-1.371154076,1.187871034
238.925,0,-1.341159404,-1.341159404,1.211707148
238.95,0,-1.310568413,-1.310568413,1.235579886
238.975,0,-1.279379937,-1.279379937,1.25950916
239,0,-1.247592331,-1.247592331,1.283513275
239.025,0,-1.215203511,-1.215203511,1.307608878
239.05,0,-1.182210999,-1.182210999,1.331810865
239.075,0,-1.148611972,-1.148611972,1.356132299
239.1,0,-1.114403296,-1.114403296,1.380584323
239.125,0,-1.07958159,-1.07958159,1.405176021
239.15,0,-1.044143274,-1.044143274,1.429914295
239.175,0,-1.008084615,-1.008084615,1.454803736
239.2,0,-0.971401808,-0.971401808,1.479846431
239.225,0,-0.9340910218,-0.9340910218,1.505041799
239.25,0,-0.896148473,-0.896148473,1.530386409
239.275,0,-0.8575705106,-0.8575705106,1.555873724
239.3,0,-0.8183536797,-0.8183536797,1.581493914
239.325,0,-0.7784948174,-0.7784948174,1.607233587
239.35,0,-0.7379911474,-0.7379911474,1.633075508
239.375,0,-0.6968403664,-0.6968403664,1.658998362
239.4,0,-0.6550407676,-0.6550407676,1.684976412
239.425,0,-0.6125913385,-0.6125913385,1.710979228
239.45,0,-0.5694918937,-0.5694918937,1.736971357
239.475,0,-0.5257431983,-0.5257431983,1.762912002
239.5,0,-0.481347108,-0.481347108,1.788754709
239.525,0,-0.4363067144,-0.4363067144,1.814447031
239.55,0,-0.3906264973,-0.3906264973,1.839930235
239.575,0,-0.3443124877,-0.3443124877,1.865138995
239.6,0,-0.2973724342,-0.2973724342,1.890001124
239.625,0,-0.2498159786,-0.2498159786,1.914437336
239.65,0,-0.2016548362,-0.2016548362,1.938361052
239.675,0,-0.1529029781,-0.1529029781,1.961678255
239.7,0,-0.1035768218,-0.1035768218,1.984287415
239.725,0,-0.05369541447,-0.05369541447,2.006079499
239.75,0,-0.003280623953,-0.003280623953,2.026938065
239.775,0,0.04764268098,0.04764268098,2.04673947
239.8,0,0.0990464539,0.0990464539,2.065353198
239.825,0,0.1508993044,0.1508993044,2.082642329
239.85,0,0.2031663443,0.2031663443,2.098464159
239.875,0,0.2558090548,0.2558090548,2.112670962
239.9,0,0.3087851702,0.3087851702,2.125110974
239.925,0,0.3620485912,0.3620485912,2.135629479
239.95,0,0.415549329,0.415549329,2.144070168
239.975,0,0.4692334804,0.4692334804,2.150276597
240,0,0.5230432481,0.5230432481,2.154093868
240.025,0,0.5769170002,0.5769170002,2.155370469
240.05,0,0.6307893792,0.6307893792,2.153960225
240.075,0,0.6845914621,0.6845914621,2.149724404
240.1,0,0.7382509737,0.7382509737,2.142533891
240.125,0,0.7916925531,0.7916925531,2.132271391
240.15,0,0.8448380783,0.8448380783,2.118833657
240.175,0,0.897607045,0.897607045,2.102133646
240.2,0,0.9499169965,0.9499169965,2.082102571
240.225,0,1.001684003,1.001684003,2.058691777
240.25,0,1.05282319,1.05282319,2.031874407
240.275,0,1.103249298,1.103249298,2.00164677
240.3,0,1.152877274,1.152877274,1.968029382
240.325,0,1.20162289,1.20162289,1.931067624
240.35,0,1.249403366,1.249403366,1.890831992
240.375,0,1.296137996,1.296137996,1.847417897
240.4,0,1.341748765,1.341748765,1.800945027
240.425,0,1.386160942,1.386160942,1.751556251
240.45,0,1.429303644,1.429303644,1.699416098
240.475,0,1.47111035,1.47111035,1.644708841
240.5,0,1.51151937,1.51151937,1.58763622
240.525,0,1.550474251,1.550474251,1.528414856
240.55,0,1.58792411,1.58792411,1.467273483
240.575,0,1.623823905,1.623823905,1.40444993
240.6,0,1.65813462,1.65813462,1.340188102
240.625,0,1.690823382,1.690823382,1.274734919
240.65,0,1.721863496,1.721863496,1.208337256
240.675,0,1.75123441,1.75123441,1.141239171
240.7,0,1.778921607,1.778921607,1.073679079
240.725,0,1.804916437,1.804916437,1.005887434
240.75,0,1.829215887,1.829215887,0.938084465
240.775,0,1.851822305,1.851822305,0.8704783587
240.8,0,1.872743071,1.872743071,0.8032636928
240.825,0,1.891990254,1.891990254,0.7366202425
240.85,0,1.909580215,1.909580215,0.6707120776
240.875,0,1.925533221,1.925533221,0.6056870075
240.9,0,1.939873024,1.939873024,0.5416762955
240.925,0,1.95262645,1.95262645,0.4787946585
240.95,0,1.96382299,1.96382299,0.4171404991
240.975,0,1.973494395,1.973494395,0.3567963568
241,0,1.98167429,1.98167429,0.2978295126
241.025,0,1.988397792,1.988397792,0.2402927776
241.05,0,1.993701176,1.993701176,0.184225332
241.075,0,1.997621528,1.997621528,0.1296537173
241.1,0,2.000196454,2.000196454,0.07659281064
241.125,0,2.001463796,2.001463796,0.02504687843
241.15,0,2.001461381,2.001461381,-0.02498938847
241.175,0,2.000226794,2.000226794,-0.07352984638
241.2,0,1.997797177,1.997797177,-0.1205958965
241.225,0,1.994209054,1.994209054,-0.1662155243
241.25,0,1.989498175,1.989498175,-0.210422387
241.275,0,1.983699388,1.983699388,-0.2532549571
241.3,0,1.976846526,1.976846526,-0.2947557293
241.325,0,1.968972319,1.968972319,-0.3349704901
241.35,0,1.960108316,1.960108316,-0.3739476463
241.375,0,1.95028483,1.95028483,-0.4117376278
241.4,0,1.939530895,1.939530895,-0.4483923464
241.425,0,1.927874233,1.927874233,-0.4839647115
241.45,0,1.915341234,1.915341234,-0.5185082162
241.475,0,1.901956948,1.901956948,-0.5520765593
241.5,0,1.887745085,1.887745085,-0.5847233322
241.525,0,1.872728018,1.872728018,-0.6165017431
241.55,0,1.856926796,1.856926796,-0.6474643846
241.575,0,1.840361165,1.840361165,-0.6776630427
241.6,0,1.823049587,1.823049587,-0.7071485316
241.625,0,1.805009267,1.805009267,-0.7359705687
241.65,0,1.786256182,1.786256182,-0.764177665
241.675,0,1.766805114,1.766805114,-0.7918170485
241.7,0,1.746669678,1.746669678,-0.8189345988
241.725,0,1.725862362,1.725862362,-0.8455748046
241.75,0,1.704394556,1.704394556,-0.8717807315
241.775,0,1.682276597,1.682276597,-0.8975940028
241.8,0,1.659517793,1.659517793,-0.9230547892
241.825,0,1.636126472,1.636126472,-0.9482018056
241.85,0,1.612110007,1.612110007,-0.9730723125
241.875,0,1.587474861,1.587474861,-0.9977021217
241.9,0,1.56222662,1.56222662,-1.022125603
241.925,0,1.536370025,1.536370025,-1.046375691
241.95,0,1.509909017,1.509909017,-1.070483891
241.975,0,1.482846763,1.482846763,-1.094480285
242,0,1.455185695,1.455185695,-1.118393529
242.025,0,1.426927552,1.426927552,-1.142250848
242.05,0,1.398073404,1.398073404,-1.16607803
242.075,0,1.368623697,1.368623697,-1.189899406
242.1,0,1.338578291,1.338578291,-1.213737825
242.125,0,1.307936487,1.307936487,-1.237614621
242.15,0,1.276697074,1.276697074,-1.261549577
242.175,0,1.244858371,1.244858371,-1.285560858
242.2,0,1.212418259,1.212418259,-1.30966496
242.225,0,1.179374225,1.179374225,-1.333876636
242.25,0,1.145723422,1.145723422,-1.358208784
242.275,0,1.111462692,1.111462692,-1.382672371
242.3,0,1.076588632,1.076588632,-1.407276313
242.325,0,1.041097649,1.041097649,-1.432027313
242.35,0,1.004986005,1.004986005,-1.456929751
242.375,0,0.9682498824,0.9682498824,-1.481985509
242.4,0,0.9308854577,0.9308854577,-1.50719376
242.425,0,0.8928889547,0.8928889547,-1.532550813
242.45,0,0.8542567318,0.8542567318,-1.558049877
242.475,0,0.8149853614,0.8149853614,-1.58368081
242.5,0,0.7750717055,0.7750717055,-1.609429915
242.525,0,0.7345130257,0.7345130257,-1.635279618
242.55,0,0.6933070665,0.6933070665,-1.661208235
242.575,0,0.6514521723,0.6514521723,-1.687189649
242.6,0,0.6089474001,0.6089474001,-1.713193007
242.625,0,0.5657926364,0.5657926364,-1.739182421
242.65,0,0.5219887376,0.5219887376,-1.765116619
242.675,0,0.4775376552,0.4775376552,-1.790948652
242.7,0,0.432442596,0.432442596,-1.816625549
242.725,0,0.3867081628,0.3867081628,-1.842088028
242.75,0,0.3403405287,0.3403405287,-1.867270186
242.775,0,0.2933475942,0.2933475942,-1.892099245
242.8,0,0.2457391726,0.2457391726,-1.916495302
242.825,0,0.1975271623,0.1975271623,-1.940371149
242.85,0,0.1487257367,0.1487257367,-1.963632133
242.875,0,0.09935152901,0.09935152901,-1.986176083
242.9,0,0.04942381965,0.04942381965,-2.007893331
242.925,0,-0.00103527485,-0.00103527485,-2.02866681
242.95,0,-0.05200062248,-0.05200062248,-2.048372279
242.975,0,-0.1034438982,-0.1034438982,-2.066878656
243,0,-0.1553334193,-0.1553334193,-2.084048505
243.025,0,-0.2076339939,-0.2076339939,-2.099738653
243.05,0,-0.2603067882,-0.2603067882,-2.113801005
243.075,0,-0.3133092127,-0.3133092127,-2.126083484
243.1,0,-0.3665948397,-0.3665948397,-2.136431196
243.125,0,-0.4201133464,-0.4201133464,-2.144687758
243.15,0,-0.4738104974,-0.4738104974,-2.150696781
243.175,0,-0.5276281661,-0.5276281661,-2.154303595
243.2,0,-0.5815043978,-0.5815043978,-2.155357054
243.225,0,-0.635373525,-0.635373525,-2.153711537
243.25,0,-0.6891663305,-0.6891663305,-2.149229048
243.275,0,-0.7428102646,-0.7428102646,-2.141781388
243.3,0,-0.7962297178,-0.7962297178,-2.131252371
243.325,0,-0.8493463507,-0.8493463507,-2.117540051
243.35,0,-0.902079475,-0.902079475,-2.100558861
243.375,0,-0.9543464881,-0.9543464881,-2.080241652
243.4,0,-1.00606336,-1.00606336,-2.056541569
243.425,0,-1.057145162,-1.057145162,-2.029433677
243.45,0,-1.107506626,-1.107506626,-1.99891631
243.475,0,-1.157062746,-1.157062746,-1.965012079
243.5,0,-1.205729394,-1.205729394,-1.927768503
243.525,0,-1.253423942,-1.253423942,-1.88725821
243.55,0,-1.300065888,-1.300065888,-1.843578712
243.575,0,-1.345577475,-1.345577475,-1.796851718
243.6,0,-1.389884279,-1.389884279,-1.747222005
243.625,0,-1.432915767,-1.432915767,-1.694855864
243.65,0,-1.474605812,-1.474605812,-1.639939151
243.675,0,-1.514893158,-1.514893158,-1.582674968
243.7,0,-1.55372181,-1.55372181,-1.523281093
243.725,0,-1.591041376,-1.591041376,-1.461987141
243.75,0,-1.626807319,-1.626807319,-1.399031572
243.775,0,-1.660981143,-1.660981143,-1.334658694
243.8,0,-1.6935305,-1.6935305,-1.269115495
243.825,0,-1.724429223,-1.724429223,-1.202648778
243.85,0,-1.753657275,-1.753657275,-1.135502155
243.875,0,-1.78120065,-1.78120065,-1.067913517
243.9,0,-1.807051183,-1.807051183,-1.000112482
243.925,0,-1.831206335,-1.831206335,-0.9323183529
243.95,0,-1.853668888,-1.853668888,-0.8647381925
243.975,0,-1.874446643,-1.874446643,-0.7975653743
244,0,-1.893552044,-1.893552044,-0.7309783575
244.025,0,-1.911001802,-1.911001802,-0.6651398509
244.05,0,-1.926816499,-1.926816499,-0.6001962593
244.075,0,-1.94102016,-1.94102016,-0.5362774356
244.1,0,-1.953639859,-1.953639859,-0.4734966934
244.125,0,-1.964705292,-1.964705292,-0.4119510678
244.15,0,-1.974248385,-1.974248385,-0.3517217688
244.175,0,-1.982302904,-1.982302904,-0.2928748185
244.2,0,-1.988904079,-1.988904079,-0.2354618294
244.225,0,-1.994088266,-1.994088266,-0.1795208674
244.25,0,-1.997892606,-1.997892606,-0.1250774446
244.275,0,-2.000354736,-2.000354736,-0.07214548945
244.3,0,-2.001512507,-2.001512507,-0.02072841604
244.325,0,-2.001403733,-2.001403733,0.02917985317
244.35,0,-2.000065969,-2.000065969,0.07759385558
244.375,0,-1.997536311,-1.997536311,0.1245355898
244.4,0,-1.993851222,-1.993851222,0.1700335587
244.425,0,-1.989046381,-1.989046381,0.2141218613
244.45,0,-1.983156554,-1.983156554,0.256839343
244.475,0,-1.976215482,-1.976215482,0.2982288079
244.5,0,-1.968255797,-1.968255797,0.338336288
244.525,0,-1.959308946,-1.959308946,0.377210386
244.55,0,-1.949405135,-1.949405135,0.4149016796
244.575,0,-1.938573286,-1.938573286,0.4514621803
244.6,0,-1.926841008,-1.926841008,0.4869448662
244.625,0,-1.914234578,-1.914234578,0.5214032593
244.65,0,-1.900778933,-1.900778933,0.5548910612
244.675,0,-1.886497667,-1.886497667,0.5874618422
244.7,0,-1.87141304,-1.87141304,0.6191687642
244.725,0,-1.85554599,-1.85554599,0.6500643612
244.75,0,-1.838916152,-1.838916152,0.680200339
244.775,0,-1.82154188,-1.82154188,0.7096274262
244.8,0,-1.803440274,-1.803440274,0.7383952384
244.825,0,-1.784627208,-1.784627208,0.7665521828
244.85,0,-1.765117363,-1.765117363,0.7941453725
244.875,0,-1.744924256,-1.744924256,0.821220572
244.9,0,-1.72406028,-1.72406028,0.8478221486
244.925,0,-1.702536737,-1.702536737,0.8739930465
244.95,0,-1.680363871,-1.680363871,0.8997747653
244.975,0,-1.657550908,-1.657550908,0.9252073519
245,0,-1.63410609,-1.63410609,0.9503293971
245.025,0,-1.610036716,-1.610036716,0.9751780382
245.05,0,-1.585349169,-1.585349169,0.9997889635
245.075,0,-1.560048962,-1.560048962,1.02419642
245.1,0,-1.53414077,-1.53414077,1.048433222
245.125,0,-1.507628461,-1.507628461,1.072530752
245.15,0,-1.480515143,-1.480515143,1.096518971
245.175,0,-1.452803186,-1.452803186,1.120426413
245.2,0,-1.424494268,-1.424494268,1.144280184
245.225,0,-1.39558941,-1.39558941,1.168105945
245.25,0,-1.366089003,-1.366089003,1.191927902
245.275,0,-1.335992856,-1.335992856,1.21576878
245.3,0,-1.305300229,-1.305300229,1.23964978
245.325,0,-1.27400987,-1.27400987,1.263590547
245.35,0,-1.242120052,-1.242120052,1.287609115
245.375,0,-1.209628628,-1.209628628,1.311721827
245.4,0,-1.176533056,-1.176533056,1.335943278
245.425,0,-1.14283045,-1.14283045,1.360286221
245.45,0,-1.108517641,-1.108517641,1.384761441
245.475,0,-1.073591204,-1.073591204,1.409377667
245.5,0,-1.038047526,-1.038047526,1.434141429
245.525,0,-1.001882867,-1.001882867,1.459056885
245.55,0,-0.965093405,-0.965093405,1.48412569
245.575,0,-0.9276753118,-0.9276753118,1.509346801
245.6,0,-0.8896248279,-0.8896248279,1.534716252
245.625,0,-0.8509383216,-0.8509383216,1.560226984
245.65,0,-0.8116123866,-0.8116123866,1.585868568
245.675,0,-0.7716439195,-0.7716439195,1.611626972
245.7,0,-0.731030212,-0.731030212,1.637484303
245.725,0,-0.6897690624,-0.6897690624,1.663418494
245.75,0,-0.6478588666,-0.6478588666,1.689403047
245.775,0,-0.6052987493,-0.6052987493,1.715406691
245.8,0,-0.5620886747,-0.5620886747,1.741393087
245.825,0,-0.5182295848,-0.5182295848,1.7673205
245.85,0,-0.4737235351,-0.4737235351,1.793141473
245.875,0,-0.4285738421,-0.4285738421,1.818802517
245.9,0,-0.3827852388,-0.3827852388,1.844243792
245.925,0,-0.336364036,-0.336364036,1.869398823
245.95,0,-0.2893182924,-0.2893182924,1.894194231
245.975,0,-0.2416579903,-0.2416579903,1.918549501
246,0,-0.1933952149,-0.1933952149,1.942376794
246.025,0,-0.1445443425,-0.1445443425,1.965580818
246.05,0,-0.09512222273,-0.09512222273,1.988058764
246.075,0,-0.04514837195,-0.04514837195,2.009700326
246.1,0,0.0053548448,0.0053548448,2.030387818
246.125,0,0.05636202999,0.05636202999,2.049996401
246.15,0,0.1078445788,0.1078445788,2.068394431
246.175,0,0.1597705155,0.1597705155,2.085443957
246.2,0,0.2121043439,0.2121043439,2.101001354
246.225,0,0.2648069126,0.2648069126,2.114918148
246.25,0,0.3178353103,0.3178353103,2.127041973
246.275,0,0.3711427782,0.3711427782,2.137217761
246.3,0,0.4246786607,0.4246786607,2.145289053
246.325,0,0.4783883903,0.4783883903,2.151099554
246.35,0,0.5322135106,0.5322135106,2.154494812
246.375,0,0.5860917459,0.5860917459,2.155324071
246.4,0,0.6399571198,0.6399571198,2.153442282
246.425,0,0.6937401216,0.6937401216,2.148712194
246.45,0,0.7473679296,0.7473679296,2.141006541
246.475,0,0.8007646892,0.8007646892,2.13021027
246.5,0,0.853851845,0.853851845,2.116222744
246.525,0,0.9065485269,0.9065485269,2.098959883
246.55,0,0.9587719929,0.9587719929,2.078356201
246.575,0,1.010438115,1.010438115,2.054366648
246.6,0,1.061461912,1.061461912,2.026968221
246.625,0,1.111758115,1.111758115,1.996161286
246.65,0,1.161241771,1.161241771,1.961970558
246.675,0,1.209828852,1.209828852,1.92444569
246.7,0,1.257436887,1.257436887,1.883661445
246.725,0,1.303985586,1.303985586,1.839717427
246.75,0,1.349397451,1.349397451,1.792737357
246.775,0,1.39359837,1.39359837,1.742867913
246.8,0,1.436518164,1.436518164,1.690277137
246.825,0,1.478091106,1.478091106,1.635152436
246.85,0,1.51825637,1.51825637,1.577698275
246.875,0,1.556958428,1.556958428,1.518133554
246.9,0,1.594147377,1.594147377,1.456688745
246.925,0,1.629779189,1.629779189,1.393602951
246.95,0,1.663815888,1.663815888,1.329120796
246.975,0,1.696225652,1.696225652,1.263489394
247,0,1.726982837,1.726982837,1.196955365
247.025,0,1.756067927,1.756067927,1.129761953
247.05,0,1.783467419,1.783467419,1.062146418
247.075,0,1.809173639,1.809173639,0.9943375938
247.1,0,1.833184511,1.833184511,0.9265537989
247.125,0,1.855503258,1.855503258,0.8590009895
247.15,0,1.876138091,1.876138091,0.7918713109
247.175,0,1.89510183,1.89510183,0.7253419075
247.2,0,1.912411537,1.912411537,0.6595741204
247.225,0,1.928088096,1.928088096,0.5947129486
247.25,0,1.942155814,1.942155814,0.5308868335
247.275,0,1.954642001,1.954642001,0.4682076899
247.3,0,1.965576558,1.965576558,0.4067711862
247.325,0,1.974991586,1.974991586,0.3466572085
247.35,0,1.982920984,1.982920984,0.2879305277
247.375,0,1.989400096,1.989400096,0.2306415561
247.4,0,1.994465354,1.994465354,0.1748272676
247.425,0,1.998153956,1.998153956,0.1205121316
247.45,0,2.000503565,2.000503565,0.06770915378
247.475,0,2.001552039,2.001552039,0.01642089478
247.5,0,2.001337178,2.001337178,-0.03335948317
247.525,0,1.999896506,1.999896506,-0.08164719032
247.55,0,1.997267071,1.997267071,-0.1284648156
247.575,0,1.993485275,1.993485275,-0.1738413729
247.6,0,1.988586725,1.988586725,-0.2178113972
247.625,0,1.982606101,1.982606101,-0.2604141025
247.65,0,1.975577055,1.975577055,-0.3016925931
247.675,0,1.967532121,1.967532121,-0.3416931448
247.7,0,1.958502642,1.958502642,-0.3804645528
247.725,0,1.948518714,1.948518714,-0.4180575346
247.75,0,1.937609151,1.937609151,-0.4545242023
247.775,0,1.925801448,1.925801448,-0.4899175968
247.8,0,1.913121769,1.913121769,-0.5242912671
247.825,0,1.899594935,1.899594935,-0.5576989174
247.85,0,1.885244427,1.885244427,-0.5901940909
247.875,0,1.870092392,1.870092392,-0.6218299062
247.9,0,1.854159655,1.854159655,-0.6526588324
247.925,0,1.837465744,1.837465744,-0.6827324986
247.95,0,1.820028902,1.820028902,-0.7121015429
247.975,0,1.801866125,1.801866125,-0.7408154819
248,0,1.782993184,1.782993184,-0.7689226151
248.025,0,1.763424659,1.763424659,-0.7964699433
248.05,0,1.743173971,1.743173971,-0.823503113
248.075,0,1.722253419,1.722253419,-0.8500663721
248.1,0,1.700674212,1.700674212,-0.8762025416
248.125,0,1.678446506,1.678446506,-0.9019529982
248.15,0,1.655579443,1.655579443,-0.9273576647
248.175,0,1.632081183,1.632081183,-0.952455008
248.2,0,1.607958944,1.607958944,-0.9772820417
248.225,0,1.583219037,1.583219037,-1.001874332
248.25,0,1.557866899,1.557866899,-1.026266002
248.275,0,1.531907136,1.531907136,-1.050489745
248.3,0,1.505343551,1.505343551,-1.074576822
248.325,0,1.478179184,1.478179184,-1.098557073
248.35,0,1.45041635,1.45041635,-1.122458911
248.375,0,1.422056667,1.422056667,-1.146309317
248.4,0,1.393101099,1.393101099,-1.170133833
248.425,0,1.36354999,1.36354999,-1.193956537
248.45,0,1.333403099,1.333403099,-1.217800025
248.475,0,1.302659639,1.302659639,-1.241685373
248.5,0,1.271318319,1.271318319,-1.265632084
248.525,0,1.239377375,1.239377375,-1.289658052
248.55,0,1.206834619,1.206834619,-1.313779482
248.575,0,1.173687484,1.173687484,-1.338010806
248.6,0,1.139933059,1.139933059,-1.362364615
248.625,0,1.105568142,1.105568142,-1.386851534
248.65,0,1.070589301,1.070589301,-1.411480098
248.675,0,1.034992905,1.034992905,-1.436256642
248.7,0,0.9987752008,0.9987752008,-1.46118513
248.725,0,0.96193237,0.96193237,-1.48626698
248.75,0,0.924460584,0.924460584,-1.511500915
248.775,0,0.8863560904,0.8863560904,-1.536882718
248.8,0,0.8476152771,0.8476152771,-1.562405041
248.825,0,0.8082347549,0.8082347549,-1.588057173
248.85,0,0.768211455,0.768211455,-1.613824753
248.875,0,0.7275427066,0.7275427066,-1.639689545
248.9,0,0.686226353,0.686226353,-1.665629123
248.925,0,0.6442608507,0.6442608507,-1.691616585
248.95,0,0.6016453869,0.6016453869,-1.717620252
248.975,0,0.5583800083,0.5583800083,-1.743603329
249,0,0.5144657421,0.5144657421,-1.769523613
249.025,0,0.4699047489,0.4699047489,-1.79533314
249.05,0,0.4247004564,0.4247004564,-1.820977897
249.075,0,0.3788577285,0.3788577285,-1.846397486
249.1,0,0.3323830155,0.3323830155,-1.871524858
249.125,0,0.2852845352,0.2852845352,-1.896286032
249.15,0,0.2375724398,0.2375724398,-1.920599878
249.175,0,0.1892590041,0.1892590041,-1.944377926
249.2,0,0.140358806,0.140358806,-1.967524245
249.225,0,0.09088891601,0.09088891601,-1.989935387
249.25,0,0.04086908561,0.04086908561,-2.011500411
249.275,0,-0.009678069461,-0.009678069461,-2.032101011
249.3,0,-0.06072688481,-0.06072688481,-2.051611752
249.325,0,-0.112248475,-0.112248475,-2.069900436
249.35,0,-0.1642105704,-0.1642105704,-2.086828596
249.375,0,-0.2165773681,-0.2165773681,-2.102252168
249.4,0,-0.2693094011,-0.2693094011,-2.116022296
249.425,0,-0.3223634331,-0.3223634331,-2.127986346
249.45,0,-0.3756923745,-0.3756923745,-2.137989069
249.475,0,-0.4292452376,-0.4292452376,-2.145873961
249.5,0,-0.4829671219,-0.4829671219,-2.151484821
249.525,0,-0.536799242,-0.536799242,-2.154667425
249.55,0,-0.590679003,-0.590679003,-2.155271435
249.575,0,-0.6445401196,-0.6445401196,-2.153152378
249.6,0,-0.6983127894,-0.6983127894,-2.148173764
249.625,0,-0.7519239218,-0.7519239218,-2.140209285
249.65,0,-0.8052974184,-0.8052974184,-2.12914503
249.675,0,-0.8583545098,-0.8583545098,-2.114881685
249.7,0,-0.9110141499,-0.9110141499,-2.097336679
249.725,0,-0.9631934589,-0.9631934589,-2.076446197
249.75,0,-1.014808215,-1.014808215,-2.052167006
249.775,0,-1.065773388,-1.065773388,-2.024478045
249.8,0,-1.116003715,-1.116003715,-1.993381722
249.825,0,-1.165414296,-1.165414296,-1.958904857
249.85,0,-1.213921212,-1.213921212,-1.921099239
249.875,0,-1.261442152,-1.261442152,-1.880041763
249.9,0,-1.307897041,-1.307897041,-1.835834122
249.925,0,-1.353208649,-1.353208649,-1.788602041
249.95,0,-1.397303172,-1.397303172,-1.738494089
249.975,0,-1.440110796,-1.440110796,-1.685680032
250,0,-1.481566193,-1.481566193,-1.630348827
250.025,0,-1.521608973,-1.521608973,-1.572706282
250.05,0,-1.560184076,-1.560184076,-1.51297238
250.075,0,-1.597242089,-1.597242089,-1.451378456
250.1,0,-1.632739494,-1.632739494,-1.388164206
250.125,0,-1.666638837,-1.666638837,-1.323574564
250.15,0,-1.698908822,-1.698908822,-1.257856755
250.175,0,-1.729524327,-1.729524327,-1.191257166
250.2,0,-1.758466358,-1.758466358,-1.124018698
250.225,0,-1.785721912,-1.785721912,-1.05637792
250.25,0,-1.811283805,-1.811283805,-0.9885628951
250.275,0,-1.835150419,-1.835150419,-0.9207909236
250.3,0,-1.857325421,-1.857325421,-0.8532668637
250.325,0,-1.877817423,-1.877817423,-0.7861816058
250.35,0,-1.896639627,-1.896639627,-0.7197109885
250.375,0,-1.913809433,-1.913809433,-0.6540149706
250.4,0,-1.929348032,-1.929348032,-0.5892371501
250.425,0,-1.943280005,-1.943280005,-0.5255045541
250.45,0,-1.955632895,-1.955632895,-0.4629277037
250.475,0,-1.966436811,-1.966436811,-0.4016008974
250.5,0,-1.975724017,-1.975724017,-0.3416027135
250.525,0,-1.983528552,-1.983528552,-0.2829966623
250.55,0,-1.989885865,-1.989885865,-0.2258319801
250.575,0,-1.994832464,-1.994832464,-0.1701445369
250.6,0,-1.998405601,-1.998405601,-0.1159577853
250.625,0,-2.000642963,-2.000642963,-0.06328380284
250.65,0,-2.001582414,-2.001582414,-0.01212430719
250.675,0,-2.001261738,-2.001261738,0.03752829027
250.7,0,-1.999718427,-1.999718427,0.08568986629
250.725,0,-1.996989479,-1.996989479,0.1323835934
250.75,0,-1.993111235,-1.993111235,0.1776389896
250.775,0,-1.988119225,-1.988119225,0.221491021
250.8,0,-1.98204805,-1.98204805,0.2639792622
250.825,0,-1.974931267,-1.974931267,0.3051471141
250.85,0,-1.96680131,-1.96680131,0.3450410921
250.875,0,-1.95768942,-1.95768942,0.3837101775
250.9,0,-1.947625585,-1.947625585,0.4212052253
250.925,0,-1.936638507,-1.936638507,0.4575784454
250.95,0,-1.924755569,-1.924755569,0.4928829364
250.975,0,-1.91200282,-1.91200282,0.5271722736
251,0,-1.898404968,-1.898404968,0.5605001601
251.025,0,-1.883985378,-1.883985378,0.5929201114
251.05,0,-1.868766086,-1.868766086,0.6244852003
251.075,0,-1.852767805,-1.852767805,0.6552478299
251.1,0,-1.836009951,-1.836009951,0.6852595519
251.125,0,-1.818510664,-1.818510664,0.714570912
251.15,0,-1.80028683,-1.80028683,0.7432313281
251.175,0,-1.78135412,-1.78135412,0.7712889907
251.2,0,-1.761727012,-1.761727012,0.7987907883
251.225,0,-1.741418833,-1.741418833,0.8257822491
251.25,0,-1.720441784,-1.720441784,0.8523075009
251.275,0,-1.698806987,-1.698806987,0.8784092419
251.3,0,-1.676524507,-1.676524507,0.9041287256
251.325,0,-1.653603404,-1.653603404,0.9295057508
251.35,0,-1.630051754,-1.630051754,0.9545786606
251.375,0,-1.605876697,-1.605876697,0.9793843447
251.4,0,-1.581084468,-1.581084468,1.003958246
251.425,0,-1.555680432,-1.555680432,1.028334367
251.45,0,-1.529669126,-1.529669126,1.052545278
251.475,0,-1.503054286,-1.503054286,1.076622119
251.5,0,-1.475838889,-1.475838889,1.100594608
251.525,0,-1.448025188,-1.448025188,1.124491036
251.55,0,-1.419614747,-1.419614747,1.148338263
251.575,0,-1.390608473,-1.390608473,1.172161709
251.6,0,-1.361006659,-1.361006659,1.195985324
251.625,0,-1.330809019,-1.330809019,1.219831576
251.65,0,-1.300014716,-1.300014716,1.243721411
251.675,0,-1.268622422,-1.268622422,1.267674197
251.7,0,-1.236630335,-1.236630335,1.291707683
251.725,0,-1.204036231,-1.204036231,1.315837932
251.75,0,-1.170837512,-1.170837512,1.340079223
251.775,0,-1.137031241,-1.137031241,1.364443976
251.8,0,-1.102614196,-1.102614196,1.388942653
251.825,0,-1.067582922,-1.067582922,1.413583602
251.85,0,-1.03193378,-1.03193378,1.43837296
251.875,0,-0.9956630041,-0.9956630041,1.463314487
251.9,0,-0.9587667758,-0.9587667758,1.488409376
251.925,0,-0.9212412705,-0.9212412705,1.513656102
251.95,0,-0.8830827407,-0.8830827407,1.539050205
251.975,0,-0.8442875949,-0.8442875949,1.564584045
252,0,-0.8048524652,-0.8048524652,1.590246615
252.025,0,-0.7647743121,-0.7647743121,1.61602324
252.05,0,-0.7240505072,-0.7240505072,1.641895331
252.075,0,-0.682678938,-0.682678938,1.667840102
252.1,0,-0.6406581228,-0.6406581228,1.693830246
252.125,0,-0.5979873137,-0.5979873137,1.719833667
252.15,0,-0.5546666375,-0.5546666375,1.74581312
252.175,0,-0.5106972117,-0.5106972117,1.771725925
252.2,0,-0.4660812987,-0.4660812987,1.797523617
252.225,0,-0.420822443,-0.420822443,1.823151647
252.25,0,-0.3749256363,-0.3749256363,1.848549066
252.275,0,-0.3283974731,-0.3283974731,1.873648242
252.3,0,-0.2812463291,-0.2812463291,1.898374595
252.325,0,-0.2334825295,-0.2334825295,1.922646376
252.35,0,-0.1851185388,-0.1851185388,1.946374484
252.375,0,-0.1361691388,-0.1361691388,1.969462349
252.4,0,-0.0866516218,-0.0866516218,1.991805882
252.425,0,-0.03658597529,-0.03658597529,2.013293509
252.45,0,0.014004932,0.014004932,2.033806308
252.475,0,0.06509516829,0.06509516829,2.053218251
252.5,0,0.1166555661,0.1166555661,2.071396584
252.525,0,0.1686535608,0.1686535608,2.088202335
252.55,0,0.221053042,0.221053042,2.103490999
252.575,0,0.2738142258,0.2738142258,2.117113357
252.6,0,0.3268935506,0.3268935506,2.128916503
252.625,0,0.3802435962,0.3802435962,2.138745027
252.65,0,0.4338130419,0.4338130419,2.146442388
252.675,0,0.4875466546,0.4875466546,2.151852484
252.7,0,0.5413853212,0.5413853212,2.154821347
252.725,0,0.5952661271,0.5952661271,2.155199057
252.75,0,0.6491224802,0.6491224802,2.152841741
252.775,0,0.7028842885,0.7028842885,2.147613686
252.8,0,0.7564781934,0.7564781934,2.139389554
252.825,0,0.8098278553,0.8098278553,2.128056592
252.85,0,0.8628542952,0.8628542952,2.113516829
252.875,0,0.9154762925,0.9154762925,2.095689215
252.9,0,0.9676108335,0.9676108335,2.074511618
252.925,0,1.019173606,1.019173606,2.049942636
252.95,0,1.070079538,1.070079538,2.021963159
252.975,0,1.120243373,1.120243373,1.990577641
253,0,1.169580271,1.169580271,1.955815014
253.025,0,1.218006424,1.218006424,1.917729203
253.05,0,1.265439689,1.265439689,1.876399235
253.075,0,1.311800209,1.311800209,1.831928882
253.1,0,1.357011022,1.357011022,1.784445869
253.125,0,1.400998645,1.400998645,1.734100638
253.15,0,1.443693625,1.443693625,1.681064672
253.175,0,1.485031039,1.485031039,1.625528459
253.2,0,1.524950935,1.524950935,1.567699121
253.225,0,1.563398724,1.563398724,1.507797721
253.25,0,1.600325486,1.600325486,1.446056421
253.275,0,1.635688213,1.635688213,1.382715487
253.3,0,1.669449973,1.669449973,1.318020163
253.325,0,1.701579996,1.701579996,1.252217721
253.35,0,1.732053685,1.732053685,1.185554352
253.375,0,1.760852562,1.760852562,1.118272527
253.4,0,1.787964126,1.787964126,1.050608168
253.425,0,1.81338168,1.81338168,0.9827885144
253.45,0,1.837104064,1.837104064,0.9150298569
253.475,0,1.859135382,1.859135382,0.8475359264
253.5,0,1.879484651,1.879484651,0.7804963661
253.525,0,1.898165446,1.898165446,0.7140856929
253.55,0,1.915195503,1.915195503,0.6484624857
253.575,0,1.930596321,1.930596321,0.5837689367
253.6,0,1.944392748,1.944392748,0.5201306614
253.625,0,1.956612562,1.956612562,0.4576567863
253.65,0,1.96728607,1.96728607,0.396440248
253.675,0,1.976445701,1.976445701,0.3365583171
253.7,0,1.98412563,1.98412563,0.278073252
253.725,0,1.990361408,1.990361408,0.2210331199
253.75,0,1.99518962,1.99518962,0.1654726896
253.775,0,1.998647564,1.998647564,0.1114144101
253.8,0,2.000772954,2.000772954,0.05886943401
253.825,0,2.001603656,2.001603656,0.007838646266
253.85,0,2.001177438,2.001177438,-0.04168628622
253.875,0,1.999531755,1.999531755,-0.08972189963
253.9,0,1.996703558,1.996703558,-0.136291943
253.925,0,1.992729122,1.992729122,-0.1814264321
253.95,0,1.987643905,1.987643905,-0.2251607582
253.975,0,1.981482421,1.981482421,-0.26753485
254,0,1.974278135,1.974278135,-0.3085924005
254.025,0,1.966063383,1.966063383,-0.3483801607
254.05,0,1.956869299,1.956869299,-0.3869472922
254.075,0,1.946725766,1.946725766,-0.4243447844
254.1,0,1.935661371,1.935661371,-0.4606249423
254.125,0,1.923703387,1.923703387,-0.4958409179
254.15,0,1.910877747,1.910877747,-0.5300463121
254.175,0,1.897209045,1.897209045,-0.5632948226
254.2,0,1.882720534,1.882720534,-0.5956399365
254.225,0,1.867434135,1.867434135,-0.6271346789
254.25,0,1.85137045,1.85137045,-0.6578313856
254.275,0,1.834548786,1.834548786,-0.6877815297
254.3,0,1.816987174,1.816987174,-0.7170355639
254.325,0,1.798702398,1.798702398,-0.7456428064
254.35,0,1.779710023,1.779710023,-0.7736513383
254.375,0,1.76002443,1.76002443,-0.8011079354
254.4,0,1.739658847,1.739658847,-0.8280580071
254.425,0,1.718625383,1.718625383,-0.8545455609
254.45,0,1.696935068,1.696935068,-0.8806131727
254.475,0,1.674597881,1.674597881,-0.9063019719
254.5,0,1.651622795,1.651622795,-0.9316516337
254.525,0,1.628017807,1.628017807,-0.9567003772
254.55,0,1.603789977,1.603789977,-0.9814849686
254.575,0,1.578945465,1.578945465,-1.006040728
254.6,0,1.553489565,1.553489565,-1.030401536
254.625,0,1.527426741,1.527426741,-1.05459984
254.65,0,1.500760668,1.500760668,-1.07866666
254.675,0,1.473494258,1.473494258,-1.102631591
254.7,0,1.445629702,1.445629702,-1.126522806
254.725,0,1.417168508,1.417168508,-1.150367039
254.75,0,1.388111531,1.388111531,-1.174189586
254.775,0,1.35845901,1.35845901,-1.198014276
254.8,0,1.328210613,1.328210613,-1.221863444
254.825,0,1.297365461,1.297365461,-1.245757904
254.85,0,1.265922178,1.265922178,-1.269716896
254.875,0,1.233878931,1.233878931,-1.293758019
254.9,0,1.201233461,1.201233461,-1.317897187
254.925,0,1.167983135,1.167983135,-1.342148536
254.95,0,1.134124997,1.134124997,-1.366524313
254.975,0,1.099655798,1.099655798,-1.391034802
255,0,1.064572064,1.064572064,-1.415688184
255.025,0,1.028870148,1.028870148,-1.440490385
255.05,0,0.9925462752,0.9925462752,-1.465444955
255.075,0,0.9555966202,0.9555966202,-1.490552875
255.1,0,0.9180173681,0.9180173681,-1.515812362
255.125,0,0.8798047777,0.8798047777,-1.541218703
255.15,0,0.8409552736,0.8409552736,-1.566763984
255.175,0,0.8014655149,0.8014655149,-1.592436885
255.2,0,0.7613324888,0.7613324888,-1.618222423
255.225,0,0.7205536119,0.7205536119,-1.644101649
255.25,0,0.6791268176,0.6791268176,-1.67005141
255.275,0,0.6370506827,0.6370506827,-1.696044006
255.3,0,0.5943245304,0.5943245304,-1.72204691
255.325,0,0.5509485638,0.5509485638,-1.748022432
255.35,0,0.5069239953,0.5069239953,-1.773927406
255.375,0,0.4622531876,0.4622531876,-1.799712868
255.4,0,0.4169398051,0.4169398051,-1.82532373
255.425,0,0.3709889668,0.3709889668,-1.850698489
255.45,0,0.3244074146,0.3244074146,-1.875768929
255.475,0,0.277203681,0.277203681,-1.900459868
255.5,0,0.2293882679,0.2293882679,-1.924688938
255.525,0,0.1809738288,0.1809738288,-1.948366406
255.55,0,0.1319753522,0.1319753522,-1.971395062
255.575,0,0.08241035309,0.08241035309,-1.993670178
255.6,0,0.03229905606,0.03229905606,-2.015079547
255.625,0,-0.01833541571,-0.01833541571,-2.03550363
255.65,0,-0.06946686145,-0.06946686145,-2.054815812
255.675,0,-0.1210658311,-0.1210658311,-2.072882785
255.7,0,-0.1730994636,-0.1730994636,-2.08956508
255.725,0,-0.2255313396,-0.2255313396,-2.104717755
255.75,0,-0.2783213589,-0.2783213589,-2.118191233
255.775,0,-0.3314256324,-0.3314256324,-2.129832351
255.8,0,-0.3847964104,-0.3847964104,-2.139485537
255.825,0,-0.4383820385,-0.4383820385,-2.146994238
255.85,0,-0.4921269509,-0.4921269509,-2.15220245
255.875,0,-0.5459717081,-0.5459717081,-2.154956484
255.9,0,-0.5998530764,-0.5998530764,-2.155106854
255.925,0,-0.6537041574,-0.6537041574,-2.15251029
255.95,0,-0.7074545723,-0.7074545723,-2.147031885
255.975,0,-0.7610306966,-0.7610306966,-2.138547284
256,0,-0.8143559511,-0.8143559511,-2.126944903
256.025,0,-0.8673511502,-0.8673511502,-2.112128132
256.05,0,-0.919934903,-0.919934903,-2.094017459
256.075,0,-0.9720240648,-0.9720240648,-2.072552447
256.1,0,-1.023534237,-1.023534237,-2.047693533
256.125,0,-1.074380309,-1.074380309,-2.019423571
256.15,0,-1.124477037,-1.124477037,-1.987749069
256.175,0,-1.173739643,-1.173739643,-1.952701069
256.2,0,-1.222084438,-1.222084438,-1.91433564
256.225,0,-1.269429449,-1.269429449,-1.872733931
256.25,0,-1.315695042,-1.315695042,-1.828001792
256.275,0,-1.360804527,-1.360804527,-1.780268941
256.3,0,-1.404684746,-1.404684746,-1.729687674
256.325,0,-1.447266612,-1.447266612,-1.676431179
256.35,0,-1.488485607,-1.488485607,-1.620691465
256.375,0,-1.528282224,-1.528282224,-1.562676937
256.4,0,-1.566602345,-1.566602345,-1.502609717
256.425,0,-1.603397544,-1.603397544,-1.440722794
256.45,0,-1.638625325,-1.638625325,-1.377256947
256.475,0,-1.672249279,-1.672249279,-1.312457744
256.5,0,-1.704239162,-1.704239162,-1.246572445
256.525,0,-1.734570902,-1.734570902,-1.17984707
256.55,0,-1.763226533,-1.763226533,-1.112523583
256.575,0,-1.79019406,-1.79019406,-1.044837305
256.6,0,-1.815467264,-1.815467264,-0.9770145791
256.625,0,-1.83904545,-1.83904545,-0.9092707192
256.65,0,-1.86093315,-1.86093315,-0.8418082904
256.675,0,-1.881139784,-1.881139784,-0.7748156946
256.7,0,-1.899679297,-1.899679297,-0.7084661148
256.725,0,-1.916569762,-1.916569762,-0.6429167491
256.75,0,-1.931832981,-1.931832981,-0.5783083817
256.775,0,-1.945494063,-1.945494063,-0.5147652183
256.8,0,-1.95758102,-1.95758102,-0.4523949908
256.825,0,-1.968124355,-1.968124355,-0.3912892807
256.85,0,-1.977156659,-1.977156659,-0.3315240534
256.875,0,-1.984712241,-1.984712241,-0.2731603222
256.9,0,-1.990826749,-1.990826749,-0.2162449927
256.925,0,-1.995536844,-1.995536844,-0.1608117364
256.95,0,-1.998879869,-1.998879869,-0.1068820101
256.975,0,-2.000893562,-2.000893562,-0.0544660451
257,0,-2.001615789,-2.001615789,-0.003563904427
257.025,0,-2.001084299,-2.001084299,0.0458334836
257.05,0,-1.999336513,-1.999336513,0.09374330689
257.075,0,-1.996409329,-1.996409329,0.1401898842
257.1,0,-1.99233896,-1.99233896,0.185203724
257.125,0,-1.987160785,-1.987160785,0.2288206345
257.15,0,-1.980909234,-1.980909234,0.2710808935
257.175,0,-1.97361768,-1.97361768,0.3120284823
257.2,0,-1.965318358,-1.965318358,0.3517103815
257.225,0,-1.956042298,-1.956042298,0.390175928
257.25,0,-1.945819273,-1.945819273,0.4274762455
257.275,0,-1.93467776,-1.93467776,0.4636637259
257.3,0,-1.922644917,-1.922644917,0.4987915745
257.325,0,-1.909746564,-1.909746564,0.5329134156
257.35,0,-1.896007182,-1.896007182,0.5660829369
257.375,0,-1.881449908,-1.881449908,0.5983535991
257.4,0,-1.866096551,-1.866096551,0.6297783735
257.425,0,-1.849967602,-1.849967602,0.6604095314
257.45,0,-1.833082259,-1.833082259,0.6902984626
257.475,0,-1.815458444,-1.815458444,0.7194955291
257.5,0,-1.797112838,-1.797112838,0.7480499458
257.525,0,-1.778060902,-1.778060902,0.7760096867
257.55,0,-1.75831692,-1.75831692,0.8034214117
257.575,0,-1.737894021,-1.737894021,0.8303304138
257.6,0,-1.716804223,-1.716804223,0.8567805781
257.625,0,-1.695058461,-1.695058461,0.8828143587
257.65,0,-1.672666632,-1.672666632,0.9084727611
257.675,0,-1.649637622,-1.649637622,0.9337953364
257.7,0,-1.625979346,-1.625979346,0.95882018
257.725,0,-1.601698788,-1.601698788,0.9835839351
257.75,0,-1.576802031,-1.576802031,1.008121798
257.775,0,-1.551294299,-1.551294299,1.032467528
257.8,0,-1.525179987,-1.525179987,1.05665345
257.825,0,-1.498462699,-1.498462699,1.080710463
257.85,0,-1.471145291,-1.471145291,1.104668042
257.875,0,-1.443229893,-1.443229893,1.128554235
257.9,0,-1.414717952,-1.414717952,1.152395659
257.925,0,-1.385610273,-1.385610273,1.17621748
257.95,0,-1.355907044,-1.355907044,1.200043404
257.975,0,-1.325607882,-1.325607882,1.223895642
258,0,-1.29471187,-1.29471187,1.247794869
258.025,0,-1.263217588,-1.263217588,1.271760188
258.05,0,-1.231123162,-1.231123162,1.295809067
258.075,0,-1.198426307,-1.198426307,1.31995726
258.1,0,-1.165124356,-1.165124356,1.344218748
258.125,0,-1.131214322,-1.131214322,1.368605627
258.15,0,-1.096692945,-1.096692945,1.393127992
258.175,0,-1.061556728,-1.061556728,1.417793841
258.2,0,-1.025802007,-1.025802007,1.442608917
258.225,0,-0.9894250102,-0.9894250102,1.467576538
258.25,0,-0.9524219028,-0.9524219028,1.492697469
258.275,0,-0.9147888743,-0.9147888743,1.517969691
258.3,0,-0.8765221991,-0.8765221991,1.543388209
258.325,0,-0.8376183114,-0.8376183114,1.56894485
258.35,0,-0.798073901,-0.798073901,1.594627979
258.375,0,-0.7578859858,-0.7578859858,1.620422283
258.4,0,-0.7170520194,-0.7170520194,1.646308482
258.425,0,-0.6755699913,-0.6755699913,1.67226303
258.45,0,-0.6334385307,-0.6334385307,1.698257845
258.475,0,-0.5906570367,-0.5906570367,1.724259958
258.5,0,-0.5472257884,-0.5472257884,1.750231236
258.525,0,-0.5031460938,-0.5031460938,1.776128026
258.55,0,-0.4584204185,-0.4584204185,1.801900857
258.575,0,-0.4130525457,-0.4130525457,1.827494107
258.6,0,-0.367047725,-0.367047725,1.852845711
258.625,0,-0.3204128453,-0.3204128453,1.877886869
258.65,0,-0.2731565981,-0.2731565981,1.902541798
258.675,0,-0.2252896635,-0.2252896635,1.926727507
258.7,0,-0.1768248841,-0.1768248841,1.95035363
258.725,0,-0.1277774584,-0.1277774584,1.973322318
258.75,0,-0.07816512301,-0.07816512301,1.995528203
258.775,0,-0.02800834303,-0.02800834303,2.016858448
258.8,0,0.02266950304,0.02266950304,2.037192898
258.825,0,0.07384194523,0.07384194523,2.056404351
258.85,0,0.1254792487,0.1254792487,2.074358954
258.875,0,0.1775482543,0.1775482543,2.090916745
258.9,0,0.2300122356,0.2300122356,2.10593234
258.925,0,0.2828307716,0.2828307716,2.119255832
258.95,0,0.3359596481,0.3359596481,2.130733787
258.975,0,0.3893507843,0.3893507843,2.140210506
259,0,0.4429521916,0.4429521916,2.147529411
259.025,0,0.4967079732,0.4967079732,2.152534625
259.05,0,0.5505583626,0.5505583626,2.155072748
259.075,0,0.6044398078,0.6044398078,2.154994734
259.1,0,0.6582851069,0.6582851069,2.152157945
259.125,0,0.7120235949,0.7120235949,2.146428289
259.15,0,0.7655813828,0.7655813828,2.137682406
259.175,0,0.8188816556,0.8188816556,2.125809904
259.2,0,0.8718450242,0.8718450242,2.11071555
259.225,0,0.9243899296,0.9243899296,2.092321379
259.25,0,0.9764330995,0.9764330995,2.070568662
259.275,0,1.027890054,1.027890054,2.045419692
259.3,0,1.078675649,1.078675649,2.016859293
259.325,0,1.128704655,1.128704655,1.984896031
259.35,0,1.177892363,1.177892363,1.949563066
259.375,0,1.226155205,1.226155205,1.910918606
259.4,0,1.273411384,1.273411384,1.869045923
259.425,0,1.319581492,1.319581492,1.824052942
259.45,0,1.36458912,1.36458912,1.776071354
259.475,0,1.408361434,1.408361434,1.725255307
259.5,0,1.450829717,1.450829717,1.671779681
259.525,0,1.491929862,1.491929862,1.615837975
259.55,0,1.531602809,1.531602809,1.557639864
259.575,0,1.569794909,1.569794909,1.497408527
259.6,0,1.606458237,1.606458237,1.435377715
259.625,0,1.641550809,1.641550809,1.371788743
259.65,0,1.675036738,1.675036738,1.306887452
259.675,0,1.706886306,1.706886306,1.240921079
259.7,0,1.737075966,1.737075966,1.174135452
259.725,0,1.765588265,1.765588265,1.106772016
259.75,0,1.79241171,1.79241171,1.039065457
259.775,0,1.81754056,1.81754056,0.9712412224
259.8,0,1.840974581,1.840974581,0.9035136299
259.825,0,1.862718729,1.862718729,0.8360840674
259.85,0,1.882782831,1.882782831,0.7691396938
259.875,0,1.901181194,1.901181194,0.7028523457
259.9,0,1.917932227,1.917932227,0.6373778428
259.925,0,1.933058027,1.933058027,0.572855557
259.95,0,1.946583967,1.946583967,0.5094082866
259.975,0,1.95853829,1.95853829,0.4471423693
260,0,1.968951687,1.968951687,0.3861480398
260.025,0,1.977856914,1.977856914,0.326499954
260.05,0,1.985288406,1.985288406,0.2682578997
260.075,0,1.991281911,1.991281911,0.2114676116
260.1,0,1.99587416,1.99587416,0.1561616879
260.125,0,1.999102539,1.999102539,0.1023605872
260.15,0,2.001004809,2.001004809,0.05007363336
260.175,0,2.001618835,2.001618835,-0.000699926238
260.2,0,2.000982345,2.000982345,-0.04996989464
260.225,0,1.999132723,1.999132723,-0.09775410476
260.25,0,1.996106815,1.996106815,-0.1440774383
260.275,0,1.991940768,1.991940768,-0.1889708886
260.3,0,1.986669886,1.986669886,-0.2324706754
260.325,0,1.980328511,1.980328511,-0.2746174209
260.35,0,1.972949922,1.972949922,-0.3154553897
260.375,0,1.964566255,1.964566255,-0.3550317849
260.4,0,1.955208434,1.955208434,-0.3933961178
260.425,0,1.944906123,1.944906123,-0.4305996402
260.45,0,1.933687689,1.933687689,-0.4666948285
260.475,0,1.921580174,1.921580174,-0.5017349404
260.5,0,1.908609287,1.908609287,-0.5357736166
260.525,0,1.894799391,1.894799391,-0.5688645372
260.55,0,1.880173512,1.880173512,-0.6010611311
260.575,0,1.864753346,1.864753346,-0.6324163165
260.6,0,1.848559273,1.848559273,-0.6629822981
260.625,0,1.83161038,1.83161038,-0.6928103815
260.65,0,1.813924484,1.813924484,-0.7219508371
260.675,0,1.795518159,1.795518159,-0.7504527759
260.7,0,1.776406767,1.776406767,-0.7783640639
260.725,0,1.75660449,1.75660449,-0.8057312454
260.75,0,1.736124362,1.736124362,-0.8325994956
260.775,0,1.714978307,1.714978307,-0.8590125784
260.8,0,1.693177173,1.693177173,-0.8850128248
260.825,0,1.670730765,1.670730765,-0.910641117
260.85,0,1.647647888,1.647647888,-0.9359368821
260.875,0,1.623936375,1.623936375,-0.9609380914
260.9,0,1.599603133,1.599603133,-0.9856812649
260.925,0,1.57465417,1.57465417,-1.010201477
260.95,0,1.549094636,1.549094636,-1.034532362
260.975,0,1.522928861,1.522928861,-1.058706126
261,0,1.496160383,1.496160383,-1.082753546
261.025,0,1.468791991,1.468791991,-1.106703976
261.05,0,1.440825759,1.440825759,-1.130585341
261.075,0,1.412263078,1.412263078,-1.154424136
261.1,0,1.383104697,1.383104697,-1.178245405
261.125,0,1.353350758,1.353350758,-1.202072725
261.15,0,1.323000826,1.323000826,-1.22592818
261.175,0,1.292053942,1.292053942,-1.249832314
261.2,0,1.260508647,1.260508647,-1.273804088
261.225,0,1.228363029,1.228363029,-1.297860833
261.25,0,1.195614766,1.195614766,-1.322018155
261.275,0,1.162261168,1.162261168,-1.346289872
261.3,0,1.128299219,1.128299219,-1.37068792
261.325,0,1.093725635,1.093725635,-1.395222224
261.35,0,1.058536908,1.058536908,-1.419900584
261.375,0,1.022729358,1.022729358,-1.444728551
261.4,0,0.9862992062,0.9862992062,-1.469709236
261.425,0,0.9492426201,0.9492426201,-1.494843162
261.45,0,0.9115557882,0.9115557882,-1.52012808
261.475,0,0.8732350003,0.8732350003,-1.545558724
261.5,0,0.8342767083,0.8342767083,-1.571126631
261.525,0,0.7946776225,0.7946776225,-1.596819879
261.55,0,0.7544347996,0.7544347996,-1.622622813
261.575,0,0.71354573,0.71354573,-1.648515812
261.6,0,0.6720084562,0.6720084562,-1.674474949
261.625,0,0.6298216679,0.6298216679,-1.700471737
261.65,0,0.5869848323,0.5869848323,-1.726472788
261.675,0,0.5434983134,0.5434983134,-1.752439502
261.7,0,0.4993635093,0.4993635093,-1.778327752
261.725,0,0.4545829946,0.4545829946,-1.804087548
261.75,0,0.4091606685,0.4091606685,-1.829662736
261.775,0,0.3631019162,0.3631019162,-1.854990686
261.8,0,0.3164137709,0.3164137709,-1.880002015
261.825,0,0.2691050884,0.2691050884,-1.904620332
261.85,0,0.2211867242,0.2211867242,-1.928762024
261.875,0,0.1726717151,0.1726717151,-1.952336093
261.9,0,0.1235754684,0.1235754684,-1.97524405
261.925,0,0.07391594503,0.07391594503,-1.997379886
261.95,0,0.02371385179,0.02371385179,-2.018630135
261.975,0,-0.02700717725,-0.02700717725,-2.03887403
262,0,-0.07822040036,-0.07822040036,-2.057983785
262.025,0,-0.1298957972,-0.1298957972,-2.075825003
262.05,0,-0.1819999103,-0.1819999103,-2.09225723
262.075,0,-0.2344957035,-0.2344957035,-2.107134666
262.1,0,-0.287342436,-0.287342436,-2.120307056
262.125,0,-0.3404955674,-0.3404955674,-2.13162072
262.15,0,-0.3939066845,-0.3939066845,-2.140919837
262.175,0,-0.4475234659,-0.4475234659,-2.148047811
262.2,0,-0.5012896837,-0.5012896837,-2.152848918
262.225,0,-0.5551452443,-0.5551452443,-2.155170046
262.25,0,-0.6090262793,-0.6090262793,-2.154862613
262.275,0,-0.6628652845,-0.6628652845,-2.151784629
262.3,0,-0.7165913095,-0.7165913095,-2.145802824
262.325,0,-0.7701302039,-0.7701302039,-2.136794857
262.35,0,-0.8234049198,-0.8234049198,-2.124651543
262.375,0,-0.8763358666,-0.8763358666,-2.109279041
262.4,0,-0.92884132,-0.92884132,-2.090600943
262.425,0,-0.9808378858,-0.9808378858,-2.068560248
262.45,0,-1.032241006,-1.032241006,-2.043121113
262.475,0,-1.082965505,-1.082965505,-2.014270337
262.5,0,-1.132926174,-1.132926174,-1.982018554
262.525,0,-1.182038377,-1.182038377,-1.946401046
262.55,0,-1.230218675,-1.230218675,-1.907478158
262.575,0,-1.277385446,-1.277385446,-1.865335287
262.6,0,-1.323459515,-1.323459515,-1.820082417
262.625,0,-1.368364757,-1.368364757,-1.77185321
262.65,0,-1.412028668,-1.412028668,-1.720803653
262.675,0,-1.454382903,-1.454382903,-1.6671103
262.7,0,-1.495363771,-1.495363771,-1.610968119
262.725,0,-1.534912657,-1.534912657,-1.552588051
262.75,0,-1.57297639,-1.57297639,-1.492194289
262.775,0,-1.609507542,-1.609507542,-1.430021335
262.8,0,-1.644464644,-1.644464644,-1.366311035
262.825,0,-1.677812333,-1.677812333,-1.301309431
262.85,0,-1.709521416,-1.709521416,-1.235263795
262.875,0,-1.739568869,-1.739568869,-1.168419634
262.9,0,-1.767937754,-1.767937754,-1.101017977
262.925,0,-1.794617074,-1.794617074,-1.033292755
262.95,0,-1.81960157,-1.81960157,-0.9654685811
262.975,0,-1.84289146,-1.84289146,-0.8977587058
263,0,-1.864492131,-1.864492131,-0.8303633731
263.025,0,-1.884413803,-1.884413803,-0.763468464
263.05,0,-1.902671149,-1.902671149,-0.6972444785
263.075,0,-1.919282909,-1.919282909,-0.6318458477
263.1,0,-1.934271474,-1.934271474,-0.5674105344
263.125,0,-1.94766248,-1.94766248,-0.5040599256
263.15,0,-1.959484389,-1.959484389,-0.4418989743
263.175,0,-1.969768087,-1.969768087,-0.3810165639
263.2,0,-1.978546487,-1.978546487,-0.3214860544
263.225,0,-1.985854147,-1.985854147,-0.2633660086
263.25,0,-1.991726917,-1.991726917,-0.2067009958
263.275,0,-1.996201589,-1.996201589,-0.1515225549
263.3,0,-1.999315597,-1.999315597,-0.09785014404
263.325,0,-2.00110672,-2.00110672,-0.04569219629
263.35,0,-2.001612817,-2.001612817,0.004952854003
263.375,0,-2.000871599,-2.000871599,0.05409553289
263.4,0,-1.998920408,-1.998920408,0.1017543108
263.425,0,-1.995796039,-1.995796039,0.1479546259
263.45,0,-1.99153457,-1.99153457,0.1927279494
263.475,0,-1.986171229,-1.986171229,0.2361109072
263.5,0,-1.979740271,-1.979740271,0.2781444612
263.525,0,-1.97227488,-1.97227488,0.3188731518
263.55,0,-1.963807092,-1.963807092,0.3583444019
263.575,0,-1.954367725,-1.954367725,0.3966078938
263.6,0,-1.943986335,-1.943986335,0.4337150014
263.625,0,-1.932691174,-1.932691174,0.4697182839
263.65,0,-1.920509175,-1.920509175,0.5046710478
263.675,0,-1.907465929,-1.907465929,0.5386269481
263.7,0,-1.893585687,-1.893585687,0.5716396561
263.725,0,-1.878891361,-1.878891361,0.6037625648
263.75,0,-1.863404533,-1.863404533,0.6350485405
263.775,0,-1.847145474,-1.847145474,0.6655497171
263.8,0,-1.83013316,-1.83013316,0.6953173176
263.825,0,-1.812385302,-1.812385302,0.7244015178
263.85,0,-1.793918371,-1.793918371,0.752851326
263.875,0,-1.774747624,-1.774747624,0.780714498
263.9,0,-1.754887147,-1.754887147,0.8080374639
263.925,0,-1.734349877,-1.734349877,0.8348652792
263.95,0,-1.713147645,-1.713147645,0.8612415873
263.975,0,-1.691291208,-1.691291208,0.887208596
264,0,-1.668790286,-1.668790286,0.9128070638
264.025,0,-1.645653598,-1.645653598,0.9380762937
264.05,0,-1.621888899,-1.621888899,0.9630541335
264.075,0,-1.597503016,-1.597503016,0.9877769796
264.1,0,-1.572501884,-1.572501884,1.012279783
264.125,0,-1.546890581,-1.546890581,1.036596059
264.15,0,-1.520673367,-1.520673367,1.060757888
264.175,0,-1.493853718,-1.493853718,1.084795928
264.2,0,-1.466434358,-1.466434358,1.10873941
264.225,0,-1.438417303,-1.438417303,1.13261614
264.25,0,-1.409803888,-1.409803888,1.156452487
264.275,0,-1.380594806,-1.380594806,1.180273375
264.3,0,-1.350790152,-1.350790152,1.204102252
264.325,0,-1.320389445,-1.320389445,1.227961071
264.35,0,-1.289391677,-1.289391677,1.251870249
264.375,0,-1.257795355,-1.257795355,1.275848607
264.4,0,-1.225598528,-1.225598528,1.299913328
264.425,0,-1.192798839,-1.192798839,1.32407988
264.45,0,-1.159393571,-1.159393571,1.348361916
264.475,0,-1.125379683,-1.125379683,1.372771202
264.5,0,-1.090753867,-1.090753867,1.3973175
264.525,0,-1.055512602,-1.055512602,1.422008415
264.55,0,-1.019652197,-1.019652197,1.446849293
264.575,0,-0.9831688617,-0.9831688617,1.471843046
264.6,0,-0.9460587682,-0.9460587682,1.496989955
264.625,0,-0.9083181083,-0.9083181083,1.522287524
264.65,0,-0.8699431808,-0.8699431808,1.547730234
264.675,0,-0.83093046,-0.83093046,1.573309325
264.7,0,-0.7912766784,-0.7912766784,1.599012576
264.725,0,-0.7509789283,-0.7509789283,1.624824002
264.75,0,-0.7100347428,-0.7100347428,1.650723622
264.775,0,-0.6684422131,-0.6684422131,1.676687143
264.8,0,-0.6262000931,-0.6262000931,1.702685664
264.825,0,-0.5833079183,-0.5833079183,1.728685372
264.85,0,-0.5397661387,-0.5397661387,1.754647204
264.875,0,-0.4955762438,-0.4955762438,1.78052655
264.9,0,-0.4507409177,-0.4507409177,1.806272905
264.925,0,-0.4052641775,-0.4052641775,1.831829578
264.95,0,-0.3591515442,-0.3591515442,1.85713337
264.975,0,-0.3124101975,-0.3124101975,1.882114316
265,0,-0.2650491583,-0.2650491583,1.906695415
265.025,0,-0.217079459,-0.217079459,1.930792432
265.05,0,-0.1685143321,-0.1685143321,1.954313733
265.075,0,-0.119369394,-0.119369394,1.97716019
265.1,0,-0.06966283283,-0.06966283283,1.999225155
265.125,0,-0.01941559742,-0.01941559742,2.020394533
265.15,0,0.03134842083,0.03134842083,2.040546946
265.175,0,0.08260220731,0.08260220731,2.059554028
265.2,0,0.1343154552,0.1343154552,2.077280843
265.225,0,0.1864544075,0.1864544075,2.093586451
265.25,0,0.2389817172,0.2389817172,2.108324635
265.275,0,0.2918563235,0.2918563235,2.121344808
265.3,0,0.3450333587,0.3450333587,2.132493054
265.325,0,0.3984640776,0.3984640776,2.141613429
265.35,0,0.4520958258,0.4520958258,2.148549346
265.375,0,0.5058720438,0.5058720438,2.153145234
265.4,0,0.5597323128,0.5597323128,2.155248289
265.425,0,0.6136124484,0.6136124484,2.154710407
265.45,0,0.667444645,0.667444645,2.151390258
265.475,0,0.7211576694,0.7211576694,2.145155417
265.5,0,0.774677112,0.774677112,2.135884574
265.525,0,0.8279256938,0.8279256938,2.123469768
265.55,0,0.8808236258,0.8808236258,2.10781856
265.575,0,0.933289023,0.933289023,2.088856123
265.6,0,0.9852383715,0.9852383715,2.06652719
265.625,0,1.036587039,1.036587039,2.040797791
265.65,0,1.087249824,1.087249824,2.011656716
265.675,0,1.137141543,1.137141543,1.979116669
265.7,0,1.186177637,1.186177637,1.943215054
265.725,0,1.234274797,1.234274797,1.904014358
265.75,0,1.281351585,1.281351585,1.861602094
265.775,0,1.327329065,1.327329065,1.816090306
265.8,0,1.372131395,1.372131395,1.767614613
265.825,0,1.415686406,1.415686406,1.716332827
265.85,0,1.457926132,1.457926132,1.662423159
265.875,0,1.498787297,1.498787297,1.606082037
265.9,0,1.538211737,1.538211737,1.547521637
265.925,0,1.576146759,1.576146759,1.486967149
265.95,0,1.612545435,1.612545435,1.424653816
265.975,0,1.647366811,1.647366811,1.360823962
266,0,1.680576047,1.680576047,1.29572385
266.025,0,1.712144479,1.712144479,1.229600717
266.05,0,1.742049603,1.742049603,1.16269979
266.075,0,1.770274993,1.770274993,1.095261594
266.1,0,1.796810151,1.796810151,1.027519345
266.125,0,1.821650295,1.821650295,0.9596967732
266.15,0,1.844796092,1.844796092,0.8920060703
266.175,0,1.86625336,1.86625336,0.8246463145
266.2,0,1.886032709,1.886032709,0.757802106
266.225,0,1.904149175,1.904149175,0.6916426033
266.25,0,1.920621825,1.920621825,0.6263208446
266.275,0,1.935473341,1.935473341,0.5619733832
266.3,0,1.948729618,1.948729618,0.4987201972
266.325,0,1.960419338,1.960419338,0.4366648558
266.35,0,1.970573576,1.970573576,0.3758948946
266.375,0,1.979225399,1.979225399,0.3164823871
266.4,0,1.986409489,1.986409489,0.2584846688
266.425,0,1.992161788,1.992161788,0.2019451631
266.45,0,1.996519156,1.996519156,0.1468943424
266.475,0,1.999519068,1.999519068,0.09335068366
266.5,0,2.001199316,2.001199316,0.0413217301
266.525,0,2.001597759,2.001597759,-0.00919488802
266.55,0,2.000752083,2.000752083,-0.05821041189
266.575,0,1.998699591,1.998699591,-0.1057439427
266.6,0,1.995477021,1.995477021,-0.1518214676
266.625,0,1.991120386,1.991120386,-0.1964749302
266.65,0,1.985664834,1.985664834,-0.2397413564
266.675,0,1.979144533,1.979144533,-0.2816620425
266.7,0,1.971592574,1.971592574,-0.3222817987
266.725,0,1.963040888,1.963040888,-0.3616482643
266.75,0,1.95352019,1.95352019,-0.399811288
266.775,0,1.943059924,1.943059924,-0.4368223614
266.8,0,1.931688233,1.931688233,-0.4727341254
266.825,0,1.919431934,1.919431934,-0.5075999302
266.85,0,1.906316505,1.906316505,-0.5414734437
266.875,0,1.892366084,1.892366084,-0.5744083262
266.9,0,1.877603466,1.877603466,-0.6064579327
266.925,0,1.862050124,1.862050124,-0.6376750769
266.95,0,1.845726216,1.845726216,-0.6681118195
266.975,0,1.82865061,1.82865061,-0.6978193013
267,0,1.81084091,1.81084091,-0.726847601
267.025,0,1.792313482,1.792313482,-0.7552456251
267.05,0,1.773083484,1.773083484,-0.7830610176
267.075,0,1.7531649,1.7531649,-0.8103400944
267.1,0,1.732570574,1.732570574,-0.8371277912
267.125,0,1.711312242,1.711312242,-0.8634676305
267.15,0,1.689400573,1.689400573,-0.8894016969
267.175,0,1.666845199,1.666845199,-0.9149706251
267.2,0,1.643654757,1.643654757,-0.9402135942
267.225,0,1.619836922,1.619836922,-0.9651683284
267.25,0,1.59539844,1.59539844,-0.9898711003
267.275,0,1.570345175,1.570345175,-1.014356739
267.3,0,1.544682134,1.544682134,-1.038658637
267.325,0,1.518413508,1.518413508,-1.062808753
267.35,0,1.491542707,1.491542707,-1.086837625
267.375,0,1.464072394,1.464072394,-1.110774362
267.4,0,1.436004525,1.436004525,-1.134646647
267.425,0,1.40734038,1.40734038,-1.158480728
267.45,0,1.3780806,1.3780806,-1.182301403
267.475,0,1.348225226,1.348225226,-1.206131997
267.5,0,1.317773736,1.317773736,-1.229994329
267.525,0,1.286725076,1.286725076,-1.253908686
267.55,0,1.255077711,1.255077711,-1.277893753
267.575,0,1.222829657,1.222829657,-1.301966564
267.6,0,1.189978523,1.189978523,-1.32614244
267.625,0,1.156521562,1.156521562,-1.350434882
267.65,0,1.122455712,1.122455712,-1.374855481
267.675,0,1.08777764,1.08777764,-1.399413823
267.7,0,1.052483809,1.052483809,-1.424117334
267.725,0,1.016570521,1.016570521,-1.448971147
267.75,0,0.9800339756,0.9800339756,-1.473977965
267.775,0,0.9428703457,0.9428703457,-1.499137841
267.8,0,0.9050758314,0.9050758314,-1.524448022
267.825,0,0.8666467384,0.8666467384,-1.549902734
267.85,0,0.8275795644,0.8275795644,-1.575492923
267.875,0,0.7878710674,0.7878710674,-1.601206057
267.9,0,0.7475183712,0.7475183712,-1.627025831
267.925,0,0.7065190562,0.7065190562,-1.652931898
267.95,0,0.6648712611,0.6648712611,-1.678899594
267.975,0,0.6225738058,0.6225738058,-1.704899603
268,0,0.5796262957,0.5796262957,-1.730897684
268.025,0,0.5360292653,0.5360292653,-1.756854312
268.05,0,0.4917842999,0.4917842999,-1.782724387
268.075,0,0.4468941906,0.4468941906,-1.808456892
268.1,0,0.4013630769,0.4013630769,-1.833994589
268.125,0,0.355196614,0.355196614,-1.85927372
268.15,0,0.3084021317,0.3084021317,-1.884223724
268.175,0,0.2609888153,0.2609888153,-1.908766994
268.2,0,0.2129678766,0.2129678766,-1.932818672
268.225,0,0.1643527451,0.1643527451,-1.956286487
268.25,0,0.1151592473,0.1151592473,-1.97907067
268.275,0,0.06540580024,0.06540580024,-2.001063938
268.3,0,0.01511359555,0.01511359555,-2.022151564
268.325,0,-0.0356932163,-0.0356932163,-2.042211565
268.35,0,-0.08698734656,-0.08698734656,-2.061114996
268.375,0,-0.1387382006,-0.1387382006,-2.078726386
268.4,0,-0.190911722,-0.190911722,-2.094904312
268.425,0,-0.2434702502,-0.2434702502,-2.109502157
268.45,0,-0.2963724053,-0.2963724053,-2.122368991
268.475,0,-0.349572991,-0.349572991,-2.133350692
268.5,0,-0.40302293,-0.40302293,-2.142291186
268.525,0,-0.4566692352,-0.4566692352,-2.149033919
268.55,0,-0.5104550156,-0.5104550156,-2.153423481
268.575,0,-0.5643195273,-0.5643195273,-2.155307384
268.6,0,-0.6181982722,-0.6181982722,-2.15453803
268.625,0,-0.6720231439,-0.6720231439,-2.150974758
268.65,0,-0.7257226278,-0.7257226278,-2.144485996
268.675,0,-0.7792220584,-0.7792220584,-2.134951495
268.7,0,-0.8324439279,-0.8324439279,-2.122264527
268.725,0,-0.885308251,-0.885308251,-2.106334069
268.75,0,-0.9377329862,-0.9377329862,-2.087086889
268.775,0,-0.989634504,-0.989634504,-2.064469472
268.8,0,-1.040928101,-1.040928101,-2.038449728
268.825,0,-1.091528554,-1.091528554,-2.009018444
268.85,0,-1.14135071,-1.14135071,-1.976190403
268.875,0,-1.190310091,-1.190310091,-1.940005136
268.9,0,-1.238323521,-1.238323521,-1.900527266
268.925,0,-1.285309755,-1.285309755,-1.857846424
268.95,0,-1.331190095,-1.331190095,-1.8120767
268.975,0,-1.37588899,-1.37588899,-1.763355664
269,0,-1.419334609,-1.419334609,-1.711842945
269.025,0,-1.461459367,-1.461459367,-1.657718386
269.05,0,-1.502200408,-1.502200408,-1.601179859
269.075,0,-1.541500018,-1.541500018,-1.542440768
269.1,0,-1.579305989,-1.579305989,-1.481727254
269.125,0,-1.615571892,-1.615571892,-1.419275304
269.15,0,-1.65025729,-1.65025729,-1.355327683
269.175,0,-1.683327866,-1.683327866,-1.290130851
269.2,0,-1.714755483,-1.714755483,-1.223932008
269.225,0,-1.744518158,-1.744518158,-1.156976055
269.25,0,-1.772599979,-1.772599979,-1.089503015
269.275,0,-1.798990939,-1.798990939,-1.021745362
269.3,0,-1.823686736,-1.823686736,-0.9539259297
269.325,0,-1.846688484,-1.846688484,-0.8862558429
269.35,0,-1.868002425,-1.868002425,-0.8189330021
269.375,0,-1.88763956,-1.88763956,-0.7521407202
269.4,0,-1.905615285,-1.905615285,-0.6860468099
269.425,0,-1.921948989,-1.921948989,-0.620802913
269.45,0,-1.936663645,-1.936663645,-0.5565441728
269.475,0,-1.9497854,-1.9497854,-0.4933891601
269.5,0,-1.961343157,-1.961343157,-0.431440063
269.525,0,-1.971368175,-1.971368175,-0.3707830729
269.55,0,-1.979893672,-1.979893672,-0.3114889834
269.575,0,-1.986954453,-1.986954453,-0.2536139047
269.6,0,-1.992586549,-1.992586549,-0.197200129
269.625,0,-1.996826885,-1.996826885,-0.1422770592
269.65,0,-1.999712973,-1.999712973,-0.08886220753
269.675,0,-2.001282622,-2.001282622,-0.0369622306
269.7,0,-2.001573685,-2.001573685,0.01342603756
269.725,0,-2.000623821,-2.000623821,0.06231454572
269.75,0,-1.998470293,-1.998470293,0.1097230183
269.775,0,-1.995149784,-1.995149784,0.1556779849
269.8,0,-1.990698238,-1.990698238,0.2002118549
269.825,0,-1.985150723,-1.985150723,0.2433620504
269.85,0,-1.97854132,-1.97854132,0.2851701932
269.875,0,-1.970903022,-1.970903022,0.3256813599
269.9,0,-1.962267662,-1.962267662,0.364943404
269.925,0,-1.952665845,-1.952665845,0.4030063323
269.95,0,-1.942126908,-1.942126908,0.439921753
269.975,0,-1.930678881,-1.930678881,0.4757423862
270,0,-1.918348467,-1.918348467,0.5105216199
270.025,0,-1.905161031,-1.905161031,0.5443131371
270.05,0,-1.891140594,-1.891140594,0.57717058
270.075,0,-1.876309841,-1.876309841,0.6091472679
270.1,0,-1.86069013,-1.86069013,0.6402959577
270.125,0,-1.84430151,-1.84430151,0.6706686372
270.15,0,-1.82716274,-1.82716274,0.7003163631
270.175,0,-1.809291316,-1.809291316,0.729289117
270.2,0,-1.790703501,-1.790703501,0.7576357022
270.225,0,-1.771414353,-1.771414353,0.7854036511
270.25,0,-1.751437755,-1.751437755,0.8126391642
270.275,0,-1.730786458,-1.730786458,0.8393870582
270.3,0,-1.709472104,-1.709472104,0.8656907336
270.325,0,-1.687505273,-1.687505273,0.8915921522
270.35,0,-1.664895511,-1.664895511,0.9171318248
270.375,0,-1.64165137,-1.64165137,0.9423488066
270.4,0,-1.617780446,-1.617780446,0.9672806978
270.425,0,-1.59328941,-1.59328941,0.9919636484
270.45,0,-1.568184048,-1.568184048,1.016432364
270.475,0,-1.542469299,-1.542469299,1.040720115
270.5,0,-1.516149285,-1.516149285,1.064858741
270.525,0,-1.48922735,-1.48922735,1.088878655
270.55,0,-1.4617061,-1.4617061,1.112808846
270.575,0,-1.433587426,-1.433587426,1.136676878
270.6,0,-1.404872555,-1.404872555,1.160508873
270.625,0,-1.375562077,-1.375562077,1.184329504
270.65,0,-1.345655981,-1.345655981,1.208161971
270.675,0,-1.315153698,-1.315153698,1.232027967
270.7,0,-1.284054135,-1.284054135,1.255947635
270.725,0,-1.252355713,-1.252355713,1.279939533
270.75,0,-1.220056414,-1.220056414,1.304020551
270.775,0,-1.187153817,-1.187153817,1.328205847
270.8,0,-1.153645141,-1.153645141,1.352508776
270.825,0,-1.119527301,-1.119527301,1.376940762
270.85,0,-1.08479695,-1.08479695,1.4015112
270.875,0,-1.049450527,-1.049450527,1.426227341
270.9,0,-1.013484326,-1.013484326,1.451094115
270.925,0,-0.9768945455,-0.9768945455,1.476113993
270.95,0,-0.9396773504,-0.9396773504,1.501286819
270.975,0,-0.9018289537,-0.9018289537,1.526609574
271,0,-0.863345673,-0.863345673,1.552076214
271.025,0,-0.8242240197,-0.8242240197,1.577677416
271.05,0,-0.7844607871,-0.7844607871,1.603400315
271.075,0,-0.7440531275,-0.7440531275,1.629228287
271.1,0,-0.7029986681,-0.7029986681,1.655140626
271.125,0,-0.6612956013,-0.6612956013,1.681112278
271.15,0,-0.6189428058,-0.6189428058,1.707113533
271.175,0,-0.5759399659,-0.5759399659,1.733109697
271.2,0,-0.5322876947,-0.5322876947,1.759060797
271.225,0,-0.4879876799,-0.4879876799,1.78492123
271.25,0,-0.4430428164,-0.4430428164,1.810639471
271.275,0,-0.397457371,-0.397457371,1.836157731
271.3,0,-0.3512371306,-0.3512371306,1.861411688
271.325,0,-0.3043895801,-0.3043895801,1.886330187
271.35,0,-0.2569240667,-0.2569240667,1.910835015
271.375,0,-0.2088519867,-0.2088519867,1.934840684
271.4,0,-0.1601869644,-0.1601869644,1.95825429
271.425,0,-0.1109450406,-0.1109450406,1.980975423
271.45,0,-0.06114486122,-0.06114486122,2.002896161
271.475,0,-0.01080786191,-0.01080786191,2.023901151
271.5,0,0.04004154563,0.04004154563,2.043867805
271.525,0,0.09137579793,0.09137579793,2.062666603
271.55,0,0.1431640118,0.1431640118,2.08016154
271.575,0,0.1953718287,0.1953718287,2.096210727
271.6,0,0.2479612761,0.2479612761,2.110667131
271.625,0,0.3008906526,0.3008906526,2.123379515
271.65,0,0.3541144328,0.3541144328,2.134193535
271.675,0,0.4075832081,0.4075832081,2.142953013
271.7,0,0.4612436578,0.4612436578,2.149501437
271.725,0,0.5150385599,0.5150385599,2.153683561
271.75,0,0.5689068472,0.5689068472,2.155347246
271.775,0,0.6227837077,0.6227837077,2.1543454
271.8,0,0.6766007354,0.6766007354,2.150538044
271.825,0,0.7302861381,0.7302861381,2.143794493
271.85,0,0.7837649949,0.7837649949,2.133995559
271.875,0,0.8369595713,0.8369595713,2.121035765
271.9,0,0.8897896908,0.8897896908,2.104825526
271.925,0,0.942173158,0.942173158,2.085293216
271.95,0,0.9940262308,0.9940262308,2.062387081
271.975,0,1.045264139,1.045264139,2.036076924
272,0,1.095801643,1.095801643,2.006355539
272.025,0,1.145553623,1.145553623,1.97323979
272.05,0,1.194435687,1.194435687,1.936771338
272.075,0,1.242364799,1.242364799,1.897016946
272.1,0,1.289259908,1.289259908,1.85406835
272.125,0,1.33504256,1.33504256,1.808041688
272.15,0,1.379637499,1.379637499,1.759076472
272.175,0,1.422973235,1.422973235,1.707334121
272.2,0,1.46498257,1.46498257,1.652996105
272.225,0,1.505603067,1.505603067,1.59626173
272.25,0,1.544777471,1.544777471,1.537345579
272.275,0,1.582454054,1.582454054,1.476474756
272.3,0,1.61858689,1.61858689,1.413885951
272.325,0,1.65313606,1.65313606,1.349822341
272.35,0,1.686067773,1.686067773,1.284530604
272.375,0,1.717354415,1.717354415,1.2182578
272.4,0,1.746974528,1.746974528,1.151248586
272.425,0,1.774912705,1.774912705,1.083742369
272.45,0,1.801159439,1.801159439,1.015970943
272.475,0,1.825710894,1.825710894,0.9481561712
272.5,0,1.848568641,1.848568641,0.8805081437
272.525,0,1.869739334,1.869739334,0.8132235429
272.55,0,1.889234368,1.889234368,0.746484407
272.575,0,1.907069492,1.907069492,0.6804571872
272.6,0,1.923264416,1.923264416,0.615292132
272.625,0,1.937842402,1.937842402,0.5511229717
272.65,0,1.950829845,1.950829845,0.4880668738
272.675,0,1.962255866,1.962255866,0.426224643
272.7,0,1.972151905,1.972151905,0.3656811384
272.725,0,1.980551328,1.980551328,0.3065058721
272.75,0,1.987489062,1.987489062,0.24875374
272.775,0,1.993001221,1.993001221,0.1924659077
272.8,0,1.997124799,1.997124799,0.1376707131
272.825,0,1.999897337,1.999897337,0.08438471823
272.85,0,2.001356662,2.001356662,0.03261369275
272.875,0,2.001540616,2.001540616,-0.01764631276
272.9,0,2.000486835,2.000486835,-0.06640794824
272.925,0,1.998232538,1.998232538,-0.1136915553
272.95,0,1.99481435,1.99481435,-0.1595241988
272.975,0,1.990268146,1.990268146,-0.2039387489
273,0,1.984628916,1.984628916,-0.2469730152
273.025,0,1.97793065,1.97793065,-0.2886689412
273.05,0,1.970206245,1.970206245,-0.3290718668
273.075,0,1.961487431,1.961487431,-0.3682298515
273.1,0,1.951804709,1.951804709,-0.4061930582
273.125,0,1.941187304,1.941187304,-0.4430132101
273.15,0,1.929663134,1.929663134,-0.4787430985
273.175,0,1.91725879,1.91725879,-0.5134361509
273.2,0,1.90399952,1.90399952,-0.5471460604
273.225,0,1.889909232,1.889909232,-0.5799264501
273.25,0,1.875010499,1.875010499,-0.6118306024
273.275,0,1.859324565,1.859324565,-0.642911214
273.3,0,1.842871368,1.842871368,-0.6732202015
273.325,0,1.82566956,1.82566956,-0.702808533
273.35,0,1.807736531,1.807736531,-0.7317260956
273.375,0,1.789088439,1.789088439,-0.7600215858
273.4,0,1.76974024,1.76974024,-0.7877424264
273.425,0,1.749705722,1.749705722,-0.8149347005
273.45,0,1.728997537,1.728997537,-0.8416431064
273.475,0,1.707627238,1.707627238,-0.867910922
273.5,0,1.685605313,1.685605313,-0.8937799865
273.525,0,1.662941224,1.662941224,-0.9192906865
273.55,0,1.639643441,1.639643441,-0.9444819535
273.575,0,1.615719476,1.615719476,-0.9693912638
273.6,0,1.591175927,1.591175927,-0.9940546444
273.625,0,1.566018504,1.566018504,-1.018506678
273.65,0,1.540252077,1.540252077,-1.042780514
273.675,0,1.513880699,1.513880699,-1.066907869
273.7,0,1.486907651,1.486907651,-1.090919035
273.725,0,1.459335474,1.459335474,-1.114842882
273.75,0,1.431166006,1.431166006,-1.138706848
273.775,0,1.402400413,1.402400413,-1.162536936
273.8,0,1.373039236,1.373039236,-1.186357692
273.825,0,1.343082415,1.343082415,-1.210192189
273.85,0,1.312529331,1.312529331,-1.234061993
273.875,0,1.281378853,1.281378853,-1.257987112
273.9,0,1.249629362,1.249629362,-1.28198596
273.925,0,1.2172788,1.2172788,-1.306075292
273.95,0,1.184324718,1.184324718,-1.330270111
273.975,0,1.150764306,1.150764306,-1.354583605
274,0,1.116594453,1.116594453,-1.379027045
274.025,0,1.081811793,1.081811793,-1.403609638
274.05,0,1.046412753,1.046412753,-1.42833844
274.075,0,1.010393612,1.010393612,-1.453218192
274.1,0,0.973750566,0.973750566,-1.478251137
274.125,0,0.936479782,0.936479782,-1.50343688
274.15,0,0.8985774739,0.8985774739,-1.528772171
274.175,0,0.8600399794,0.8600399794,-1.554250675
274.2,0,0.8208638261,0.8208638261,-1.579862788
274.225,0,0.7810458347,0.7810458347,-1.605595339
274.25,0,0.7405831966,0.7405831966,-1.631431356
274.275,0,0.6994735783,0.6994735783,-1.657349787
274.3,0,0.6577152314,0.6577152314,-1.683325182
274.325,0,0.615307094,0.615307094,-1.709327428
274.35,0,0.5722489274,0.5722489274,-1.735321389
274.375,0,0.5285414292,0.5285414292,-1.761266627
274.4,0,0.4841863844,0.4841863844,-1.787117048
274.425,0,0.4391867991,0.4391867991,-1.812820603
274.45,0,0.3935470624,0.3935470624,-1.838318962
274.475,0,0.3472730999,0.3472730999,-1.863547228
274.5,0,0.3003725477,0.3003725477,-1.888433657
274.525,0,0.2528549205,0.2528549205,-1.912899422
274.55,0,0.2047317977,0.2047317977,-1.93685841
274.575,0,0.1560170008,0.1560170008,-1.960217078
274.6,0,0.1067267863,0.1067267863,-1.982874379
274.625,0,0.05688002935,0.05688002935,-2.00472175
274.65,0,0.006498412497,0.006498412497,-2.025643217
274.675,0,-0.04439339095,-0.04439339095,-2.045515585
274.7,0,-0.09576754175,-0.09576754175,-2.064208762
274.725,0,-0.1475928666,-0.1475928666,-2.08158622
274.75,0,-0.1998347036,-0.1998347036,-2.0975056
274.775,0,-0.2524547683,-0.2524547683,-2.111819467
274.8,0,-0.3054110359,-0.3054110359,-2.124376283
274.825,0,-0.3586576526,-0.3586576526,-2.135021484
274.85,0,-0.4121448779,-0.4121448779,-2.143598817
274.875,0,-0.465819057,-0.465819057,-2.149951801
274.9,0,-0.5196226385,-0.5196226385,-2.153925385
274.925,0,-0.5734942317,-0.5734942317,-2.155367786
274.95,0,-0.6273687112,-0.6273687112,-2.154132428
274.975,0,-0.6811773749,-0.6811773749,-2.150080042
275,0,-0.7348481533,-0.7348481533,-2.143080838
275.025,0,-0.7883058722,-0.7883058722,-2.133016704
275.05,0,-0.8414725743,-0.8414725743,-2.119783433
275.075,0,-0.8942678946,-0.8942678946,-2.103292893
275.1,0,-0.9466094864,-0.9466094864,-2.083475078
275.125,0,-0.9984134987,-0.9984134987,-2.060280003
275.15,0,-1.0495951,-1.0495951,-2.033679381
275.175,0,-1.100069038,-1.100069038,-2.003668016
275.2,0,-1.14975023,-1.14975023,-1.970264862
275.225,0,-1.198554374,-1.198554374,-1.933513709
275.25,0,-1.246398582,-1.246398582,-1.893483459
275.275,0,-1.293201997,-1.293201997,-1.850267953
275.3,0,-1.338886414,-1.338886414,-1.803985367
275.325,0,-1.383376878,-1.383376878,-1.754777138
275.35,0,-1.426602245,-1.426602245,-1.70280647
275.375,0,-1.468495703,-1.468495703,-1.64825645
275.4,0,-1.508995241,-1.508995241,-1.591327778
275.425,0,-1.548044064,-1.548044064,-1.532236213
275.45,0,-1.585590926,-1.585590926,-1.471209808
275.475,0,-1.621590407,-1.621590407,-1.408485902
275.5,0,-1.656003104,-1.656003104,-1.344308106
275.525,0,-1.688795753,-1.688795753,-1.278923241
275.55,0,-1.719941265,-1.719941265,-1.212578268
275.575,0,-1.749418703,-1.749418703,-1.145517513
275.6,0,-1.777213169,-1.777213169,-1.077979817
275.625,0,-1.803315648,-1.803315648,-1.010196213
275.65,0,-1.827722774,-1.827722774,-0.9423876328
275.675,0,-1.850436567,-1.850436567,-0.8747630865
275.7,0,-1.871464095,-1.871464095,-0.8075180463
275.725,0,-1.890817142,-1.890817142,-0.7408332634
275.75,0,-1.908511808,-1.908511808,-0.6748738228
275.775,0,-1.924568123,-1.924568123,-0.6097885788
275.8,0,-1.93900963,-1.93900963,-0.5457098479
275.825,0,-1.951862972,-1.951862972,-0.4827533949
275.85,0,-1.963157485,-1.963157485,-0.4210186454
275.875,0,-1.972924785,-1.972924785,-0.3605891314
275.9,0,-1.981198391,-1.981198391,-0.3015330817
275.925,0,-1.988013336,-1.988013336,-0.2439041992
275.95,0,-1.993405831,-1.993405831,-0.1877425071
275.975,0,-1.997412919,-1.997412919,-0.1330753147
276,0,-2.000072183,-2.000072183,-0.07991821416
276.025,0,-2.001421458,-2.001421458,-0.02827611173
276.05,0,-2.001498577,-2.001498577,0.02185572315
276.075,0,-2.000341148,-2.000341148,0.0704906341
276.1,0,-1.997986347,-1.997986347,0.1176495722
276.125,0,-1.994470741,-1.994470741,0.1633601317
276.15,0,-1.989830134,-1.989830134,0.2076556366
276.175,0,-1.984099434,-1.984099434,0.2505742778
276.2,0,-1.977312542,-1.977312542,0.2921583161
276.225,0,-1.969502261,-1.969502261,0.3324533496
276.25,0,-1.960700215,-1.960700215,0.3715076384
276.275,0,-1.950936799,-1.950936799,0.4093714988
276.3,0,-1.940241129,-1.940241129,0.4460967645
276.325,0,-1.928641009,-1.928641009,0.4817362954
276.35,0,-1.916162916,-1.916162916,0.5163435568
276.375,0,-1.902831986,-1.902831986,0.5499722468
276.4,0,-1.888672012,-1.888672012,0.58267597
276.425,0,-1.873705452,-1.873705452,0.6145079685
276.45,0,-1.857953439,-1.857953439,0.6455208784
276.475,0,-1.841435801,-1.841435801,0.6757665431
276.5,0,-1.824171081,-1.824171081,0.7052958421
276.525,0,-1.806176563,-1.806176563,0.7341585662
276.55,0,-1.787468303,-1.787468303,0.7624033054
276.575,0,-1.768061153,-1.768061153,0.7900773715
276.6,0,-1.747968806,-1.747968806,0.8172267308
276.625,0,-1.727203818,-1.727203818,0.843895962
276.65,0,-1.705777649,-1.705777649,0.8701282213
276.675,0,-1.6837007,-1.6837007,0.8959652242
276.7,0,-1.660982346,-1.660982346,0.9214472339
276.725,0,-1.637630973,-1.637630973,0.9466130577
276.75,0,-1.613654016,-1.613654016,0.9715000482
276.775,0,-1.589057994,-1.589057994,0.9961441094
276.8,0,-1.563848548,-1.563848548,1.020579702
276.825,0,-1.53803047,-1.53803047,1.044839852
276.85,0,-1.511607753,-1.511607753,1.068956155
276.875,0,-1.48458361,-1.48458361,1.092958784
276.9,0,-1.456960521,-1.456960521,1.116876484
276.925,0,-1.428740266,-1.428740266,1.140736573
276.95,0,-1.399923956,-1.399923956,1.164564931
276.975,0,-1.370512079,-1.370512079,1.188385981
277,0,-1.340504527,-1.340504527,1.212222665
277.025,0,-1.309900637,-1.309900637,1.23609642
277.05,0,-1.27869923,-1.27869923,1.260027124
277.075,0,-1.246898654,-1.246898654,1.284033046
277.1,0,-1.214496812,-1.214496812,1.308130797
277.125,0,-1.181491223,-1.181491223,1.332335235
277.15,0,-1.147879053,-1.147879053,1.356659381
277.175,0,-1.113657164,-1.113657164,1.381114335
277.2,0,-1.078822169,-1.078822169,1.405709137
277.225,0,-1.043370485,-1.043370485,1.430450638
277.25,0,-1.007298377,-1.007298377,1.455343378
277.275,0,-0.9706020368,-0.9706020368,1.480389389
277.3,0,-0.9332776356,-0.9332776356,1.50558803
277.325,0,-0.8953213912,-0.8953213912,1.530935805
277.35,0,-0.8567296561,-0.8567296561,1.556426109
277.375,0,-0.8174989806,-0.8174989806,1.582049036
277.4,0,-0.7776262096,-0.7776262096,1.607791115
277.425,0,-0.7371085754,-0.7371085754,1.633635026
277.45,0,-0.6959437868,-0.6959437868,1.659559362
277.475,0,-0.6541301508,-0.6541301508,1.685538286
277.5,0,-0.6116666711,-0.6116666711,1.711541265
277.525,0,-0.5685531819,-0.5685531819,1.737532732
277.55,0,-0.5247904701,-0.5247904701,1.763471773
277.575,0,-0.4803804166,-0.4803804166,1.789311805
277.6,0,-0.4353261413,-0.4353261413,1.815000252
277.625,0,-0.389632156,-0.389632156,1.84047824
277.65,0,-0.3433045268,-0.3433045268,1.865680295
277.675,0,-0.2963510415,-0.2963510415,1.890534083
277.7,0,-0.2487813847,-0.2487813847,1.914960161
277.725,0,-0.2006073186,-0.2006073186,1.938871789
277.75,0,-0.151842865,-0.151842865,1.962174788
277.775,0,-0.1025044964,-0.1025044964,1.984767469
277.8,0,-0.05261131907,-0.05261131907,2.006540633
277.825,0,-0.002185263565,-0.002185263565,2.027377683
277.85,0,0.04874873437,0.04874873437,2.047154821
277.875,0,0.1001625577,0.1001625577,2.06574139
277.9,0,0.1520247421,0.1520247421,2.083000335
277.925,0,0.2043003223,0.2043003223,2.098788837
277.95,0,0.2569506994,0.2569506994,2.11295907
277.975,0,0.3099335259,0.3099335259,2.125359195
278,0,0.3632026188,0.3632026188,2.135834448
278.025,0,0.4167079049,0.4167079049,2.144228497
278.05,0,0.4703953965,0.4703953965,2.150384917
278.075,0,0.5242072123,0.5242072123,2.154148861
278.1,0,0.578081639,0.578081639,2.155368912
278.125,0,0.6319532399,0.6319532399,2.153899033
278.15,0,0.6857530171,0.6857530171,2.149600676
278.175,0,0.7394086257,0.7394086257,2.142344959
278.2,0,0.7928446416,0.7928446416,2.132014868
278.225,0,0.845982887,0.845982887,2.118507482
278.25,0,0.8987428106,0.8987428106,2.101736133
278.275,0,0.9510419189,0.9510419189,2.081632448
278.3,0,1.002796256,1.002796256,2.058148228
278.325,0,1.053920933,1.053920933,2.031257103
278.35,0,1.104330687,1.104330687,2.000955896
278.375,0,1.153940479,1.153940479,1.967265653
278.4,0,1.202666103,1.202666103,1.930232299
278.425,0,1.250424819,1.250424819,1.889926871
278.45,0,1.297135973,1.297135973,1.846445312
278.475,0,1.342721613,1.342721613,1.799907827
278.5,0,1.387107086,1.387107086,1.75045777
278.525,0,1.430221599,1.430221599,1.698260116
278.55,0,1.47199873,1.47199873,1.643499544
278.575,0,1.512376898,1.512376898,1.586378141
278.6,0,1.551299767,1.551299767,1.527112822
278.625,0,1.588716579,1.588716579,1.465932549
278.65,0,1.624582418,1.624582418,1.403075315
278.675,0,1.658858402,1.658858402,1.33878512
278.7,0,1.691511791,1.691511791,1.27330892
278.725,0,1.722516022,1.722516022,1.206893552
278.75,0,1.751850677,1.751850677,1.139782986
278.775,0,1.779501366,1.779501366,1.072215485
278.8,0,1.805459565,1.805459565,1.004421308
278.825,0,1.829722379,1.829722379,0.9366204383
278.85,0,1.852292268,1.852292268,0.8690207869
278.875,0,1.873176718,1.873176718,0.8018166213
278.9,0,1.892387895,1.892387895,0.7351873863
278.925,0,1.909942247,1.909942247,0.6692968048
278.95,0,1.925860123,1.925860123,0.6042923306
278.975,0,1.940165344,1.940165344,0.5403048684
279,0,1.952884799,1.952884799,0.4774487795
279.025,0,1.964048033,1.964048033,0.4158221178
279.05,0,1.973686839,1.973686839,0.3555070864
279.075,0,1.98183488,1.98183488,0.2965706444
279.1,0,1.988527301,1.988527301,0.2390652991
279.125,0,1.993800398,1.993800398,0.1830299472
279.15,0,1.997691271,1.997691271,0.1284908672
279.175,0,2.000237535,2.000237535,0.07546269611
279.2,0,2.001477033,2.001477033,0.02394948208
279.225,0,2.00144759,2.00144759,-0.02605427943
279.25,0,2.000186783,2.000186783,-0.07456261826
279.275,0,1.997731743,1.997731743,-0.1215970879
279.3,0,1.994118978,1.994118978,-0.1671858058
279.325,0,1.989384221,1.989384221,-0.2113625423
279.35,0,1.983562297,1.983562297,-0.254165865
279.375,0,1.976687019,1.976687019,-0.295638347
279.4,0,1.968791089,1.968791089,-0.3358258384
279.425,0,1.959906032,1.959906032,-0.374776796
279.45,0,1.950062133,1.950062133,-0.4125416869
279.475,0,1.939288399,1.939288399,-0.4491724495
279.5,0,1.927612521,1.927612521,-0.4847220102
279.525,0,1.915060863,1.915060863,-0.5192438701
279.55,0,1.901658444,1.901658444,-0.552791729
279.575,0,1.887428946,1.887428946,-0.5854191725
279.6,0,1.872394712,1.872394712,-0.6171793982
279.625,0,1.856576765,1.856576765,-0.6481249828
279.65,0,1.83999482,1.83999482,-0.6783076932
279.675,0,1.822667314,1.822667314,-0.7077783209
279.7,0,1.804611424,1.804611424,-0.7365865584
279.725,0,1.785843101,1.785843101,-0.7647808898
279.75,0,1.766377101,1.766377101,-0.7924085143
279.775,0,1.746227016,1.746227016,-0.8195152821
279.8,0,1.725405307,1.725405307,-0.8461456514
279.825,0,1.703923344,1.703923344,-0.8723426566
279.85,0,1.681791439,1.681791439,-0.8981478899
279.875,0,1.659018879,1.659018879,-0.9236014905
279.9,0,1.635613972,1.635613972,-0.9487421418
279.925,0,1.61158407,1.61158407,-0.9736070729
279.95,0,1.586935617,1.586935617,-0.9982320643
279.975,0,1.56167418,1.56167418,-1.022651455
280,0,1.535804483,1.535804483,-1.046898148
280.025,0,1.509330448,1.509330448,-1.071003619
280.05,0,1.482255228,1.482255228,-1.094997917
280.075,0,1.45458124,1.45458124,-1.11890967
280.1,0,1.426310205,1.426310205,-1.14276607
280.125,0,1.397443183,1.397443183,-1.166592874
280.15,0,1.367980605,1.367980605,-1.190414383
280.175,0,1.337922317,1.337922317,-1.214253411
280.2,0,1.307267611,1.307267611,-1.238131261
280.225,0,1.276015265,1.276015265,-1.262067681
280.25,0,1.244163587,1.244163587,-1.2860808
280.275,0,1.211710449,1.211710449,-1.310187077
280.3,0,1.178653333,1.178653333,-1.334401227
280.325,0,1.144989381,1.144989381,-1.358736107
280.35,0,1.110715431,1.110715431,-1.383202641
280.375,0,1.075828076,1.075828076,-1.407809699
280.4,0,1.040323719,1.040323719,-1.432563934
280.425,0,1.004198618,1.004198618,-1.457469676
280.45,0,0.9674489553,0.9674489553,-1.482528749
280.475,0,0.9300709086,0.9300709086,-1.507740265
280.5,0,0.8920607032,0.8920607032,-1.533100472
280.525,0,0.8534147014,0.8534147014,-1.558602505
280.55,0,0.8141294807,0.8141294807,-1.584236151
280.575,0,0.7742019108,0.7742019108,-1.60998763
280.6,0,0.7336292628,0.7336292628,-1.635839284
280.625,0,0.6924092928,0.6924092928,-1.661769334
280.65,0,0.6505403596,0.6505403596,-1.687751566
280.675,0,0.6080215366,0.6080215366,-1.713755021
280.7,0,0.5648527299,0.5648527299,-1.739743698
280.725,0,0.5210348182,0.5210348182,-1.765676205
280.75,0,0.4765697784,0.4765697784,-1.791505468
280.775,0,0.4314608459,0.4314608459,-1.81717838
280.8,0,0.3857126557,0.3857126557,-1.842635522
280.825,0,0.3393314164,0.3393314164,-1.867810843
280.85,0,0.292325068,0.292325068,-1.892631413
280.875,0,0.244703467,0.244703467,-1.917017175
280.9,0,0.1964785589,0.1964785589,-1.940880761
280.925,0,0.1476645682,0.1476645682,-1.964127354
280.95,0,0.09827818356,0.09827818356,-1.986654623
280.975,0,0.04833874461,0.04833874461,-2.008352736
281,0,-0.002131568832,-0.002131568832,-2.029104471
281.025,0,-0.05310755754,-0.05310755754,-2.048785433
281.05,0,-0.1045608256,-0.1045608256,-2.067264397
281.075,0,-0.1564596161,-0.1564596161,-2.084403798
281.1,0,-0.2087686597,-0.2087686597,-2.100060346
281.125,0,-0.2614490425,-0.2614490425,-2.114085847
281.15,0,-0.3144580929,-0.3144580929,-2.126328155
281.175,0,-0.3677492995,-0.3677492995,-2.136632326
281.2,0,-0.4212722549,-0.4212722549,-2.14484196
281.225,0,-0.4749726393,-0.4749726393,-2.150800689
281.25,0,-0.5287922423,-0.5287922423,-2.154353897
281.275,0,-0.582669028,-0.582669028,-2.155350538
281.3,0,-0.6365372498,-0.6365372498,-2.15364513
281.325,0,-0.6903276163,-0.6903276163,-2.149099869
281.35,0,-0.7439675084,-0.7439675084,-2.141586791
281.375,0,-0.7973812541,-0.7973812541,-2.130989994
281.4,0,-0.8504904588,-0.8504904588,-2.117207863
281.425,0,-0.903214388,-0.903214388,-2.100155209
281.45,0,-0.9554704033,-0.9554704033,-2.079765303
281.475,0,-1.00717445,-1.00717445,-2.055991747
281.5,0,-1.058241583,-1.058241583,-2.028810095
281.525,0,-1.108586538,-1.108586538,-1.998219197
281.55,0,-1.158124319,-1.158124319,-1.964242198
281.575,0,-1.206770823,-1.206770823,-1.926927158
281.6,0,-1.254443463,-1.254443463,-1.886347247
281.625,0,-1.301061789,-1.301061789,-1.842600509
281.65,0,-1.34654811,-1.34654811,-1.795809165
281.675,0,-1.39082808,-1.39082808,-1.746118475
281.7,0,-1.433831257,-1.433831257,-1.693695175
281.725,0,-1.475491614,-1.475491614,-1.63872552
281.75,0,-1.515748004,-1.515748004,-1.581412956
281.775,0,-1.554544552,-1.554544552,-1.521975548
281.8,0,-1.591830987,-1.591830987,-1.460643134
281.825,0,-1.627562903,-1.627562903,-1.397654334
281.85,0,-1.661701937,-1.661701937,-1.333253545
281.875,0,-1.694215872,-1.694215872,-1.267687782
281.9,0,-1.725078675,-1.725078675,-1.20120381
281.925,0,-1.754270442,-1.754270442,-1.134045144
281.95,0,-1.781777293,-1.781777293,-1.066449521
281.975,0,-1.807591191,-1.807591191,-0.9986463576
282,0,-1.831709711,-1.831709711,-0.9308547104
282.025,0,-1.85413575,-1.85413575,-0.8632813616
282.05,0,-1.874877211,-1.874877211,-0.7961193731
282.075,0,-1.893946636,-1.893946636,-0.7295468721
282.1,0,-1.911360824,-1.911360824,-0.6637262193
282.125,0,-1.927140434,-1.927140434,-0.5988034635
282.15,0,-1.941309563,-1.941309563,-0.5349080991
282.175,0,-1.953895346,-1.953895346,-0.4721530844
282.2,0,-1.964927531,-1.964927531,-0.4106351066
282.225,0,-1.974438088,-1.974438088,-0.3504350408
282.25,0,-1.982460818,-1.982460818,-0.2916185881
282.275,0,-1.989030979,-1.989030979,-0.2342370598
282.3,0,-1.994184947,-1.994184947,-0.1783282388
282.325,0,-1.997959877,-1.997959877,-0.1239173769
282.35,0,-2.000393415,-2.000393415,-0.07101816394
282.375,0,-2.001523412,-2.001523412,-0.01963379788
282.4,0,-2.001387679,-2.001387679,0.03024199238
282.425,0,-2.000023763,-2.000023763,0.07862391589
282.45,0,-1.997468749,-1.997468749,0.1255341219
282.475,0,-1.993759084,-1.993759084,0.1710012435
282.5,0,-1.988930429,-1.988930429,0.2150594913
282.525,0,-1.983017527,-1.983017527,0.2577478042
282.55,0,-1.976054098,-1.976054098,0.2991090635
282.575,0,-1.968072749,-1.968072749,0.3391893637
282.6,0,-1.9591049,-1.9591049,0.378037356
282.625,0,-1.949180729,-1.949180729,0.4157036547
282.65,0,-1.938329131,-1.938329131,0.4522402971
282.675,0,-1.926577687,-1.926577687,0.487700277
282.7,0,-1.913952644,-1.913952644,0.5221371242
282.725,0,-1.900478909,-1.900478909,0.5556045404
282.75,0,-1.886180049,-1.886180049,0.58815609
282.775,0,-1.871078294,-1.871078294,0.6198449235
282.8,0,-1.855194554,-1.855194554,0.6507235588
282.825,0,-1.838548436,-1.838548436,0.6808436823
282.85,0,-1.821158268,-1.821158268,0.7102559997
282.875,0,-1.803041121,-1.803041121,0.7390101015
282.9,0,-1.784212844,-1.784212844,0.7671543677
282.925,0,-1.764688092,-1.764688092,0.7947358828
282.95,0,-1.744480358,-1.744480358,0.8218003815
282.975,0,-1.723602012,-1.723602012,0.8483922007
283,0,-1.702064329,-1.702064329,0.8745542534
283.025,0,-1.679877534,-1.679877534,0.9003280079
283.05,0,-1.657050831,-1.657050831,0.9257534798
283.075,0,-1.633592441,-1.633592441,0.9508692283
283.1,0,-1.609509641,-1.609509641,0.9757123593
283.125,0,-1.584808797,-1.584808797,1.00031853
283.15,0,-1.559495403,-1.559495403,1.024721957
283.175,0,-1.533574116,-1.533574116,1.048955421
283.2,0,-1.507048787,-1.507048787,1.073050277
283.225,0,-1.479922507,-1.479922507,1.097036454
283.25,0,-1.452197633,-1.452197633,1.120942455
283.275,0,-1.423875825,-1.423875825,1.144795353
283.3,0,-1.394958093,-1.394958093,1.168620782
283.325,0,-1.365444815,-1.365444815,1.192442913
283.35,0,-1.335335784,-1.335335784,1.21628444
283.375,0,-1.304630254,-1.304630254,1.240166529
283.4,0,-1.273326957,-1.273326957,1.264108793
283.425,0,-1.241424161,-1.241424161,1.288129229
283.45,0,-1.208919708,-1.208919708,1.312244143
283.475,0,-1.175811046,-1.175811046,1.336468092
283.5,0,-1.142095287,-1.142095287,1.360813788
283.525,0,-1.107769252,-1.107769252,1.385291971
283.55,0,-1.072829513,-1.072829513,1.409911325
283.575,0,-1.037272453,-1.037272453,1.434678331
283.6,0,-1.00109433,-1.00109433,1.459597092
283.625,0,-0.9642913213,-0.9642913213,1.48466921
283.65,0,-0.9268595993,-0.9268595993,1.50989358
283.675,0,-0.8887954063,-0.8887954063,1.535266171
283.7,0,-0.8500951147,-0.8500951147,1.560779854
283.725,0,-0.8107553238,-0.8107553238,1.586424125
283.75,0,-0.7707729375,-0.7707729375,1.612184871
283.775,0,-0.7301452577,-0.7301452577,1.638044112
283.8,0,-0.6888700944,-0.6888700944,1.663979688
283.825,0,-0.6469458578,-0.6469458578,1.689965002
283.85,0,-0.6043716896,-0.6043716896,1.715968676
283.875,0,-0.5611475736,-0.5611475736,1.741954259
283.9,0,-0.5172744746,-0.5172744746,1.767879894
283.925,0,-0.4727544735,-0.4727544735,1.793697999
283.95,0,-0.4275909158,-0.4275909158,1.819354949
283.975,0,-0.381788567,-0.381788567,1.844790764
284,0,-0.3353537737,-0.3353537737,1.869938823
284.025,0,-0.2882946344,-0.2882946344,1.894725596
284.05,0,-0.2406211749,-0.2406211749,1.919070409
284.075,0,-0.192345528,-0.192345528,1.942885266
284.1,0,-0.1434821214,-0.1434821214,1.966074711
284.125,0,-0.09404786041,-0.09404786041,1.988535772
284.15,0,-0.04406232097,-0.04406232097,2.010157984
284.175,0,0.00645206817,0.00645206817,2.030823503
284.2,0,0.05746984203,0.05746984203,2.050407336
284.225,0,0.1089623246,0.1089623246,2.068777701
284.25,0,0.1608974656,0.1608974656,2.085796513
284.275,0,0.2132396912,0.2132396912,2.101320037
284.3,0,0.2659497697,0.2659497697,2.115199701
284.325,0,0.3189847075,0.3189847075,2.127283069
284.35,0,0.372297662,0.372297662,2.137415027
284.375,0,0.425837893,0.425837893,2.145439104
284.4,0,0.4795507486,0.4795507486,2.151199026
284.425,0,0.5333776889,0.5333776889,2.154540401
284.45,0,0.5872563569,0.5872563569,2.155312573
284.475,0,0.6411206977,0.6411206977,2.15337064
284.5,0,0.6949011267,0.6949011267,2.148577545
284.525,0,0.7485247532,0.7485247532,2.140806261
284.55,0,0.8019156608,0.8019156608,2.129942023
284.575,0,0.8549952396,0.8549952396,2.115884531
284.6,0,0.9076825744,0.9076825744,2.098550084
284.625,0,0.9598948876,0.9598948876,2.077873621
284.65,0,1.011548027,1.011548027,2.05381055
284.675,0,1.062557,1.062557,2.026338363
284.7,0,1.112836537,1.112836537,1.995457941
284.725,0,1.162301698,1.162301698,1.961194535
284.75,0,1.210868484,1.210868484,1.923598339
284.775,0,1.258454462,1.258454462,1.882744657
284.8,0,1.304979398,1.304979398,1.838733626
284.825,0,1.350365861,1.350365861,1.791689475
284.85,0,1.394539817,1.394539817,1.741759363
284.875,0,1.437431178,1.437431178,1.689111771
284.9,0,1.47897432,1.47897432,1.633934504
284.925,0,1.519108526,1.519108526,1.576432364
284.95,0,1.557778387,1.557778387,1.516824535
284.975,0,1.594934125,1.594934125,1.455341704
285,0,1.63053184,1.63053184,1.392223129
285.025,0,1.664533689,1.664533689,1.327713518
285.05,0,1.696907983,1.696907983,1.262060006
285.075,0,1.727629212,1.727629212,1.195509171
285.1,0,1.756677992,1.756677992,1.128304153
285.125,0,1.784040947,1.784040947,1.060682055
285.15,0,1.809710527,1.809710527,0.9928715045
285.175,0,1.833684772,1.833684772,0.9250905721
285.2,0,1.85596702,1.85596702,0.8575449285
285.225,0,1.876565582,1.876565582,0.7904264068
285.25,0,1.895493377,1.895493377,0.723911817
285.275,0,1.912767552,1.912767552,0.6581621515
285.3,0,1.928409069,1.928409069,0.5933220529
285.325,0,1.942442306,1.942442306,0.5295196039
285.35,0,1.954894631,1.954894631,0.4668663646
285.375,0,1.965795999,1.965795999,0.4054576568
285.4,0,1.975178552,1.975178552,0.345373032
285.425,0,1.983076226,1.983076226,0.2866769424
285.45,0,1.989524392,1.989524392,0.2294195001
285.475,0,1.994559499,1.994559499,0.173637398
285.5,0,1.998218761,1.998218761,0.1193548476
285.525,0,2.000539847,2.000539847,0.06658461695
285.55,0,2.001560617,2.001560617,0.01532905314
285.575,0,2.001318866,2.001318866,-0.03441887349
285.6,0,1.99985211,1.99985211,-0.08267454305
285.625,0,1.997197387,1.997197387,-0.1294606933
285.65,0,1.993391081,1.993391081,-0.1748064667
285.675,0,1.988468779,1.988468779,-0.2187465083
285.7,0,1.982465143,1.982465143,-0.2613201238
285.725,0,1.975413801,1.975413801,-0.302570494
285.75,0,1.96734726,1.96734726,-0.3425439556
285.775,0,1.958296837,1.958296837,-0.3812893511
285.8,0,1.948292604,1.948292604,-0.418857434
285.825,0,1.937363342,1.937363342,-0.4553003409
285.85,0,1.925536521,1.925536521,-0.4906711281
285.875,0,1.912838274,1.912838274,-0.5250233513
285.9,0,1.899293394,1.899293394,-0.5584107145
285.925,0,1.884925333,1.884925333,-0.5908867545
285.95,0,1.869756208,1.869756208,-0.6225045777
285.975,0,1.853806818,1.853806818,-0.6533166375
286,0,1.83709666,1.83709666,-0.6833745426
286.025,0,1.819643954,1.819643954,-0.7127289083
286.05,0,1.801465665,1.801465665,-0.7414292258
286.075,0,1.78257754,1.78257754,-0.7695237674
286.1,0,1.762994133,1.762994133,-0.7970595051
286.125,0,1.742728841,1.742728841,-0.8240820555
286.15,0,1.721793938,1.721793938,-0.850635636
286.175,0,1.70020061,1.70020061,-0.8767630365
286.2,0,1.677958992,1.677958992,-0.9025056024
286.225,0,1.655078204,1.655078204,-0.9279032251
286.25,0,1.631566385,1.631566385,-0.9529943399
286.275,0,1.607430733,1.607430733,-0.977815929
286.3,0,1.582677539,1.582677539,-1.002403527
286.325,0,1.557312222,1.557312222,-1.026791228
286.35,0,1.53133937,1.53133937,-1.051011691
286.375,0,1.504762771,1.504762771,-1.075096149
286.4,0,1.477585447,1.477585447,-1.09907441
286.425,0,1.449809698,1.449809698,-1.122974856
286.45,0,1.421437128,1.421437128,-1.146824438
286.475,0,1.392468686,1.392468686,-1.170648665
286.5,0,1.362904705,1.362904705,-1.194471585
286.525,0,1.33274493,1.33274493,-1.218315761
286.55,0,1.301988563,1.301988563,-1.242202234
286.575,0,1.270634303,1.270634303,-1.266150475
286.6,0,1.238680376,1.238680376,-1.290178341
286.625,0,1.206124586,1.206124586,-1.314302
286.65,0,1.172964358,1.172964358,-1.338535846
286.675,0,1.139196772,1.139196772,-1.362892426
286.7,0,1.104818624,1.104818624,-1.387382325
286.725,0,1.069826474,1.069826474,-1.412014028
286.75,0,1.034216689,1.034216689,-1.436793823
286.775,0,0.9979855138,0.9979855138,-1.461725621
286.8,0,0.9611291293,0.9611291293,-1.486810781
286.825,0,0.9236437073,0.9236437073,-1.512047967
286.85,0,0.8855254981,0.8855254981,-1.537432897
286.875,0,0.8467708932,0.8467708932,-1.562958152
286.9,0,0.8073765093,0.8073765093,-1.588612945
286.925,0,0.7673392855,0.7673392855,-1.614382832
286.95,0,0.7266565607,0.7266565607,-1.640249493
286.975,0,0.6853261905,0.6853261905,-1.666190408
287,0,0.6433466458,0.6433466458,-1.692178573
287.025,0,0.6007171312,0.6007171312,-1.718182203
287.05,0,0.557437713,0.557437713,-1.744164388
287.075,0,0.5135094415,0.5135094415,-1.770082807
287.1,0,0.4689345031,0.4689345031,-1.795889366
287.125,0,0.4237163548,0.4237163548,-1.821529919
287.15,0,0.3778598931,0.3778598931,-1.846943925
287.175,0,0.3313716046,0.3313716046,-1.87206419
287.2,0,0.2842597472,0.2842597472,-1.89681658
287.225,0,0.2365345168,0.2365345168,-1.921119807
287.25,0,0.1882082362,0.1882082362,-1.944885243
287.275,0,0.1392955351,0.1392955351,-1.968016793
287.3,0,0.08981354007,0.08981354007,-1.990410846
287.325,0,0.03978206246,0.03978206246,-2.011956303
287.35,0,-0.010776218,-0.010776218,-2.032534698
287.375,0,-0.0618355691,-0.0618355691,-2.052020448
287.4,0,-0.1133670339,-0.1133670339,-2.070281211
287.425,0,-0.165338268,-0.165338268,-2.087178394
287.45,0,-0.2177133905,-0.2177133905,-2.102567818
287.475,0,-0.270452854,-0.270452854,-2.116300535
287.5,0,-0.3235133396,-0.3235133396,-2.128223841
287.525,0,-0.376847674,-0.376847674,-2.138182447
287.55,0,-0.4304047849,-0.4304047849,-2.146019837
287.575,0,-0.4841296871,-0.4841296871,-2.151579833
287.6,0,-0.5379635124,-0.5379635124,-2.154708277
287.625,0,-0.5918435842,-0.5918435842,-2.155254933
287.65,0,-0.6457035395,-0.6457035395,-2.153075481
287.675,0,-0.6994735021,-0.6994735021,-2.148033626
287.7,0,-0.7530803131,-0.7530803131,-2.140003305
287.725,0,-0.8064478128,-0.8064478128,-2.1288709
287.75,0,-0.8594971782,-0.8594971782,-2.114537434
287.775,0,-0.9121473186,-0.9121473186,-2.096920724
287.8,0,-0.9643153199,-0.9643153199,-2.07595738
287.825,0,-1.015916937,-1.015916937,-2.051604631
287.85,0,-1.066867128,-1.066867128,-2.023841913
287.875,0,-1.117080633,-1.117080633,-1.992672151
287.9,0,-1.166472565,-1.166472565,-1.9581227
287.925,0,-1.214959034,-1.214959034,-1.920245894
287.95,0,-1.26245777,-1.26245777,-1.879119169
287.975,0,-1.308888754,-1.308888754,-1.834844744
288,0,-1.354174822,-1.354174822,-1.787548855
288.025,0,-1.398242254,-1.398242254,-1.737380546
288.05,0,-1.441021325,-1.441021325,-1.68451002
288.075,0,-1.48244681,-1.48244681,-1.629126627
288.1,0,-1.52245843,-1.52245843,-1.571436508
288.125,0,-1.561001245,-1.561001245,-1.511659923
288.15,0,-1.598025967,-1.598025967,-1.450028419
288.175,0,-1.633489205,-1.633489205,-1.386781837
288.2,0,-1.66735364,-1.66735364,-1.322165196
288.225,0,-1.699588109,-1.699588109,-1.256425731
288.25,0,-1.730167623,-1.730167623,-1.189809783
288.275,0,-1.75907332,-1.75907332,-1.122560145
288.3,0,-1.786292322,-1.786292322,-1.054913225
288.325,0,-1.811817572,-1.811817572,-0.9870968747
288.35,0,-1.835647566,-1.835647566,-0.9193281435
288.375,0,-1.857786084,-1.857786084,-0.8518116017
288.4,0,-1.878241841,-1.878241841,-0.7847378254
288.425,0,-1.897028132,-1.897028132,-0.7182823169
288.45,0,-1.914162444,-1.914162444,-0.6526046859
288.475,0,-1.929666047,-1.929666047,-0.5878481733
288.5,0,-1.943563589,-1.943563589,-0.5241394477
288.525,0,-1.955882673,-1.955882673,-0.4615886759
288.55,0,-1.966653459,-1.966653459,-0.4002898109
288.575,0,-1.975908253,-1.975908253,-0.3403210973
288.6,0,-1.983681129,-1.983681129,-0.281745729
288.625,0,-1.990007562,-1.990007562,-0.2246126423
288.65,0,-1.99492408,-1.99492408,-0.1689574297
288.675,0,-1.998467946,-1.998467946,-0.114803286
288.7,0,-2.000676855,-2.000676855,-0.06216205438
288.725,0,-2.001588671,-2.001588671,-0.01103524033
288.75,0,-2.001241175,-2.001241175,0.03858493472
288.775,0,-1.999671848,-1.999671848,0.08671451556
288.8,0,-1.996917678,-1.996917678,0.1333768217
288.825,0,-1.993014989,-1.993014989,0.1786014983
288.85,0,-1.987999292,-1.987999292,0.2224236195
288.875,0,-1.981905166,-1.981905166,0.2648828508
288.9,0,-1.974766146,-1.974766146,0.3060226679
288.925,0,-1.96661464,-1.96661464,0.3458896457
288.95,0,-1.957481862,-1.957481862,0.3845328123
288.975,0,-1.947397775,-1.947397775,0.4220030573
289,0,-1.936391049,-1.936391049,0.4583526142
289.025,0,-1.92448904,-1.92448904,0.4936345966
289.05,0,-1.911717769,-1.911717769,0.5279025855
289.075,0,-1.898101913,-1.898101913,0.5612102835
289.1,0,-1.883664811,-1.883664811,0.5936111989
289.125,0,-1.868428468,-1.868428468,0.6251583924
289.15,0,-1.852413569,-1.852413569,0.6559042504
289.175,0,-1.835639503,-1.835639503,0.6859003044
289.2,0,-1.818124381,-1.818124381,0.715197077
289.225,0,-1.799885065,-1.799885065,0.7438439603
289.25,0,-1.780937197,-1.780937197,0.7718891176
289.275,0,-1.761295232,-1.761295232,0.7993794086
289.3,0,-1.740972471,-1.740972471,0.8263603314
289.325,0,-1.719981093,-1.719981093,0.8528759833
289.35,0,-1.698332193,-1.698332193,0.8789690314
289.375,0,-1.676035819,-1.676035819,0.9046806977
289.4,0,-1.653101005,-1.653101005,0.9300507496
289.425,0,-1.629535809,-1.629535809,0.9551174988
289.45,0,-1.605347349,-1.605347349,0.9799178037
289.475,0,-1.580541844,-1.580541844,1.004487076
289.5,0,-1.555124637,-1.555124637,1.028859287
289.525,0,-1.529100249,-1.529100249,1.053066976
289.55,0,-1.502472401,-1.502472401,1.077141252
289.575,0,-1.47524405,-1.47524405,1.101111803
289.6,0,-1.447417438,-1.447417438,1.125006889
289.625,0,-1.418994112,-1.418994112,1.148853339
289.65,0,-1.389974964,-1.389974964,1.17267654
289.675,0,-1.360360278,-1.360360278,1.196500413
289.7,0,-1.330149752,-1.330149752,1.22034739
289.725,0,-1.299342541,-1.299342541,1.244238387
289.75,0,-1.267937303,-1.267937303,1.268192736
289.775,0,-1.235932229,-1.235932229,1.29222815
289.8,0,-1.203325086,-1.203325086,1.316360655
289.825,0,-1.170113267,-1.170113267,1.340604489
289.85,0,-1.136293831,-1.136293831,1.364972034
289.875,0,-1.101863547,-1.101863547,1.389473705
289.9,0,-1.066818958,-1.066818958,1.414117806
289.925,0,-1.03115642,-1.03115642,1.438910421
289.95,0,-0.9948721663,-0.9948721663,1.46385526
289.975,0,-0.9579623774,-0.9579623774,1.488953457
290,0,-0.9204232293,-0.9204232293,1.514203427
290.025,0,-0.8822509771,-0.8822509771,1.539600642
290.05,0,-0.8434420335,-0.8434420335,1.565137393
290.075,0,-0.8039930365,-0.8039930365,1.590802598
290.1,0,-0.7639009546,-0.7639009546,1.616581497
290.125,0,-0.7231631694,-0.7231631694,1.642455416
290.15,0,-0.6817775808,-0.6817775808,1.668401472
290.175,0,-0.6397427218,-0.6397427218,1.69439226
290.2,0,-0.597057862,-0.597057862,1.720395576
290.225,0,-0.5537231482,-0.5537231482,1.746374061
290.25,0,-0.5097397211,-0.5097397211,1.772284912
290.275,0,-0.4651098694,-0.4651098694,1.798079536
290.3,0,-0.4198371669,-0.4198371669,1.82370325
290.325,0,-0.3739266384,-0.3739266384,1.849094962
290.35,0,-0.3273849151,-0.3273849151,1.874186894
290.375,0,-0.2802204127,-0.2802204127,1.898904313
290.4,0,-0.2324435009,-0.2324435009,1.923165312
290.425,0,-0.1840666924,-0.1840666924,1.946880629
290.45,0,-0.1351048211,-0.1351048211,1.969953534
290.475,0,-0.08557523557,-0.08557523557,1.992279774
290.5,0,-0.03549798373,-0.03549798373,2.013747616
290.525,0,0.01510400144,0.01510400144,2.034237978
290.55,0,0.06620472003,0.06620472003,2.053624685
290.575,0,0.1177749328,0.1177749328,2.071774842
290.6,0,0.1697819999,0.1697819999,2.08854935
290.625,0,0.222189733,0.222189733,2.103803592
290.65,0,0.2749582673,0.2749582673,2.117388258
290.675,0,0.3280439587,0.3280439587,2.129150374
290.7,0,0.3813993031,0.3813993031,2.138934493
290.725,0,0.4349728951,0.4349728951,2.146584064
290.75,0,0.4887094173,0.4887094173,2.151943012
290.775,0,0.5425496735,0.5425496735,2.154857438
290.8,0,0.5964306679,0.5964306679,2.15517753
290.825,0,0.6502857308,0.6502857308,2.152759568
290.85,0,0.704044697,0.704044697,2.14746804
290.875,0,0.7576341402,0.7576341402,2.139177858
290.9,0,0.81097766,0.81097766,2.127776564
290.925,0,0.8639962245,0.8639962245,2.113166531
290.95,0,0.9166085694,0.9166085694,2.095267096
290.975,0,0.9687316474,0.9687316474,2.074016559
291,0,1.020281124,1.020281124,2.049373983
291.025,0,1.071171918,1.071171918,2.021320754
291.05,0,1.121318774,1.121318774,1.98986185
291.075,0,1.170636868,1.170636868,1.955026735
291.1,0,1.219042423,1.219042423,1.91686988
291.125,0,1.266453337,1.266453337,1.875470852
291.15,0,1.31278981,1.31278981,1.830933949
291.175,0,1.357974948,1.357974948,1.783387403
291.2,0,1.401935352,1.401935352,1.73298213
291.225,0,1.444601659,1.444601659,1.679890046
291.25,0,1.48590905,1.48590905,1.624302025
291.275,0,1.525797686,1.525797686,1.566425519
291.3,0,1.564213096,1.564213096,1.506481863
291.325,0,1.601106487,1.601106487,1.444703425
291.35,0,1.63643498,1.63643498,1.381330612
291.375,0,1.670161775,1.670161775,1.316608743
291.4,0,1.702256236,1.702256236,1.250785099
291.425,0,1.7326939,1.7326939,1.184105818
291.45,0,1.761456419,1.761456419,1.116813258
291.475,0,1.788531419,1.788531419,1.049143176
291.5,0,1.813912327,1.813912327,0.981322596
291.525,0,1.837598098,1.837598098,0.9135675544
291.55,0,1.859592949,1.859592949,0.8460814921
291.575,0,1.879905997,1.879905997,0.7790537355
291.6,0,1.898550911,1.898550911,0.712658464
291.625,0,1.915545514,1.915545514,0.6470539064
291.65,0,1.930911382,1.930911382,0.5823818973
291.675,0,1.944673429,1.944673429,0.5187676941
291.7,0,1.956859492,1.956859492,0.4563200696
291.725,0,1.96749993,1.96749993,0.3951316155
291.75,0,1.976627212,1.976627212,0.3352792702
291.775,0,1.984275548,1.984275548,0.276824977
291.8,0,1.990480513,1.990480513,0.2198165051
291.825,0,1.995278712,1.995278712,0.1642883472
291.85,0,1.998707455,1.998707455,0.1102626966
291.875,0,2.000804462,2.000804462,0.05775047342
291.9,0,2.001607598,2.001607598,0.006752352291
291.925,0,2.001154628,2.001154628,-0.04274018795
291.95,0,1.999482998,1.999482998,-0.09074384961
291.975,0,1.996629646,1.996629646,-0.1372825271
292,0,1.99263083,1.99263083,-0.1823863615
292.025,0,1.98752199,1.98752199,-0.2260908507
292.05,0,1.981337617,1.981337617,-0.268436013
292.075,0,1.974111153,1.974111153,-0.3094656146
292.1,0,1.965874909,1.965874909,-0.349226465
292.125,0,1.956659993,1.956659993,-0.3877677715
292.15,0,1.946496259,1.946496259,-0.4251405572
292.175,0,1.935412267,1.935412267,-0.4613971498
292.2,0,1.92343526,1.92343526,-0.4965907153
292.225,0,1.910591143,1.910591143,-0.5307748601
292.25,0,1.896904481,1.896904481,-0.5640032806
292.275,0,1.882398498,1.882398498,-0.5963294563
292.3,0,1.867095085,1.867095085,-0.6278063997
292.325,0,1.851014819,1.851014819,-0.6584864295
292.35,0,1.834176976,1.834176976,-0.6884209986
292.375,0,1.816599561,1.816599561,-0.717660536
292.4,0,1.79829933,1.79829933,-0.7462543344
292.425,0,1.779291824,1.779291824,-0.7742504472
292.45,0,1.759591398,1.759591398,-0.8016956212
292.475,0,1.739211256,1.739211256,-0.828635236
292.5,0,1.718163482,1.718163482,-0.8551132684
292.525,0,1.696459084,1.696459084,-0.8811722629
292.55,0,1.674108019,1.674108019,-0.9068533179
292.575,0,1.651119236,1.651119236,-0.9321960768
292.6,0,1.627500715,1.627500715,-0.9572387275
292.625,0,1.603259494,1.603259494,-0.9820180048
292.65,0,1.578401715,1.578401715,-1.006569198
292.675,0,1.552932653,1.552932653,-1.030926155
292.7,0,1.526856755,1.526856755,-1.055121294
292.725,0,1.500177678,1.500177678,-1.079185604
292.75,0,1.472898319,1.472898319,-1.10314865
292.775,0,1.445020854,1.445020854,-1.127038571
292.8,0,1.416546777,1.416546777,-1.150882074
292.825,0,1.387476927,1.387476927,-1.17470442
292.85,0,1.357811532,1.357811532,-1.198529408
292.875,0,1.327550248,1.327550248,-1.222379341
292.9,0,1.296692185,1.296692185,-1.246274998
292.925,0,1.265235956,1.265235956,-1.270235585
292.95,0,1.233179718,1.233179718,-1.294278665
292.975,0,1.200521203,1.200521203,-1.318420116
293,0,1.167257773,1.167257773,-1.342674031
293.025,0,1.133386462,1.133386462,-1.367052618
293.05,0,1.098904018,1.098904018,-1.391566117
293.075,0,1.063806962,1.063806962,-1.416222661
293.1,0,1.028091644,1.028091644,-1.441028126
293.125,0,0.9917542862,0.9917542862,-1.46598601
293.15,0,0.9547910635,0.9547910635,-1.491097235
293.175,0,0.9171981618,0.9171981618,-1.516359957
293.2,0,0.8789718423,0.8789718423,-1.541769397
293.225,0,0.8401085343,0.8401085343,-1.567317569
293.25,0,0.8006049027,0.8006049027,-1.592993077
293.275,0,0.760457943,0.760457943,-1.618780854
293.3,0,0.7196650819,0.7196650819,-1.644661865
293.325,0,0.6782242655,0.6782242655,-1.670612862
293.35,0,0.6361340856,0.6361340856,-1.696606043
293.375,0,0.5933938827,0.5933938827,-1.722608772
293.4,0,0.5500038808,0.5500038808,-1.748583247
293.425,0,0.5059653152,0.5059653152,-1.774486177
293.45,0,0.4612805755,0.4612805755,-1.80026847
293.475,0,0.4159533554,0.4159533554,-1.825874903
293.5,0,0.3699888077,0.3699888077,-1.85124383
293.525,0,0.3233937108,0.3233937108,-1.876306888
293.55,0,0.2761766381,0.2761766381,-1.900988742
293.575,0,0.2283481359,0.2283481359,-1.925206865
293.6,0,0.1799209064,0.1799209064,-1.948871364
293.625,0,0.1309099905,0.1309099905,-1.971884868
293.65,0,0.08133295993,0.08133295993,-1.994142485
293.675,0,0.03121009992,0.03121009992,-2.015531848
293.7,0,-0.01943540174,-0.01943540174,-2.035933263
293.725,0,-0.0705772758,-0.0705772758,-2.055219964
293.75,0,-0.1221860002,-0.1221860002,-2.073258504
293.775,0,-0.1742286383,-0.1742286383,-2.08990929
293.8,0,-0.2266686926,-0.2266686926,-2.105027267
293.825,0,-0.2794659819,-0.2794659819,-2.118462771
293.85,0,-0.3325765345,-0.3325765345,-2.130062574
293.875,0,-0.3859525164,-0.3859525164,-2.139671066
293.9,0,-0.4395421888,-0.4395421888,-2.147131689
293.925,0,-0.4932899015,-0.4932899015,-2.15228847
293.95,0,-0.5471361321,-0.5471361321,-2.154987791
293.975,0,-0.6010175659,-0.6010175659,-2.155080279
294,0,-0.6548672275,-0.6548672275,-2.15242282
294.025,0,-0.708614665,-0.708614665,-2.146880712
294.05,0,-0.7621861867,-0.7621861867,-2.138329854
294.075,0,-0.8155051535,-0.8155051535,-2.126658962
294.1,0,-0.8684923274,-0.8684923274,-2.111771773
294.125,0,-0.9210662748,-0.9210662748,-2.093589167
294.15,0,-0.9731438184,-0.9731438184,-2.072051141
294.175,0,-1.024640538,-1.024640538,-2.047118599
294.2,0,-1.075471315,-1.075471315,-2.018774897
294.225,0,-1.125550908,-1.125550908,-1.987027063
294.25,0,-1.174794557,-1.174794557,-1.951906678
294.275,0,-1.223118602,-1.223118602,-1.913470353
294.3,0,-1.270441115,-1.270441115,-1.871799777
294.325,0,-1.316682519,-1.316682519,-1.827001326
294.35,0,-1.361766195,-1.361766195,-1.779205221
294.375,0,-1.405619067,-1.405619067,-1.72856423
294.4,0,-1.448172141,-1.448172141,-1.675251969
294.425,0,-1.489361003,-1.489361003,-1.61946083
294.45,0,-1.52912626,-1.52912626,-1.561399543
294.475,0,-1.567413913,-1.567413913,-1.501290496
294.5,0,-1.604175662,-1.604175662,-1.439366877
294.525,0,-1.639369142,-1.639369142,-1.375869604
294.55,0,-1.672958075,-1.672958075,-1.311044311
294.575,0,-1.704912351,-1.704912351,-1.245138264
294.6,0,-1.735208032,-1.735208032,-1.178397422
294.625,0,-1.763827283,-1.763827283,-1.111063634
294.65,0,-1.790758235,-1.790758235,-1.04337205
294.675,0,-1.815994791,-1.815994791,-0.9755487958
294.7,0,-1.839536373,-1.839536373,-0.9078089251
294.725,0,-1.861387622,-1.861387622,-0.8403547125
294.75,0,-1.88155806,-1.88155806,-0.7733742399
294.775,0,-1.900061727,-1.900061727,-0.7070403522
294.8,0,-1.916916778,-1.916916778,-0.641509896
294.825,0,-1.932145091,-1.932145091,-0.576923298
294.85,0,-1.945771845,-1.945771845,-0.5134044059
294.875,0,-1.957825108,-1.957825108,-0.4510605984
294.9,0,-1.968335433,-1.968335433,-0.389983113
294.925,0,-1.977335451,-1.977335451,-0.3302475845
294.95,0,-1.984859504,-1.984859504,-0.271914712
294.975,0,-1.990943267,-1.990943267,-0.2150311053
295,0,-1.995623418,-1.995623418,-0.1596301614
295.025,0,-1.998937311,-1.998937311,-0.1057330832
295.05,0,-2.000922691,-2.000922691,-0.05334987175
295.075,0,-2.001617422,-2.001617422,-0.002480381303
295.1,0,-2.001059249,-2.001059249,0.04688464579
295.125,0,-1.999285584,-1.999285584,0.09476256187
295.15,0,-1.996333312,-1.996333312,0.1411778292
295.175,0,-1.992238627,-1.992238627,0.18616108
295.2,0,-1.987036893,-1.987036893,0.2297482277
295.225,0,-1.980762515,-1.980762515,0.271979638
295.25,0,-1.973448843,-1.973448843,0.3128993642
295.275,0,-1.965128086,-1.965128086,0.3525544445
295.3,0,-1.955831248,-1.955831248,0.39099426
295.325,0,-1.945588074,-1.945588074,0.4282699673
295.35,0,-1.934427014,-1.934427014,0.4644339804
295.375,0,-1.922375196,-1.922375196,0.4995395176
295.4,0,-1.909458412,-1.909458412,0.5336402083
295.425,0,-1.895701112,-1.895701112,0.566789738
295.45,0,-1.881126406,-1.881126406,0.5990415595
295.475,0,-1.865756073,-1.865756073,0.630448631
295.5,0,-1.849610578,-1.849610578,0.6610632068
295.525,0,-1.832709089,-1.832709089,0.6909366557
295.55,0,-1.815069502,-1.815069502,0.7201193161
295.575,0,-1.796708469,-1.796708469,0.748660377
295.6,0,-1.77764143,-1.77764143,0.7766077847
295.625,0,-1.757882638,-1.757882638,0.8040081702
295.65,0,-1.737445202,-1.737445202,0.8309067961
295.675,0,-1.716341114,-1.716341114,0.8573475172
295.7,0,-1.694581288,-1.694581288,0.8833727561
295.725,0,-1.672175597,-1.672175597,0.9090234871
295.75,0,-1.649132905,-1.649132905,0.9343392298
295.775,0,-1.625461109,-1.625461109,0.959358048
295.8,0,-1.601167172,-1.601167172,0.9841165538
295.825,0,-1.576257157,-1.576257157,1.008649912
295.85,0,-1.55073627,-1.55073627,1.032991851
295.875,0,-1.524608891,-1.524608891,1.057174666
295.9,0,-1.497878605,-1.497878605,1.081229223
295.925,0,-1.470548252,-1.470548252,1.105184968
295.95,0,-1.442619947,-1.442619947,1.129069917
295.975,0,-1.414095124,-1.414095124,1.152910656
296,0,-1.384974573,-1.384974573,1.176732321
296.025,0,-1.35525847,-1.35525847,1.200558584
296.05,0,-1.324946419,-1.324946419,1.224411625
296.075,0,-1.294037493,-1.294037493,1.248312084
296.1,0,-1.262530261,-1.262530261,1.27227903
296.125,0,-1.23042284,-1.23042284,1.296329895
296.15,0,-1.197712936,-1.197712936,1.320480396
296.175,0,-1.164397875,-1.164397875,1.344744473
296.2,0,-1.130474663,-1.130474663,1.369134181
296.225,0,-1.095940034,-1.095940034,1.39365957
296.25,0,-1.060790488,-1.060790488,1.418328593
296.275,0,-1.025022359,-1.025022359,1.443146939
296.3,0,-0.9886318694,-0.9886318694,1.468117876
296.325,0,-0.9516151871,-0.9516151871,1.493242109
296.35,0,-0.9139685021,-0.9139685021,1.518517557
296.375,0,-0.8756880914,-0.8756880914,1.543939158
296.4,0,-0.8367703936,-0.8367703936,1.569498669
296.425,0,-0.7972121048,-0.7972121048,1.595184376
296.45,0,-0.7570102512,-0.7570102512,1.620980885
296.475,0,-0.7161622969,-0.7161622969,1.646868827
296.5,0,-0.6746662441,-0.6746662441,1.672824559
296.525,0,-0.6325207373,-0.6325207373,1.698819898
296.55,0,-0.5897251933,-0.5897251933,1.724821767
296.575,0,-0.5462799118,-0.5462799118,1.750791917
296.6,0,-0.5021862248,-0.5021862248,1.776686573
296.625,0,-0.4574466241,-0.4574466241,1.802456133
296.65,0,-0.4120649234,-0.4120649234,1.82804484
296.675,0,-0.3660464058,-0.3660464058,1.853390486
296.7,0,-0.3193979973,-0.3193979973,1.878424123
296.725,0,-0.2721284305,-0.2721284305,1.903069815
296.75,0,-0.2242484303,-0.2242484303,1.927244411
296.775,0,-0.1757708883,-0.1757708883,1.950857386
296.8,0,-0.1267110557,-0.1267110557,1.973810728
296.825,0,-0.07708672633,-0.07708672633,1.995998907
296.85,0,-0.02691842616,-0.02691842616,2.017308925
296.875,0,0.02377040131,0.02377040131,2.037620473
296.9,0,0.07495321731,0.07495321731,2.0568062
296.925,0,0.1266002147,0.1266002147,2.074732112
296.95,0,0.1786781586,0.1786781586,2.091258126
296.975,0,0.231150244,0.231150244,2.106238749
297,0,0.283975969,0.283975969,2.119523985
297.025,0,0.3371110363,0.3371110363,2.130960337
297.05,0,0.390507281,0.390507281,2.140392074
297.075,0,0.4441126299,0.4441126299,2.147662613
297.1,0,0.4978711021,0.4978711021,2.152616114
297.125,0,0.5517228481,0.5517228481,2.155099249
297.15,0,0.6056042354,0.6056042354,2.15496309
297.175,0,0.6594479852,0.6594479852,2.152065158
297.2,0,0.7131833599,0.7131833599,2.146271571
297.225,0,0.7667364041,0.7667364041,2.137459227
297.25,0,0.8200302431,0.8200302431,2.125518037
297.275,0,0.8729854365,0.8729854365,2.11035312
297.3,0,0.9255203833,0.9255203833,2.091886907
297.325,0,0.9775517795,0.9775517795,2.070061105
297.35,0,1.028995125,1.028995125,2.044838478
297.375,0,1.079765268,1.079765268,2.016204353
297.4,0,1.129776983,1.129776983,1.984167818
297.425,0,1.178945579,1.178945579,1.948762574
297.45,0,1.227187521,1.227187521,1.910047369
297.475,0,1.274421056,1.274421056,1.868106017
297.5,0,1.320566835,1.320566835,1.823046965
297.525,0,1.365548519,1.365548519,1.775002406
297.55,0,1.409293359,1.409293359,1.724126955
297.575,0,1.451732732,1.451732732,1.670595919
297.6,0,1.492802635,1.492802635,1.614603173
297.625,0,1.532444122,1.532444122,1.556358714
297.65,0,1.570603666,1.570603666,1.49608598
297.675,0,1.607233466,1.607233466,1.434018917
297.7,0,1.64229167,1.64229167,1.37039897
297.725,0,1.675742523,1.675742523,1.305472045
297.75,0,1.707556441,1.707556441,1.239485376
297.775,0,1.73771001,1.73771001,1.172684728
297.8,0,1.766185907,1.766185907,1.105311424
297.825,0,1.792972766,1.792972766,1.037599974
297.85,0,1.818064967,1.818064967,0.9697756064
297.875,0,1.841462393,1.841462393,0.9020523752
297.9,0,1.863170109,1.863170109,0.8346313741
297.925,0,1.883198041,1.883198041,0.767699441
297.95,0,1.901560591,1.901560591,0.7014280727
297.975,0,1.918276249,1.918276249,0.6359727367
298,0,1.933367191,1.933367191,0.5714724472
298.025,0,1.946858855,1.946858855,0.5080496448
298.05,0,1.95877954,1.95877954,0.4458103143
298.075,0,1.969159987,1.969159987,0.3848443475
298.1,0,1.978032992,1.978032992,0.3252260714
298.125,0,1.985433021,1.985433021,0.2670149604
298.15,0,1.991395849,1.991395849,0.2102564561
298.175,0,1.995958222,1.995958222,0.1549828825
298.2,0,1.999157539,1.999157539,0.1012144479
298.225,0,2.001031565,2.001031565,0.04896024648
298.25,0,2.001618164,2.001618164,-0.00178068061
298.275,0,2.000955061,2.000955061,-0.05101832062
298.3,0,1.999079628,1.999079628,-0.09877066905
298.325,0,1.996028698,1.996028698,-0.1450627494
298.35,0,1.991838401,1.991838401,-0.1899256772
298.375,0,1.986544022,1.986544022,-0.2333957759
298.4,0,1.980179881,1.980179881,-0.2755137541
298.425,0,1.972779234,1.972779234,-0.316323947
298.45,0,1.964374189,1.964374189,-0.3558736143
298.475,0,1.954995645,1.954995645,-0.3942123106
298.5,0,1.944673238,1.944673238,-0.4313913194
298.525,0,1.933435306,1.933435306,-0.4674631384
298.55,0,1.921308864,1.921308864,-0.5024810376
298.575,0,1.908319589,1.908319589,-0.5364986622
298.6,0,1.894491819,1.894491819,-0.5695696896
298.625,0,1.879848548,1.879848548,-0.6017475403
298.65,0,1.864411444,1.864411444,-0.633085119
298.675,0,1.848200859,1.848200859,-0.6636346129
298.7,0,1.831235853,1.831235853,-0.6934473066
298.725,0,1.813534215,1.813534215,-0.7225734465
298.75,0,1.795112493,1.795112493,-0.7510621176
298.775,0,1.775986022,1.775986022,-0.7789611582
298.8,0,1.75616896,1.75616896,-0.8063170834
298.825,0,1.735674317,1.735674317,-0.8331750381
298.85,0,1.714513993,1.714513993,-0.8595787555
298.875,0,1.692698812,1.692698812,-0.8855705357
298.9,0,1.670238558,1.670238558,-0.9111912291
298.925,0,1.647142014,1.647142014,-0.9364802315
298.95,0,1.623416994,1.623416994,-0.9614754828
298.975,0,1.599070384,1.599070384,-0.9862134716
299,0,1.574108172,1.574108172,-1.010729241
299.025,0,1.548535492,1.548535492,-1.035056395
299.05,0,1.522356656,1.522356656,-1.059227108
299.075,0,1.495575184,1.495575184,-1.083272127
299.1,0,1.468193852,1.468193852,-1.107220773
299.125,0,1.440214716,1.440214716,-1.131100944
299.15,0,1.411639154,1.411639154,-1.1549391
299.175,0,1.382467902,1.382467902,-1.178760256
299.2,0,1.352701087,1.352701087,-1.202587956
299.225,0,1.322338265,1.322338265,-1.226444251
299.25,0,1.291378464,1.291378464,-1.250349652
299.275,0,1.259820216,1.259820216,-1.274323086
299.3,0,1.227661598,1.227661598,-1.298381846
299.325,0,1.194900282,1.194900282,-1.322541501
299.35,0,1.161533568,1.161533568,-1.346815829
299.375,0,1.127558435,1.127558435,-1.371216725
299.4,0,1.092971593,1.092971593,-1.395754067
299.425,0,1.05776953,1.05776953,-1.420435611
299.45,0,1.021948564,1.021948564,-1.445266856
299.475,0,0.985504913,0.985504913,-1.470250856
299.5,0,0.948434745,0.948434745,-1.49538808
299.525,0,0.9107342497,0.9107342497,-1.520676214
299.55,0,0.8723997197,0.8723997197,-1.546109926
299.575,0,0.8334276115,0.8334276115,-1.571680682
299.6,0,0.7938146419,0.7938146419,-1.59737648
299.625,0,0.7535578759,0.7535578759,-1.623181583
299.65,0,0.7126548147,0.7126548147,-1.64907628
299.675,0,0.6711035139,0.6711035139,-1.675036549
299.7,0,0.6289026781,0.6289026781,-1.701033801
299.725,0,0.5860517932,0.5860517932,-1.727034537
299.75,0,0.5425512437,0.5425512437,-1.753000043
299.775,0,0.4984024517,0.4984024517,-1.778886066
299.8,0,0.4536080187,0.4536080187,-1.804642488
299.825,0,0.4081718745,0.4081718745,-1.830213019
299.85,0,0.3620994381,0.3620994381,-1.855534884
299.875,0,0.3153977802,0.3153977802,-1.880538551
299.9,0,0.2680757978,0.2680757978,-1.905147477
299.925,0,0.2201443919,0.2201443919,-1.92927789
299.95,0,0.1716166484,0.1716166484,-1.952838631
299.975,0,0.1225080277,0.1225080277,-1.975731047
300,0,0.07283654836,0.07283654836,-1.997848969
