time,u,y,x1,x2
25,-0.1638450398,-0.4788188426,-0.4788188426,1.33194674
25.025,-0.147097277,-0.4452928198,-0.4452928198,1.350158284
25.05,-0.1302982152,-0.4113098636,-0.4113098636,1.368497539
25.075,-0.113452624,-0.3768670834,-0.3768670834,1.386939821
25.1,-0.0965652993,-0.3419622412,-0.3419622412,1.405457777
25.125,-0.07964106217,-0.3065938143,-0.3065938143,1.424021256
25.15,-0.06268475728,-0.2707610741,-0.2707610741,1.442597143
25.175,-0.04570125167,-0.2344641546,-0.2344641546,1.461149234
25.2,-0.02869543333,-0.1977041384,-0.1977041384,1.479638086
25.225,-0.01167220984,-0.160483133,-0.160483133,1.498020903
25.25,0.005363492992,-0.1228043615,-0.1228043615,1.516251413
25.275,0.02240673256,-0.08467224595,-0.08467224595,1.534279779
25.3,0.03945255087,-0.04609250162,-0.04609250162,1.55205252
25.325,0.05649597595,-0.007072225728,-0.007072225728,1.569512456
25.35,0.0735320233,0.0323800081,0.0323800081,1.586598689
25.375,0.09055569731,0.07225405712,0.07225405712,1.603246609
25.4,0.1075619928,0.1125381179,0.1125381179,1.619387943
25.425,0.1245458963,0.1532186351,0.1532186351,1.634950844
25.45,0.1415023877,0.1942802134,0.1942802134,1.649860035
25.475,0.1584264418,0.2357055359,0.2357055359,1.664036989
25.5,0.1753130295,0.2774752824,0.2774752824,1.677400197
25.525,0.1921571196,0.3195680635,0.3195680635,1.689865458
25.55,0.2089536801,0.3619603522,0.3619603522,1.701346275
25.575,0.2256976798,0.4046264375,0.4046264375,1.711754289
25.6,0.2423840901,0.4475383794,0.4475383794,1.720999801
25.625,0.2590078858,0.4906659863,0.4906659863,1.728992356
25.65,0.2755640474,0.5339768012,0.5339768012,1.73564141
25.675,0.2920475622,0.5774361111,0.5774361111,1.740857047
25.7,0.3084534262,0.6210069706,0.6210069706,1.744550785
25.725,0.3247766452,0.6646502484,0.6646502484,1.746636409
25.75,0.3410122366,0.7083246972,0.7083246972,1.7470309
25.775,0.3571552309,0.7519870416,0.7519870416,1.745655345
25.8,0.3732006736,0.7955920971,0.7955920971,1.742435937
25.825,0.389143626,0.8390929068,0.8390929068,1.737304946
25.85,0.4049791677,0.8824409065,0.8824409065,1.730201697
25.875,0.4207023974,0.925586115,0.925586115,1.721073546
25.9,0.4363084349,0.9684773428,0.9684773428,1.709876788
25.925,0.4517924223,1.01106243,1.01106243,1.696577531
25.95,0.4671495262,1.053288502,1.053288502,1.681152475
25.975,0.4823749386,1.095102236,1.095102236,1.663589592
26,0.4974638789,1.136450161,1.136450161,1.643888702
26.025,0.512411595,1.177278952,1.177278952,1.622061892
26.05,0.5272133657,1.217535741,1.217535741,1.598133802
26.075,0.5418645014,1.257168438,1.257168438,1.57214174
26.1,0.556360346,1.296126041,1.296126041,1.54413563
26.125,0.5706962786,1.334358952,1.334358952,1.514177779
26.15,0.5848677148,1.371819281,1.371819281,1.482342468
26.175,0.5988701086,1.408461141,1.408461141,1.448715388
26.2,0.6126989535,1.444240919,1.444240919,1.413392878
26.225,0.6263497842,1.479117538,1.479117538,1.376481047
26.25,0.6398181785,1.513052682,1.513052682,1.338094747
26.275,0.6530997583,1.546011007,1.546011007,1.298356408
26.3,0.6661901913,1.577960308,1.577960308,1.257394845
26.325,0.6790851927,1.60887167,1.60887167,1.215343903
26.35,0.6917805265,1.638719571,1.638719571,1.17234116
26.375,0.704272007,1.667481961,1.667481961,1.128526527
26.4,0.7165555005,1.695140306,1.695140306,1.084040925
26.425,0.7286269264,1.721679588,1.721679588,1.039024941
26.45,0.7404822592,1.747088292,1.747088292,0.9936175896
26.475,0.7521175293,1.771358342,1.771358342,0.9479551007
26.5,0.7635288251,1.794485026,1.794485026,0.9021698582
26.525,0.7747122939,1.816466876,1.816466876,0.8563893728
26.55,0.7856641437,1.837305551,1.837305551,0.8107354628
26.575,0.7963806445,1.857005667,1.857005667,0.7653234586
26.6,0.8068581295,1.875574644,1.875574644,0.720261636
26.625,0.8170929967,1.893022508,1.893022508,0.6756506902
26.65,0.8270817104,1.909361711,1.909361711,0.6315834045
26.675,0.8368208021,1.924606917,1.924606917,0.5881443942
26.7,0.8463068722,1.938774805,1.938774805,0.5454099934
26.725,0.8555365912,1.951883858,1.951883858,0.5034482336
26.75,0.8645067012,1.963954156,1.963954156,0.4623189235
26.775,0.8732140169,1.975007174,1.975007174,0.4220738145
26.8,0.8816554268,1.985065583,1.985065583,0.3827568384
26.825,0.889827895,1.994153056,1.994153056,0.3444044072
26.85,0.8977284619,2.002294087,2.002294087,0.3070457709
26.875,0.9053542455,2.009513816,2.009513816,0.2707034002
26.9,0.9127024428,2.015837862,2.015837862,0.2353934255
26.925,0.9197703309,2.021292177,2.021292177,0.2011260601
26.95,0.9265552681,2.025902894,2.025902894,0.1679060812
26.975,0.933054695,2.029696209,2.029696209,0.135733262
27,0.9392661357,2.032698246,2.032698246,0.1046028625
27.025,0.9451871989,2.034934966,2.034934966,0.07450604254
27.05,0.9508155788,2.036432058,2.036432058,0.04543034034
27.075,0.9561490564,2.037214862,2.037214862,0.01736005598
27.1,0.9611855004,2.037308286,2.037308286,-0.009723321052
27.125,0.965922868,2.036736746,2.036736746,-0.0358407476
27.15,0.9703592064,2.035524107,2.035524107,-0.06101526297
27.175,0.974492653,2.033693634,2.033693634,-0.08527166142
27.2,0.9783214372,2.031267956,2.031267956,-0.1086361874
27.225,0.9818438803,2.028269029,2.028269029,-0.1311362508
27.25,0.9850583975,2.024718112,2.024718112,-0.1528001753
27.275,0.9879634976,2.020635746,2.020635746,-0.1736569641
27.3,0.9905577848,2.016041744,2.016041744,-0.1937360919
27.325,0.9928399586,2.010955174,2.010955174,-0.2130673212
27.35,0.9948088156,2.005394361,2.005394361,-0.2316805325
27.375,0.9964632491,1.999376882,1.999376882,-0.2496055855
27.4,0.9978022507,1.992919569,1.992919569,-0.2668721855
27.425,0.9988249105,1.986038515,1.986038515,-0.2835097805
27.45,0.9995304178,1.978749079,1.978749079,-0.299547461
27.475,0.9999180621,1.971065902,1.971065902,-0.3150138864
27.5,0.9999872331,1.963002911,1.963002911,-0.3299372136
27.525,0.9997374215,1.954573337,1.954573337,-0.3443450463
27.55,0.9991682198,1.945789729,1.945789729,-0.3582643887
27.575,0.9982793224,1.936663968,1.936663968,-0.3717216123
27.6,0.9970705262,1.927207285,1.927207285,-0.3847424302
27.625,0.9955417312,1.917430275,1.917430275,-0.3973518779
27.65,0.9936929406,1.907342916,1.907342916,-0.4095743027
27.675,0.9915242613,1.896954587,1.896954587,-0.4214333569
27.7,0.9890359043,1.886274085,1.886274085,-0.4329519975
27.725,0.986228185,1.875309638,1.875309638,-0.4441524895
27.75,0.9831015233,1.864068932,1.864068932,-0.455056413
27.775,0.9796564438,1.852559115,1.852559115,-0.4656846727
27.8,0.9758935766,1.840786826,1.840786826,-0.4760575132
27.825,0.9718136564,1.828758205,1.828758205,-0.4861945313
27.85,0.9674175237,1.816478906,1.816478906,-0.4961146927
27.875,0.9627061242,1.803954124,1.803954124,-0.505836355
27.9,0.957680509,1.791188595,1.791188595,-0.515377281
27.925,0.952341835,1.778186622,1.778186622,-0.52475466
27.95,0.9466913641,1.764952086,1.764952086,-0.533985134
27.975,0.9407304642,1.751488456,1.751488456,-0.5430848126
28,0.9344606082,1.737798805,1.737798805,-0.5520692941
28.025,0.9278833742,1.723885824,1.723885824,-0.5609536905
28.05,0.9210004456,1.709751832,1.709751832,-0.5697526507
28.075,0.9138136107,1.695398786,1.695398786,-0.5784803719
28.1,0.9063247621,1.680828292,1.680828292,-0.5871506251
28.125,0.8985358973,1.666041621,1.666041621,-0.5957767808
28.15,0.8904491175,1.651039713,1.651039713,-0.6043718229
28.175,0.8820666278,1.635823185,1.635823185,-0.6129483635
28.2,0.8733907367,1.620392346,1.620392346,-0.6215186649
28.225,0.8644238557,1.604747203,1.604747203,-0.6300946637
28.25,0.8551684987,1.588887469,1.588887469,-0.6386879809
28.275,0.8456272818,1.572812566,1.572812566,-0.6473099334
28.3,0.8358029225,1.556521641,1.556521641,-0.6559715554
28.325,0.8256982393,1.540013567,1.540013567,-0.6646836157
28.35,0.8153161511,1.523286953,1.523286953,-0.6734566276
28.375,0.8046596764,1.506340143,1.506340143,-0.6823008558
28.4,0.7937319328,1.489171233,1.489171233,-0.6912263358
28.425,0.7825361365,1.471778067,1.471778067,-0.7002428837
28.45,0.7710756009,1.45415825,1.45415825,-0.7093601052
28.475,0.7593537366,1.436309145,1.436309145,-0.7185874
28.5,0.7473740499,1.418227885,1.418227885,-0.7279339751
28.525,0.7351401424,1.399911376,1.399911376,-0.7374088503
28.55,0.7226557101,1.3813563,1.3813563,-0.7470208621
28.575,0.7099245421,1.362559119,1.362559119,-0.7567786681
28.6,0.6969505199,1.343516081,1.343516081,-0.7666907516
28.625,0.6837376166,1.324223226,1.324223226,-0.7767654225
28.65,0.6702898954,1.304676387,1.304676387,-0.7870108173
28.675,0.656611509,1.284871196,1.284871196,-0.7974348995
28.7,0.642706698,1.264803088,1.264803088,-0.8080454562
28.725,0.6285797901,1.244467306,1.244467306,-0.818850093
28.75,0.614235199,1.223858904,1.223858904,-0.8298562306
28.775,0.5996774229,1.202972755,1.202972755,-0.8410710975
28.8,0.5849110434,1.181803551,1.181803551,-0.8525017157
28.825,0.5699407241,1.160345815,1.160345815,-0.8641548946
28.85,0.5547712097,1.138593897,1.138593897,-0.8760372173
28.875,0.539407324,1.116541991,1.116541991,-0.8881550204
28.9,0.5238539689,1.094184133,1.094184133,-0.9005143765
28.925,0.5081161232,1.071514211,1.071514211,-0.9131210784
28.95,0.4921988405,1.048525972,1.048525972,-0.9259806112
28.975,0.4761072484,1.02521303,1.02521303,-0.9390981196
29,0.4598465466,1.001568877,1.001568877,-0.9524783891
29.025,0.4434220055,0.9775868845,0.9775868845,-0.9661258087
29.05,0.4268389643,0.9532603265,0.9532603265,-0.9800443235
29.075,0.4101028299,0.9285823806,0.9285823806,-0.9942374068
29.1,0.393219075,0.9035461432,0.9035461432,-1.008708014
29.125,0.3761932364,0.8781446468,0.8781446468,-1.023458518
29.15,0.3590309132,0.8523708705,0.8523708705,-1.038490671
29.175,0.3417377655,0.826217757,0.826217757,-1.053805545
29.2,0.3243195121,0.799678234,0.799678234,-1.06940345
29.225,0.3067819291,0.7727452303,0.7727452303,-1.085283881
29.25,0.2891308478,0.7454116968,0.7454116968,-1.101445445
29.275,0.2713721532,0.7176706345,0.7176706345,-1.117885758
29.3,0.2535117818,0.6895151149,0.6895151149,-1.134601382
29.325,0.2355557199,0.6609383088,0.6609383088,-1.151587722
29.35,0.2175100015,0.631933521,0.631933521,-1.168838916
29.375,0.1993807066,0.602494216,0.602494216,-1.186347748
29.4,0.181173959,0.5726140583,0.5726140583,-1.204105524
29.425,0.1628959245,0.5422869508,0.5422869508,-1.222101947
29.45,0.1445528086,0.5115070717,0.5115070717,-1.240325015
29.475,0.1261508549,0.4802689261,0.4802689261,-1.258760859
29.5,0.1076963425,0.4485673873,0.4485673873,-1.277393635
29.525,0.08919558424,0.4163977523,0.4163977523,-1.296205367
29.55,0.07065492464,0.383755796,0.383755796,-1.315175802
29.575,0.05208073757,0.3506378277,0.3506378277,-1.334282271
29.6,0.03347942418,0.3170407585,0.3170407585,-1.353499526
29.625,0.01485741078,0.2829621605,0.2829621605,-1.3727996
29.65,-0.00377885342,0.2484003445,0.2484003445,-1.392151644
29.675,-0.02242289846,0.2133544266,0.2133544266,-1.411521793
29.7,-0.04106823589,0.1778244117,0.1778244117,-1.430873007
29.725,-0.05970836097,0.1418112693,0.1418112693,-1.450164948
29.75,-0.07833675497,0.105317022,0.105317022,-1.469353845
29.775,-0.09694688741,0.06834482905,0.06834482905,-1.488392391
29.8,-0.1155322183,0.03089907881,0.03089907881,-1.507229636
29.825,-0.1340862006,-0.007014520772,-0.007014520772,-1.525810924
29.85,-0.1526022823,-0.04538884858,-0.04538884858,-1.544077834
29.875,-0.1710739088,-0.08421527549,-0.08421527549,-1.561968169
29.9,-0.1894945255,-0.1234835702,-0.1234835702,-1.579415961
29.925,-0.2078575798,-0.163181806,-0.163181806,-1.596351535
29.95,-0.2261565235,-0.2032962688,-0.2032962688,-1.612701599
29.975,-0.2443848154,-0.243811368,-0.243811368,-1.628389396
30,-0.2625359235,-0.2847095539,-0.2847095539,-1.643334908
30.025,-0.2806033272,-0.3259712367,-0.3259712367,-1.657455109
30.05,-0.2985805201,-0.3675747181,-0.3675747181,-1.670664308
30.075,-0.316461012,-0.4094961276,-0.4094961276,-1.682874512
30.1,-0.3342383315,-0.451709371,-0.451709371,-1.693995929
30.125,-0.3519060283,-0.4941860917,-0.4941860917,-1.703937453
30.15,-0.3694576757,-0.5368956466,-0.5368956466,-1.712607327
30.175,-0.3868868728,-0.5798050958,-0.5798050958,-1.719913764
30.2,-0.404187247,-0.622879214,-0.622879214,-1.725765748
30.225,-0.4213524567,-0.6660805163,-0.6660805163,-1.730073804
30.25,-0.4383761931,-0.7093693118,-0.7093693118,-1.732750901
30.275,-0.4552521831,-0.7527037716,-0.7527037716,-1.733713354
30.3,-0.4719741914,-0.7960400277,-0.7960400277,-1.732881792
30.325,-0.488536023,-0.8393322923,-0.8393322923,-1.730182151
30.35,-0.5049315256,-0.882533001,-0.882533001,-1.725546652
30.375,-0.521154592,-0.9255929864,-0.9255929864,-1.718914822
30.4,-0.5371991625,-0.9684616685,-0.9684616685,-1.710234438
30.425,-0.5530592269,-1.011087275,-1.011087275,-1.699462466
30.45,-0.5687288275,-1.053417084,-1.053417084,-1.686565921
30.475,-0.5842020608,-1.095397679,-1.095397679,-1.671522635
30.5,-0.5994730803,-1.136975234,-1.136975234,-1.654321942
30.525,-0.6145360987,-1.178095806,-1.178095806,-1.634965219
30.55,-0.6293853902,-1.21870564,-1.21870564,-1.613466295
30.575,-0.6440152924,-1.258751486,-1.258751486,-1.589851705
30.6,-0.6584202096,-1.298180919,-1.298180919,-1.564160778
30.625,-0.6725946138,-1.336942652,-1.336942652,-1.536445546
30.65,-0.6865330481,-1.374986861,-1.374986861,-1.506770473
30.675,-0.7002301281,-1.412265478,-1.412265478,-1.475212023
30.7,-0.7136805447,-1.448732496,-1.448732496,-1.441858022
30.725,-0.7268790659,-1.484344234,-1.484344234,-1.406806889
30.75,-0.7398205393,-1.519059596,-1.519059596,-1.370166706
30.775,-0.7524998939,-1.552840297,-1.552840297,-1.332054131
30.8,-0.7649121427,-1.585651065,-1.585651065,-1.29259325
30.825,-0.7770523844,-1.617459807,-1.617459807,-1.251914285
30.85,-0.7889158057,-1.648237753,-1.648237753,-1.210152275
30.875,-0.8004976836,-1.677959549,-1.677959549,-1.167445719
30.9,-0.8117933869,-1.706603338,-1.706603338,-1.123935161
30.925,-0.8227983786,-1.734150785,-1.734150785,-1.079761887
30.95,-0.8335082179,-1.760587082,-1.760587082,-1.035066526
30.975,-0.8439185621,-1.785900918,-1.785900918,-0.9899878678
31,-0.8540251684,-1.810084413,-1.810084413,-0.944661602
31.025,-0.8638238961,-1.833133033,-1.833133033,-0.8992193083
31.05,-0.8733107083,-1.855045467,-1.855045467,-0.8537874291
31.075,-0.8824816736,-1.875823497,-1.875823497,-0.808486451
31.1,-0.8913329684,-1.895471831,-1.895471831,-0.7634301728
31.125,-0.8998608781,-1.913997934,-1.913997934,-0.7187251097
31.15,-0.9080617992,-1.931411839,-1.931411839,-0.6744700396
31.175,-0.9159322411,-1.947725945,-1.947725945,-0.6307556623
31.2,-0.9234688274,-1.962954817,-1.962954817,-0.5876643921
31.225,-0.930668298,-1.977114976,-1.977114976,-0.5452702566
31.25,-0.9375275101,-1.990224688,-1.990224688,-0.5036389083
31.275,-0.9440434406,-2.002303758,-2.002303758,-0.4628277211
31.3,-0.950213187,-2.013373322,-2.013373322,-0.4228859855
31.325,-0.9560339688,-2.023455651,-2.023455651,-0.3838551557
31.35,-0.9615031296,-2.032573955,-2.032573955,-0.3457691816
31.375,-0.9666181379,-2.040752209,-2.040752209,-0.3086548643
31.4,-0.9713765889,-2.048014965,-2.048014965,-0.2725322739
31.425,-0.9757762053,-2.054387203,-2.054387203,-0.2374151767
31.45,-0.9798148393,-2.059894171,-2.059894171,-0.2033114912
31.475,-0.9834904729,-2.064561245,-2.064561245,-0.1702237547
31.5,-0.9868012203,-2.068413806,-2.068413806,-0.1381495807
31.525,-0.9897453277,-2.071477115,-2.071477115,-0.1070821353
31.55,-0.9923211756,-2.073776213,-2.073776213,-0.07701057136
31.575,-0.9945272791,-2.075335823,-2.075335823,-0.04792048777
31.6,-0.9963622892,-2.07618027,-2.07618027,-0.01979433223
31.625,-0.9978249935,-2.076333404,-2.076333404,0.007388186554
31.65,-0.9989143177,-2.075818536,-2.075818536,0.03364973023
31.675,-0.9996293258,-2.074658387,-2.074658387,0.05901496983
31.7,-0.9999692211,-2.072875038,-2.072875038,0.0835102652
31.725,-0.9999333473,-2.070489893,-2.070489893,0.1071633596
31.75,-0.9995211888,-2.067523648,-2.067523648,0.1300031019
31.775,-0.9987323715,-2.063996268,-2.063996268,0.1520591999
31.8,-0.9975666636,-2.059926966,-2.059926966,0.1733619873
31.825,-0.9960239756,-2.05533419,-2.05533419,0.1939422247
31.85,-0.9941043615,-2.050235617,-2.050235617,0.2138309158
31.875,-0.9918080188,-2.044648148,-2.044648148,0.2330591473
31.9,-0.989135289,-2.038587905,-2.038587905,0.2516579498
31.925,-0.986086658,-2.032070239,-2.032070239,0.2696581728
31.95,-0.9826627563,-2.02510973,-2.02510973,0.2870903831
31.975,-0.9788643592,-2.017720201,-2.017720201,0.3039847708
32,-0.9746923871,-2.009914725,-2.009914725,0.3203710783
32.025,-0.9701479056,-2.001705638,-2.001705638,0.3362785341
32.05,-0.9652321254,-1.99310455,-1.99310455,0.3517358049
32.075,-0.9599464025,-1.984122365,-1.984122365,0.3667709531
32.1,-0.954292238,-1.974769291,-1.974769291,0.3814114077
32.125,-0.9482712781,-1.96505486,-1.96505486,0.3956839406
32.15,-0.9418853138,-1.954987943,-1.954987943,0.409614652
32.175,-0.935136281,-1.944576764,-1.944576764,0.4232289618
32.2,-0.9280262597,-1.933828925,-1.933828925,0.4365516067
32.225,-0.9205574741,-1.922751414,-1.922751414,0.4496066413
32.25,-0.9127322919,-1.911350628,-1.911350628,0.4624174458
32.275,-0.9045532242,-1.899632387,-1.899632387,0.4750067345
32.3,-0.8960229245,-1.887601953,-1.887601953,0.4873965686
32.325,-0.8871441887,-1.875264042,-1.875264042,0.4996083738
32.35,-0.877919954,-1.862622844,-1.862622844,0.5116629543
32.375,-0.8683532982,-1.849682036,-1.849682036,0.5235805146
32.4,-0.8584474395,-1.836444797,-1.836444797,0.535380681
32.425,-0.8482057351,-1.822913821,-1.822913821,0.5470825187
32.45,-0.8376316805,-1.809091335,-1.809091335,0.5587045589
32.475,-0.8267289088,-1.794979108,-1.794979108,0.5702648219
32.5,-0.8155011893,-1.780578463,-1.780578463,0.5817808353
32.525,-0.8039524269,-1.765890292,-1.765890292,0.5932696604
32.55,-0.7920866609,-1.750915068,-1.750915068,0.604747921
32.575,-0.7799080634,-1.73565285,-1.73565285,0.616231816
32.6,-0.7674209388,-1.720103298,-1.720103298,0.6277371469
32.625,-0.7546297218,-1.704265685,-1.704265685,0.639279345
32.65,-0.7415389768,-1.688138898,-1.688138898,0.6508734887
32.675,-0.7281533959,-1.671721455,-1.671721455,0.6625343209
32.7,-0.7144777976,-1.655011506,-1.655011506,0.6742762732
32.725,-0.7005171258,-1.638006847,-1.638006847,0.6861134924
32.75,-0.6862764474,-1.620704922,-1.620704922,0.6980598482
32.775,-0.6717609514,-1.603102832,-1.603102832,0.7101289534
32.8,-0.6569759468,-1.585197339,-1.585197339,0.7223341836
32.825,-0.6419268611,-1.566984878,-1.566984878,0.7346886967
32.85,-0.6266192385,-1.548461553,-1.548461553,0.7472054375
32.875,-0.611058738,-1.529623148,-1.529623148,0.7598971556
32.9,-0.5952511315,-1.510465132,-1.510465132,0.7727764187
32.925,-0.5792023019,-1.490982661,-1.490982661,0.7858556232
32.95,-0.5629182411,-1.471170583,-1.471170583,0.7991469983
32.975,-0.5464050479,-1.451023442,-1.451023442,0.8126626167
33,-0.5296689262,-1.430535484,-1.430535484,0.8264143994
33.025,-0.5127161824,-1.409700656,-1.409700656,0.8404141182
33.05,-0.4955532234,-1.388512615,-1.388512615,0.854673396
33.075,-0.4781865546,-1.366964728,-1.366964728,0.8692037083
33.1,-0.460622777,-1.345050077,-1.345050077,0.8840163754
33.125,-0.4428685857,-1.322761463,-1.322761463,0.8991225574
33.15,-0.4249307667,-1.300091411,-1.300091411,0.914533247
33.175,-0.4068161949,-1.277032173,-1.277032173,0.9302592556
33.2,-0.3885318315,-1.253575732,-1.253575732,0.9463111902
33.225,-0.3700847215,-1.229713811,-1.229713811,0.9626994433
33.25,-0.3514819912,-1.205437873,-1.205437873,0.9794341667
33.275,-0.3327308453,-1.180739133,-1.180739133,0.9965252329
33.3,-0.3138385646,-1.155608562,-1.155608562,1.013982208
33.325,-0.294812503,-1.130036896,-1.130036896,1.031814318
33.35,-0.2756600851,-1.104014646,-1.104014646,1.050030394
33.375,-0.256388803,-1.077532107,-1.077532107,1.068638814
33.4,-0.2370062136,-1.05057937,-1.05057937,1.087647464
33.425,-0.2175199362,-1.023146337,-1.023146337,1.107063657
33.45,-0.1979376488,-0.9952227353,-0.9952227353,1.12689405
33.475,-0.1782670857,-0.9667981337,-0.9667981337,1.14714458
33.5,-0.1585160347,-0.9378619618,-0.9378619618,1.167820362
33.525,-0.1386923334,-0.9084035365,-0.9084035365,1.188925566
33.55,-0.1188038668,-0.8784120793,-0.8784120793,1.210463333
33.575,-0.09885856394,-0.8478767478,-0.8478767478,1.232435632
33.6,-0.078864395,-0.8167866706,-0.8167866706,1.254843104
33.625,-0.05882936788,-0.7851309731,-0.7851309731,1.277684941
33.65,-0.03876152527,-0.7528988232,-0.7528988232,1.300958696
33.675,-0.01866894141,-0.7200794743,-0.7200794743,1.324660094
33.7,0.001440281134,-0.6866623065,-0.6866623065,1.348782865
33.725,0.02155801471,-0.6526368896,-0.6526368896,1.37331849
33.75,0.0416761098,-0.6179930327,-0.6179930327,1.398256001
33.775,0.06178639834,-0.5827208533,-0.5827208533,1.423581722
33.8,0.08188069701,-0.5468108496,-0.5468108496,1.449278994
33.825,0.1019508105,-0.510253972,-0.510253972,1.475327924
33.85,0.121988535,-0.4730417173,-0.4730417173,1.501705052
33.875,0.1419856614,-0.4351662108,-0.4351662108,1.528383074
33.9,0.1619339787,-0.3966203173,-0.3966203173,1.555330492
33.925,0.1818252773,-0.35739774,-0.35739774,1.582511299
33.95,0.2016513527,-0.3174931466,-0.3174931466,1.609884616
33.975,0.2214040088,-0.2769022874,-0.2769022874,1.637404362
34,0.2410750608,-0.2356221371,-0.2356221371,1.665018885
34.025,0.2606563396,-0.1936510313,-0.1936510313,1.692670632
34.05,0.2801396944,-0.150988825,-0.150988825,1.720295799
34.075,0.2995169964,-0.1076370475,-0.1076370475,1.747824021
34.1,0.3187801426,-0.06359907328,-0.06359907328,1.775178073
34.125,0.3379210587,-0.01888029611,-0.01888029611,1.802273613
34.15,0.3569317028,0.02651169106,0.02651169106,1.829018966
34.175,0.3758040689,0.07256690966,0.07256690966,1.855314967
34.2,0.3945301905,0.1192728075,0.1192728075,1.881054876
34.225,0.4131021435,0.1666140689,0.1666140689,1.906124371
34.25,0.4315120503,0.2145724261,0.2145724261,1.930401645
34.275,0.4497520828,0.2631264755,0.2631264755,1.953757607
34.3,0.4678144659,0.3122514973,0.3122514973,1.97605623
34.325,0.4856914811,0.3619192899,0.3619192899,1.997155012
34.35,0.5033754698,0.4120980148,0.4120980148,2.016905631
34.375,0.5208588368,0.4627520597,0.4627520597,2.035154722
34.4,0.5381340532,0.5138419273,0.5138419273,2.051744893
34.425,0.5551936607,0.5653241448,0.5653241448,2.066515863
34.45,0.5720302741,0.6171512121,0.6171512121,2.079305834
34.475,0.588636585,0.6692715799,0.6692715799,2.089953043
34.5,0.6050053651,0.721629673,0.721629673,2.09829746
34.525,0.6211294694,0.7741659582,0.7741659582,2.104182713
34.55,0.6370018398,0.8268170577,0.8268170577,2.107458095
34.575,0.6526155078,0.8795159204,0.8795159204,2.107980734
34.6,0.6679635982,0.9321920449,0.9321920449,2.10561783
34.625,0.6830393322,0.9847717581,0.9847717581,2.100248923
34.65,0.6978360303,1.037178554,1.037178554,2.09176817
34.675,0.7123471159,1.089333487,1.089333487,2.080086557
34.7,0.7265661178,1.141155618,1.141155618,2.065133977
34.725,0.7404866741,1.192562511,1.192562511,2.046861135
34.75,0.7541025342,1.243470776,1.243470776,2.025241229
34.775,0.767407563,1.293796649,1.293796649,2.000271298
34.8,0.7803957428,1.3434566,1.3434566,1.971973249
34.825,0.7930611768,1.392367964,1.392367964,1.940394467
34.85,0.8053980919,1.440449585,1.440449585,1.905608005
34.875,0.8174008416,1.487622448,1.487622448,1.867712311
34.9,0.8290639086,1.53381031,1.53381031,1.826830499
34.925,0.8403819077,1.578940303,1.578940303,1.783109143
34.95,0.8513495885,1.622943502,1.622943502,1.736716652
34.975,0.861961838,1.66575544,1.66575544,1.687841243
35,0.8722136835,1.707316582,1.707316582,1.636688526
35.025,0.8821002947,1.747572722,1.747572722,1.583478831
35.05,0.8916169865,1.786475315,1.786475315,1.528444308
35.075,0.9007592215,1.823981736,1.823981736,1.471825818
35.1,0.9095226123,1.860055459,1.860055459,1.413869852
35.125,0.917902924,1.894666157,1.894666157,1.354825337
35.15,0.925896076,1.927789726,1.927789726,1.294940631
35.175,0.9334981451,1.959408229,1.959408229,1.234460568
35.2,0.9407053669,1.989509783,1.989509783,1.173623782
35.225,0.9475141381,2.018088365,2.018088365,1.112660253
35.25,0.953921019,2.045143569,2.045143569,1.051789136
35.275,0.9599227349,2.070680317,2.070680317,0.9912169563
35.3,0.9655161784,2.094708516,2.094708516,0.9311360824
35.325,0.970698411,2.117242696,2.117242696,0.8717235949
35.35,0.9754666651,2.138301612,2.138301612,0.8131404483
35.375,0.9798183458,2.157907836,2.157907836,0.755530977
35.4,0.9837510321,2.176087342,2.176087342,0.6990226892
35.425,0.9872624792,2.192869075,2.192869075,0.6437263342
35.45,0.9903506192,2.208284548,2.208284548,0.5897362102
35.475,0.9930135633,2.222367428,2.222367428,0.537130672
35.5,0.9952496027,2.23515315,2.23515315,0.485972823
35.525,0.99705721,2.246678543,2.246678543,0.4363113331
35.55,0.9984350405,2.256981483,2.256981483,0.388181359
35.575,0.9993819333,2.266100565,2.266100565,0.3416055599
35.6,0.9998969124,2.274074808,2.274074808,0.2965951304
35.625,0.9999791876,2.280943376,2.280943376,0.253150873
35.65,0.9996281555,2.286745335,2.286745335,0.2112642774
35.675,0.9988434003,2.291519433,2.291519433,0.1709185472
35.7,0.9976246947,2.295303904,2.295303904,0.1320896458
35.725,0.9959720002,2.298136304,2.298136304,0.09474724406
35.75,0.9938854682,2.300053358,2.300053358,0.05885565304
35.775,0.99136544,2.301090842,2.301090842,0.02437467741
35.8,0.9884124476,2.301283482,2.301283482,-0.008739590966
35.825,0.985027214,2.300664862,2.300664862,-0.0405340455
35.85,0.9812106532,2.299267368,2.299267368,-0.07105790471
35.875,0.9769638706,2.297122131,2.297122131,-0.1003621186
35.9,0.9722881633,2.294258991,2.294258991,-0.1284988392
35.925,0.9671850196,2.290706477,2.290706477,-0.1555209528
35.95,0.9616561192,2.286491789,2.286491789,-0.1814816706
35.975,0.955703333,2.281640795,2.281640795,-0.206434174
36,0.9493287232,2.276178041,2.276178041,-0.2304313098
36.025,0.9425345421,2.270126756,2.270126756,-0.2535253329
36.05,0.9353232326,2.263508872,2.263508872,-0.275767691
36.075,0.9276974273,2.256345048,2.256345048,-0.2972088471
36.1,0.9196599476,2.248654694,2.248654694,-0.3178981367
36.125,0.9112138036,2.240456005,2.240456005,-0.3378836556
36.15,0.902362193,2.231765986,2.231765986,-0.3572121753
36.175,0.8931085002,2.222600493,2.222600493,-0.3759290804
36.2,0.8834562955,2.212974262,2.212974262,-0.3940783292
36.225,0.8734093339,2.202900952,2.202900952,-0.41170243
36.25,0.8629715544,2.192393175,2.192393175,-0.4288424344
36.275,0.852147078,2.181462534,2.181462534,-0.4455379427
36.3,0.8409402073,2.170119663,2.170119663,-0.4618271212
36.325,0.8293554245,2.158374257,2.158374257,-0.4777467274
36.35,0.8173973901,2.146235111,2.146235111,-0.493332145
36.375,0.8050709414,2.133710151,2.133710151,-0.5086174225
36.4,0.7923810909,2.120806468,2.120806468,-0.5236353193
36.425,0.7793330245,2.10753035,2.10753035,-0.5384173529
36.45,0.7659320995,2.093887313,2.093887313,-0.5529938526
36.475,0.752183843,2.079882127,2.079882127,-0.56739401
36.5,0.7380939499,2.065518847,2.065518847,-0.5816459386
36.525,0.7236682806,2.050800839,2.050800839,-0.5957767237
36.55,0.708912859,2.035730803,2.035730803,-0.609812486
36.575,0.6938338702,2.020310796,2.020310796,-0.6237784294
36.6,0.6784376585,2.00454226,2.00454226,-0.6376989036
36.625,0.6627307243,1.988426034,1.988426034,-0.6515974557
36.65,0.6467197224,1.971962379,1.971962379,-0.6654968809
36.675,0.6304114589,1.955150998,1.955150998,-0.6794192844
36.7,0.6138128889,1.937991045,1.937991045,-0.693386122
36.725,0.5969311135,1.920481147,1.920481147,-0.7074182526
36.75,0.5797733772,1.902619419,1.902619419,-0.7215359961
36.775,0.5623470651,1.884403469,1.884403469,-0.7357591646
36.8,0.5446596996,1.86583042,1.86583042,-0.7501071108
36.825,0.5267189379,1.846896915,1.846896915,-0.7645987844
36.85,0.5085325682,1.827599129,1.827599129,-0.7792527587
36.875,0.4901085073,1.807932773,1.807932773,-0.794087269
36.9,0.471454797,1.78789311,1.78789311,-0.8091202449
36.925,0.4525796005,1.767474957,1.767474957,-0.8243693739
36.95,0.4334911997,1.746672695,1.746672695,-0.8398521136
36.975,0.4141979911,1.725480263,1.725480263,-0.8555857001
37,0.3947084827,1.703891177,1.703891177,-0.8715872091
37.025,0.3750312903,1.681898528,1.681898528,-0.8878735709
37.05,0.3551751339,1.659494985,1.659494985,-0.9044615973
37.075,0.3351488337,1.636672796,1.636672796,-0.9213679865
37.1,0.3149613069,1.613423794,1.613423794,-0.9386093523
37.125,0.2946215634,1.589739399,1.589739399,-0.9562022373
37.15,0.2741387021,1.565610616,1.565610616,-0.9741631211
37.175,0.253521907,1.54102804,1.54102804,-0.9925084227
37.2,0.2327804432,1.515981855,1.515981855,-1.011254508
37.225,0.2119236528,1.490461838,1.490461838,-1.030417688
37.25,0.1909609507,1.46445736,1.46445736,-1.050014201
37.275,0.1699018207,1.437957383,1.437957383,-1.070060212
37.3,0.1487558111,1.410950469,1.410950469,-1.09057179
37.325,0.1275325308,1.38342478,1.38342478,-1.111564877
37.35,0.1062416445,1.355368081,1.355368081,-1.133055249
37.375,0.08489286868,1.326767744,1.326767744,-1.155058492
37.4,0.06349596731,1.297610754,1.297610754,-1.177589945
37.425,0.04206074726,1.26788372,1.26788372,-1.200664611
37.45,0.02059705396,1.237572876,1.237572876,-1.224297118
37.475,-0.0008852331268,1.206664097,1.206664097,-1.248501629
37.5,-0.02237620498,1.175142913,1.175142913,-1.27329172
37.525,-0.04386592756,1.142994524,1.142994524,-1.298680267
37.55,-0.06534444642,1.110203813,1.110203813,-1.324679347
37.575,-0.08680179125,1.076755375,1.076755375,-1.351300052
37.6,-0.1082279805,1.042633547,1.042633547,-1.378552308
37.625,-0.1296130262,1.007822425,1.007822425,-1.406444728
37.65,-0.1509469381,0.9723059157,0.9723059157,-1.434984353
37.675,-0.1722197292,0.9360677707,0.9360677707,-1.464176398
37.7,-0.1934214197,0.8990916322,0.8990916322,-1.49402403
37.725,-0.2145420419,0.8613610984,0.8613610984,-1.524528001
37.75,-0.2355716453,0.8228597791,0.8228597791,-1.555686342
37.775,-0.2565003007,0.7835713687,0.7835713687,-1.587494007
37.8,-0.2773181057,0.743479738,0.743479738,-1.6199424
37.825,-0.2980151887,0.7025690127,0.7025690127,-1.653019004
37.85,-0.3185817141,0.6608236927,0.6608236927,-1.686706828
37.875,-0.339007887,0.6182287596,0.6182287596,-1.720983912
37.9,-0.3592839578,0.574769814,0.574769814,-1.755822748
37.925,-0.3794002272,0.5304332199,0.5304332199,-1.791189656
37.95,-0.3993470507,0.4852062659,0.4852062659,-1.827044153
37.975,-0.4191148432,0.4390773465,0.4390773465,-1.863338246
38,-0.4386940844,0.3920361563,0.3920361563,-1.900015728
38.025,-0.4580753226,0.3440739055,0.3440739055,-1.93701142
38.05,-0.4772491801,0.295183555,0.295183555,-1.974250415
38.075,-0.4962063576,0.2453600657,0.2453600657,-2.011647308
38.1,-0.5149376387,0.194600676,0.194600676,-2.049105418
38.125,-0.533433895,0.1429051872,0.1429051872,-2.086516059
38.15,-0.5516860902,0.09027627643,0.09027627643,-2.123757828
38.175,-0.5696852849,0.03671982207,0.03671982207,-2.160695967
38.2,-0.5874226413,-0.01775475672,-0.01775475672,-2.197181818
38.225,-0.6048894273,-0.07313414556,-0.07313414556,-2.233052395
38.25,-0.6220770217,-0.1294007733,-0.1294007733,-2.268130113
38.275,-0.6389769178,-0.1865324458,-0.1865324458,-2.302222706
38.3,-0.6555807283,-0.2445019801,-0.2445019801,-2.335123385
38.325,-0.6718801898,-0.3032768457,-0.3032768457,-2.366611265
38.35,-0.6878671668,-0.3628188212,-0.3628188212,-2.396452101
38.375,-0.7035336559,-0.4230836747,-0.4230836747,-2.424399389
38.4,-0.7188717905,-0.4840208699,-0.4840208699,-2.450195878
38.425,-0.7338738447,-0.5455733288,-0.5455733288,-2.473575447
38.45,-0.7485322373,-0.6076772313,-0.6076772313,-2.494265536
38.475,-0.7628395361,-0.6702618913,-0.6702618913,-2.511989919
38.5,-0.7767884617,-0.7332497074,-0.7332497074,-2.526472054
38.525,-0.7903718918,-0.7965561975,-0.7965561975,-2.537438811
38.55,-0.8035828649,-0.8600901365,-0.8600901365,-2.544624606
38.575,-0.8164145838,-0.9237538022,-0.9237538022,-2.54777594
38.6,-0.8288604201,-0.9874433348,-0.9874433348,-2.546656155
38.625,-0.8409139172,-1.05104922,-1.05104922,-2.541050368
38.65,-0.8525687944,-1.114456893,-1.114456893,-2.530770447
38.675,-0.8638189501,-1.177547476,-1.177547476,-2.515659888
38.7,-0.8746584656,-1.240198619,-1.240198619,-2.495598404
38.725,-0.8850816083,-1.302285461,-1.302285461,-2.470506097
38.75,-0.8950828351,-1.363681688,-1.363681688,-2.440347017
38.775,-0.9046567957,-1.424260665,-1.424260665,-2.405131972
38.8,-0.9137983355,-1.483896635,-1.483896635,-2.364920426
38.825,-0.9225024991,-1.542465943,-1.542465943,-2.319821377
38.85,-0.9307645329,-1.59984828,-1.59984828,-2.269993138
38.875,-0.9385798884,-1.655927897,-1.655927897,-2.215641978
38.9,-0.9459442245,-1.710594774,-1.710594774,-2.157019625
38.925,-0.9528534107,-1.76374572,-1.76374572,-2.094419675
38.95,-0.9593035295,-1.81528536,-1.81528536,-2.028173035
38.975,-0.965290879,-1.865127,-1.865127,-1.958642513
39,-0.9708119753,-1.913193353,-1.913193353,-1.886216735
39.025,-0.9758635547,-1.959417104,-1.959417104,-1.811303556
39.05,-0.9804425764,-2.003741303,-2.003741303,-1.734323296
39.075,-0.9845462241,-2.046119593,-2.046119593,-1.655701868
39.1,-0.9881719083,-2.086516262,-2.086516262,-1.575864025
39.125,-0.9913172681,-2.12490614,-2.12490614,-1.495227144
39.15,-0.9939801734,-2.161274333,-2.161274333,-1.414195307
39.175,-0.996158726,-2.195615834,-2.195615834,-1.33315423
39.2,-0.9978512616,-2.227934999,-2.227934999,-1.252466821
39.225,-0.9990563514,-2.258244935,-2.258244935,-1.17246961
39.25,-0.9997728031,-2.286566802,-2.286566802,-1.093470017
39.275,-0.9999996624,-2.312929062,-2.312929062,-1.015744425
39.3,-0.9997362142,-2.337366684,-2.337366684,-0.9395370709
39.325,-0.9989819836,-2.35992034,-2.35992034,-0.8650596579
39.35,-0.9977367366,-2.380635587,-2.380635587,-0.7924916325
39.375,-0.9960004813,-2.399562075,-2.399562075,-0.7219810227
39.4,-0.9937734683,-2.416752775,-2.416752775,-0.6536457605
39.425,-0.9910561915,-2.432263245,-2.432263245,-0.587575374
39.45,-0.9878493881,-2.446150949,-2.446150949,-0.5238329641
39.475,-0.9841540395,-2.458474623,-2.458474623,-0.462457383
39.5,-0.9799713713,-2.469293689,-2.469293689,-0.4034655443
39.525,-0.9753028531,-2.478667746,-2.478667746,-0.3468547394
39.55,-0.9701501989,-2.486656106,-2.486656106,-0.2926050089
39.575,-0.9645153666,-2.493317385,-2.493317385,-0.2406813974
39.6,-0.9584005581,-2.498709165,-2.498709165,-0.1910361405
39.625,-0.9518082185,-2.502887693,-2.502887693,-0.1436107259
39.65,-0.9447410356,-2.50590764,-2.50590764,-0.09833780295
39.675,-0.9372019397,-2.507821902,-2.507821902,-0.05514293399
39.7,-0.9291941023,-2.508681439,-2.508681439,-0.013946183
39.725,-0.9207209353,-2.508535163,-2.508535163,0.02533646311
39.75,-0.9117860904,-2.507429844,-2.507429844,0.06279183663
39.775,-0.9023934573,-2.50541006,-2.50541006,0.09850848898
39.8,-0.892547163,-2.502518164,-2.502518164,0.1325757395
39.825,-0.88225157,-2.498794274,-2.498794274,0.1650828634
39.85,-0.8715112748,-2.494276284,-2.494276284,0.1961184076
39.875,-0.8603311066,-2.488999889,-2.488999889,0.2257696234
39.9,-0.8487161252,-2.482998626,-2.482998626,0.2541220038
39.925,-0.8366716191,-2.476303917,-2.476303917,0.281258914
39.95,-0.8242031038,-2.468945134,-2.468945134,0.3072613053
39.975,-0.811316319,-2.460949653,-2.460949653,0.3322075001
40,-0.7980172273,-2.45234293,-2.45234293,0.3561730401
40.025,-0.7843120108,-2.443148567,-2.443148567,0.379230588
40.05,-0.7702070692,-2.433388385,-2.433388385,0.4014498747
40.075,-0.7557090173,-2.423082501,-2.423082501,0.4228976854
40.1,-0.7408246815,-2.412249397,-2.412249397,0.4436378766
40.125,-0.7255610977,-2.400905995,-2.400905995,0.4637314209
40.15,-0.709925508,-2.389067729,-2.389067729,0.4832364716
40.175,-0.6939253576,-2.376748613,-2.376748613,0.5022084458
40.2,-0.6775682915,-2.363961309,-2.363961309,0.5207001182
40.225,-0.6608621514,-2.350717191,-2.350717191,0.5387617281
40.25,-0.6438149721,-2.337026407,-2.337026407,0.5564410915
40.275,-0.6264349779,-2.322897942,-2.322897942,0.5737837173
40.3,-0.6087305791,-2.308339666,-2.308339666,0.5908329301
40.325,-0.5907103679,-2.293358396,-2.293358396,0.6076299901
40.35,-0.5723831151,-2.277959939,-2.277959939,0.6242142156
40.375,-0.5537577655,-2.262149146,-2.262149146,0.6406231053
40.4,-0.534843434,-2.245929947,-2.245929947,0.6568924542
40.425,-0.5156494017,-2.2293054,-2.2293054,0.6730564754
40.45,-0.4961851112,-2.212277727,-2.212277727,0.6891479069
40.475,-0.4764601623,-2.194848348,-2.194848348,0.7051981299
40.5,-0.4564843078,-2.177017913,-2.177017913,0.7212372667
40.525,-0.4362674485,-2.158786335,-2.158786335,0.7372942919
40.55,-0.4158196287,-2.140152816,-2.140152816,0.7533971245
40.575,-0.3951510315,-2.121115872,-2.121115872,0.7695727249
40.6,-0.3742719739,-2.101673356,-2.101673356,0.78584719
40.625,-0.3531929016,-2.081822478,-2.081822478,0.8022458272
40.65,-0.3319243845,-2.061559824,-2.061559824,0.8187932553
40.675,-0.3104771109,-2.040881375,-2.040881375,0.83551347
40.7,-0.2888618829,-2.019782515,-2.019782515,0.8524299113
40.725,-0.2670896109,-1.998258052,-1.998258052,0.8695655571
40.75,-0.245171308,-1.976302223,-1.976302223,0.8869429863
40.775,-0.223118085,-1.953908703,-1.953908703,0.9045844099
40.8,-0.2009411447,-1.931070619,-1.931070619,0.922511766
40.825,-0.1786517762,-1.907780551,-1.907780551,0.940746771
40.85,-0.1562613497,-1.884030538,-1.884030538,0.9593109551
40.875,-0.1337813102,-1.859812081,-1.859812081,0.9782257189
40.9,-0.1112231722,-1.835116153,-1.835116153,0.9975123847
40.925,-0.08859851396,-1.809933186,-1.809933186,1.017192226
40.95,-0.06591897116,-1.784253087,-1.784253087,1.037286504
40.975,-0.04319623144,-1.75806523,-1.75806523,1.057816505
41,-0.02044202822,-1.731358454,-1.731358454,1.078803561
41.025,0.002331865246,-1.704121065,-1.704121065,1.100269067
41.05,0.02511364193,-1.676340834,-1.676340834,1.122234506
41.075,0.0478914671,-1.648004994,-1.648004994,1.144721445
41.1,0.07065348451,-1.619100235,-1.619100235,1.167751544
41.125,0.09338782245,-1.589612709,-1.589612709,1.191346546
41.15,0.1160826001,-1.559528019,-1.559528019,1.215528258
41.175,0.1387259334,-1.528831225,-1.528831225,1.240318529
41.2,0.1613059419,-1.497506839,-1.497506839,1.26573922
41.225,0.1838107544,-1.465538829,-1.465538829,1.29181213
41.25,0.2062285155,-1.432910617,-1.432910617,1.318558958
41.275,0.2285473919,-1.399605085,-1.399605085,1.346001223
41.3,0.2507555788,-1.365604583,-1.365604583,1.374160143
41.325,0.2728413059,-1.330890933,-1.330890933,1.40305653
41.35,0.294792844,-1.295445442,-1.295445442,1.432710677
41.375,0.3165985111,-1.25924892,-1.25924892,1.463142157
41.4,0.338246679,-1.222281701,-1.222281701,1.494369626
41.425,0.3597257794,-1.184523659,-1.184523659,1.526410657
41.45,0.3810243101,-1.145954252,-1.145954252,1.559281429
41.475,0.4021308415,-1.106552553,-1.106552553,1.592996422
41.5,0.4230340227,-1.066297291,-1.066297291,1.627568153
41.525,0.4437225881,-1.02516692,-1.02516692,1.66300671
41.55,0.4641853629,-0.9831396715,-0.9831396715,1.699319352
41.575,0.4844112701,-0.9401936333,-0.9401936333,1.736510056
41.6,0.5043893362,-0.8963068495,-0.8963068495,1.774578877
41.625,0.5241086975,-0.8514574076,-0.8514574076,1.813521434
41.65,0.5435586061,-0.8056235743,-0.8056235743,1.853328168
41.675,0.5627284359,-0.7587839255,-0.7587839255,1.893983592
41.7,0.5816076888,-0.7109175048,-0.7109175048,1.935465503
41.725,0.6001860007,-0.6620040098,-0.6620040098,1.977744004
41.75,0.6184531472,-0.6120239844,-0.6120239844,2.020780602
41.775,0.6363990493,-0.5609590611,-0.5609590611,2.06452706
41.8,0.6540137799,-0.5087922048,-0.5087922048,2.10892433
41.825,0.6712875688,-0.4555080099,-0.4555080099,2.153901283
41.85,0.6882108087,-0.4010930098,-0.4010930098,2.19937348
41.875,0.7047740608,-0.3455360299,-0.3455360299,2.245241828
41.9,0.7209680604,-0.2888285716,-0.2888285716,2.291391235
41.925,0.736783722,-0.2309652248,-0.2309652248,2.337689261
41.95,0.7522121453,-0.1719441236,-0.1719441236,2.383984767
41.975,0.7672446199,-0.1117674275,-0.1117674275,2.430106645
42,0.781872631,-0.05044183436,-0.05044183436,2.475862652
42.025,0.796087864,0.01202087583,0.01202087583,2.521038382
42.05,0.8098822102,0.07560327763,0.07560327763,2.565396476
42.075,0.8232477711,0.140281719,0.140281719,2.608676109
42.1,0.8361768637,0.2060257321,0.2060257321,2.650592847
42.125,0.8486620251,0.2727974458,0.2727974458,2.690838948
42.15,0.8606960171,0.340551012,0.340551012,2.729084203
42.175,0.8722718306,0.4092320604,0.4092320604,2.764977393
42.2,0.8833826906,0.4787772018,0.4787772018,2.798148445
42.225,0.8940220598,0.5491135859,0.5491135859,2.828211428
42.25,0.9041836432,0.6201585568,0.6201585568,2.854768267
42.275,0.9138613922,0.6918194028,0.6918194028,2.877413485
42.3,0.9230495084,0.7639932389,0.7639932389,2.895739746
42.325,0.9317424476,0.8365670391,0.8365670391,2.909344262
42.35,0.9399349234,0.90941784,0.90941784,2.91783604
42.375,0.9476219107,0.9824131327,0.9824131327,2.920843786
42.4,0.9547986495,1.055411459,1.055411459,2.918024294
42.425,0.9614606479,1.128263221,1.128263221,2.909071141
42.45,0.9676036853,1.200811713,1.200811713,2.893723381
42.475,0.9732238158,1.272894359,1.272894359,2.871773953
42.5,0.9783173707,1.344344165,1.344344165,2.843077435
42.525,0.9828809614,1.414991343,1.414991343,2.807556811
42.55,0.986911482,1.48466509,1.48466509,2.765208906
42.575,0.990406112,1.553195492,1.553195492,2.716108167
42.6,0.9933623183,1.620415486,1.620415486,2.660408553
42.625,0.9957778576,1.686162852,1.686162852,2.598343322
42.65,0.9976507783,1.75028217,1.75028217,2.530222648
42.675,0.9989794224,1.812626691,1.812626691,2.456429061
42.7,0.9997624273,1.873060068,1.873060068,2.377410834
42.725,0.9999987271,1.931457894,1.931457894,2.293673545
42.75,0.9996875545,1.987709018,1.987709018,2.205770119
42.775,0.9988284413,2.041716586,2.041716586,2.114289758
42.8,0.9974212203,2.093398807,2.093398807,2.019846093
42.825,0.9954660255,2.142689413,2.142689413,1.923065172
42.85,0.9929632932,2.189537814,2.189537814,1.824573665
42.875,0.9899137627,2.23390898,2.23390898,1.724987516
42.9,0.9863184761,2.275783035,2.275783035,1.624901747
42.925,0.9821787795,2.315154623,2.315154623,1.524881418
42.95,0.9774963222,2.352032059,2.352032059,1.425454017
42.975,0.972273057,2.386436311,2.386436311,1.327103474
43,0.9665112399,2.418399854,2.418399854,1.230265754
43.025,0.9602134299,2.44796543,2.44796543,1.135326033
43.05,0.9533824877,2.475184762,2.475184762,1.042617339
43.075,0.9460215758,2.500117244,2.500117244,0.9524205499
43.1,0.9381341568,2.522828651,2.522828651,0.8649655352
43.125,0.9297239929,2.54338989,2.54338989,0.7804332706
43.15,0.9207951441,2.561875807,2.561875807,0.6989587177
43.175,0.9113519671,2.578364087,2.578364087,0.6206342665
43.2,0.9013991133,2.592934229,2.592934229,0.5455135734
43.225,0.8909415275,2.605666631,2.605666631,0.4736156249
43.25,0.8799844453,2.616641777,2.616641777,0.4049288442
43.275,0.8685333917,2.625939522,2.625939522,0.3394151981
43.3,0.856594178,2.63363848,2.63363848,0.2770141439
43.325,0.8441728998,2.639815511,2.639815511,0.2176463679
43.35,0.8312759342,2.644545291,2.644545291,0.1612172619
43.375,0.8179099371,2.647899976,2.647899976,0.1076201059
43.4,0.8040818399,2.649948931,2.649948931,0.05673893443
43.425,0.7897988466,2.650758535,2.650758535,0.00845108257
43.45,0.7750684305,2.650392038,2.650392038,-0.0373705821
43.475,0.7598983305,2.648909477,2.648909477,-0.08085573224
43.5,0.7442965477,2.646367634,2.646367634,-0.1221349379
43.525,0.7282713412,2.642820028,2.642820028,-0.1613382884
43.55,0.7118312245,2.638316947,2.638316947,-0.198594255
43.575,0.6949849614,2.632905493,2.632905493,-0.2340287694
43.6,0.6777415614,2.626629664,2.626629664,-0.2677644946
43.625,0.6601102752,2.619530434,2.619530434,-0.2999202645
43.65,0.6421005907,2.611645861,2.611645861,-0.3306106691
43.675,0.6237222276,2.603011193,2.603011193,-0.3599457651
43.7,0.6049851329,2.593658987,2.593658987,-0.3880308933
43.725,0.5858994756,2.583619226,2.583619226,-0.4149665841
43.75,0.5664756416,2.572919438,2.572919438,-0.4408485379
43.775,0.5467242286,2.561584821,2.561584821,-0.4657676652
43.8,0.5266560403,2.549638359,2.549638359,-0.4898101751
43.825,0.5062820808,2.537100936,2.537100936,-0.513057702
43.85,0.4856135493,2.523991454,2.523991454,-0.5355874626
43.875,0.4646618336,2.510326935,2.510326935,-0.5574724339
43.9,0.4434385045,2.49612263,2.49612263,-0.5787815481
43.925,0.4219553098,2.481392113,2.481392113,-0.599579897
43.95,0.4002241675,2.466147378,2.466147378,-0.6199289426
43.975,0.3782571599,2.450398925,2.450398925,-0.639886733
44,0.3560665272,2.434155844,2.434155844,-0.6595081152
44.025,0.3336646604,2.41742589,2.41742589,-0.6788449455
44.05,0.3110640949,2.400215558,2.400215558,-0.6979463003
44.075,0.2882775038,2.382530149,2.382530149,-0.7168586762
44.1,0.2653176907,2.364373831,2.364373831,-0.7356261849
44.125,0.2421975831,2.345749697,2.345749697,-0.7542907465
44.15,0.2189302247,2.326659819,2.326659819,-0.7728922646
44.175,0.1955287686,2.307105292,2.307105292,-0.7914688067
44.2,0.1720064701,2.287086283,2.287086283,-0.8100567629
44.225,0.1483766789,2.266602068,2.266602068,-0.8286910109
44.25,0.1246528321,2.245651067,2.245651067,-0.8474050571
44.275,0.1008484463,2.22423088,2.22423088,-0.8662311905
44.3,0.07697711039,2.202338313,2.202338313,-0.8852006012
44.325,0.05305247739,2.179969404,2.179969404,-0.9043435271
44.35,0.0290882571,2.157119446,2.157119446,-0.9236893579
44.375,0.00509820818,2.133783006,2.133783006,-0.9432667481
44.4,-0.01890386971,2.109953945,2.109953945,-0.9631037491
44.425,-0.04290414379,2.085625426,2.085625426,-0.9832278717
44.45,-0.06688875613,2.060789932,2.060789932,-1.003666202
44.475,-0.09084383161,2.035439275,2.035439275,-1.024445497
44.5,-0.114755486,2.009564595,2.009564595,-1.045592243
44.525,-0.1386098338,1.983156381,1.983156381,-1.067132745
44.55,-0.1623929967,1.956204459,1.956204459,-1.089093203
44.575,-0.1860911115,1.928698003,1.928698003,-1.111499755
44.6,-0.209690338,1.900625535,1.900625535,-1.13437855
44.625,-0.2331768675,1.871974922,1.871974922,-1.157755799
44.65,-0.256536931,1.842733373,1.842733373,-1.181657801
44.675,-0.2797568068,1.812887439,1.812887439,-1.206110996
44.7,-0.3028228292,1.782423008,1.782423008,-1.231141984
44.725,-0.3257213966,1.751325301,1.751325301,-1.25677754
44.75,-0.3484389794,1.719578868,1.719578868,-1.283044627
44.775,-0.3709621281,1.687167581,1.687167581,-1.309970387
44.8,-0.3932774818,1.654074632,1.654074632,-1.337582131
44.825,-0.4153717758,1.62028253,1.62028253,-1.365907301
44.85,-0.4372318501,1.585773093,1.585773093,-1.394973425
44.875,-0.4588446569,1.550527453,1.550527453,-1.424808065
44.9,-0.4801972692,1.514526056,1.514526056,-1.45543871
44.925,-0.501276888,1.477748657,1.477748657,-1.486892679
44.95,-0.5220708509,1.440174335,1.440174335,-1.519197009
44.975,-0.5425666394,1.401781499,1.401781499,-1.552378245
45,-0.5627518872,1.3625479,1.3625479,-1.586462277
45.025,-0.582614387,1.322450652,1.322450652,-1.621474126
45.05,-0.6021420993,1.281466263,1.281466263,-1.657437601
45.075,-0.6213231591,1.239570657,1.239570657,-1.694375034
45.1,-0.6401458836,1.196739222,1.196739222,-1.732306918
45.125,-0.6585987798,1.152946871,1.152946871,-1.771251386
45.15,-0.6766705516,1.108168087,1.108168087,-1.811223808
45.175,-0.6943501071,1.062377012,1.062377012,-1.852236191
45.2,-0.7116265658,1.015547544,1.015547544,-1.894296464
45.225,-0.7284892655,0.9676534284,0.9676534284,-1.937407864
45.25,-0.7449277691,0.9186684095,0.9186684095,-1.981567983
45.275,-0.7609318718,0.8685663628,0.8685663628,-2.026767921
45.3,-0.7764916073,0.8173214827,0.8173214827,-2.072991215
45.325,-0.7915972547,0.7649084817,0.7649084817,-2.12021267
45.35,-0.8062393449,0.7113028207,0.7113028207,-2.168397144
45.375,-0.8204086667,0.6564809836,0.6564809836,-2.217498085
45.4,-0.8340962734,0.6004207705,0.6004207705,-2.267456095
45.425,-0.8472934882,0.5431016478,0.5431016478,-2.318197243
45.45,-0.8599919107,0.4845051287,0.4845051287,-2.369631373
45.475,-0.8721834223,0.4246152004,0.4246152004,-2.421650254
45.5,-0.8838601921,0.3634188055,0.3634188055,-2.474125673
45.525,-0.895014682,0.3009063572,0.3009063572,-2.526907507
45.55,-0.9056396521,0.2370723192,0.2370723192,-2.57982174
45.575,-0.9157281659,0.1719158242,0.1719158242,-2.632668563
45.6,-0.9252735954,0.1054413402,0.1054413402,-2.685220558
45.625,-0.9342696255,0.03765938355,0.03765938355,-2.737221067
45.65,-0.9427102589,-0.03141273237,-0.03141273237,-2.788382819
45.675,-0.9505898205,-0.1017501194,-0.1017501194,-2.838386944
45.7,-0.9579029616,-0.1733195168,-0.1733195168,-2.886882467
45.725,-0.964644664,-0.2460784883,-0.2460784883,-2.933486418
45.75,-0.9708102439,-0.3199746321,-0.3199746321,-2.977784708
45.775,-0.9763953555,-0.3949448225,-0.3949448225,-3.019333892
45.8,-0.9813959949,-0.4709145074,-0.4709145074,-3.057663986
45.825,-0.9858085026,-0.5477970954,-0.5477970954,-3.092282388
45.85,-0.9896295676,-0.62549345,-0.62549345,-3.122679195
45.875,-0.9928562295,-0.703891537,-0.703891537,-3.148333696
45.9,-0.9954858817,-0.7828662505,-0.7828662505,-3.168722318
45.925,-0.9975162736,-0.8622794558,-0.8622794558,-3.183327903
45.95,-0.9989455131,-0.9419802764,-0.9419802764,-3.191650135
45.975,-0.9997720685,-1.021805657,-1.021805657,-3.193217017
46,-0.9999947707,-1.101581222,-1.101581222,-3.187597056
46.025,-0.9996128142,-1.181122448,-1.181122448,-3.174411812
46.05,-0.9986257592,-1.26023614,-1.26023614,-3.153348353
46.075,-0.9970335326,-1.338722226,-1.338722226,-3.124171082
46.1,-0.9948364288,-1.416375822,-1.416375822,-3.086732402
46.125,-0.9920351107,-1.492989549,-1.492989549,-3.040981628
46.15,-0.9886306101,-1.568356046,-1.568356046,-2.98697165
46.175,-0.9846243281,-1.642270611,-1.642270611,-2.924862839
46.2,-0.9800180352,-1.714533907,-1.714533907,-2.854923888
46.225,-0.9748138712,-1.784954647,-1.784954647,-2.77752935
46.25,-0.9690143446,-1.853352175,-1.853352175,-2.693153855
46.275,-0.9626223325,-1.919558859,-1.919558859,-2.602363152
46.3,-0.9556410792,-1.98342223,-1.98342223,-2.505802299
46.325,-0.9480741956,-2.044806793,-2.044806793,-2.404181466
46.35,-0.9399256579,-2.103595455,-2.103595455,-2.298259993
46.375,-0.9311998056,-2.159690545,-2.159690545,-2.188829388
46.4,-0.9219013406,-2.213014403,-2.213014403,-2.076696047
46.425,-0.9120353243,-2.263509532,-2.263509532,-1.962664171
46.45,-0.9016071763,-2.31113835,-2.31113835,-1.847519943
46.475,-0.8906226713,-2.355882553,-2.355882553,-1.73201716
46.5,-0.8790879368,-2.397742145,-2.397742145,-1.61686487
46.525,-0.8670094502,-2.436734188,-2.436734188,-1.502717323
46.55,-0.8543940355,-2.472891335,-2.472891335,-1.390166363
46.575,-0.8412488602,-2.506260199,-2.506260199,-1.279736235
46.6,-0.8275814315,-2.536899622,-2.536899622,-1.171880733
46.625,-0.813399593,-2.564878899,-2.564878899,-1.066982479
46.65,-0.79871152,-2.590276013,-2.590276013,-0.965354073
46.675,-0.783525716,-2.613175913,-2.613175913,-0.8672407994
46.7,-0.7678510076,-2.633668878,-2.633668878,-0.7728245754
46.725,-0.7516965404,-2.651848994,-2.651848994,-0.6822288197
46.75,-0.7350717739,-2.667812756,-2.667812756,-0.5955239435
46.775,-0.7179864762,-2.68165782,-2.68165782,-0.5127331726
46.8,-0.7004507193,-2.693481892,-2.693481892,-0.433838523
46.825,-0.682474873,-2.703381777,-2.703381777,-0.3587866735
46.85,-0.6640695994,-2.711452564,-2.711452564,-0.2874946228
46.875,-0.6452458472,-2.717786951,-2.717786951,-0.2198550109
46.9,-0.6260148454,-2.722474699,-2.722474699,-0.1557410233
46.925,-0.606388097,-2.725602204,-2.725602204,-0.09501083382
46.95,-0.5863773726,-2.727252167,-2.727252167,-0.03751156114
46.975,-0.5659947035,-2.72750337,-2.72750337,0.01691726097
47,-0.5452523753,-2.726430516,-2.726430516,0.06844068922
47.025,-0.5241629204,-2.724104155,-2.724104155,0.1172258244
47.05,-0.502739111,-2.720590652,-2.720590652,0.1634396838
47.075,-0.4809939515,-2.71595222,-2.71595222,0.2072474534
47.1,-0.4589406713,-2.710246979,-2.710246979,0.2488110826
47.125,-0.4365927166,-2.703529052,-2.703529052,0.2882881803
47.15,-0.4139637428,-2.695848686,-2.695848686,0.325831175
47.175,-0.3910676064,-2.687252387,-2.687252387,0.3615867023
47.2,-0.3679183569,-2.677783075,-2.677783075,0.3956951851
47.225,-0.344530228,-2.667480236,-2.667480236,0.4282905763
47.25,-0.3209176297,-2.656380092,-2.656380092,0.4595002369
47.275,-0.297095139,-2.644515763,-2.644515763,0.4894449228
47.3,-0.2730774919,-2.631917433,-2.631917433,0.5182388616
47.325,-0.2488795738,-2.618612509,-2.618612509,0.5459898984
47.35,-0.2245164108,-2.60462578,-2.60462578,0.5727996962
47.375,-0.2000031604,-2.589979569,-2.589979569,0.5987639769
47.4,-0.1753551024,-2.574693876,-2.574693876,0.6239727913
47.425,-0.1505876296,-2.558786518,-2.558786518,0.6485108095
47.45,-0.1257162379,-2.542273261,-2.542273261,0.6724576233
47.475,-0.1007565172,-2.525167939,-2.525167939,0.6958880551
47.5,-0.0757241415,-2.507482573,-2.507482573,0.7188724676
47.525,-0.0506348592,-2.489227479,-2.489227479,0.7414770691
47.55,-0.02550448327,-2.470411364,-2.470411364,0.7637642159
47.575,-0.0003488813646,-2.451041423,-2.451041423,0.7857927054
47.6,0.02481603416,-2.431123421,-2.431123421,0.8076180562
47.625,0.04997431624,-2.410661775,-2.410661775,0.8292927824
47.65,0.07510999324,-2.389659622,-2.389659622,0.8508666535
47.675,0.100207079,-2.368118888,-2.368118888,0.8723869378
47.7,0.1252495832,-2.346040346,-2.346040346,0.8938986454
47.725,0.1502215211,-2.323423669,-2.323423669,0.9154447412
47.75,0.1751069246,-2.300267479,-2.300267479,0.9370663657
47.775,0.1998898515,-2.276569391,-2.276569391,0.9588030223
47.8,0.2245543966,-2.252326052,-2.252326052,0.9806927769
47.825,0.2490847015,-2.22753317,-2.22753317,1.002772417
47.85,0.2734649653,-2.202185551,-2.202185551,1.025077636
47.875,0.2976794543,-2.176277118,-2.176277118,1.047643168
47.9,0.3217125128,-2.14980094,-2.14980094,1.070502938
47.925,0.3455485732,-2.122749242,-2.122749242,1.093690213
47.95,0.3691721662,-2.095113427,-2.095113427,1.117237688
47.975,0.3925679309,-2.066884087,-2.066884087,1.141177636
48,0.4157206252,-2.038051009,-2.038051009,1.165542002
48.025,0.4386151357,-2.008603186,-2.008603186,1.190362482
48.05,0.461236488,-1.978528821,-1.978528821,1.215670633
48.075,0.4835698564,-1.947815328,-1.947815328,1.241497939
48.1,0.5056005743,-1.916449335,-1.916449335,1.267875867
48.125,0.5273141436,-1.884416684,-1.884416684,1.294835936
48.15,0.5486962447,-1.851702424,-1.851702424,1.322409753
48.175,0.5697327464,-1.818290817,-1.818290817,1.350629041
48.2,0.5904097153,-1.784165328,-1.784165328,1.37952566
48.225,0.6107134254,-1.749308623,-1.749308623,1.409131604
48.25,0.6306303673,-1.713702569,-1.713702569,1.43947899
48.275,0.6501472581,-1.677328227,-1.677328227,1.470600012
48.3,0.6692510499,-1.640165852,-1.640165852,1.502526899
48.325,0.6879289394,-1.602194898,-1.602194898,1.535291827
48.35,0.7061683765,-1.563394011,-1.563394011,1.5689268
48.375,0.7239570732,-1.523741042,-1.523741042,1.603463541
48.4,0.7412830125,-1.483213058,-1.483213058,1.638933288
48.425,0.7581344565,-1.441786349,-1.441786349,1.675366579
48.45,0.7744999551,-1.399436452,-1.399436452,1.712793045
48.475,0.7903683539,-1.356138183,-1.356138183,1.751241032
48.5,0.8057288025,-1.311865666,-1.311865666,1.790737265
48.525,0.8205707623,-1.266592377,-1.266592377,1.831306469
48.55,0.834884014,-1.220291215,-1.220291215,1.872970765
48.575,0.8486586651,-1.172934555,-1.172934555,1.915749179
48.6,0.8618851574,-1.124494342,-1.124494342,1.959656972
48.625,0.874554274,-1.074942205,-1.074942205,2.004704777
48.65,0.8866571462,-1.024249558,-1.024249558,2.050897881
48.675,0.8981852602,-0.9723877739,-0.9723877739,2.098235097
48.7,0.9091304633,-0.9193283393,-0.9193283393,2.146707738
48.725,0.9194849708,-0.8650430674,-0.8650430674,2.196298347
48.75,0.9292413714,-0.809504333,-0.809504333,2.246979274
48.775,0.9383926332,-0.7526853416,-0.7526853416,2.298711204
48.8,0.9469321095,-0.6945604496,-0.6945604496,2.351441394
48.825,0.954853544,-0.6351055147,-0.6351055147,2.405101897
48.85,0.9621510757,-0.5742983062,-0.5742983062,2.459607524
48.875,0.9688192441,-0.5121189612,-0.5121189612,2.514853742
48.9,0.9748529934,-0.4485504917,-0.4485504917,2.570714434
48.925,0.9802476772,-0.383579362,-0.383579362,2.627039531
48.95,0.9849990627,-0.3171961075,-0.3171961075,2.683652663
48.975,0.9891033338,-0.2493960289,-0.2493960289,2.74034873
49,0.9925570955,-0.1801799382,-0.1801799382,2.796891588
49.025,0.9953573769,-0.1095549613,-0.1095549613,2.85301187
49.05,0.9975016339,-0.03753539389,-0.03753539389,2.908405049
49.075,0.9989877523,0.03585639867,0.03585639867,2.962729875
49.1,0.9998140503,0.1105890492,0.1105890492,3.015607334
49.125,0.9999792806,0.1866212382,0.1866212382,3.06662026
49.15,0.9994826321,0.263900744,0.263900744,3.115313801
49.175,0.9983237318,0.3423635171,0.3423635171,3.161196908
49.2,0.9965026461,0.4219328061,0.4219328061,3.203745018
49.225,0.9940198815,0.5025183674,0.5025183674,3.242404161
49.25,0.990876386,0.5840157957,0.5840157957,3.276596544
49.275,0.987073549,0.6663060202,0.6663060202,3.305727825
49.3,0.9826132016,0.7492549948,0.7492549948,3.329196129
49.325,0.9774976165,0.8327136415,0.8327136415,3.346402683
49.35,0.9717295078,0.9165180782,0.9165180782,3.3567641
49.375,0.9653120297,1.000490172,1.000490172,3.359726042
49.4,0.9582487761,1.084438446,1.084438446,3.354777911
49.425,0.9505437788,1.168159366,1.168159366,3.341468149
49.45,0.9422015064,1.251439005,1.251439005,3.319419561
49.475,0.9332268616,1.334055091,1.334055091,3.288344038
49.5,0.9236251797,1.415779404,1.415779404,3.248055918
49.525,0.9134022259,1.496380482,1.496380482,3.198483288
49.55,0.902564192,1.575626581,1.575626581,3.139676497
49.575,0.8911176941,1.653288801,1.653288801,3.071813267
49.6,0.8790697684,1.729144292,1.729144292,2.995199941
49.625,0.8664278679,1.802979448,1.802979448,2.910268576
49.65,0.8531998586,1.874592963,1.874592963,2.817569837
49.675,0.8393940147,1.943798671,1.943798671,2.717761879
49.7,0.8250190141,2.010428051,2.010428051,2.611595658
49.725,0.8100839341,2.074332336,2.074332336,2.499897287
49.75,0.7945982454,2.13538415,2.13538415,2.383548298
49.775,0.7785718073,2.193478626,2.193478626,2.263464703
49.8,0.7620148617,2.24853401,2.24853401,2.140575771
49.825,0.744938027,2.300491727,2.300491727,2.015803443
49.85,0.7273522922,2.349315962,2.349315962,1.890043313
49.875,0.7092690099,2.39499278,2.39499278,1.764147729
49.9,0.6906998897,2.437528862,2.437528862,1.638911522
49.925,0.6716569912,2.476949923,2.476949923,1.515060758
49.95,0.6521527164,2.513298878,2.513298878,1.393244566
49.975,0.6321998023,2.546633855,2.546633855,1.274030008
50,0.611811313,2.577026105,2.577026105,1.157899802
50.025,0.5910006316,2.604557893,2.604557893,1.045252587
50.05,0.5697814518,2.629320423,2.629320423,0.9364053663
50.075,0.5481677693,2.651411844,2.651411844,0.8315977043
50.1,0.526173873,2.670935386,2.670935386,0.7309972625
50.125,0.503814336,2.687997636,2.687997636,0.634706268
50.15,0.4811040062,2.702706991,2.702706991,0.5427685615
50.175,0.4580579971,2.715172293,2.715172293,0.4551768558
50.2,0.4346916776,2.725501635,2.725501635,0.37188
50.225,0.4110206626,2.733801358,2.733801358,0.2927899995
50.25,0.3870608026,2.740175213,2.740175213,0.2177886361
50.275,0.3628281733,2.744723681,2.744723681,0.1467335837
50.3,0.3383390655,2.747543441,2.747543441,0.07946394598
50.325,0.313609974,2.748726971,2.748726971,0.01580518312
50.35,0.2886575871,2.74836226,2.74836226,-0.04442657768
50.375,0.2634987752,2.746532622,2.746532622,-0.1014208353
50.4,0.23815058,2.743316598,2.743316598,-0.1553695773
50.425,0.2126302029,2.738787923,2.738787923,-0.2064646729
50.45,0.1869549939,2.733015563,2.733015563,-0.2548957453
50.475,0.1611424393,2.726063787,2.726063787,-0.3008484761
50.5,0.1352101507,2.717992287,2.717992287,-0.3445032865
50.525,0.1091758527,2.708856319,2.708856319,-0.3860343476
50.55,0.08305737104,2.698706872,2.698706872,-0.4256088717
50.575,0.05687262038,2.687590846,2.687590846,-0.4633866413
50.6,0.03063959232,2.675551243,2.675551243,-0.4995197352
50.625,0.004376342984,2.662627361,2.662627361,-0.5341524183
50.65,-0.02189901932,2.648854987,2.648854987,-0.5674211617
50.675,-0.04816834654,2.634266593,2.634266593,-0.5994547679
50.7,-0.0744134634,2.618891528,2.618891528,-0.6303745777
50.725,-0.10061618,2.602756193,2.602756193,-0.6602947379
50.75,-0.1267583042,2.585884226,2.585884226,-0.6893225152
50.775,-0.1528216547,2.568296663,2.568296663,-0.7175586412
50.8,-0.1787880734,2.550012101,2.550012101,-0.7450976775
50.825,-0.2046394382,2.531046847,2.531046847,-0.7720283928
50.85,-0.2303576756,2.511415055,2.511415055,-0.7984341436
50.875,-0.2559247738,2.49112886,2.49112886,-0.8243932528
50.9,-0.281322795,2.470198499,2.470198499,-0.8499793808
50.925,-0.3065338884,2.44863242,2.44863242,-0.8752618905
50.95,-0.3315403026,2.426437389,2.426437389,-0.9003061977
50.975,-0.3563243988,2.403618579,2.403618579,-0.9251741046
51,-0.3808686626,2.380179665,2.380179665,-0.9499241263
51.025,-0.4051557175,2.356122892,2.356122892,-0.9746117936
51.05,-0.4291683368,2.331449154,2.331449154,-0.9992899403
51.075,-0.452889456,2.306158054,2.306158054,-1.024008984
51.1,-0.4763021857,2.280247961,2.280247961,-1.048817173
51.125,-0.4993898234,2.253716066,2.253716066,-1.073760837
51.15,-0.5221358659,2.226558418,2.226558418,-1.098884603
51.175,-0.5445240214,2.198769975,2.198769975,-1.124231617
51.2,-0.5665382214,2.170344628,2.170344628,-1.149843723
51.225,-0.5881626325,2.141275239,2.141275239,-1.175761662
51.25,-0.6093816684,2.111553664,2.111553664,-1.202025228
51.275,-0.6301800013,2.081170772,2.081170772,-1.228673405
51.3,-0.6505425731,2.050116469,2.050116469,-1.255744544
51.325,-0.6704546072,2.018379706,2.018379706,-1.283276452
51.35,-0.6899016193,1.985948495,1.985948495,-1.311306504
51.375,-0.7088694285,1.95280992,1.95280992,-1.339871758
51.4,-0.7273441677,1.91895014,1.91895014,-1.369009016
51.425,-0.7453122946,1.884354397,1.884354397,-1.398754887
51.45,-0.7627606022,1.84900702,1.84900702,-1.429145844
51.475,-0.7796762282,1.812891427,1.812891427,-1.460218237
51.5,-0.7960466659,1.775990127,1.775990127,-1.492008308
51.525,-0.8118597732,1.73828473,1.73828473,-1.524552167
51.55,-0.8271037826,1.699755938,1.699755938,-1.557885753
51.575,-0.8417673102,1.660383563,1.660383563,-1.592044778
51.6,-0.8558393646,1.620146526,1.620146526,-1.627064589
51.625,-0.8693093561,1.57902287,1.57902287,-1.662980075
51.65,-0.882167105,1.536989772,1.536989772,-1.699825483
51.675,-0.8944028495,1.494023568,1.494023568,-1.737634151
51.7,-0.9060072542,1.450099769,1.450099769,-1.77643831
51.725,-0.9169714175,1.405193099,1.405193099,-1.816268735
51.75,-0.927286879,1.359277539,1.359277539,-1.857154286
51.775,-0.9369456267,1.31232637,1.31232637,-1.899121574
51.8,-0.9459401038,1.264312246,1.264312246,-1.942194337
51.825,-0.9542632151,1.215207272,1.215207272,-1.986392789
51.85,-0.9619083332,1.16498309,1.16498309,-2.031733016
51.875,-0.9688693044,1.113611013,1.113611013,-2.078225987
51.9,-0.9751404543,1.061062142,1.061062142,-2.125876726
51.925,-0.980716593,1.007307543,1.007307543,-2.174683184
51.95,-0.9855930199,0.9523184363,0.9523184363,-2.22463498
51.975,-0.9897655283,0.8960664122,0.8960664122,-2.275712137
52,-0.9932304095,0.8385237083,0.8385237083,-2.327883413
52.025,-0.9959844569,0.7796634868,0.7796634868,-2.38110477
52.05,-0.9980249694,0.7194602048,0.7194602048,-2.435317363
52.075,-0.9993497541,0.657889983,0.657889983,-2.490445656
52.1,-0.9999571301,0.5949310725,0.5949310725,-2.546395125
52.125,-0.9998459298,0.5305643421,0.5305643421,-2.603050018
52.15,-0.9990155017,0.4647738476,0.4647738476,-2.660270848
52.175,-0.997465712,0.397547457,0.397547457,-2.717891864
52.2,-0.9951969456,0.3288775329,0.3288775329,-2.77571848
52.225,-0.9922101072,0.2587616933,0.2587616933,-2.833524671
52.25,-0.9885066223,0.1872036253,0.1872036253,-2.891050514
52.275,-0.9840884366,0.1142139611,0.1142139611,-2.947999899
52.3,-0.9789580165,0.03981120891,0.03981120891,-3.004038555
52.325,-0.9731183484,-0.03597727231,-0.03597727231,-3.05879253
52.35,-0.9665729373,-0.1131142689,-0.1131142689,-3.111847294
52.375,-0.9593258063,-0.1915516946,-0.1915516946,-3.162747631
52.4,-0.951381494,-0.2712295822,-0.2712295822,-3.210998528
52.425,-0.9427450531,-0.3520751124,-0.3520751124,-3.256067265
52.45,-0.9334220478,-0.4340017114,-0.4340017114,-3.297386894
52.475,-0.9234185506,-0.516908254,-0.516908254,-3.334361332
52.5,-0.9127411395,-0.6006784182,-0.6006784182,-3.366372142
52.525,-0.9013968941,-0.6851802302,-0.6851802302,-3.392787195
52.55,-0.8893933918,-0.7702658502,-0.7702658502,-3.412971243
52.575,-0.8767387034,-0.8557716439,-0.8557716439,-3.426298233
52.6,-0.8634413883,-0.9415185856,-0.9415185856,-3.43216533
52.625,-0.8495104894,-1.027313028,-1.027313028,-3.430008278
52.65,-0.8349555277,-1.112947867,-1.112947867,-3.419317685
52.675,-0.8197864964,-1.198204126,-1.198204126,-3.399655674
52.7,-0.8040138546,-1.282852943,-1.282852943,-3.37067221
52.725,-0.7876485208,-1.366657967,-1.366657967,-3.332120352
52.75,-0.7707018662,-1.449378101,-1.449378101,-3.283869597
52.775,-0.7531857069,-1.530770557,-1.530770557,-3.22591653
52.8,-0.7351122967,-1.610594127,-1.610594127,-3.158392028
52.825,-0.716494319,-1.688612594,-1.688612594,-3.081564435
52.85,-0.6973448784,-1.764598158,-1.764598158,-2.995838285
52.875,-0.677677492,-1.838334777,-1.838334777,-2.901748419
52.9,-0.6575060806,-1.909621307,-1.909621307,-2.799949597
52.925,-0.6368449591,-1.978274326,-1.978274326,-2.691201984
52.95,-0.6157088273,-2.044130545,-2.044130545,-2.57635314
52.975,-0.5941127595,-2.107048746,-2.107048746,-2.456317368
53,-0.5720721943,-2.166911172,-2.166911172,-2.332053358
53.025,-0.5496029245,-2.223624346,-2.223624346,-2.204541153
53.05,-0.5267210855,-2.277119325,-2.277119325,-2.074759732
53.075,-0.5034431449,-2.327351406,-2.327351406,-1.943665702
53.1,-0.4797858905,-2.374299316,-2.374299316,-1.812174278
53.125,-0.4557664188,-2.417963975,-2.417963975,-1.681143062
53.15,-0.4314021234,-2.458366884,-2.458366884,-1.551358966
53.175,-0.406710682,-2.495548227,-2.495548227,-1.423528507
53.2,-0.3817100448,-2.529564779,-2.529564779,-1.298271481
53.225,-0.356418421,-2.560487687,-2.560487687,-1.176117801
53.25,-0.3308542666,-2.588400219,-2.588400219,-1.057507226
53.275,-0.3050362706,-2.61339553,-2.61339553,-0.9427915412
53.3,-0.2789833421,-2.635574509,-2.635574509,-0.8322387705
53.325,-0.2527145962,-2.655043763,-2.655043763,-0.7260389296
53.35,-0.226249341,-2.671913739,-2.671913739,-0.6243108865
53.375,-0.1996070627,-2.686297048,-2.686297048,-0.5271098782
53.4,-0.1728074123,-2.698306967,-2.698306967,-0.4344353868
53.425,-0.1458701908,-2.708056146,-2.708056146,-0.346238988
53.45,-0.1188153349,-2.715655504,-2.715655504,-0.2624319851
53.475,-0.09166290232,-2.721213316,-2.721213316,-0.1828926234
53.5,-0.06443305714,-2.72483447,-2.72483447,-0.1074727596
53.525,-0.03714605496,-2.726619883,-2.726619883,-0.03600390511
53.55,-0.009822227839,-2.726666064,-2.726666064,0.0316973982
53.575,0.01751803073,-2.725064797,-2.725064797,0.09582487935
53.6,0.04485428101,-2.721902936,-2.721902936,0.1565784986
53.625,0.07216605225,-2.717262297,-2.717262297,0.214161035
53.65,0.09943285805,-2.71121962,-2.71121962,0.2687752548
53.675,0.1266342117,-2.703846599,-2.703846599,0.3206216075
53.7,0.1537496415,-2.695209968,-2.695209968,0.3698963924
53.725,0.1807587065,-2.685371618,-2.685371618,0.4167903397
53.75,0.2076410117,-2.674388755,-2.674388755,0.4614875498
53.775,0.2343762237,-2.662314072,-2.662314072,0.5041647386
53.8,0.260944086,-2.649195942,-2.649195942,0.544990741
53.825,0.2873244349,-2.63507862,-2.63507862,0.5841262286
53.85,0.3134972143,-2.620002446,-2.620002446,0.6217236025
53.875,0.3394424918,-2.604004054,-2.604004054,0.6579270282
53.9,0.3651404736,-2.587116575,-2.587116575,0.6928725814
53.925,0.39057152,-2.569369836,-2.569369836,0.726688481
53.95,0.4157161607,-2.550790557,-2.550790557,0.7594953871
53.975,0.4405551098,-2.531402528,-2.531402528,0.7914067469
54,0.4650692809,-2.511226792,-2.511226792,0.8225291721
54.025,0.4892398022,-2.490281807,-2.490281807,0.8529628372
54.05,0.513048031,-2.468583604,-2.468583604,0.8828018881
54.075,0.536475569,-2.446145929,-2.446145929,0.9121348544
54.1,0.559504276,-2.422980383,-2.422980383,0.9410450582
54.125,0.5821162854,-2.399096544,-2.399096544,0.9696110127
54.15,0.6042940172,-2.374502082,-2.374502082,0.9979068105
54.175,0.6260201932,-2.34920287,-2.34920287,1.026002501
54.2,0.6472778502,-2.323203071,-2.323203071,1.053964443
54.225,0.6680503537,-2.296505236,-2.296505236,1.081855648
54.25,0.6883214118,-2.269110377,-2.269110377,1.109736102
54.275,0.7080750881,-2.241018043,-2.241018043,1.137663062
54.3,0.7272958146,-2.212226379,-2.212226379,1.165691352
54.325,0.7459684048,-2.182732191,-2.182732191,1.193873608
54.35,0.764078066,-2.152530993,-2.152530993,1.222260544
54.375,0.7816104116,-2.12161705,-2.12161705,1.250901155
54.4,0.798551473,-2.089983425,-2.089983425,1.279842941
54.425,0.8148877115,-2.057622008,-2.057622008,1.309132086
54.45,0.8306060293,-2.02452355,-2.02452355,1.338813616
54.475,0.845693781,-1.99067769,-1.99067769,1.36893157
54.5,0.860138784,-1.956072975,-1.956072975,1.399529099
54.525,0.8739293292,-1.920696884,-1.920696884,1.430648582
54.55,0.887054191,-1.884535848,-1.884535848,1.462331728
54.575,0.8995026371,-1.847575259,-1.847575259,1.494619608
54.6,0.9112644378,-1.80979949,-1.80979949,1.527552708
54.625,0.9223298751,-1.771191913,-1.771191913,1.56117093
54.65,0.9326897515,-1.731734908,-1.731734908,1.595513575
54.675,0.942335398,-1.691409876,-1.691409876,1.6306193
54.7,0.9512586825,-1.650197266,-1.650197266,1.666526022
54.725,0.9594520167,-1.608076592,-1.608076592,1.703270768
54.75,0.9669083637,-1.565026445,-1.565026445,1.740889557
54.775,0.9736212446,-1.521024537,-1.521024537,1.779417172
54.8,0.9795847447,-1.476047736,-1.476047736,1.818886801
54.825,0.9847935195,-1.430072087,-1.430072087,1.859329842
54.85,0.9892427999,-1.383072887,-1.383072887,1.900775429
54.875,0.9929283976,-1.335024741,-1.335024741,1.943249916
54.9,0.9958467094,-1.285901624,-1.285901624,1.986776427
54.925,0.9979947215,-1.23567699,-1.23567699,2.031374123
54.95,0.999370013,-1.184323871,-1.184323871,2.077057442
54.975,0.9999707595,-1.131814994,-1.131814994,2.123835344
55,0.9997957353,-1.07812296,-1.07812296,2.171710154
55.025,0.9988443165,-1.023220388,-1.023220388,2.220676607
55.05,0.997116482,-0.9670801481,-0.9670801481,2.270720485
55.075,0.9946128156,-0.9096755871,-0.9096755871,2.321817235
55.1,0.9913345067,-0.850980812,-0.850980812,2.373930425
55.125,0.9872833504,-0.7909710088,-0.7909710088,2.427009955
55.15,0.9824617481,-0.7296228034,-0.7296228034,2.480990228
55.175,0.9768727066,-0.6669146787,-0.6669146787,2.535788034
55.2,0.9705198371,-0.6028274412,-0.6028274412,2.591300383
55.225,0.9634073541,-0.5373447406,-0.5373447406,2.647402146
55.25,0.9555400729,-0.4704536625,-0.4704536625,2.703943589
55.275,0.9469234079,-0.4021453631,-0.4021453631,2.760747889
55.3,0.9375633691,-0.3324157888,-0.3324157888,2.817608552
55.325,0.9274665589,-0.2612664448,-0.2612664448,2.874286945
55.35,0.9166401687,-0.1887052269,-0.1887052269,2.930509938
55.375,0.905091974,-0.1147473136,-0.1147473136,2.985967782
55.4,0.8928303296,-0.03941610385,-0.03941610385,3.040312361
55.425,0.8798641651,0.03725580752,0.03725580752,3.093155961
55.45,0.8662029781,0.1152256315,0.1152256315,3.144070718
55.475,0.8518568289,0.1944393828,0.1944393828,3.192588929
55.5,0.8368363334,0.2748308988,0.2748308988,3.238204433
55.525,0.821152656,0.3563209081,0.3563209081,3.280375253
55.55,0.8048175022,0.4388161828,0.4388161828,3.318527694
55.575,0.7878431103,0.5222088135,0.5222088135,3.352062039
55.6,0.7702422431,0.6063756509,0.6063756509,3.380360067
55.625,0.7520281793,0.6911779521,0.6911779521,3.402794353
55.65,0.7332147033,0.7764612877,0.7764612877,3.418739394
55.675,0.7138160965,0.8620557475,0.8620557475,3.427584491
55.7,0.6938471262,0.9477764876,0.9477764876,3.428748145
55.725,0.6733230354,1.033424652,1.033424652,3.421693596
55.75,0.6522595318,1.118788696,1.118788696,3.405945065
55.775,0.6306727761,1.203646109,1.203646109,3.381104088
55.8,0.6085793706,1.287765555,1.287765555,3.346865235
55.825,0.5859963465,1.370909372,1.370909372,3.303030439
55.85,0.5629411517,1.45283642,1.45283642,3.249521141
55.875,0.5394316377,1.533305188,1.533305188,3.186387473
55.9,0.5154860463,1.612077089,1.612077089,3.113813817
55.925,0.4911229957,1.688919842,1.688919842,3.032120213
55.95,0.4663614669,1.763610838,1.763610838,2.941759319
55.975,0.4412207891,1.835940364,1.835940364,2.843308848
56,0.4157206252,1.905714598,1.905714598,2.737459711
56.025,0.3898809565,1.972758242,1.972758242,2.625000314
56.05,0.3637220679,2.036916737,2.036916737,2.506797722
56.075,0.3372645318,2.098057963,2.098057963,2.383776573
56.1,0.3105291929,2.156073406,2.156073406,2.256896734
56.125,0.2835371516,2.210878752,2.210878752,2.127130788
56.15,0.2563097478,2.262413932,2.262413932,1.995442154
56.175,0.2288685442,2.310642635,2.310642635,1.862764983
56.2,0.2012353098,2.355551353,2.355551353,1.729986387
56.225,0.1734320026,2.397148006,2.397148006,1.597931551
56.25,0.1454807525,2.435460247,2.435460247,1.467352062
56.275,0.1174038436,2.470533508,2.470533508,1.338917571
56.3,0.08922369695,2.502428881,2.502428881,1.213210708
56.325,0.06096285265,2.531220912,2.531220912,1.090725017
56.35,0.0326439519,2.556995375,2.556995375,0.9718655756
56.375,0.004289719,2.579847095,2.579847095,0.8569518933
56.4,-0.02407705682,2.599877861,2.599877861,0.7462226194
56.425,-0.05243353966,2.617194479,2.617194479,0.6398416206
56.45,-0.0807568653,2.631906994,2.631906994,0.537904977
56.475,-0.1090241597,2.644127079,2.644127079,0.4404485633
56.5,-0.1372125572,2.653966632,2.653966632,0.3474557651
56.525,-0.1652992197,2.661536562,2.661536562,0.2588651698
56.55,-0.1932613546,2.66694576,2.66694576,0.1745779484
56.575,-0.2210762334,2.67030025,2.67030025,0.09446478005
56.6,-0.2487212109,2.671702509,2.671702509,0.01837221448
56.625,-0.2761737432,2.671250937,2.671250937,-0.05387159717
56.65,-0.3034114063,2.669039462,2.669039462,-0.1224518324
56.675,-0.330411915,2.66515726,2.66515726,-0.1875625862
56.7,-0.3571531407,2.659688585,2.659688585,-0.2494030996
56.725,-0.3836131305,2.65271268,2.65271268,-0.3081745883
56.75,-0.4097701248,2.644303759,2.644303759,-0.3640776252
56.775,-0.435602576,2.634531052,2.634531052,-0.4173100238
56.8,-0.4610891662,2.6234589,2.6234589,-0.4680651653
56.825,-0.4862088253,2.611146872,2.611146872,-0.5165307153
56.85,-0.5109407486,2.597649933,2.597649933,-0.5628876756
56.875,-0.5352644145,2.583018611,2.583018611,-0.6073097221
56.9,-0.559159602,2.567299187,2.567299187,-0.6499627817
56.925,-0.5826064079,2.550533895,2.550533895,-0.6910048083
56.95,-0.6055852633,2.53276112,2.53276112,-0.7305857199
56.975,-0.6280769513,2.5140156,2.5140156,-0.7688474661
57,-0.6500626228,2.49432862,2.49432862,-0.8059241965
57.025,-0.6715238129,2.473728208,2.473728208,-0.8419425088
57.05,-0.6924424574,2.452239318,2.452239318,-0.8770217553
57.075,-0.7128009077,2.429884007,2.429884007,-0.9112743896
57.1,-0.732581947,2.406681602,2.406681602,-0.9448063424
57.125,-0.7517688051,2.382648862,2.382648862,-0.9777174139
57.15,-0.7703451731,2.35780012,2.35780012,-1.010101675
57.175,-0.7882952179,2.332147427,2.332147427,-1.042047867
57.2,-0.8056035966,2.305700678,2.305700678,-1.073639791
57.225,-0.8222554697,2.278467728,2.278467728,-1.104956701
57.25,-0.838236515,2.250454508,2.250454508,-1.136073668
57.275,-0.8535329402,2.221665117,2.221665117,-1.167061934
57.3,-0.8681314957,2.192101918,2.192101918,-1.197989254
57.325,-0.8820194866,2.161765623,2.161765623,-1.228920202
57.35,-0.8951847843,2.130655363,2.130655363,-1.259916477
57.375,-0.9076158384,2.098768761,2.098768761,-1.291037164
57.4,-0.9193016868,2.066101995,2.066101995,-1.322338999
57.425,-0.9302319665,2.032649846,2.032649846,-1.353876576
57.45,-0.9403969234,1.998405762,1.998405762,-1.385702576
57.475,-0.9497874219,1.963361889,1.963361889,-1.417867917
57.5,-0.9583949536,1.927509127,1.927509127,-1.45042193
57.525,-0.966211646,1.890837155,1.890837155,-1.483412476
57.55,-0.9732302701,1.853334477,1.853334477,-1.516886037
57.575,-0.9794442484,1.814988451,1.814988451,-1.550887802
57.6,-0.9848476613,1.77578532,1.77578532,-1.58546169
57.625,-0.9894352537,1.735710241,1.735710241,-1.62065037
57.65,-0.9932024408,1.694747331,1.694747331,-1.656495201
57.675,-0.9961453135,1.652879681,1.652879681,-1.693036188
57.7,-0.998260643,1.610089399,1.610089399,-1.730311876
57.725,-0.999545885,1.566357656,1.566357656,-1.768359149
57.75,-0.9999991837,1.521664721,1.521664721,-1.807213032
57.775,-0.9996193743,1.475990007,1.475990007,-1.846906468
57.8,-0.998405986,1.429312144,1.429312144,-1.887469919
57.825,-0.9963592434,1.381609032,1.381609032,-1.928930954
57.85,-0.9934800685,1.332857914,1.332857914,-1.971313874
57.875,-0.989770081,1.283035484,1.283035484,-2.014639022
57.9,-0.9852315984,1.232117979,1.232117979,-2.058922185
57.925,-0.9798676361,1.180081301,1.180081301,-2.104173869
57.95,-0.9736819058,1.126901177,1.126901177,-2.150398304
57.975,-0.9666788145,1.072553302,1.072553302,-2.197592625
58,-0.9588634618,1.017013554,1.017013554,-2.245745609
58.025,-0.9502416374,0.9602582032,0.9602582032,-2.294836501
58.05,-0.9408198179,0.9022641735,0.9022641735,-2.344833609
58.075,-0.9306051624,0.8430093357,0.8430093357,-2.395692725
58.1,-0.9196055085,0.7824728356,0.7824728356,-2.447355505
58.125,-0.9078293666,0.7206354779,0.7206354779,-2.499747563
58.15,-0.8952859149,0.6574801443,0.6574801443,-2.55277656
58.175,-0.8819849924,0.5929922722,0.5929922722,-2.606330071
58.2,-0.8679370924,0.5271603859,0.5271603859,-2.660273399
58.225,-0.8531533553,0.4599766735,0.4599766735,-2.714447317
58.25,-0.8376455601,0.3914376405,0.3914376405,-2.768665745
58.275,-0.821426116,0.3215448004,0.3215448004,-2.8227135
58.3,-0.8045080535,0.2503054325,0.2503054325,-2.876344119
58.325,-0.7869050145,0.1777333915,0.1777333915,-2.929277868
58.35,-0.768631242,0.1038499586,0.1038499586,-2.981200063
58.375,-0.7497015697,0.02868473214,0.02868473214,-3.031759795
58.4,-0.7301314102,-0.0477234555,-0.0477234555,-3.08056922
58.425,-0.7099367435,-0.1253256133,-0.1253256133,-3.12720357
58.45,-0.6891341047,-0.204061678,-0.204061678,-3.171202056
58.475,-0.6677405708,-0.2838596354,-0.2838596354,-3.212069835
58.5,-0.6457737478,-0.3646347069,-0.3646347069,-3.249281203
58.525,-0.6232517564,-0.446288632,-0.446288632,-3.282284223
58.55,-0.6001932182,-0.5287090853,-0.5287090853,-3.310506847
58.575,-0.5766172404,-0.6117692682,-0.6117692682,-3.333364658
58.6,-0.5525434008,-0.6953277141,-0.6953277141,-3.350270298
58.625,-0.5279917323,-0.7792283484,-0.7792283484,-3.360644471
58.65,-0.5029827064,-0.8633008428,-0.8633008428,-3.363928393
58.675,-0.477537217,-0.9473612976,-0.9473612976,-3.359597463
58.7,-0.451676563,-1.031213276,-1.031213276,-3.347175774
58.725,-0.4254224314,-1.114649206,-1.114649206,-3.326250991
58.75,-0.3987968796,-1.197452156,-1.197452156,-3.296489016
58.775,-0.3718223168,-1.279397967,-1.279397967,-3.257647786
58.8,-0.344521486,-1.360257705,-1.360257705,-3.209589509
58.825,-0.316917445,-1.439800403,-1.439800403,-3.152290631
58.85,-0.2890335476,-1.517796011,-1.517796011,-3.085848894
58.875,-0.2608934237,-1.594018478,-1.594018478,-3.010486926
58.9,-0.2325209599,-1.668248882,-1.668248882,-2.926552
58.925,-0.2039402794,-1.740278502,-1.740278502,-2.834511742
58.95,-0.1751757218,-1.809911727,-1.809911727,-2.734945844
58.975,-0.1462518228,-1.876968721,-1.876968721,-2.628534033
59,-0.117193293,-1.941287732,-1.941287732,-2.5160408
59.025,-0.0880249974,-2.002726998,-2.002726998,-2.398297559
59.05,-0.05877193412,-2.061166175,-2.061166175,-2.276183044
59.075,-0.02945921312,-2.116507267,-2.116507267,-2.150602794
59.1,-0.0001120347378,-2.168675037,-2.168675037,-2.022468826
59.125,0.02924433187,-2.217616928,-2.217616928,-1.892680083
59.15,0.05858457045,-2.263302498,-2.263302498,-1.762104512
59.175,0.08788333948,-2.305722458,-2.305722458,-1.631563514
59.2,0.117115294,-2.34488733,-2.34488733,-1.501818973
59.225,0.1462551077,-2.380825834,-2.380825834,-1.373563206
59.25,0.1752774947,-2.41358305,-2.41358305,-1.247411906
59.275,0.2041572319,-2.443218447,-2.443218447,-1.12389997
59.3,0.2328691805,-2.469803838,-2.469803838,-1.003479991
59.325,0.2613883087,-2.493421328,-2.493421328,-0.8865231051
59.35,0.2896897131,-2.514161311,-2.514161311,-0.7733218274
59.375,0.317748641,-2.532120554,-2.532120554,-0.6640944679
59.4,0.3455405121,-2.547400415,-2.547400415,-0.5589907277
59.425,0.3730409402,-2.560105199,-2.560105199,-0.4580981155
59.45,0.4002257551,-2.570340695,-2.570340695,-0.361448819
59.475,0.4270710242,-2.578212878,-2.578212878,-0.2690267302
59.5,0.4535530733,-2.583826789,-2.583826789,-0.1807744194
59.525,0.4796485085,-2.587285588,-2.587285588,-0.09659983272
59.55,0.5053342371,-2.588689765,-2.588689765,-0.01638258051
59.575,0.5305874881,-2.588136508,-2.588136508,0.06002027415
59.6,0.5553858331,-2.585719206,-2.585719206,0.1327689927
59.625,0.5797072066,-2.581527071,-2.581527071,0.2020365276
59.65,0.6035299261,-2.575644877,-2.575644877,0.2680044781
59.675,0.626832712,-2.568152788,-2.568152788,0.3308596211
59.7,0.6495947068,-2.559126261,-2.559126261,0.3907909803
59.725,0.6717954949,-2.548636029,-2.548636029,0.4479873966
59.75,0.6934151208,-2.536748126,-2.536748126,0.5026355499
59.775,0.7144341082,-2.523523961,-2.523523961,0.5549183862
59.8,0.7348334777,-2.509020433,-2.509020433,0.6050138984
59.825,0.7545947648,-2.493290058,-2.493290058,0.653094215
59.85,0.7737000374,-2.476381133,-2.476381133,0.6993249515
59.875,0.7921319122,-2.458337899,-2.458337899,0.7438647827
59.9,0.8098735718,-2.43920072,-2.43920072,0.7868652002
59.925,0.8269087804,-2.419006264,-2.419006264,0.8284704204
59.95,0.8432218994,-2.397787683,-2.397787683,0.8688174142
59.975,0.8587979026,-2.375574794,-2.375574794,0.9080360338
60,0.8736223906,-2.352394258,-2.352394258,0.9462492142
60.025,0.8876816052,-2.328269742,-2.328269742,0.9835732301
60.05,0.9009624425,-2.303222088,-2.303222088,1.020117993
60.075,0.9134524663,-2.277269468,-2.277269468,1.055987377
60.1,0.9251399203,-2.250427528,-2.250427528,1.091279563
60.125,0.9360137399,-2.222709526,-2.222709526,1.12608738
60.15,0.946063564,-2.194126462,-2.194126462,1.160498664
60.175,0.9552797449,-2.164687202,-2.164687202,1.194596597
60.2,0.9636533591,-2.134398585,-2.134398585,1.228460039
60.225,0.9711762163,-2.10326553,-2.10326553,1.262163853
60.25,0.9778408687,-2.071291129,-2.071291129,1.295779199
60.275,0.9836406188,-2.038476741,-2.038476741,1.32937382
60.3,0.9885695269,-2.004822072,-2.004822072,1.363012305
60.325,0.9926224186,-1.970325246,-1.970325246,1.396756314
60.35,0.9957948904,-1.934982884,-1.934982884,1.430664798
60.375,0.9980833157,-1.898790165,-1.898790165,1.464794177
60.4,0.9994848493,-1.861740884,-1.861740884,1.499198488
60.425,0.9999974322,-1.823827517,-1.823827517,1.533929517
60.45,0.9996197944,-1.785041271,-1.785041271,1.569036879
60.475,0.9983514583,-1.74537214,-1.74537214,1.604568078
60.5,0.9961927405,-1.704808957,-1.704808957,1.640568524
60.525,0.9931447532,-1.663339442,-1.663339442,1.677081507
60.55,0.9892094053,-1.620950267,-1.620950267,1.714148126
60.575,0.9843894017,-1.577627098,-1.577627098,1.751807197
60.6,0.9786882433,-1.533354664,-1.533354664,1.790095075
60.625,0.9721102252,-1.488116824,-1.488116824,1.829045406
60.65,0.9646604342,-1.441896619,-1.441896619,1.86868892
60.675,0.9563447467,-1.394676369,-1.394676369,1.90905305
60.7,0.9471698244,-1.346437763,-1.346437763,1.950161448
60.725,0.9371431105,-1.297161932,-1.297161932,1.992033641
60.75,0.9262728242,-1.246829589,-1.246829589,2.03468435
60.775,0.9145679554,-1.19542115,-1.19542115,2.0781228
60.8,0.9020382577,-1.142916858,-1.142916858,2.122352089
60.825,0.888694242,-1.089296986,-1.089296986,2.167368159
60.85,0.8745471678,-1.034541993,-1.034541993,2.213158941
60.875,0.8596090353,-0.9786327559,-0.9786327559,2.259703211
60.9,0.8438925756,-0.9215508137,-0.9215508137,2.306969352
60.925,0.8274112414,-0.8632786293,-0.8632786293,2.354914099
60.95,0.8101791957,-0.8037999203,-0.8037999203,2.403480972
60.975,0.7922113008,-0.7430999849,-0.7430999849,2.452598818
61,0.7735231064,-0.6811661127,-0.6811661127,2.502180021
61.025,0.754130837,-0.617987999,-0.617987999,2.552118803
61.05,0.7340513784,-0.5535582348,-0.5535582348,2.602289309
61.075,0.7133022639,-0.487872828,-0.487872828,2.652543727
61.1,0.69190166,-0.4209317727,-0.4209317727,2.702710375
61.125,0.6698683508,-0.3527396781,-0.3527396781,2.752591799
61.15,0.6472217228,-0.283306427,-0.283306427,2.801963018
61.175,0.623981748,-0.2126478882,-0.2126478882,2.850569901
61.2,0.6001689674,-0.140786664,-0.140786664,2.898127824
61.225,0.5758044732,-0.06775286355,-0.06775286355,2.94432069
61.25,0.5509098912,0.006415102986,0.006415102986,2.988800422
61.275,0.5255073616,0.08166972378,0.08166972378,3.031187073
61.3,0.4996195207,0.1579535977,0.1579535977,3.071069668
61.325,0.4732694804,0.2351986785,0.2351986785,3.108007943
61.35,0.446480809,0.313325575,0.313325575,3.141535092
61.375,0.41927751,0.3922429341,0.3922429341,3.171161685
61.4,0.3916840012,0.471846934,0.471846934,3.196380832
61.425,0.3637250938,0.5520209312,0.5520209312,3.216674623
61.45,0.3354259697,0.6326352768,0.6326352768,3.231522038
61.475,0.3068121598,0.7135473504,0.7135473504,3.240408048
61.5,0.2779095212,0.7946018379,0.7946018379,3.242833996
61.525,0.2487442142,0.8756312812,0.8756312812,3.238328973
61.55,0.2193426789,0.956456922,0.956456922,3.226461951
61.575,0.1897316117,1.036889855,1.036889855,3.206854285
61.6,0.159937941,1.116732494,1.116732494,3.179192148
61.625,0.1299888035,1.195780341,1.195780341,3.143238378
61.65,0.09991151892,1.273824041,1.273824041,3.098843209
61.675,0.06973356607,1.350651683,1.350651683,3.04595329
61.7,0.0394825574,1.426051301,1.426051301,2.984618487
61.725,0.009186214002,1.499813513,1.499813513,2.914995978
61.75,-0.0211276597,1.57173422,1.57173422,2.837351297
61.775,-0.05143120143,1.641617296,1.641617296,2.752056113
61.8,-0.08169651658,1.709277181,1.709277181,2.659582677
61.825,-0.111895704,1.77454129,1.77454129,2.560495103
61.85,-0.1420008815,1.837252169,1.837252169,2.455437745
61.875,-0.1719842121,1.897269336,1.897269336,2.3451212
61.9,-0.2018179294,1.954470735,1.954470735,2.230306479
61.925,-0.2314743637,2.008753792,2.008753792,2.111788134
61.95,-0.2609259675,2.060036035,2.060036035,1.990376879
61.975,-0.2901453419,2.108255282,2.108255282,1.866882588
62,-0.3191052615,2.153369423,2.153369423,1.742098371
62.025,-0.3477787006,2.195355812,2.195355812,1.616786011
62.05,-0.3761388586,2.234210321,2.234210321,1.491663467
62.075,-0.4041591849,2.269946117,2.269946117,1.367394645
62.1,-0.4318134049,2.302592203,2.302592203,1.24458156
62.125,-0.4590755441,2.332191801,2.332191801,1.12375893
62.15,-0.4859199537,2.358800626,2.358800626,1.005391111
62.175,-0.5123213346,2.382485109,2.382485109,0.8898711861
62.2,-0.5382547618,2.403320627,2.403320627,0.7775219287
62.225,-0.5636957086,2.421389771,2.421389771,0.6685983579
62.25,-0.5886200701,2.4367807,2.4367807,0.5632915505
62.275,-0.6130041867,2.449585602,2.449585602,0.4617333977
62.3,-0.6368248671,2.459899274,2.459899274,0.3640020303
62.325,-0.6600594108,2.467817856,2.467817856,0.2701275808
62.35,-0.6826856303,2.473437704,2.473437704,0.1800981029
62.375,-0.7046818733,2.47685441,2.47685441,0.09386544165
62.4,-0.7260270437,2.478161967,2.478161967,0.01135088311
62.425,-0.7467006226,2.477452078,2.477452078,-0.06754951822
62.45,-0.7666826887,2.474813578,2.474813578,-0.142960016
62.475,-0.7859539385,2.470331995,2.470331995,-0.2150207052
62.5,-0.8044957053,2.464089194,2.464089194,-0.2838835367
62.525,-0.8222899781,2.456163133,2.456163133,-0.3497088139
62.55,-0.8393194201,2.446627687,2.446627687,-0.4126621638
62.575,-0.8555673863,2.435552554,2.435552554,-0.4729119561
62.6,-0.8710179404,2.423003211,2.423003211,-0.530627141
62.625,-0.8856558717,2.40904092,2.40904092,-0.5859754679
62.65,-0.8994667103,2.393722784,2.393722784,-0.6391220478
62.675,-0.9124367429,2.37710182,2.37710182,-0.6902282186
62.7,-0.9245530267,2.359227069,2.359227069,-0.7394506759
62.725,-0.9358034039,2.340143721,2.340143721,-0.7869408322
62.75,-0.946176514,2.319893248,2.319893248,-0.8328443709
62.775,-0.9556618069,2.298513558,2.298513558,-0.8773009634
62.8,-0.964249554,2.276039143,2.276039143,-0.920444121
62.825,-0.9719308595,2.252501235,2.252501235,-0.9624011573
62.85,-0.9786976702,2.227927958,2.227927958,-1.003293239
62.875,-0.9845427853,2.202344486,2.202344486,-1.043235504
62.9,-0.9894598645,2.175773186,2.175773186,-1.082337238
62.925,-0.993443436,2.148233764,2.148233764,-1.12070208
62.95,-0.9964889036,2.119743403,2.119743403,-1.15842826
62.975,-0.9985925528,2.090316896,2.090316896,-1.195608859
63,-0.999751556,2.05996677,2.05996677,-1.232332057
63.025,-0.9999639771,2.028703407,2.028703407,-1.268681408
63.05,-0.9992287755,1.996535154,1.996535154,-1.304736086
63.075,-0.9975458083,1.963468432,1.963468432,-1.340571132
63.1,-0.994915833,1.929507834,1.929507834,-1.376257686
63.125,-0.9913405081,1.894656222,1.894656222,-1.411863195
63.15,-0.9868223936,1.858914816,1.858914816,-1.447451601
63.175,-0.9813649505,1.822283279,1.822283279,-1.483083504
63.2,-0.9749725391,1.784759799,1.784759799,-1.518816297
63.225,-0.9676504169,1.74634117,1.74634117,-1.554704272
63.25,-0.9594047357,1.707022864,1.707022864,-1.590798681
63.275,-0.9502425369,1.666799113,1.666799113,-1.627147784
63.3,-0.9401717471,1.625662974,1.625662974,-1.663796833
63.325,-0.9292011722,1.583606419,1.583606419,-1.700788024
63.35,-0.917340491,1.540620396,1.540620396,-1.738160413
63.375,-0.9046002472,1.496694922,1.496694922,-1.775949771
63.4,-0.8909918417,1.451819163,1.451819163,-1.814188375
63.425,-0.8765275231,1.40598152,1.40598152,-1.852904798
63.45,-0.8612203776,1.359169735,1.359169735,-1.892123537
63.475,-0.8450843186,1.31137099,1.31137099,-1.931864687
63.5,-0.8281340747,1.262572017,1.262572017,-1.972143499
63.525,-0.8103851771,1.21275925,1.21275925,-2.012969781
63.55,-0.7918539467,1.161918933,1.161918933,-2.054347417
63.575,-0.7725574798,1.110037306,1.110037306,-2.09627359
63.6,-0.7525136334,1.057100767,1.057100767,-2.138738039
63.625,-0.7317410093,1.003096069,1.003096069,-2.181722245
63.65,-0.7102589379,0.9480105524,0.9480105524,-2.225198377
63.675,-0.6880874611,0.8918323645,0.8918323645,-2.269128379
63.7,-0.6652473143,0.8345507605,0.8345507605,-2.313462702
63.725,-0.6417599079,0.7761563743,0.7761563743,-2.358139198
63.75,-0.6176473079,0.7166415794,0.7166415794,-2.403081721
63.775,-0.5929322161,0.6560008289,0.6560008289,-2.448198837
63.8,-0.5676379492,0.5942310793,0.5942310793,-2.493382334
63.825,-0.5417884177,0.5313322073,0.5313322073,-2.53850583
63.85,-0.5154081041,0.4673074984,0.4673074984,-2.583423273
63.875,-0.4885220399,0.4021641475,0.4021641475,-2.627967555
63.9,-0.4611557828,0.335913803,0.335913803,-2.671949164
63.925,-0.4333353932,0.268573147,0.268573147,-2.715154985
63.95,-0.4050874094,0.200164493,0.200164493,-2.757347301
63.975,-0.3764388232,0.1307164129,0.1307164129,-2.798263062
64,-0.3474170544,0.06026437669,0.06026437669,-2.837613513
64.025,-0.3180499252,-0.01114860563,-0.01114860563,-2.875084265
64.05,-0.2883656341,-0.08347135056,-0.08347135056,-2.910335916
64.075,-0.2583927286,-0.1566438888,-0.1566438888,-2.943005305
64.1,-0.2281600788,-0.2305968947,-0.2305968947,-2.972707523
64.125,-0.1976968496,-0.3052511771,-0.3052511771,-2.999038724
64.15,-0.1670324731,-0.3805172505,-0.3805172505,-3.021579912
64.175,-0.13619662,-0.4562950121,-0.4562950121,-3.039901633
64.2,-0.1052191716,-0.5324735509,-0.5324735509,-3.053569683
64.225,-0.07413019081,-0.6089311108,-0.6089311108,-3.062151838
64.25,-0.04295989315,-0.6855352334,-0.6855352334,-3.065225479
64.275,-0.01173861763,-0.7621431018,-0.7621431018,-3.062386053
64.3,0.01950320276,-0.8386021057,-0.8386021057,-3.053256178
64.325,0.05073507062,-0.9147506387,-0.9147506387,-3.037495182
64.35,0.08192645391,-0.9904191374,-0.9904191374,-3.014808768
64.375,0.1130468157,-1.06543136,-1.06543136,-2.98495848
64.4,0.1440656443,-1.139605894,-1.139605894,-2.947770576
64.425,0.174952483,-1.212757877,-1.212757877,-2.903143922
64.45,0.2056769601,-1.284700894,-1.284700894,-2.851056511
64.475,0.2362088194,-1.355249021,-1.355249021,-2.791570224
64.5,0.2665179492,-1.424218961,-1.424218961,-2.724833529
64.525,0.2965744134,-1.491432216,-1.491432216,-2.651081881
64.55,0.3263484802,-1.556717245,-1.556717245,-2.570635678
64.575,0.3558106524,-1.619911532,-1.619911532,-2.483895767
64.6,0.3849316971,-1.680863521,-1.680863521,-2.391336587
64.625,0.4136826743,-1.739434344,-1.739434344,-2.293497208
64.65,0.4420349669,-1.795499309,-1.795499309,-2.19097056
64.675,0.4699603089,-1.848949093,-1.848949093,-2.08439134
64.7,0.4974308144,-1.899690629,-1.899690629,-1.974422994
64.725,0.5244190059,-1.947647656,-1.947647656,-1.861744312
64.75,0.5508978421,-1.992760937,-1.992760937,-1.747036359
64.775,0.5768407457,-2.034988158,-2.034988158,-1.63096974
64.8,0.6022216307,-2.074303516,-2.074303516,-1.514193135
64.825,0.6270149287,-2.110697048,-2.110697048,-1.397323176
64.85,0.6511956163,-2.14417371,-2.14417371,-1.280935812
64.875,0.6747392398,-2.174752279,-2.174752279,-1.165559586
64.9,0.6976219416,-2.202464099,-2.202464099,-1.051670641
64.925,0.7198204846,-2.227351725,-2.227351725,-0.9396895103
64.95,0.7413122765,-2.249467517,-2.249467517,-0.8299795849
64.975,0.7620753939,-2.268872199,-2.268872199,-0.7228470784
65,0.7820886049,-2.28563345,-2.28563345,-0.6185422979
65.025,0.8013313922,-2.299824531,-2.299824531,-0.5172619897
65.05,0.8197839747,-2.311522987,-2.311522987,-0.4191525441
65.075,0.8374273285,-2.320809427,-2.320809427,-0.3243138404
65.1,0.8542432078,-2.327766425,-2.327766425,-0.2328034848
65.125,0.8702141642,-2.332477512,-2.332477512,-0.1446413014
65.15,0.8853235663,-2.335026288,-2.335026288,-0.05981390229
65.175,0.8995556173,-2.335495653,-2.335495653,0.02172081763
65.2,0.9128953728,-2.333967138,-2.333967138,0.1000293424
65.225,0.9253287577,-2.330520352,-2.330520352,0.175198443
65.25,0.9368425814,-2.325232521,-2.325232521,0.2473313873
65.275,0.9474245533,-2.318178118,-2.318178118,0.3165444836
65.3,0.9570632968,-2.309428578,-2.309428578,0.3829639806
65.325,0.9657483623,-2.299052088,-2.299052088,0.446723323
65.35,0.97347024,-2.287113429,-2.287113429,0.5079607581
65.375,0.9802203707,-2.273673891,-2.273673891,0.5668172762
65.4,0.985991157,-2.258791223,-2.258791223,0.6234348651
65.425,0.9907759723,-2.242519626,-2.242519626,0.6779550513
65.45,0.9945691697,-2.224909782,-2.224909782,0.7305177027
65.475,0.9973660896,-2.206008909,-2.206008909,0.7812600626
65.5,0.9991630663,-2.185860832,-2.185860832,0.8303159899
65.525,0.9999574337,-2.164506079,-2.164506079,0.8778153763
65.55,0.9997475301,-2.141981987,-2.141981987,0.9238837176
65.575,0.9985327018,-2.118322811,-2.118322811,0.9686418135
65.6,0.9963133058,-2.093559848,-2.093559848,1.012205575
65.625,0.9930907115,-2.067721559,-2.067721559,1.054685924
65.65,0.9888673012,-2.040833696,-2.040833696,1.096188759
65.675,0.98364647,-2.012919425,-2.012919425,1.136814986
65.7,0.9774326242,-1.983999451,-1.983999451,1.176660581
65.725,0.9702311789,-1.95409214,-1.95409214,1.215816698
65.75,0.9620485547,-1.92321364,-1.92321364,1.254369787
65.775,0.9528921728,-1.891377992,-1.891377992,1.292401727
65.8,0.9427704501,-1.85859725,-1.85859725,1.329989972
65.825,0.9316927922,-1.82488158,-1.82488158,1.367207683
65.85,0.919669586,-1.790239377,-1.790239377,1.404123861
65.875,0.9067121912,-1.754677358,-1.754677358,1.440803466
65.9,0.8928329306,-1.718200666,-1.718200666,1.477307515
65.925,0.8780450796,-1.680812967,-1.680812967,1.513693166
65.95,0.8623628545,-1.642516548,-1.642516548,1.550013766
65.975,0.8458014001,-1.603312407,-1.603312407,1.586318882
66,0.828376776,-1.56320035,-1.56320035,1.622654295
66.025,0.8101059422,-1.52217909,-1.52217909,1.659061953
66.05,0.7910067436,-1.480246332,-1.480246332,1.695579907
66.075,0.7710978934,-1.43739889,-1.43739889,1.732242166
66.1,0.7503989562,-1.393632772,-1.393632772,1.769078562
66.125,0.7289303292,-1.348943297,-1.348943297,1.806114518
66.15,0.7067132234,-1.30332521,-1.30332521,1.84337079
66.175,0.6837696436,-1.256772788,-1.256772788,1.880863175
66.2,0.6601223673,-1.209279995,-1.209279995,1.918602089
66.225,0.6357949228,-1.160840589,-1.160840589,1.95659221
66.25,0.6108115672,-1.111448302,-1.111448302,1.99483193
66.275,0.5851972626,-1.061096982,-1.061096982,2.033312831
66.3,0.5589776518,-1.009780779,-1.009780779,2.07201909
66.325,0.5321790338,-0.9574943466,-0.9574943466,2.11092675
66.35,0.504828338,-0.9042330332,-0.9042330332,2.150003061
66.375,0.4769530976,-0.8499931387,-0.8499931387,2.189205602
66.4,0.4485814229,-0.7947721386,-0.7947721386,2.228481514
66.425,0.4197419732,-0.7385689836,-0.7385689836,2.267766531
66.45,0.3904639288,-0.6813843705,-0.6813843705,2.306984115
66.475,0.3607769619,-0.6232210844,-0.6232210844,2.346044438
66.5,0.3307112069,-0.5640843221,-0.5640843221,2.384843474
66.525,0.3002972304,-0.5039820769,-0.5039820769,2.423262005
66.55,0.2695660009,-0.4429255159,-0.4429255159,2.461164742
66.575,0.238548857,-0.3809294011,-0.3809294011,2.498399465
66.6,0.2072774764,-0.3180125202,-0.3180125202,2.534796296
66.625,0.1757838439,-0.2541981315,-0.2541981315,2.570167118
66.65,0.1441002184,-0.1895144317,-0.1895144317,2.604305177
66.675,0.1122591009,-0.1239950201,-0.1239950201,2.636984944
66.7,0.08029320076,-0.05767936663,-0.05767936663,2.667962278
66.725,0.04823540272,0.009386726633,0.009386726633,2.696974953
66.75,0.016118733,0.07715068535,0.07715068535,2.723743609
66.775,-0.01602367456,0.1455527519,0.1455527519,2.747973194
66.8,-0.04815861256,0.2145256159,0.2145256159,2.769354928
66.825,-0.08025283435,0.2839941026,0.2839941026,2.787568893
66.85,-0.1122730884,0.3538749316,0.3538749316,2.802287204
66.875,-0.1441861529,0.4240765653,0.4240765653,2.813177837
66.9,-0.17595887,0.4944991604,0.4944991604,2.819909119
66.925,-0.2075581807,0.5650346382,0.5650346382,2.822154802
66.95,-0.2389511594,0.6355668894,0.6355668894,2.819599696
66.975,-0.2701050482,0.7059721264,0.7059721264,2.811945767
67,-0.3009872912,0.7761193919,0.7761193919,2.798918575
67.025,-0.3315655693,0.8458712321,0.8458712321,2.780273879
67.05,-0.3618078338,0.9150845324,0.9150845324,2.755804221
67.075,-0.3916823408,0.9836115189,0.9836115189,2.725345278
67.1,-0.4211576843,1.05130091,1.05130091,2.688781736
67.125,-0.4502028302,1.117999209,1.117999209,2.646052447
67.15,-0.4787871493,1.183552111,1.183552111,2.597154633
67.175,-0.50688045,1.247806006,1.247806006,2.542146903
67.2,-0.5344530104,1.310609536,1.310609536,2.481150915
67.225,-0.5614756111,1.371815173,1.371815173,2.414351537
67.25,-0.587919566,1.431280791,1.431280791,2.341995431
67.275,-0.6137567537,1.488871169,1.488871169,2.264388054
67.3,-0.6389596483,1.544459417,1.544459417,2.181889124
67.325,-0.6635013488,1.597928251,1.597928251,2.094906683
67.35,-0.6873556091,1.649171123,1.649171123,2.003889977
67.375,-0.7104968667,1.698093144,1.698093144,1.909321377
67.4,-0.7329002707,1.744611811,1.744611811,1.811707638
67.425,-0.7545417094,1.788657498,1.788657498,1.711570734
67.45,-0.7753978373,1.830173724,1.830173724,1.609438835
67.475,-0.7954461007,1.869117196,1.869117196,1.505837289
67.5,-0.8146647635,1.905457631,1.905457631,1.401280359
67.525,-0.8330329313,1.93917739,1.93917739,1.296263659
67.55,-0.8505305752,1.970270911,1.970270911,1.19125744
67.575,-0.8671385546,1.99874402,1.99874402,1.086701128
67.6,-0.8828386394,2.024613095,2.024613095,0.98299888
67.625,-0.8976135305,2.04790414,2.04790414,0.8805163544
67.65,-0.9114468801,2.068651797,2.068651797,0.7795786315
67.675,-0.9243233112,2.086898319,2.086898319,0.6804691809
67.7,-0.9362284351,2.102692519,2.102692519,0.583429814
67.725,-0.9471488691,2.116088746,2.116088746,0.4886614843
67.75,-0.9570722525,2.127145875,2.127145875,0.3963257892
67.775,-0.9659872614,2.135926354,2.135926354,0.3065470694
67.8,-0.9738836231,2.142495293,2.142495293,0.2194149384
67.825,-0.9807521288,2.146919644,2.146919644,0.1349870953
67.85,-0.9865846457,2.149267431,2.149267431,0.05329237743
67.875,-0.9913741274,2.149607071,2.149607071,-0.02566613992
67.9,-0.9951146237,2.148006768,2.148006768,-0.1019080281
67.925,-0.9978012891,2.144533986,2.144533986,-0.1754724637
67.95,-0.9994303902,2.139254995,2.139254995,-0.2464153185
67.975,-0.9999993114,2.132234488,2.132234488,-0.3148064201
68,-0.9995065604,2.123535264,2.123535264,-0.3807270137
68.025,-0.9979517716,2.113217974,2.113217974,-0.444267443
68.05,-0.995335709,2.101340917,2.101340917,-0.5055250593
68.075,-0.9916602674,2.087959891,2.087959891,-0.5646023573
68.1,-0.9869284726,2.073128085,2.073128085,-0.6216053382
68.125,-0.9811444803,2.05689601,2.05689601,-0.6766420805
68.15,-0.9743135742,2.039311459,2.039311459,-0.729821514
68.175,-0.9664421622,2.020419505,2.020419505,-0.7812523789
68.2,-0.9575377718,2.000262513,2.000262513,-0.8310423551
68.225,-0.9476090446,1.978880178,1.978880178,-0.8792973359
68.25,-0.9366657285,1.956309575,1.956309575,-0.9261208408
68.275,-0.9247186703,1.932585225,1.932585225,-0.9716135474
68.3,-0.9117798056,1.907739174,1.907739174,-1.015872918
68.325,-0.8978621482,1.881801073,1.881801073,-1.058992915
68.35,-0.8829797787,1.85479827,1.85479827,-1.101063796
68.375,-0.8671478307,1.826755905,1.826755905,-1.142171956
68.4,-0.8503824773,1.797697007,1.797697007,-1.182399827
68.425,-0.8327009156,1.767642595,1.767642595,-1.221825812
68.45,-0.8141213498,1.736611778,1.736611778,-1.260524249
68.475,-0.7946629741,1.704621859,1.704621859,-1.298565394
68.5,-0.7743459537,1.671688433,1.671688433,-1.336015418
68.525,-0.7531914051,1.637825496,1.637825496,-1.372936407
68.55,-0.7312213751,1.603045537,1.603045537,-1.409386367
68.575,-0.7084588189,1.567359652,1.567359652,-1.44541922
68.6,-0.6849275771,1.530777635,1.530777635,-1.481084792
68.625,-0.6606523518,1.493308091,1.493308091,-1.516428788
68.65,-0.6356586815,1.454958528,1.454958528,-1.551492752
68.675,-0.6099729151,1.415735475,1.415735475,-1.586313995
68.7,-0.5836221852,1.375644575,1.375644575,-1.620925518
68.725,-0.55663438,1.334690707,1.334690707,-1.655355893
68.75,-0.5290381148,1.292878089,1.292878089,-1.689629116
68.775,-0.5008627025,1.250210398,1.250210398,-1.723764454
68.8,-0.472138123,1.206690895,1.206690895,-1.757776209
68.825,-0.4428949922,1.16232254,1.16232254,-1.79167352
68.85,-0.4131645297,1.11710814,1.11710814,-1.82546005
68.875,-0.3829785267,1.071050477,1.071050477,-1.859133714
68.9,-0.352369312,1.024152461,1.024152461,-1.892686319
68.925,-0.3213697182,0.9764172906,0.9764172906,-1.926103189
68.95,-0.2900130471,0.9278486099,0.9278486099,-1.959362781
68.975,-0.2583330342,0.8784507008,0.8784507008,-1.992436211
69,-0.226363813,0.8282286536,0.8282286536,-2.025286842
69.025,-0.1941398785,0.7771885872,0.7771885872,-2.057869752
69.05,-0.1616960505,0.7253378416,0.7253378416,-2.090131287
69.075,-0.129067436,0.6726852227,0.6726852227,-2.122008519
69.1,-0.09628939169,0.6192412209,0.6192412209,-2.153428786
69.125,-0.06339748604,0.5650182794,0.5650182794,-2.184309177
69.15,-0.03042746052,0.510031038,0.510031038,-2.214556116
69.175,0.00258480889,0.4542966213,0.4542966213,-2.244064929
69.2,0.03560335064,0.3978349071,0.3978349071,-2.272719531
69.225,0.06859213678,0.3406688242,0.3406688242,-2.300392164
69.25,0.1015151223,0.2828246419,0.2828246419,-2.326943263
69.275,0.1343362843,0.2243322652,0.2243322652,-2.352221457
69.3,0.1670196619,0.1652255319,0.1652255319,-2.376063733
69.325,0.1995293955,0.1055424944,0.1055424944,-2.398295788
69.35,0.231829766,0.04532569963,0.04532569963,-2.418732621
69.375,0.263885235,-0.01537755484,-0.01537755484,-2.437179352
69.4,0.2956604833,-0.07651498858,-0.07651498858,-2.453432328
69.425,0.3271204507,-0.1380291334,-0.1380291334,-2.467280549
69.45,0.3582303747,-0.199857172,-0.199857172,-2.47850737
69.475,0.3889558295,-0.2619308219,-0.2619308219,-2.486892569
69.5,0.4192627643,-0.3241762749,-0.3241762749,-2.492214745
69.525,0.4491175416,-0.3865142005,-0.3865142005,-2.494254017
69.55,0.478486975,-0.4488598214,-0.4488598214,-2.492795046
69.575,0.5073383666,-0.5111230682,-0.5111230682,-2.487630337
69.6,0.5356395441,-0.5732088184,-0.5732088184,-2.478563745
69.625,0.563358897,-0.6350172255,-0.6350172255,-2.465414148
69.65,0.590465413,-0.6964441417,-0.6964441417,-2.448019204
69.675,0.616928713,-0.7573816352,-0.7573816352,-2.426239098
69.7,0.6427190859,-0.817718598,-0.817718598,-2.399960167
69.725,0.6678075229,-0.8773414435,-0.8773414435,-2.369098302
69.75,0.692165751,-0.9361348834,-0.9361348834,-2.333602007
69.775,0.7157662653,-0.9939827775,-0.9939827775,-2.293455004
69.8,0.7385823613,-1.050769041,-1.050769041,-2.248678262
69.825,0.7605881657,-1.106378595,-1.106378595,-2.199331374
69.85,0.7817586669,-1.160698339,-1.160698339,-2.145513182
69.875,0.8020697445,-1.213618132,-1.213618132,-2.087361612
69.9,0.8214981972,-1.265031764,-1.265031764,-2.025052685
69.925,0.840021771,-1.314837881,-1.314837881,-1.958798691
69.95,0.8576191853,-1.362940865,-1.362940865,-1.888845592
69.975,0.8742701584,-1.40925163,-1.40925163,-1.815469689
70,0.8899554323,-1.453688342,-1.453688342,-1.738973648
70.025,0.9046567957,-1.496177011,-1.496177011,-1.659681999
70.05,0.9183571065,-1.536651988,-1.536651988,-1.577936287
70.075,0.9310403128,-1.575056318,-1.575056318,-1.494089944
70.1,0.942691473,-1.61134198,-1.61134198,-1.408503032
70.125,0.9532967745,-1.645469981,-1.645469981,-1.32153723
70.15,0.9628435512,-1.677410337,-1.677410337,-1.233550663
70.175,0.9713203,-1.707141929,-1.707141929,-1.144893508
70.2,0.9787166956,-1.734652243,-1.734652243,-1.055903575
70.225,0.9850236047,-1.759937022,-1.759937022,-0.9669027563
70.25,0.9902330979,-1.78299982,-1.78299982,-0.8781937836
70.275,0.9943384615,-1.803851492,-1.803851492,-0.7900577423
70.3,0.9973342067,-1.822509634,-1.822509634,-0.7027521175
70.325,0.9992160788,-1.838997963,-1.838997963,-0.6165094532
70.35,0.9999810635,-1.853345695,-1.853345695,-0.5315365935
70.375,0.9996273933,-1.86558689,-1.86558689,-0.4480144307
70.4,0.9981545516,-1.875759806,-1.875759806,-0.3660981397
70.425,0.9955632756,-1.88390627,-1.88390627,-0.285917803
70.45,0.991855558,-1.890071052,-1.890071052,-0.2075794132
70.475,0.9870346471,-1.894301288,-1.894301288,-0.1311661066
70.5,0.9811050454,-1.89664592,-1.89664592,-0.05673965547
70.525,0.9740725071,-1.897155184,-1.897155184,0.01565791314
70.55,0.965944034,-1.895880136,-1.895880136,0.08600259385
70.575,0.95672787,-1.89287223,-1.89287223,0.1542866292
70.6,0.9464334939,-1.888182925,-1.888182925,0.2205167314
70.625,0.9350716115,-1.881863351,-1.881863351,0.2847123323
70.65,0.9226541455,-1.873964011,-1.873964011,0.3469038927
70.675,0.9091942245,-1.864534526,-1.864534526,0.4071312916
70.7,0.8947061705,-1.853623418,-1.853623418,0.4654423065
70.725,0.8792054849,-1.84127793,-1.84127793,0.5218912077
70.75,0.8627088334,-1.827543881,-1.827543881,0.5765374673
70.775,0.8452340292,-1.81246555,-1.81246555,0.6294445754
70.8,0.8268000149,-1.796085592,-1.796085592,0.6806789781
70.825,0.8074268435,-1.77844497,-1.77844497,0.7303091356
70.85,0.7871356577,-1.759582924,-1.759582924,0.778404672
70.875,0.7659486679,-1.739536942,-1.739536942,0.8250356393
70.9,0.743889129,-1.718342764,-1.718342764,0.8702718778
70.925,0.7209813165,-1.696034395,-1.696034395,0.9141824444
70.95,0.6972505,-1.672644124,-1.672644124,0.9568351476
70.975,0.6727229172,-1.648202568,-1.648202568,0.9982961219
71,0.6474257454,-1.622738714,-1.622738714,1.038629491
71.025,0.6213870729,-1.596279974,-1.596279974,1.077897062
71.05,0.594635868,-1.568852248,-1.568852248,1.116158085
71.075,0.5672019487,-1.540479987,-1.540479987,1.153469035
71.1,0.5391159493,-1.511186266,-1.511186266,1.189883445
71.125,0.5104092879,-1.480992865,-1.480992865,1.225451741
71.15,0.4811141316,-1.449920336,-1.449920336,1.260221128
71.175,0.4512633615,-1.417988099,-1.417988099,1.294235464
71.2,0.4208905361,-1.385214517,-1.385214517,1.327535166
71.225,0.390029855,-1.351616988,-1.351616988,1.360157114
71.25,0.3587161201,-1.317212031,-1.317212031,1.392134558
71.275,0.3269846979,-1.282015383,-1.282015383,1.423497038
71.3,0.2948714795,-1.246042089,-1.246042089,1.454270283
71.325,0.2624128407,-1.209306596,-1.209306596,1.484476133
71.35,0.2296456013,-1.171822861,-1.171822861,1.514132424
71.375,0.1966069839,-1.133604439,-1.133604439,1.543252902
71.4,0.1633345717,-1.0946646,-1.0946646,1.571847097
71.425,0.1298662663,-1.055016426,-1.055016426,1.599920211
71.45,0.09624024487,-1.014672923,-1.014672923,1.627472997
71.475,0.06249491661,-0.9736471426,-0.9736471426,1.654501613
71.5,0.02866887932,-0.9319522807,-0.9319522807,1.680997497
71.525,-0.005199124732,-0.8896018177,-0.8896018177,1.706947211
71.55,-0.03907025301,-0.846609624,-0.846609624,1.732332308
71.575,-0.07290560723,-0.8029901025,-0.8029901025,1.757129171
71.6,-0.106666278,-0.7587583072,-0.7587583072,1.781308883
71.625,-0.1403133897,-0.7139300861,-0.7139300861,1.804837081
71.65,-0.1738081451,-0.6685222137,-0.6685222137,1.82767384
71.675,-0.2071118705,-0.6225525344,-0.6225525344,1.849773554
71.7,-0.2401860605,-0.5760401046,-0.5760401046,1.871084859
71.725,-0.2729924224,-0.5290053364,-0.5290053364,1.891550567
71.75,-0.3054929214,-0.4814701465,-0.4814701465,1.911107651
71.775,-0.3376498247,-0.433458098,-0.433458098,1.929687254
71.8,-0.3694257454,-0.3849945496,-0.3849945496,1.947214772
71.825,-0.4007836871,-0.3361067939,-0.3361067939,1.963609971
71.85,-0.4316870867,-0.2868241993,-0.2868241993,1.978787203
71.875,-0.4620998579,-0.237178339,-0.237178339,1.992655655
71.9,-0.491986434,-0.1872031183,-0.1872031183,2.005119739
71.925,-0.5213118098,-0.136934887,-0.136934887,2.016079513
71.95,-0.5500415834,-0.08641254197,-0.08641254197,2.025431263
71.975,-0.5781419972,-0.03567761389,-0.03567761389,2.03306814
72,-0.6055799783,0.01522566466,0.01522566466,2.038880939
72.025,-0.6323231783,0.0662503102,0.0662503102,2.042758979
72.05,-0.658340012,0.1173465641,0.1173465641,2.044591099
72.075,-0.6835996957,0.1684618942,0.1684618942,2.044266759
72.1,-0.7080722845,0.2195410247,0.2195410247,2.041677249
72.125,-0.7317287087,0.2705259991,0.2705259991,2.036716998
72.15,-0.7545408093,0.3213562748,0.3213562748,2.02928495
72.175,-0.7764813726,0.3719688539,0.3719688539,2.019286009
72.2,-0.7975241632,0.4222984515,0.4222984515,2.006632535
72.225,-0.8176439573,0.4722777009,0.4722777009,1.991245849
72.25,-0.8368165733,0.5218373955,0.5218373955,1.973057719
72.275,-0.8550189021,0.5709067684,0.5709067684,1.952011819
72.3,-0.8722289364,0.6194138087,0.6194138087,1.928065105
72.325,-0.8884257981,0.6672856084,0.6672856084,1.901189077
72.35,-0.9035897652,0.7144487403,0.7144487403,1.871370897
72.375,-0.9177022967,0.7608296618,0.7608296618,1.838614335
72.4,-0.9307460566,0.8063551411,0.8063551411,1.802940497
72.425,-0.9427049365,0.8509526957,0.8509526957,1.764388319
72.45,-0.9535640769,0.8945510411,0.8945510411,1.723014804
72.475,-0.9633098866,0.9370805447,0.9370805447,1.678894978
72.5,-0.9719300613,0.9784736721,0.9784736721,1.632121565
72.525,-0.9794136002,1.018665421,1.018665421,1.58280438
72.55,-0.9857508218,1.057593739,1.057593739,1.531069433
72.575,-0.990933377,1.095199916,1.095199916,1.47705777
72.6,-0.9949542622,1.131428941,1.131428941,1.420924087
72.625,-0.9978078292,1.166229823,1.166229823,1.362835107
72.65,-0.9994897954,1.199555874,1.199555874,1.302967789
72.675,-0.9999972501,1.231364935,1.231364935,1.241507424
72.7,-0.9993286618,1.261619565,1.261619565,1.17864558
72.725,-0.9974838815,1.290287167,1.290287167,1.114578062
72.75,-0.9944641461,1.31734007,1.31734007,1.049502822
72.775,-0.9902720791,1.342755561,1.342755561,0.9836179227
72.8,-0.9849116906,1.366515856,1.366515856,0.9171195964
72.825,-0.9783883744,1.388608035,1.388608035,0.8502003795
72.85,-0.9707089048,1.409023929,1.409023929,0.7830474403
72.875,-0.9618814311,1.427759964,1.427759964,0.7158410455
72.9,-0.9519154699,1.444816972,1.444816972,0.6487532264
72.925,-0.9408218974,1.460199971,1.460199971,0.5819466562
72.95,-0.9286129379,1.473917922,1.473917922,0.5155737256
72.975,-0.9153021528,1.485983453,1.485983453,0.4497758342
73,-0.9009044264,1.496412591,1.496412591,0.3846828897
73.025,-0.8854359507,1.505224459,1.505224459,0.3204129966
73.05,-0.8689142091,1.512440988,1.512440988,0.2570723355
73.075,-0.8513579575,1.518086609,1.518086609,0.1947552064
73.1,-0.8327872045,1.522187969,1.522187969,0.1335442243
73.125,-0.8132231902,1.524773635,1.524773635,0.07351064084
73.15,-0.7926883629,1.525873818,1.525873818,0.01471478571
73.175,-0.7712063546,1.525520107,1.525520107,-0.04279340952
73.2,-0.7488019555,1.523745215,1.523745215,-0.09897380967
73.225,-0.725501086,1.520582742,1.520582742,-0.1537954219
73.25,-0.7013307684,1.516066957,1.516066957,-0.2072357034
73.275,-0.6763190965,1.510232594,1.510232594,-0.2592798482
73.3,-0.6504952038,1.503114666,1.503114666,-0.3099200611
73.325,-0.6238892312,1.494748304,1.494748304,-0.3591548378
73.35,-0.5965322925,1.485168604,1.485168604,-0.4069882593
73.375,-0.5684564391,1.474410496,1.474410496,-0.4534292984
73.4,-0.5396946231,1.462508633,1.462508633,-0.4984911602
73.425,-0.5102806604,1.449497291,1.449497291,-0.542190659
73.45,-0.4802491906,1.435410288,1.435410288,-0.5845476117
73.475,-0.4496356383,1.420280914,1.420280914,-0.6255842965
73.5,-0.418476171,1.404141875,1.404141875,-0.6653249243
73.525,-0.3868076579,1.387025254,1.387025254,-0.7037951693
73.55,-0.3546676267,1.36896248,1.36896248,-0.7410217293
73.575,-0.3220942195,1.349984304,1.349984304,-0.7770319253
73.6,-0.2891261487,1.33012079,1.33012079,-0.8118533441
73.625,-0.2558026511,1.309401314,1.309401314,-0.8455135083
73.65,-0.2221634418,1.287854566,1.287854566,-0.8780395861
73.675,-0.1882486675,1.265508564,1.265508564,-0.9094581341
73.7,-0.1540988587,1.242390674,1.242390674,-0.9397948558
73.725,-0.119754882,1.21852763,1.21852763,-0.969074417
73.75,-0.08525789118,1.193945567,1.193945567,-0.9973202404
73.775,-0.05064927814,1.168670049,1.168670049,-1.024554377
73.8,-0.01597062366,1.142726107,1.142726107,-1.050797358
73.825,0.01873635259,1.116138283,1.116138283,-1.076068071
73.85,0.05342984208,1.088930662,1.088930662,-1.100383686
73.875,0.08806799777,1.061126928,1.061126928,-1.123759556
73.9,0.1226089846,1.032750403,1.032750403,-1.146209148
73.925,0.15701103,1.003824093,1.003824093,-1.167744005
73.95,0.1912324747,0.9743707449,0.9743707449,-1.188373694
73.975,0.2252318232,0.9444128888,0.9444128888,-1.208105778
74,0.2589677943,0.9139728892,0.9139728892,-1.226945803
74.025,0.2923993715,0.8830730023,0.8830730023,-1.244897288
74.05,0.3254858535,0.8517354169,0.8517354169,-1.261961729
74.075,0.3581869036,0.819982311,0.819982311,-1.278138613
74.1,0.3904625997,0.7878359028,0.7878359028,-1.293425446
74.125,0.4222734834,0.7553184926,0.7553184926,-1.307817779
74.15,0.4535806086,0.7224525202,0.7224525202,-1.321309264
74.175,0.4843455903,0.6892606047,0.6892606047,-1.333891706
74.2,0.5145306514,0.6557655926,0.6557655926,-1.345555124
74.225,0.5440986709,0.6219906038,0.6219906038,-1.356287847
74.25,0.573013229,0.5879590665,0.5879590665,-1.366076589
74.275,0.601238654,0.5536947636,0.5536947636,-1.374906562
74.3,0.628740066,0.5192218628,0.5192218628,-1.382761599
74.325,0.6554834217,0.4845649528,0.4845649528,-1.389624269
74.35,0.681435557,0.4497490732,0.4497490732,-1.39547605
74.375,0.7065642291,0.4147997366,0.4147997366,-1.400297457
74.4,0.7308381579,0.3797429553,0.3797429553,-1.404068243
74.425,0.7542270655,0.3446052532,0.3446052532,-1.406767576
74.45,0.7767017151,0.309413682,0.309413682,-1.408374239
74.475,0.798233949,0.274195825,0.274195825,-1.408866864
74.5,0.8187967248,0.2389798003,0.2389798003,-1.408224136
74.525,0.8383641503,0.2037942546,0.2037942546,-1.406425066
74.55,0.8569115177,0.1686683537,0.1686683537,-1.403449217
74.575,0.8744153358,0.1336317639,0.1336317639,-1.399276987
74.6,0.890853361,0.09871462881,0.09871462881,-1.39388987
74.625,0.9062046271,0.0639475377,0.0639475377,-1.387270738
74.65,0.920449473,0.02936148815,0.02936148815,-1.379404119
74.675,0.9335695694,-0.005012159122,-0.005012159122,-1.370276478
74.7,0.9455479439,-0.0391417322,-0.0391417322,-1.359876498
74.725,0.9563690039,-0.07299530688,-0.07299530688,-1.348195355
74.75,0.9660185587,-0.1065407722,-0.1065407722,-1.33522698
74.775,0.9744838393,-0.1397459026,-0.1397459026,-1.320968313
74.8,0.9817535169,-0.1725784361,-0.1725784361,-1.305419544
74.825,0.987817719,-0.2050061584,-0.2050061584,-1.288584329
74.85,0.9926680447,-0.236996992,-0.236996992,-1.270469985
74.875,0.9962975777,-0.2685190901,-0.2685190901,-1.251087663
74.9,0.9987008972,-0.2995409336,-0.2995409336,-1.23045249
74.925,0.9998740876,-0.330031433,-0.330031433,-1.208583672
74.95,0.9998147457,-0.3599600305,-0.3599600305,-1.185504577
74.975,0.9985219871,-0.3892968047,-0.3892968047,-1.161242768
75,0.9959964492,-0.4180125764,-0.4180125764,-1.135830003
75.025,0.9922402938,-0.4460790118,-0.4460790118,-1.109302202
75.05,0.987257207,-0.4734687266,-0.4734687266,-1.081699362
75.075,0.9810523973,-0.5001553866,-0.5001553866,-1.053065444
75.1,0.9736325919,-0.5261138036,-0.5261138036,-1.023448221
75.125,0.9650060314,-0.5513200307,-0.5513200307,-0.9928990769
75.15,0.955182462,-0.5757514471,-0.5757514471,-0.9614727898
75.175,0.9441731261,-0.5993868423,-0.5993868423,-0.9292272674
75.2,0.9319907515,-0.6222064891,-0.6222064891,-0.8962232621
75.225,0.9186495379,-0.6441922115,-0.6441922115,-0.8625240618
75.25,0.9041651417,-0.6653274441,-0.6653274441,-0.8281951495
75.275,0.88855466,-0.6855972822,-0.6855972822,-0.7933038666
75.3,0.871836611,-0.7049885242,-0.7049885242,-0.7579190346
75.325,0.8540309141,-0.7234897038,-0.7234897038,-0.7221106075
75.35,0.8351588675,-0.7410911135,-0.7410911135,-0.6859492764
75.375,0.8152431241,-0.7577848192,-0.7577848192,-0.6495061267
75.4,0.7943076658,-0.7735646638,-0.7735646638,-0.6128522483
75.425,0.7723777758,-0.7884262655,-0.7884262655,-0.5760584082
75.45,0.7494800096,-0.8023670022,-0.8023670022,-0.5391946906
75.475,0.7256421643,-0.8153859938,-0.8153859938,-0.5023301931
75.5,0.7008932457,-0.8274840707,-0.8274840707,-0.4655327149
75.525,0.6752634346,-0.8386637405,-0.8386637405,-0.428868487
75.55,0.6487840508,-0.8489291428,-0.8489291428,-0.3924019156
75.575,0.6214875166,-0.8582860037,-0.8582860037,-0.35619536
75.6,0.5934073176,-0.8667415791,-0.8667415791,-0.3203089307
75.625,0.5645779629,-0.8743045994,-0.8743045994,-0.2848003235
75.65,0.5350349439,-0.880985204,-0.880985204,-0.2497246727
75.675,0.5048146913,-0.8867948789,-0.8867948789,-0.2151344404
75.7,0.4739545313,-0.8917463862,-0.8917463862,-0.1810793254
75.725,0.4424926403,-0.8958536958,-0.8958536958,-0.147606203
75.75,0.4104679986,-0.8991319139,-0.8991319139,-0.1147590858
75.775,0.3779203427,-0.9015972105,-0.9015972105,-0.08257910842
75.8,0.3448901168,-0.9032667484,-0.9032667484,-0.05110453349
75.825,0.3114184234,-0.9041586114,-0.9041586114,-0.02037077506
75.85,0.2775469727,-0.9042917331,-0.9042917331,0.009589559836
75.875,0.2433180308,-0.9036858281,-0.9036858281,0.03874661572
75.9,0.2087743682,-0.9023613235,-0.9023613235,0.06707322031
75.925,0.1739592064,-0.900339293,-0.900339293,0.09454480556
75.95,0.138916164,-0.8976413928,-0.8976413928,0.1211393203
75.975,0.103689203,-0.8942898001,-0.8942898001,0.1468371366
76,0.06832257347,-0.8903071533,-0.8903071533,0.17162095
76.025,0.03286075845,-0.8857164955,-0.8857164955,0.1954756785
76.05,-0.002651581942,-0.8805412203,-0.8805412203,0.218388359
76.075,-0.03816966657,-0.8748050198,-0.8748050198,0.2403480431
76.1,-0.07364864969,-0.8685318355,-0.8685318355,0.2613456948
76.125,-0.1090436775,-0.8617458126,-0.8617458126,0.281374091
76.15,-0.1443099452,-0.8544712545,-0.8544712545,0.3004277228
76.175,-0.1794027531,-0.8467325823,-0.8467325823,0.3185027042
76.2,-0.2142775644,-0.8385542947,-0.8385542947,0.3355966823
76.225,-0.2488900612,-0.8299609311,-0.8299609311,0.3517087548
76.25,-0.2831962013,-0.820977036,-0.820977036,0.3668393922
76.275,-0.3171522747,-0.8116271257,-0.8116271257,0.3809903657
76.3,-0.3507149597,-0.8019356568,-0.8019356568,0.394164683
76.325,-0.3838413782,-0.7919269958,-0.7919269958,0.4063665267
76.35,-0.4164891516,-0.7816253905,-0.7816253905,0.4176012033
76.375,-0.4486164552,-0.7710549425,-0.7710549425,0.4278750939
76.4,-0.4801820723,-0.7602395808,-0.7602395808,0.4371956152
76.425,-0.5111454482,-0.7492030366,-0.7492030366,0.4455711814
76.45,-0.5414667424,-0.7379688184,-0.7379688184,0.4530111764
76.475,-0.5711068813,-0.7265601885,-0.7265601885,0.4595259267
76.5,-0.6000276087,-0.7150001389,-0.7150001389,0.4651266821
76.525,-0.6281915367,-0.7033113699,-0.7033113699,0.4698255992
76.55,-0.6555621946,-0.6915162657,-0.6915162657,0.4736357288
76.575,-0.6821040768,-0.6796368742,-0.6796368742,0.4765710073
76.6,-0.7077826906,-0.6676948825,-0.6676948825,0.4786462508
76.625,-0.7325646017,-0.655711598,-0.655711598,0.4798771509
76.65,-0.7564174784,-0.6437079235,-0.6437079235,0.4802802738
76.675,-0.7793101359,-0.6317043373,-0.6317043373,0.4798730603
76.7,-0.8012125773,-0.6197208709,-0.6197208709,0.4786738259
76.725,-0.8220960349,-0.6077770864,-0.6077770864,0.4767017639
76.75,-0.8419330084,-0.595892056,-0.595892056,0.4739769451
76.775,-0.8606973034,-0.5840843378,-0.5840843378,0.4705203214
76.8,-0.8783640665,-0.5723719566,-0.5723719566,0.4663537249
76.825,-0.8949098199,-0.560772379,-0.560772379,0.4614998682
76.85,-0.9103124942,-0.5493024939,-0.5493024939,0.455982343
76.875,-0.9245514588,-0.5379785889,-0.5379785889,0.4498256154
76.9,-0.9376075512,-0.5268163289,-0.5268163289,0.4430550221
76.925,-0.9494631044,-0.5158307353,-0.5158307353,0.4356967606
76.95,-0.960101972,-0.5050361629,-0.5050361629,0.4277778802
76.975,-0.9695095518,-0.4944462809,-0.4944462809,0.4193262682
77,-0.9776728074,-0.4840740499,-0.4840740499,0.4103706332
77.025,-0.9845802877,-0.4739317037,-0.4739317037,0.400940488
77.05,-0.9902221447,-0.4640307276,-0.4640307276,0.3910661239
77.075,-0.9945901486,-0.4543818408,-0.4543818408,0.3807785892
77.1,-0.9976777015,-0.4449949767,-0.4449949767,0.3701096568
77.125,-0.9994798492,-0.4358792658,-0.4358792658,0.3590917946
77.15,-0.9999932899,-0.4270430189,-0.4270430189,0.3477581297
77.175,-0.9992163817,-0.4184937099,-0.4184937099,0.3361424087
77.2,-0.9971491477,-0.410237963,-0.410237963,0.3242789594
77.225,-0.9937932788,-0.402281536,-0.402281536,0.3122026418
77.25,-0.9891521345,-0.3946293103,-0.3946293103,0.2999488067
77.275,-0.9832307418,-0.387285277,-0.387285277,0.2875532393
77.3,-0.9760357909,-0.380252528,-0.380252528,0.2750521126
77.325,-0.9675756304,-0.3735332469,-0.3735332469,0.2624819288
77.35,-0.9578602587,-0.3671287007,-0.3671287007,0.2498794634
77.375,-0.9469013142,-0.3610392345,-0.3610392345,0.2372817077
77.4,-0.9347120633,-0.3552642666,-0.3552642666,0.224725804
77.425,-0.9213073856,-0.3498022852,-0.3498022852,0.2122489896
77.45,-0.9067037578,-0.3446508475,-0.3446508475,0.1998885253
77.475,-0.8909192349,-0.3398065791,-0.3398065791,0.1876816382
77.5,-0.8739734298,-0.3352651764,-0.3352651764,0.1756654491
77.525,-0.85588749,-0.3310214095,-0.3310214095,0.1638769112
77.55,-0.8366840732,-0.3270691278,-0.3270691278,0.1523527385
77.575,-0.8163873204,-0.323401266,-0.323401266,0.1411293414
77.6,-0.795022827,-0.3200098538,-0.3200098538,0.1302427561
77.625,-0.7726176118,-0.3168860247,-0.3168860247,0.1197285793
77.65,-0.7492000847,-0.3140200289,-0.3140200289,0.1096218974
77.675,-0.7248000116,-0.3114012463,-0.3114012463,0.09995722213
77.7,-0.6994484782,-0.309018202,-0.309018202,0.0907684205
77.725,-0.6731778517,-0.3068585831,-0.3068585831,0.08208865085
77.75,-0.6460217407,-0.3049092574,-0.3049092574,0.07395029573
77.775,-0.6180149533,-0.3031562934,-0.3031562934,0.06638489775
77.8,-0.589193454,-0.3015849823,-0.3015849823,0.05942309654
77.825,-0.5595943182,-0.300179861,-0.300179861,0.05309456556
77.85,-0.5292556859,-0.2989247377,-0.2989247377,0.04742795217
77.875,-0.4982167137,-0.2978027175,-0.2978027175,0.0424508183
77.9,-0.4665175249,-0.2967962306,-0.2967962306,0.03818958273
77.925,-0.4341991587,-0.295887062,-0.295887062,0.03466946608
77.95,-0.4013035181,-0.2950563812,-0.2950563812,0.03191443744
77.975,-0.3678733163,-0.2942847751,-0.2942847751,0.0299471631
78,-0.3339520217,-0.2935522804,-0.2935522804,0.02878895819
78.025,-0.2995838028,-0.2928384186,-0.2928384186,0.0284597406
78.05,-0.2648134705,-0.2921222308,-0.2921222308,0.02897798779
78.075,-0.2296864211,-0.2913823149,-0.2913823149,0.03036069633
78.1,-0.1942485767,-0.2905968627,-0.2905968627,0.03262334469
78.125,-0.1585463263,-0.2897436984,-0.2897436984,0.03577985911
78.15,-0.1226264654,-0.2888003176,-0.2888003176,0.03984258273
78.175,-0.08653613464,-0.2877439276,-0.2877439276,0.04482224802
78.2,-0.05032275864,-0.2865514877,-0.2865514877,0.05072795275
78.225,-0.01403398366,-0.2851997505,-0.2851997505,0.0575671394
78.25,0.02228238484,-0.2836653032,-0.2836653032,0.06534557805
78.275,0.05857844507,-0.28192461,-0.28192461,0.07406735257
78.3,0.09480626206,-0.2799540541,-0.2799540541,0.08373485047
78.325,0.130917931,-0.2777299803,-0.2777299803,0.09434875586
78.35,0.1668656407,-0.2752287376,-0.2752287376,0.1059080455
78.375,0.2026017371,-0.2724267221,-0.2724267221,0.1184099881
78.4,0.2380787863,-0.2693004192,-0.2693004192,0.1318501459
78.425,0.2732496383,-0.265826447,-0.265826447,0.146222379
78.45,0.3080674899,-0.2619815979,-0.2619815979,0.1615188517
78.475,0.3424859468,-0.2577428813,-0.2577428813,0.1777300407
78.5,0.3764590869,-0.2530875661,-0.2530875661,0.1948447442
78.525,0.4099415212,-0.2479932216,-0.2479932216,0.2128500922
78.55,0.4428884553,-0.24243776,-0.24243776,0.231731557
78.575,0.4752557504,-0.2363994772,-0.2363994772,0.2514729634
78.6,0.5069999825,-0.2298570936,-0.2298570936,0.2720564978
78.625,0.5380785017,-0.2227897961,-0.2227897961,0.2934627166
78.65,0.5684494905,-0.2151772772,-0.2151772772,0.3156705518
78.675,0.5980720205,-0.206999777,-0.206999777,0.3386573139
78.7,0.626906109,-0.1982381226,-0.1982381226,0.3623986918
78.725,0.6549127734,-0.1888737696,-0.1888737696,0.3868687485
78.75,0.6820540856,-0.1788888422,-0.1788888422,0.4120399118
78.775,0.7082932237,-0.1682661745,-0.1682661745,0.4378829604
78.8,0.7335945237,-0.1569893521,-0.1569893521,0.4643670032
78.825,0.7579235288,-0.1450427538,-0.1450427538,0.4914594535
78.85,0.7812470377,-0.1324115948,-0.1324115948,0.5191259951
78.875,0.8035331511,-0.1190819702,-0.1190819702,0.5473305419
78.9,0.8247513168,-0.1050408997,-0.1050408997,0.5760351907
78.925,0.8448723727,-0.09027637405,-0.09027637405,0.6052001649
78.95,0.8638685884,-0.07477740247,-0.07477740247,0.6347837524
78.975,0.8817137049,-0.05853406171,-0.05853406171,0.6647422351
79,0.8983829722,-0.04153754763,-0.04153754763,0.6950298118
79.025,0.9138531853,-0.02378022782,-0.02378022782,0.7255985145
79.05,0.9281027177,-0.005255697063,-0.005255697063,0.7563981197
79.075,0.9411115537,0.01404116496,0.01404116496,0.7873760542
79.1,0.9528613177,0.03411413394,0.03411413394,0.8184772981
79.125,0.9633353016,0.05496557846,0.05496557846,0.8496442865
79.15,0.9725184906,0.07659639512,0.07659639512,0.880816811
79.175,0.9803975861,0.09900594138,0.09900594138,0.9119319239
79.2,0.9869610266,0.1221919656,0.1221919656,0.9429238472
79.225,0.9921990062,0.1461505355,0.1461505355,0.9737238904
79.25,0.996103491,0.1708759647,0.1708759647,1.004260379
79.275,0.9986682329,0.1963607364,0.1963607364,1.034458598
79.3,0.9998887812,0.2225954283,0.2225954283,1.064240756
79.325,0.9997624918,0.249568634,0.249568634,1.09352597
79.35,0.9982885335,0.2772668867,0.2772668867,1.122230278
79.375,0.9954678929,0.305674583,0.305674583,1.150266691
79.4,0.9913033758,0.3347739068,0.3347739068,1.177545271
79.425,0.9857996064,0.3645447591,0.3645447591,1.203973265
79.45,0.9789630247,0.394964688,0.394964688,1.229455268
79.475,0.9708018806,0.4260088247,0.4260088247,1.253893477
79.5,0.961326226,0.4576498308,0.4576498308,1.277187933
79.525,0.9505479042,0.4898578429,0.4898578429,1.299236915
79.55,0.9384805369,0.5226004385,0.5226004385,1.319937305
79.575,0.9251395092,0.5558426033,0.5558426033,1.339185105
79.6,0.9105419513,0.5895467189,0.5895467189,1.356875946
79.625,0.8947067186,0.6236725583,0.6236725583,1.372905733
79.65,0.8776543688,0.6581773031,0.6581773031,1.387171297
79.675,0.8594071374,0.6930155751,0.6930155751,1.399571167
79.7,0.8399889097,0.7281394879,0.7281394879,1.410006342
79.725,0.8194251918,0.7634987216,0.7634987216,1.418381182
79.75,0.7977430785,0.7990406144,0.7990406144,1.424604272
79.775,0.7749712189,0.8347102834,0.8347102834,1.428589375
79.8,0.7511397805,0.8704507639,0.8704507639,1.430256373
79.825,0.7262804106,0.9062031735,0.9062031735,1.429532215
79.85,0.7004261953,0.9419069038,0.9419069038,1.426351871
79.875,0.6736116176,0.9774998287,0.9774998287,1.420659226
79.9,0.6458725122,1.01291854,1.01291854,1.412407946
79.925,0.6172460191,1.048098603,1.048098603,1.401562275
79.95,0.5877705352,1.082974827,1.082974827,1.38809772
79.975,0.5574856638,1.117481556,1.117481556,1.372001658
80,0.5264321629,1.151552975,1.151552975,1.353273801
80.025,0.494651891,1.185123414,1.185123414,1.33192652
80.05,0.462187752,1.218127678,1.218127678,1.307985021
80.075,0.4290836383,1.25050136,1.25050136,1.281487358
80.1,0.3953843723,1.282181164,1.282181164,1.252484272
80.125,0.3611356464,1.313105218,1.313105218,1.221038855
80.15,0.3263839621,1.343213376,1.343213376,1.187226056
80.175,0.2911765677,1.372447507,1.372447507,1.151132014
80.2,0.2555613944,1.400751768,1.400751768,1.112853228
80.225,0.2195869917,1.428072843,1.428072843,1.072495619
80.25,0.1833024621,1.454360175,1.454360175,1.030173421
80.275,0.1467573945,1.479566152,1.479566152,0.9860080244
80.3,0.1100017963,1.503646275,1.503646275,0.9401266999
80.325,0.07308602608,1.526559286,1.526559286,0.8926612761
80.35,0.03606072441,1.548267263,1.548267263,0.8437468267
80.375,-0.001023255241,1.568735692,1.568735692,0.7935202636
80.4,-0.03811491626,1.587933489,1.587933489,0.7421190869
80.425,-0.07516318888,1.605832998,1.605832998,0.6896800037
80.45,-0.1121170006,1.622409964,1.622409964,0.6363377993
80.475,-0.1489253464,1.63764346,1.63764346,0.5822241296
80.5,-0.1855373596,1.651515805,1.651515805,0.5274664949
80.525,-0.2219023821,1.664012441,1.664012441,0.4721873305
80.55,-0.2579700349,1.675121798,1.675121798,0.4165031385
80.575,-0.2936902881,1.684835141,1.684835141,0.360523847
80.6,-0.3290135307,1.693146389,1.693146389,0.3043521884
80.625,-0.3638906402,1.700051942,1.700051942,0.2480832961
80.65,-0.3982730511,1.705550472,1.705550472,0.1918043475
80.675,-0.4321128233,1.709642737,1.709642737,0.1355943748
80.7,-0.4653627098,1.712331358,1.712331358,0.07952415348
80.725,-0.497976223,1.713620632,1.713620632,0.02365620302
80.75,-0.5299077007,1.713516309,1.713516309,-0.03195512057
80.775,-0.5611123711,1.712025403,1.712025403,-0.08726346774
80.8,-0.591546416,1.709155984,1.709155984,-0.1422302426
80.825,-0.6211670337,1.704916999,1.704916999,-0.1968243313
80.85,-0.6499325001,1.699318075,1.699318075,-0.2510217335
80.875,-0.6778022288,1.692369363,1.692369363,-0.3048052132
80.9,-0.7047368288,1.684081356,1.684081356,-0.3581638598
80.925,-0.7306981622,1.674464753,1.674464753,-0.4110926934
80.95,-0.7556493991,1.663530301,1.663530301,-0.4635921903
80.975,-0.779555071,1.651288677,1.651288677,-0.5156678734
81,-0.802381123,1.637750356,1.637750356,-0.5673298274
81.025,-0.8240949631,1.622925515,1.622925515,-0.6185922952
81.05,-0.8446655107,1.606823922,1.606823922,-0.6694732037
81.075,-0.8640632424,1.589454859,1.589454859,-0.719993775
81.1,-0.8822602358,1.570827037,1.570827037,-0.7701780814
81.125,-0.8992302114,1.550948536,1.550948536,-0.820052666
81.15,-0.9149485719,1.529826746,1.529826746,-0.8696461472
81.175,-0.9293924398,1.507468319,1.507468319,-0.9189888307
81.2,-0.9425406921,1.483879131,1.483879131,-0.9681123775
81.225,-0.954373993,1.459064255,1.459064255,-1.017049393
81.25,-0.9648748239,1.433027939,1.433027939,-1.065833138
81.275,-0.9740275112,1.405773596,1.405773596,-1.114497148
81.3,-0.9818182513,1.377303801,1.377303801,-1.163074873
81.325,-0.9882351331,1.347620295,1.347620295,-1.211599396
81.35,-0.9932681581,1.316724004,1.316724004,-1.260103004
81.375,-0.9969092576,1.28461506,1.28461506,-1.308616848
81.4,-0.9991523074,1.251292828,1.251292828,-1.35717062
81.425,-0.9999931396,1.216755963,1.216755963,-1.405792064
81.45,-0.9994295519,1.18100245,1.18100245,-1.454506591
81.475,-0.9974613137,1.144029668,1.144029668,-1.503336881
81.5,-0.9940901703,1.105834478,1.105834478,-1.552302284
81.525,-0.9893198435,1.066413298,1.066413298,-1.601418381
81.55,-0.9831560299,1.025762207,1.025762207,-1.650696405
81.575,-0.9756063957,0.9838770748,0.9838770748,-1.700142537
81.6,-0.96668057,0.9407536732,0.9407536732,-1.749757353
81.625,-0.9563901339,0.896387848,0.896387848,-1.799534986
81.65,-0.9447486079,0.8507756743,0.8507756743,-1.849462385
81.675,-0.9317714359,0.8039136536,0.8039136536,-1.89951845
81.7,-0.9174759664,0.7557989279,0.7557989279,-1.949673078
81.725,-0.9018814318,0.7064295089,0.7064295089,-1.999886227
81.75,-0.8850089238,0.6558045511,0.6558045511,-2.050106812
81.775,-0.8668813671,0.6039246294,0.6039246294,-2.100271658
81.8,-0.84752349,0.5507920656,0.5507920656,-2.150304304
81.825,-0.8269617919,0.4964112692,0.4964112692,-2.200113856
81.85,-0.8052245097,0.4407891147,0.4407891147,-2.24959377
81.875,-0.7823415798,0.3839353511,0.3839353511,-2.298620663
81.9,-0.7583445991,0.3258630298,0.3258630298,-2.347053168
81.925,-0.7332667827,0.266588977,0.266588977,-2.394730823
81.95,-0.7071429195,0.2061342779,0.2061342779,-2.441473112
81.975,-0.6800093256,0.1445247888,0.1445247888,-2.487078633
82,-0.651903795,0.08179167028,0.08179167028,-2.531324496
82.025,-0.6228655486,0.01797192751,0.01797192751,-2.573965995
82.05,-0.5929351807,-0.04689104468,-0.04689104468,-2.614736622
82.075,-0.5621546035,-0.1127469197,-0.1127469197,-2.653348509
82.1,-0.5305669899,-0.1795379166,-0.1795379166,-2.689493356
82.125,-0.4982167137,-0.2471983066,-0.2471983066,-2.722843937
82.15,-0.4651492888,-0.3156539659,-0.3156539659,-2.753056255
82.175,-0.4314113059,-0.3848219875,-0.3848219875,-2.779772391
82.2,-0.397050368,-0.4546103829,-0.4546103829,-2.802624102
82.225,-0.3621150242,-0.5249178718,-0.5249178718,-2.821237262
82.25,-0.3266547019,-0.5956337996,-0.5956337996,-2.835236998
82.275,-0.2907196375,-0.6666381925,-0.6666381925,-2.844253659
82.3,-0.2543608063,-0.7378019698,-0.7378019698,-2.847929466
82.325,-0.2176298506,-0.8089873287,-0.8089873287,-2.845925715
82.35,-0.180579007,-0.8800483168,-0.8800483168,-2.837930438
82.375,-0.1432610324,-0.9508315984,-0.9508315984,-2.823666276
82.4,-0.1057291299,-1.021177419,-1.021177419,-2.802898353
82.425,-0.06803687269,-1.090920762,-1.090920762,-2.77544186
82.45,-0.03023812812,-1.159892691,-1.159892691,-2.741169053
82.475,0.007613018969,-1.227921855,-1.227921855,-2.70001536
82.5,0.04546234362,-1.294836128,-1.294836128,-2.651984301
82.525,0.08325555833,-1.360464364,-1.360464364,-2.597150934
82.55,0.1209383909,-1.424638205,-1.424638205,-2.535663623
82.575,0.1584566626,-1.487193922,-1.487193922,-2.467743942
82.6,0.1957563659,-1.54797422,-1.54797422,-2.393684641
82.625,0.2327837428,-1.606829973,-1.606829973,-2.313845669
82.65,0.2694853624,-1.663621835,-1.663621835,-2.228648373
82.675,0.3058081984,-1.718221687,-1.718221687,-2.138568017
82.7,0.3416997062,-1.770513871,-1.770513871,-2.044124949
82.725,0.3771078995,-1.8203962,-1.8203962,-1.945874656
82.75,0.4119814261,-1.867780706,-1.867780706,-1.844397144
82.775,0.4462696429,-1.912594111,-1.912594111,-1.740286106
82.8,0.4799226907,-1.954778038,-1.954778038,-1.634138046
82.825,0.5128915667,-1.994288951,-1.994288951,-1.526541971
82.85,0.5451281975,-2.031097843,-2.031097843,-1.41806989
82.875,0.5765855097,-2.065189709,-2.065189709,-1.309268275
82.9,0.6072174999,-2.096562803,-2.096562803,-1.200650837
82.925,0.6369793027,-2.125227756,-2.125227756,-1.092692684
82.95,0.6658272578,-2.151206545,-2.151206545,-0.9858258674
82.975,0.6937189754,-2.174531374,-2.174531374,-0.8804363588
83,0.7206133992,-2.195243506,-2.195243506,-0.776862385
83.025,0.7464708688,-2.213392053,-2.213392053,-0.6753939827
83.05,0.771253179,-2.229032785,-2.229032785,-0.5762736443
83.075,0.794923638,-2.242226953,-2.242226953,-0.4796978972
83.1,0.817447123,-2.25304017,-2.25304017,-0.3858196261
83.125,0.838790134,-2.261541357,-2.261541357,-0.2947509594
83.15,0.8589208451,-2.267801763,-2.267801763,-0.2065665949
83.175,0.8778091534,-2.271894072,-2.271894072,-0.1213073616
83.2,0.895426726,-2.273891603,-2.273891603,-0.03898390849
83.225,0.911747044,-2.273867606,-2.273867606,0.04041958615
83.25,0.926745444,-2.27189464,-2.27189464,0.116941792
83.275,0.9403991574,-2.268044048,-2.268044048,0.1906407585
83.3,0.9526873464,-2.262385515,-2.262385515,0.2615906549
83.325,0.963591138,-2.2549867,-2.2549867,0.3298787565
83.35,0.9730936545,-2.245912947,-2.245912947,0.3956026998
83.375,0.9811800415,-2.235227055,-2.235227055,0.4588680175
83.4,0.9878374931,-2.222989109,-2.222989109,0.5197859537
83.425,0.993055274,-2.209256361,-2.209256361,0.5784715514
83.45,0.9968247383,-2.194083158,-2.194083158,0.6350420024
83.475,0.9991393463,-2.177520904,-2.177520904,0.6896152389
83.5,0.9999946769,-2.15961806,-2.15961806,0.7423087491
83.525,0.9993884378,-2.140420163,-2.140420163,0.7932385954
83.55,0.9973204727,-2.119969878,-2.119969878,0.8425186155
83.575,0.9937927648,-2.098307055,-2.098307055,0.8902597831
83.6,0.9888094375,-2.075468814,-2.075468814,0.9365697069
83.625,0.9823767518,-2.05148963,-2.05148963,0.9815522498
83.65,0.9745031011,-2.02640143,-2.02640143,1.025307252
83.675,0.9651990019,-2.000233699,-2.000233699,1.067930339
83.7,0.9544770822,-1.973013584,-1.973013584,1.109512798
83.725,0.9423520665,-1.944766006,-1.944766006,1.15014151
83.75,0.9288407574,-1.915513768,-1.915513768,1.189898936
83.775,0.9139620145,-1.885277668,-1.885277668,1.228863122
83.8,0.8977367303,-1.854076607,-1.854076607,1.267107744
83.825,0.8801878022,-1.821927698,-1.821927698,1.304702155
83.85,0.861340103,-1.788846374,-1.788846374,1.341711456
83.875,0.8412204466,-1.754846493,-1.754846493,1.378196555
83.9,0.8198575526,-1.71994044,-1.71994044,1.414214234
83.925,0.7972820064,-1.684139236,-1.684139236,1.449817203
83.95,0.7735262174,-1.647452629,-1.647452629,1.485054145
83.975,0.7486243746,-1.609889205,-1.609889205,1.519969743
84,0.7226123985,-1.57145648,-1.57145648,1.554604691
84.025,0.6955278912,-1.532161002,-1.532161002,1.588995679
84.05,0.6674100835,-1.492008456,-1.492008456,1.623175356
84.075,0.6382997797,-1.451003756,-1.451003756,1.657172274
84.1,0.6082392998,-1.409151161,-1.409151161,1.691010781
84.125,0.5772724193,-1.366454369,-1.366454369,1.724710918
84.15,0.545444307,-1.322916637,-1.322916637,1.758288244
84.175,0.5128014602,-1.278540888,-1.278540888,1.791753664
84.2,0.479391638,-1.233329834,-1.233329834,1.825113199
84.225,0.4452637926,-1.187286102,-1.187286102,1.858367725
84.25,0.4104679986,-1.140412359,-1.140412359,1.891512698
84.275,0.3750553809,-1.092711465,-1.092711465,1.924537793
84.3,0.3390780398,-1.044186603,-1.044186603,1.957426591
84.325,0.302588976,-0.9948414601,-0.9948414601,1.990156133
84.35,0.2656420127,-0.9446803711,-0.9446803711,2.022696542
84.375,0.2282917173,-0.8937085174,-0.8937085174,2.055010545
84.4,0.1905933212,-0.8419321047,-0.8419321047,2.087053012
84.425,0.152602639,-0.7893585725,-0.7893585725,2.118770476
84.45,0.1143759859,-0.735996806,-0.735996806,2.150100626
84.475,0.07597009508,-0.681857363,-0.681857363,2.180971831
84.5,0.03744203353,-0.6269527147,-0.6269527147,2.211302648
84.525,-0.001150882367,-0.5712974951,-0.5712974951,2.241001382
84.55,-0.03975117198,-0.5149087627,-0.5149087627,2.269965675
84.575,-0.07830127594,-0.4578062735,-0.4578062735,2.298082154
84.6,-0.116743642,-0.4000127555,-0.4000127555,2.325226176
84.625,-0.1550208109,-0.3415541994,-0.3415541994,2.351261662
84.65,-0.1930755026,-0.2824601368,-0.2824601368,2.376041063
84.675,-0.2308507022,-0.2227639343,-0.2227639343,2.399405499
84.7,-0.2682897455,-0.1625030666,-0.1625030666,2.421185053
84.725,-0.3053364046,-0.1017193895,-0.1017193895,2.441199306
84.75,-0.3419349727,-0.04045939436,-0.04045939436,2.459258099
84.775,-0.3780303484,0.02122556441,0.02122556441,2.475162554
84.8,-0.4135681196,0.08327906354,0.08327906354,2.488706419
84.825,-0.4484946456,0.145639448,0.145639448,2.499677676
84.85,-0.4827571396,0.2082397107,0.2082397107,2.507860508
84.875,-0.5163037488,0.2710074252,0.2710074252,2.51303759
84.9,-0.5490836339,0.3338647394,0.3338647394,2.514992684
84.925,-0.5810470475,0.3967284388,0.3967284388,2.513513553
84.95,-0.6121454103,0.4595100866,0.4595100866,2.508395155
84.975,-0.6423313859,0.5221162451,0.5221162451,2.499443065
85,-0.6715589548,0.5844487859,0.5844487859,2.486477066
85.025,-0.6997834852,0.6464052907,0.6464052907,2.469334835
85.05,-0.7269618026,0.7078795459,0.7078795459,2.447875659
85.075,-0.7530522574,0.7687621284,0.7687621284,2.421984047
85.1,-0.7780147901,0.8289410786,0.8289410786,2.391573147
85.125,-0.8018109945,0.8883026565,0.8883026565,2.356587856
85.15,-0.8244041778,0.9467321693,0.9467321693,2.317007503
85.175,-0.8457594196,1.004114861,1.004114861,2.272848006
85.2,-0.865843627,1.060336849,1.060336849,2.224163384
85.225,-0.8846255877,1.115286085,1.115286085,2.171046571
85.25,-0.9020760203,1.168853331,1.168853331,2.113629437
85.275,-0.9181676218,1.220933128,1.220933128,2.052082022
85.3,-0.9328751122,1.271424725,1.271424725,1.986610934
85.325,-0.9461752757,1.320232975,1.320232975,1.917456964
85.35,-0.9580469999,1.367269141,1.367269141,1.844891968
85.375,-0.9684713105,1.412451635,1.412451635,1.769215105
85.4,-0.9774314043,1.455706643,1.455706643,1.690748491
85.425,-0.9849126775,1.496968644,1.496968644,1.609832477
85.45,-0.990902752,1.5361808,1.5361808,1.526820666
85.475,-0.9953914977,1.573295225,1.573295225,1.442074702
85.5,-0.9983710515,1.608273122,1.608273122,1.355959213
85.525,-0.9998358328,1.641084796,1.641084796,1.268836807
85.55,-0.9997825561,1.671709541,1.671709541,1.181063406
85.575,-0.9982102393,1.70013542,1.70013542,1.092983923
85.6,-0.9951202095,1.726358942,1.726358942,1.004928494
85.625,-0.9905161041,1.750384652,1.750384652,0.9172091848
85.65,-0.9844038697,1.772224636,1.772224636,0.8301172938
85.675,-0.9767917562,1.791897989,1.791897989,0.7439212998
85.7,-0.9676903084,1.809430209,1.809430209,0.6588653324
85.725,-0.9571123536,1.824852587,1.824852587,0.5751682785
85.75,-0.9450729856,1.838201565,1.838201565,0.4930233776
85.775,-0.9315895454,1.849518094,1.849518094,0.4125983257
85.8,-0.9166815985,1.858847009,1.858847009,0.334035776
85.825,-0.9003709086,1.866236399,1.866236399,0.2574542336
85.85,-0.8826814079,1.87173703,1.87173703,0.1829492046
85.875,-0.8636391637,1.875401784,1.875401784,0.1105946043
85.9,-0.8432723428,1.877285135,1.877285135,0.040444323
85.925,-0.8216111708,1.877442671,1.877442671,-0.02746609843
85.95,-0.7986878901,1.875930658,1.875930658,-0.09311772658
85.975,-0.7745367131,1.872805645,1.872805645,-0.1565064775
86,-0.7491937733,1.868124119,1.868124119,-0.2176413777
86.025,-0.722697073,1.861942191,1.861942191,-0.2765428754
86.05,-0.6950864277,1.854315337,1.854315337,-0.3332412257
86.075,-0.6664034085,1.84529817,1.84529817,-0.3877749674
86.1,-0.6366912807,1.83494425,1.83494425,-0.4401895007
86.125,-0.6059949401,1.823305932,1.823305932,-0.490535782
86.15,-0.5743608469,1.810434236,1.810434236,-0.5388691369
86.175,-0.5418369565,1.796378761,1.796378761,-0.5852481802
86.2,-0.5084726482,1.781187606,1.781187606,-0.6297338587
86.225,-0.4743186518,1.764907326,1.764907326,-0.6723886095
86.25,-0.4394269713,1.747582907,1.747582907,-0.7132756094
86.275,-0.4038508069,1.72925775,1.72925775,-0.752458136
86.3,-0.3676444751,1.70997368,1.70997368,-0.7899990196
86.325,-0.3308633268,1.689770963,1.689770963,-0.8259601653
86.35,-0.2935636633,1.668688331,1.668688331,-0.8604021745
86.375,-0.2558026511,1.646763022,1.646763022,-0.8933840089
86.4,-0.217638235,1.624030822,1.624030822,-0.9249627392
86.425,-0.17912905,1.600526119,1.600526119,-0.9551933271
86.45,-0.1403343313,1.57628195,1.57628195,-0.9841284729
86.475,-0.1013138244,1.551330071,1.551330071,-1.011818487
86.5,-0.06212769278,1.525701003,1.525701003,-1.038311214
86.525,-0.02283642594,1.499424109,1.499424109,-1.063651968
86.55,0.01649925399,1.472527647,1.472527647,-1.087883514
86.575,0.05581848586,1.445038841,1.445038841,-1.111046057
86.6,0.09506036364,1.416983938,1.416983938,-1.133177249
86.625,0.1341640308,1.388388279,1.388388279,-1.154312223
86.65,0.1730687747,1.359276356,1.359276356,-1.174483626
86.675,0.2117141213,1.329671875,1.329671875,-1.193721669
86.7,0.2500399292,1.299597818,1.299597818,-1.212054184
86.725,0.2879864837,1.269076499,1.269076499,-1.229506686
86.75,0.3254945903,1.238129623,1.238129623,-1.246102439
86.775,0.3625056678,1.206778341,1.206778341,-1.261862532
86.8,0.3989618401,1.175043301,1.175043301,-1.276805947
86.825,0.4348060274,1.142944707,1.142944707,-1.290949643
86.85,0.4699820369,1.110502358,1.110502358,-1.304308626
86.875,0.5044346509,1.077735705,1.077735705,-1.316896036
86.9,0.5381097155,1.044663891,1.044663891,-1.328723224
86.925,0.5709542258,1.011305798,1.011305798,-1.339799833
86.95,0.6029164109,0.9776800867,0.9776800867,-1.350133889
86.975,0.6339458168,0.9438052367,0.9438052367,-1.359731874
87,0.663993387,0.9096995846,0.9096995846,-1.368598819
87.025,0.6930115415,0.875381357,0.875381357,-1.376738394
87.05,0.7209542537,0.8408687059,0.8408687059,-1.384152984
87.075,0.7477771247,0.806179739,0.806179739,-1.3908438
87.1,0.7734374553,0.7713325461,0.7713325461,-1.396810952
87.125,0.7978943159,0.736345229,0.736345229,-1.402053561
87.15,0.821108613,0.7012359207,0.7012359207,-1.406569849
87.175,0.8430431538,0.6660228103,0.6660228103,-1.410357241
87.2,0.8636627074,0.6307241598,0.6307241598,-1.41341248
87.225,0.8829340629,0.5953583195,0.5953583195,-1.415731721
87.25,0.9008260853,0.5599437429,0.5599437429,-1.417310658
87.275,0.9173097673,0.5244989946,0.5244989946,-1.418144632
87.3,0.9323582784,0.4890427601,0.4890427601,-1.418228746
87.325,0.9459470105,0.4535938478,0.4535938478,-1.417558007
87.35,0.9580536203,0.4181711917,0.4181711917,-1.416127427
87.375,0.9686580678,0.3827938489,0.3827938489,-1.413932176
87.4,0.9777426518,0.3474809932,0.3474809932,-1.410967701
87.425,0.9852920412,0.3122519087,0.3122519087,-1.407229859
87.45,0.9912933033,0.277125975,0.277125975,-1.402715067
87.475,0.9957359279,0.2421226544,0.2421226544,-1.397420419
87.5,0.9986118475,0.2072614705,0.2072614705,-1.39134384
87.525,0.9999154543,0.1725619882,0.1725619882,-1.384484209
87.55,0.9996436128,0.138043786,0.138043786,-1.376841504
87.575,0.9977956688,0.103726429,0.103726429,-1.36841692
87.6,0.9943734542,0.06962943493,0.06962943493,-1.359213006
87.625,0.9893812886,0.0357722401,0.0357722401,-1.349233778
87.65,0.9828259757,0.002174160757,0.002174160757,-1.33848484
87.675,0.9747167973,-0.03114564785,-0.03114564785,-1.32697348
87.7,0.9650655021,-0.06416823483,-0.06416823483,-1.314708774
87.725,0.9538862911,-0.09687489938,-0.09687489938,-1.301701668
87.75,0.9411957993,-0.1292472384,-0.1292472384,-1.287965051
87.775,0.9270130732,-0.1612671962,-0.1612671962,-1.273513815
87.8,0.9113595441,-0.1929171146,-0.1929171146,-1.258364897
87.825,0.8942589984,-0.2241797849,-0.2241797849,-1.242537315
87.85,0.8757375436,-0.2550385001,-0.2550385001,-1.226052175
87.875,0.8558235701,-0.2854771068,-0.2854771068,-1.208932671
87.9,0.8345477105,-0.3154800572,-0.3154800572,-1.191204064
87.925,0.8119427941,-0.345032461,-0.345032461,-1.172893637
87.95,0.7880437983,-0.3741201338,-0.3741201338,-1.154030648
87.975,0.7628877963,-0.4027296478,-0.4027296478,-1.134646245
88,0.7365139021,-0.4308483752,-0.4308483752,-1.114773383
88.025,0.7089632106,-0.4584645346,-0.4584645346,-1.094446703
88.05,0.6802787361,-0.4855672299,-0.4855672299,-1.073702418
88.075,0.6505053467,-0.5121464888,-0.5121464888,-1.052578166
88.1,0.6196896956,-0.5381932957,-0.5381932957,-1.031112856
88.125,0.5878801495,-0.5636996226,-0.5636996226,-1.009346499
88.15,0.5551267147,-0.5886584529,-0.5886584529,-0.9873200351
88.175,0.5214809593,-0.6130638039,-0.6130638039,-0.9650751375
88.2,0.4869959339,-0.6369107413,-0.6369107413,-0.9426540263
88.225,0.4517260891,-0.6601953913,-0.6601953913,-0.9200992539
88.25,0.4157271906,-0.682914946,-0.682914946,-0.8974535185
88.275,0.3790562321,-0.7050676643,-0.7050676643,-0.8747594327
88.3,0.3417713467,-0.7266528678,-0.7266528678,-0.8520593423
88.325,0.303931715,-0.7476709303,-0.7476709303,-0.8293950976
88.35,0.2655974724,-0.7681232646,-0.7681232646,-0.8068078655
88.375,0.2268296144,-0.7880123014,-0.7880123014,-0.7843379309
88.4,0.1876899,-0.8073414655,-0.8073414655,-0.7620244971
88.425,0.1482407542,-0.8261151473,-0.8261151473,-0.7399055214
88.45,0.1085451688,-0.8443386668,-0.8443386668,-0.7180175222
88.475,0.06866660249,-0.8620182398,-0.8620182398,-0.6963954388
88.5,0.02866887932,-0.8791609318,-0.8791609318,-0.6750724636
88.525,-0.0113839128,-0.8957746171,-0.8957746171,-0.6540799183
88.55,-0.05142752474,-0.9118679263,-0.9118679263,-0.6334471217
88.575,-0.09139764922,-0.9274501984,-0.9274501984,-0.6132012833
88.6,-0.131230024,-0.9425314241,-0.9425314241,-0.5933674057
88.625,-0.1708605354,-0.9571221915,-0.9571221915,-0.5739682009
88.65,-0.2102253215,-0.9712336267,-0.9712336267,-0.5550240237
88.675,-0.2492608759,-0.9848773348,-0.9848773348,-0.5365528146
88.7,-0.2879041499,-0.9980653386,-0.9980653386,-0.5185700609
88.725,-0.326092655,-1.010810017,-1.010810017,-0.5010887656
88.75,-0.3637645651,-1.023124044,-1.023124044,-0.4841194354
88.775,-0.4008588163,-1.035020323,-1.035020323,-0.4676700741
88.8,-0.4373152075,-1.046511927,-1.046511927,-0.4517461938
88.825,-0.4730744985,-1.057612037,-1.057612037,-0.4363508319
88.85,-0.5080785073,-1.068333879,-1.068333879,-0.4214845823
88.875,-0.5422702058,-1.078690661,-1.078690661,-0.4071456337
88.9,-0.5755938137,-1.088695521,-1.088695521,-0.3933298175
88.925,-0.6079948909,-1.098361458,-1.098361458,-0.3800306654
88.95,-0.6394204276,-1.107701288,-1.107701288,-0.3672394705
88.975,-0.6698189323,-1.116727575,-1.116727575,-0.3549453619
89,-0.6991405178,-1.125452591,-1.125452591,-0.3431353761
89.025,-0.7273369843,-1.133888254,-1.133888254,-0.3317945462
89.05,-0.7543619003,-1.142046087,-1.142046087,-0.3209059809
89.075,-0.7801706807,-1.149937166,-1.149937166,-0.310450966
89.1,-0.8047206622,-1.157572078,-1.157572078,-0.30040905
89.125,-0.8279711755,-1.164960878,-1.164960878,-0.2907581521
89.15,-0.8498836141,-1.172113048,-1.172113048,-0.2814746577
89.175,-0.870421501,-1.179037464,-1.179037464,-0.2725335255
89.2,-0.8895505508,-1.185742358,-1.185742358,-0.2639083974
89.225,-0.9072387291,-1.192235288,-1.192235288,-0.2555716962
89.25,-0.9234563082,-1.198523108,-1.198523108,-0.2474947519
89.275,-0.9381759191,-1.204611943,-1.204611943,-0.2396478946
89.3,-0.9513725997,-1.210507166,-1.210507166,-0.2320005768
89.325,-0.9630238394,-1.216213374,-1.216213374,-0.224521486
89.35,-0.9731096195,-1.221734375,-1.221734375,-0.2171786422
89.375,-0.98161245,-1.227073171,-1.227073171,-0.2099395314
89.4,-0.9885174019,-1.232231942,-1.232231942,-0.2027711976
89.425,-0.9938121357,-1.237212043,-1.237212043,-0.1956403524
89.45,-0.9974869256,-1.242013993,-1.242013993,-0.1885135064
89.475,-0.9995346795,-1.246637472,-1.246637472,-0.1813570478
89.5,-0.9999509548,-1.251081318,-1.251081318,-0.1741373535
89.525,-0.9987339698,-1.255343533,-1.255343533,-0.1668209154
89.55,-0.9958846109,-1.25942128,-1.25942128,-0.1593744121
89.575,-0.991406435,-1.263310894,-1.263310894,-0.1517648123
89.6,-0.9853056685,-1.26700789,-1.26700789,-0.1439594854
89.625,-0.9775912007,-1.27050697,-1.27050697,-0.135926273
89.65,-0.9682745738,-1.273802041,-1.273802041,-0.1276335835
89.675,-0.9573699679,-1.276886228,-1.276886228,-0.1190504811
89.7,-0.9448941822,-1.279751893,-1.279751893,-0.110146749
89.725,-0.9308666114,-1.282390648,-1.282390648,-0.1008929771
89.75,-0.9153092179,-1.284793386,-1.284793386,-0.09126062179
89.775,-0.8982464996,-1.286950294,-1.286950294,-0.08122207095
89.8,-0.8797054543,-1.288850883,-1.288850883,-0.07075070259
89.825,-0.8597155384,-1.290484009,-1.290484009,-0.05982093213
89.85,-0.838308623,-1.291837905,-1.291837905,-0.04840826155
89.875,-0.8155189449,-1.292900203,-1.292900203,-0.03648931401
89.9,-0.7913830541,-1.293657966,-1.293657966,-0.02404186896
89.925,-0.7659397572,-1.294097717,-1.294097717,-0.0110448852
89.95,-0.739230057,-1.294205465,-1.294205465,0.002521478979
89.975,-0.7112970886,-1.293966742,-1.293966742,0.01667585459
90,-0.6821860513,-1.293366627,-1.293366627,0.03143565663
90.025,-0.6519441373,-1.292389779,-1.292389779,0.04681708515
90.05,-0.6206204573,-1.291020467,-1.291020467,0.06283513358
90.075,-0.5882659621,-1.289242602,-1.289242602,0.07950360292
90.1,-0.5549333614,-1.287039761,-1.287039761,0.0968351216
90.125,-0.5206770395,-1.284395224,-1.284395224,0.114841173
90.15,-0.485552968,-1.281291995,-1.281291995,0.1335321252
90.175,-0.4496186158,-1.277712833,-1.277712833,0.1529172699
90.2,-0.4129328562,-1.273640278,-1.273640278,0.1730048638
90.225,-0.3755558715,-1.269056675,-1.269056675,0.1938021701
90.25,-0.337549056,-1.263944202,-1.263944202,0.2153155175
90.275,-0.2989749154,-1.258284887,-1.258284887,0.237550341
90.3,-0.2598969655,-1.252060634,-1.252060634,0.2605112459
90.325,-0.220379628,-1.245253242,-1.245253242,0.2842020633
90.35,-0.1804881254,-1.237844422,-1.237844422,0.3086259007
90.375,-0.140288374,-1.229815817,-1.229815817,0.3337852134
90.4,-0.09984687519,-1.221149017,-1.221149017,0.3596818522
90.425,-0.05923060604,-1.211825569,-1.211825569,0.3863171209
90.45,-0.01850690885,-1.201826998,-1.201826998,0.4136918407
90.475,0.02225662036,-1.191134812,-1.191134812,0.4418063902
90.5,0.06299224393,-1.179730514,-1.179730514,0.4706607595
90.525,0.103632195,-1.167595612,-1.167595612,0.5002545965
90.55,0.1441087905,-1.154711627,-1.154711627,0.5305872365
90.575,0.1843545436,-1.141060101,-1.141060101,0.56165774
90.6,0.224302277,-1.126622601,-1.126622601,0.593464913
90.625,0.263885235,-1.111380728,-1.111380728,0.6260073198
90.65,0.3030371958,-1.095316122,-1.095316122,0.6592832867
90.675,0.3416925828,-1.078410467,-1.078410467,0.6932908958
90.7,0.3797865747,-1.060645498,-1.060645498,0.7280279639
90.725,0.4172552156,-1.04200301,-1.04200301,0.7634919991
90.75,0.4540355227,-1.022464864,-1.022464864,0.7996801622
90.775,0.4900655933,-1.002012995,-1.002012995,0.8365891941
90.8,0.52528471,-0.9806294282,-0.9806294282,0.8742153093
90.825,0.559633444,-0.9582962905,-0.9582962905,0.9125541171
90.85,0.5930537571,-0.9349958255,-0.9349958255,0.9516004756
90.875,0.6254891003,-0.9107104205,-0.9107104205,0.9913483079
90.9,0.6568845115,-0.8854226242,-0.8854226242,1.031790468
90.925,0.6871867097,-0.8591151806,-0.8591151806,1.07291849
90.95,0.7163441871,-0.8317710675,-0.8317710675,1.114722333
90.975,0.7443072985,-0.8033735304,-0.8033735304,1.157190146
91,0.771028347,-0.773906143,-0.773906143,1.200307891
91.025,0.7964616677,-0.7433528574,-0.7433528574,1.244059027
91.05,0.8205637071,-0.7116980741,-0.7116980741,1.288424104
91.075,0.8432931,-0.6789267254,-0.6789267254,1.333380283
91.1,0.864610742,-0.6450243549,-0.6450243549,1.378900909
91.125,0.8844798593,-0.6099772337,-0.6099772337,1.424954902
91.15,0.9028660736,-0.5737724639,-0.5737724639,1.471506232
91.175,0.9197374644,-0.5363981231,-0.5363981231,1.518513231
91.2,0.935064626,-0.4978434028,-0.4978434028,1.565927944
91.225,0.9488207211,-0.4580987846,-0.4580987846,1.613695364
91.25,0.9609815304,-0.4171562164,-0.4171562164,1.661752678
91.275,0.971525497,-0.3750093279,-0.3750093279,1.710028419
91.3,0.9804337672,-0.3316536471,-0.3316536471,1.758441637
91.325,0.9876902264,-0.2870868582,-0.2870868582,1.806900994
91.35,0.9932815307,-0.2413090649,-0.2413090649,1.855303886
91.375,0.9971971335,-0.194323087,-0.194323087,1.903535539
91.4,0.999429308,-0.1461347762,-0.1461347762,1.951468138
91.425,0.9999731644,-0.09675334917,-0.09675334917,1.998959998
91.45,0.9988266626,-0.04619174748,-0.04619174748,2.045854792
91.475,0.99599062,0.005532989129,0.005532989129,2.091980893
91.5,0.9914687147,0.05839933373,0.05839933373,2.137150845
91.525,0.9852674838,0.112380871,0.112380871,2.181161006
91.55,0.9773963163,0.1674458908,0.1674458908,2.223791424
91.575,0.967867442,0.2235569808,0.2235569808,2.264805964
91.6,0.9566959151,0.2806706285,0.2806706285,2.303952764
91.625,0.9438995928,0.3387368359,0.3387368359,2.340965063
91.65,0.9294991095,0.3976987606,0.3976987606,2.375562437
91.675,0.9135178462,0.4574923992,0.4574923992,2.407452494
91.7,0.8959818945,0.518046309,0.518046309,2.43633312
91.725,0.8769200169,0.5792814011,0.5792814011,2.461895167
91.75,0.856363602,0.6411108055,0.6411108055,2.483825806
91.775,0.8343466147,0.7034398229,0.7034398229,2.501812341
91.8,0.810905543,0.7661659839,0.7661659839,2.515546572
91.825,0.7860793393,0.8291792211,0.8291792211,2.524729678
91.85,0.7599093578,0.8923621678,0.8923621678,2.529077462
91.875,0.732439288,0.9555905929,0.9555905929,2.528325919
91.9,0.7037150838,1.018733977,1.018733977,2.522236976
91.925,0.6737848884,1.081656233,1.081656233,2.510604273
91.95,0.6426989554,1.144216571,1.144216571,2.493258754
91.975,0.6105095667,1.206270497,1.206270497,2.470073926
92,0.5772709457,1.267670933,1.267670933,2.440970548
92.025,0.5430391683,1.328269454,1.328269454,2.405920567
92.05,0.5078720693,1.387917608,1.387917608,2.364950108
92.075,0.4718291466,1.446468291,1.446468291,2.318141339
92.1,0.4349714615,1.503777163,1.503777163,2.265633105
92.125,0.3973615369,1.559704059,1.559704059,2.20762023
92.15,0.3590632527,1.614114362,1.614114362,2.144351462
92.175,0.3201417375,1.666880315,1.666880315,2.076126094
92.2,0.28066326,1.717882227,1.717882227,2.003289326
92.225,0.2406951164,1.767009554,1.767009554,1.926226532
92.25,0.2003055165,1.81416182,1.81416182,1.845356614
92.275,0.1595634684,1.859249363,1.859249363,1.761124675
92.3,0.118538661,1.902193896,1.902193896,1.67399418
92.325,0.07730134532,1.942928866,1.942928866,1.584439054
92.35,0.03592221454,1.981399616,1.981399616,1.492935791
92.375,-0.005527716735,2.017563353,2.017563353,1.399955845
92.4,-0.04697723422,2.051388937,2.051388937,1.305958708
92.425,-0.08835504624,2.082856495,2.082856495,1.21138552
92.45,-0.1295899063,2.111956898,2.111956898,1.116653664
92.475,-0.1706107359,2.138691107,2.138691107,1.02215227
92.5,-0.2113467475,2.16306942,2.16306942,0.9282386621
92.525,-0.2517275665,2.185110641,2.185110641,0.8352358479
92.55,-0.2916833538,2.204841205,2.204841205,0.7434309371
92.575,-0.331144927,2.222294268,2.222294268,0.6530744502
92.6,-0.3700438805,2.237508791,2.237508791,0.5643804324
92.625,-0.4083127052,2.25052864,2.25052864,0.4775272635
92.65,-0.4458849067,2.261401704,2.261401704,0.3926590493
92.675,-0.4826951212,2.270179072,2.270179072,0.3098874754
92.7,-0.5186792306,2.276914238,2.276914238,0.2292940337
92.725,-0.5537744756,2.28166238,2.28166238,0.1509324771
92.75,-0.587919566,2.284479705,2.284479705,0.07483142356
92.775,-0.6210547892,2.285422846,2.285422846,0.0009970518256
92.8,-0.6531221162,2.284548338,2.284548338,-0.07058423699
92.825,-0.6840653046,2.281912157,2.281912157,-0.1399432072
92.85,-0.7138299991,2.277569322,2.277569322,-0.2071252931
92.875,-0.7423638281,2.271573555,2.271573555,-0.2721882475
92.9,-0.7696164985,2.263977005,2.263977005,-0.3351999623
92.925,-0.7955398854,2.254830019,2.254830019,-0.3962364747
92.95,-0.8200881193,2.244180956,2.244180956,-0.455380165
92.975,-0.8432176696,2.232076059,2.232076059,-0.512718151
93,-0.8648874232,2.218559343,2.218559343,-0.5683408702
93.025,-0.8850587602,2.203672538,2.203672538,-0.6223408445
93.05,-0.9036956247,2.187455045,2.187455045,-0.6748116161
93.075,-0.9207645916,2.16994392,2.16994392,-0.7258468423
93.1,-0.9362349286,2.15117389,2.15117389,-0.7755395374
93.125,-0.9500786542,2.131177366,2.131177366,-0.8239814408
93.15,-0.9622705903,2.109984491,2.109984491,-0.8712625035
93.175,-0.9727884107,2.087623183,2.087623183,-0.917470479
93.2,-0.9816126843,2.064119198,2.064119198,-0.9626906
93.225,-0.9887269131,2.039496197,2.039496197,-1.007005331
93.25,-0.9941175662,2.013775813,2.013775813,-1.050494186
93.275,-0.9977741073,1.986977732,1.986977732,-1.093233604
93.3,-0.9996890179,1.959119767,1.959119767,-1.135296855
93.325,-0.9998578151,1.930217939,1.930217939,-1.176753994
93.35,-0.9982790641,1.90028656,1.90028656,-1.217671832
93.375,-0.9949543853,1.869338311,1.869338311,-1.258113929
93.4,-0.9898884558,1.837384325,1.837384325,-1.298140595
93.425,-0.9830890066,1.804434267,1.804434267,-1.337808901
93.45,-0.974566813,1.770496417,1.770496417,-1.377172683
93.475,-0.9643356807,1.735577748,1.735577748,-1.416282552
93.5,-0.952412426,1.69968401,1.69968401,-1.455185876
93.525,-0.9388168511,1.662819807,1.662819807,-1.493926771
93.55,-0.9235717139,1.624988683,1.624988683,-1.532546049
93.575,-0.9067026921,1.586193205,1.586193205,-1.571081167
93.6,-0.8882383432,1.546435042,1.546435042,-1.609566135
93.625,-0.8682100579,1.505715062,1.505715062,-1.648031396
93.65,-0.8466520101,1.464033412,1.464033412,-1.686503691
93.675,-0.8236011004,1.421389627,1.421389627,-1.725005853
93.7,-0.7990968952,1.377782713,1.377782713,-1.763556615
93.725,-0.7731815617,1.33321127,1.33321127,-1.802170322
93.75,-0.7458997972,1.287673591,1.287673591,-1.840856632
93.775,-0.7172987541,1.241167792,1.241167792,-1.879620181
93.8,-0.6874279607,1.193691944,1.193691944,-1.918460138
93.825,-0.6563392373,1.145244202,1.145244202,-1.957369819
93.85,-0.6240866085,1.095822979,1.095822979,-1.996336116
93.875,-0.590726211,1.04542709,1.04542709,-2.035338997
93.9,-0.5563161974,0.9940559515,0.9940559515,-2.074350881
93.925,-0.5209166372,0.9417097675,0.9417097675,-2.113335977
93.95,-0.484589413,0.8883897451,0.8883897451,-2.152249615
93.975,-0.4473981139,0.8340983322,0.8340983322,-2.191037468
94,-0.4094079259,0.778839456,0.778839456,-2.229634827
94.025,-0.3706855186,0.7226188077,0.7226188077,-2.267965755
94.05,-0.3312989295,0.6654441178,0.6654441178,-2.305942331
94.075,-0.2913174458,0.6073254797,0.6073254797,-2.343463801
94.1,-0.2508114832,0.5482756694,0.5482756694,-2.380415838
94.125,-0.209852463,0.4883105007,0.4883105007,-2.416669779
94.15,-0.1685126868,0.4274491908,0.4274491908,-2.452081985
94.175,-0.1268652098,0.3657147379,0.3657147379,-2.486493283
94.2,-0.0849837118,0.3031343223,0.3031343223,-2.519728555
94.225,-0.04294236782,0.2397397004,0.2397397004,-2.551596511
94.25,-0.000815716752,0.1755676151,0.1755676151,-2.58188969
94.275,0.04132147046,0.1106601961,0.1106601961,-2.610384735
94.3,0.08339432345,0.045065348,0.045065348,-2.636842983
94.325,0.1253280054,-0.02116287535,-0.02116287535,-2.661011448
94.35,0.1670478465,-0.08796393007,-0.08796393007,-2.682624203
94.375,0.2084794768,-0.1552704817,-0.1552704817,-2.701404234
94.4,0.2495489592,-0.2230081561,-0.2230081561,-2.717065798
94.425,0.2901829223,-0.2910953554,-0.2910953554,-2.729317307
94.45,0.3303086914,-0.3594431539,-0.3594431539,-2.73786474
94.475,0.3698544196,-0.4279552856,-0.4279552856,-2.742415581
94.5,0.4087492171,-0.4965282369,-0.4965282369,-2.742683284
94.525,0.4469232792,-0.5650514551,-0.5650514551,-2.738392163
94.55,0.4843080126,-0.633407686,-0.633407686,-2.729282656
94.575,0.5208361596,-0.7014734448,-0.7014734448,-2.715116851
94.6,0.5564419207,-0.7691196286,-0.7691196286,-2.695684154
94.625,0.5910610742,-0.8362122703,-0.8362122703,-2.670806909
94.65,0.6246310934,-0.9026134296,-0.9026134296,-2.640345815
94.675,0.6570912611,-0.9681822162,-0.9681822162,-2.604204937
94.7,0.6883827813,-1.03277593,-1.03277593,-2.562336115
94.725,0.718448887,-1.096251301,-1.096251301,-2.514742569
94.75,0.7472349451,-1.158465814,-1.158465814,-2.461481541
94.775,0.7746885579,-1.219279073,-1.219279073,-2.402665786
94.8,0.8007596599,-1.278554202,-1.278554202,-2.338463835
94.825,0.8254006114,-1.336159226,-1.336159226,-2.269098932
94.85,0.8485662878,-1.391968408,-1.391968408,-2.194846651
94.875,0.8702141642,-1.44586352,-1.44586352,-2.116031216
94.9,0.8903043957,-1.497734998,-1.497734998,-2.033020631
94.925,0.9087998932,-1.547482965,-1.547482965,-1.946220762
94.95,0.9256663941,-1.595018094,-1.595018094,-1.856068584
94.975,0.9408725282,-1.640262294,-1.640262294,-1.763024824
95,0.9543898786,-1.683149208,-1.683149208,-1.667566147
95.025,0.9661930372,-1.723624516,-1.723624516,-1.570177347
95.05,0.9762596549,-1.761646037,-1.761646037,-1.471343649
95.075,0.9845704869,-1.797183646,-1.797183646,-1.371543224
95.1,0.9911094313,-1.830219019,-1.830219019,-1.271240608
95.125,0.9958635635,-1.860745204,-1.860745204,-1.170880473
95.15,0.9988231641,-1.888766069,-1.888766069,-1.070882586
95.175,0.999981741,-1.914295617,-1.914295617,-0.9716374991
95.2,0.9993360465,-1.937357211,-1.937357211,-0.8735033167
95.225,0.9968860874,-1.957982744,-1.957982744,-0.7768034086
95.25,0.9926351305,-1.976211739,-1.976211739,-0.6818250348
95.275,0.9865897008,-1.992090441,-1.992090441,-0.5888188582
95.3,0.9787595756,-2.005670912,-2.005670912,-0.4979992049
95.325,0.9691577706,-2.017010123,-2.017010123,-0.4095450082
95.35,0.9578005221,-2.026169091,-2.026169091,-0.3236013006
95.375,0.9447072617,-2.033212059,-2.033212059,-0.2402811212
95.4,0.9299005864,-2.038205713,-2.038205713,-0.1596678137
95.425,0.9134062221,-2.041218481,-2.041218481,-0.08181748191
95.45,0.8952529818,-2.04231988,-2.04231988,-0.006761624277
95.475,0.8754727175,-2.041579935,-2.041579935,0.06549019165
95.5,0.8541002678,-2.039068662,-2.039068662,0.1349476715
95.525,0.831173398,-2.034855621,-2.034855621,0.2016372066
95.55,0.806732737,-2.029009532,-2.029009532,0.2655994016
95.575,0.7808217067,-2.021597944,-2.021597944,0.3268867508
95.6,0.7534864481,-2.012686969,-2.012686969,0.3855614856
95.625,0.7247757408,-2.00234106,-2.00234106,0.4416936063
95.65,0.6947409186,-1.990622845,-1.990622845,0.4953591025
95.675,0.6634357796,-1.977592991,-1.977592991,0.5466383688
95.7,0.6309164919,-1.963310117,-1.963310117,0.5956148054
95.725,0.5972414951,-1.947830731,-1.947830731,0.6423736008
95.75,0.5624713968,-1.931209201,-1.931209201,0.6870006772
95.775,0.5266688655,-1.913497747,-1.913497747,0.7295817982
95.8,0.4898985193,-1.894746454,-1.894746454,0.7702018209
95.825,0.452226811,-1.875003303,-1.875003303,0.8089440718
95.85,0.4137219093,-1.85431422,-1.85431422,0.845889843
95.875,0.3744535768,-1.832723124,-1.832723124,0.8811179946
95.9,0.3344930451,-1.810271999,-1.810271999,0.9147046388
95.925,0.2939128867,-1.787000961,-1.787000961,0.9467229117
95.95,0.2527868843,-1.762948339,-1.762948339,0.977242808
95.975,0.2111898972,-1.73815075,-1.73815075,1.006331074
96,0.1691977266,-1.712643186,-1.712643186,1.03405115
96.025,0.1268869774,-1.686459092,-1.686459092,1.060463155
96.05,0.08433491967,-1.659630454,-1.659630454,1.085623903
96.075,0.04161934766,-1.632187877,-1.632187877,1.109586947
96.1,-0.001181561962,-1.604160667,-1.604160667,1.132402646
96.125,-0.04398939298,-1.575576911,-1.575576911,1.154118249
96.15,-0.08672563315,-1.546463553,-1.546463553,1.174777995
96.175,-0.1293118182,-1.516846465,-1.516846465,1.194423215
96.2,-0.1716696762,-1.486750525,-1.486750525,1.213092454
96.225,-0.2137212714,-1.456199676,-1.456199676,1.230821582
96.25,-0.2553891481,-1.425217001,-1.425217001,1.247643928
96.275,-0.296596474,-1.393824778,-1.393824778,1.26359039
96.3,-0.3372671822,-1.362044542,-1.362044542,1.278689571
96.325,-0.3773261126,-1.329897139,-1.329897139,1.292967896
96.35,-0.4166991515,-1.297402784,-1.297402784,1.306449729
96.375,-0.4553133698,-1.264581103,-1.264581103,1.319157503
96.4,-0.4930971591,-1.231451187,-1.231451187,1.331111823
96.425,-0.5299803656,-1.198031633,-1.198031633,1.342331589
96.45,-0.5658944218,-1.164340584,-1.164340584,1.352834101
96.475,-0.6007724755,-1.130395773,-1.130395773,1.362635164
96.5,-0.6345495156,-1.096214551,-1.096214551,1.371749197
96.525,-0.6671624946,-1.061813928,-1.061813928,1.380189325
96.55,-0.6985504488,-1.027210601,-1.027210601,1.387967488
96.575,-0.7286546133,-0.9924209795,-0.9924209795,1.395094521
96.6,-0.7574185342,-0.9574612185,-0.9574612185,1.40158026
96.625,-0.7847881768,-0.9223472363,-0.9223472363,1.40743362
96.65,-0.8107120287,-0.8870947396,-0.8870947396,1.412662688
96.675,-0.835141199,-0.851719243,-0.851719243,1.417274809
96.7,-0.8580295131,-0.8162360846,-0.8162360846,1.421276661
96.725,-0.8793336019,-0.7806604444,-0.7806604444,1.42467435
96.75,-0.8990129867,-0.7450073551,-0.7450073551,1.427473477
96.775,-0.9170301582,-0.7092917153,-0.7092917153,1.42967922
96.8,-0.9333506506,-0.6735282986,-0.6735282986,1.431296419
96.825,-0.9479431104,-0.6377317607,-0.6377317607,1.432329639
96.85,-0.9607793588,-0.6019166466,-0.6019166466,1.432783256
96.875,-0.9718344489,-0.5660973925,-0.5660973925,1.432661523
96.9,-0.9810867169,-0.53028833,-0.53028833,1.43196864
96.925,-0.9885178273,-0.4945036849,-0.4945036849,1.43070884
96.95,-0.9941128117,-0.4587575764,-0.4587575764,1.428886436
96.975,-0.9978601018,-0.4230640143,-0.4230640143,1.426505905
97,-0.999751556,-0.3874368931,-0.3874368931,1.42357195
97.025,-0.9997824793,-0.3518899872,-0.3518899872,1.420089556
97.05,-0.9979516377,-0.3164369413,-0.3164369413,1.416064063
97.075,-0.994261265,-0.2810912621,-0.2810912621,1.411501215
97.1,-0.9887170643,-0.245866307,-0.245866307,1.40640722
97.125,-0.9813282021,-0.2107752715,-0.2107752715,1.4007888
97.15,-0.9721072962,-0.1758311767,-0.1758311767,1.394653241
97.175,-0.9610703979,-0.1410468534,-0.1410468534,1.388008436
97.2,-0.9482369663,-0.1064349277,-0.1064349277,1.380862923
97.225,-0.9336298372,-0.07200780317,-0.07200780317,1.373225923
97.25,-0.9172751858,-0.0377776447,-0.0377776447,1.365107364
97.275,-0.8992024821,-0.00375635938,-0.00375635938,1.356517907
97.3,-0.8794444409,0.03004442138,0.03004442138,1.347468962
97.325,-0.8580369651,0.06361336088,0.06361336088,1.3379727
97.35,-0.8350190837,0.09693943625,0.09693943625,1.328042051
97.375,-0.8104328824,0.1300119574,0.1300119574,1.317690704
97.4,-0.7843234302,0.1628205858,0.1628205858,1.306933096
97.425,-0.7567386985,0.1953553529,0.1953553529,1.295784388
97.45,-0.7277294757,0.227606678,0.227606678,1.284260443
97.475,-0.6973492762,0.2595653856,0.2595653856,1.272377788
97.5,-0.6656542435,0.291222721,0.291222721,1.260153573
97.525,-0.632703049,0.3225703655,0.3225703655,1.247605519
97.55,-0.5985567853,0.3536004501,0.3536004501,1.234751863
97.575,-0.5632788547,0.3843055675,0.3843055675,1.22161129
97.6,-0.526934854,0.4146787824,0.4146787824,1.208202863
97.625,-0.4895924536,0.4447136399,0.4447136399,1.194545946
97.65,-0.4513212735,0.474404172,0.474404172,1.180660119
97.675,-0.412192755,0.5037449025,0.5037449025,1.166565086
97.7,-0.372280029,0.5327308475,0.5327308475,1.152280587
97.725,-0.3316577803,0.5613575169,0.5613575169,1.137826296
97.75,-0.2904021093,0.5896209102,0.5896209102,1.123221726
97.775,-0.2485903905,0.6175175112,0.6175175112,1.108486115
97.8,-0.2063011283,0.6450442814,0.6450442814,1.093638338
97.825,-0.1636138106,0.6721986468,0.6721986468,1.078696787
97.85,-0.1206087599,0.6989784877,0.6989784877,1.063679276
97.875,-0.077366983,0.7253821209,0.7253821209,1.048602942
97.9,-0.0339700188,0.7514082809,0.7514082809,1.033484128
97.925,0.009500215185,0.7770561024,0.7770561024,1.018338308
97.95,0.05296157713,0.8023250926,0.8023250926,1.003179979
97.975,0.09633185608,0.827215109,0.827215109,0.9880225733
98,0.1395289275,0.851726332,0.851726332,0.9728783895
98.025,0.1824709088,0.8758592314,0.8758592314,0.9577584992
98.05,0.2250763152,0.899614541,0.899614541,0.9426726904
98.075,0.2672642144,0.9229932209,0.9229932209,0.9276294056
98.1,0.308954381,0.9459964244,0.9459964244,0.9126356814
98.125,0.3500674501,0.9686254652,0.9686254652,0.8976971154
98.15,0.3905250684,0.9908817748,0.9908817748,0.8828178242
98.175,0.4302500453,1.012766872,1.012766872,0.8680004197
98.2,0.4691665006,1.034282321,1.034282321,0.8532459976
98.225,0.5072000112,1.055429694,1.055429694,0.838554125
98.25,0.5442777542,1.076210533,1.076210533,0.8239228494
98.275,0.5803286479,1.096626313,1.096626313,0.8093487121
98.3,0.6152834899,1.116678404,1.116678404,0.7948267664
98.325,0.6490750911,1.136368033,1.136368033,0.7803506182
98.35,0.6816384069,1.155696251,1.155696251,0.7659124607
98.375,0.7129106643,1.174663897,1.174663897,0.7515031264
98.4,0.7428314846,1.193271561,1.193271561,0.7371121516
98.425,0.7713430022,1.21151956,1.21151956,0.7227278309
98.45,0.7983899786,1.229407901,1.229407901,0.708337302
98.475,0.8239199118,1.246936257,1.246936257,0.693926621
98.5,0.8478831402,1.26410394,1.26410394,0.6794808427
98.525,0.8702329418,1.280909875,1.280909875,0.6649841266
98.55,0.8909256279,1.297352583,1.297352583,0.6504198131
98.575,0.9099206306,1.313430158,1.313430158,0.6357705366
98.6,0.9271805855,1.329140252,1.329140252,0.6210183257
98.625,0.9426714073,1.344480063,1.344480063,0.6061446952
98.65,0.9563623602,1.359446318,1.359446318,0.591130771
98.675,0.9682261214,1.374035272,1.374035272,0.575957376
98.7,0.9782388386,1.388242697,1.388242697,0.5606051455
98.725,0.9863801806,1.402063877,1.402063877,0.5450546347
98.75,0.9926333814,1.415493614,1.415493614,0.5292864046
98.775,0.9969852776,1.428526222,1.428526222,0.5132811403
98.8,0.999426339,1.441155537,1.441155537,0.4970197307
98.825,0.9999506921,1.453374917,1.453374917,0.4804833674
98.85,0.9985561364,1.46517726,1.46517726,0.4636536321
98.875,0.9952441545,1.476555004,1.476555004,0.4465125685
98.9,0.9900199143,1.487500149,1.487500149,0.4290427697
98.925,0.9828922645,1.498004263,1.498004263,0.4112274338
98.95,0.9738737226,1.508058506,1.508058506,0.393050435
98.975,0.9629804569,1.517653643,1.517653643,0.3744963716
99,0.9502322598,1.526780061,1.526780061,0.3555506153
99.025,0.9356525155,1.535427794,1.535427794,0.3361993493
99.05,0.9192681601,1.54358654,1.54358654,0.316429598
99.075,0.9011096348,1.551245685,1.551245685,0.2962292524
99.1,0.8812108319,1.558394321,1.558394321,0.2755870815
99.125,0.8596090353,1.565021271,1.565021271,0.2544927436
99.15,0.8363448523,1.571115111,1.571115111,0.2329367809
99.175,0.8114621413,1.576664191,1.576664191,0.2109106164
99.2,0.7850079307,1.581656659,1.581656659,0.1884065333
99.225,0.7570323334,1.586080478,1.586080478,0.1654176584
99.25,0.7275884539,1.589923451,1.589923451,0.1419379275
99.275,0.6967322901,1.59317324,1.59317324,0.1179620565
99.3,0.6645226293,1.595817381,1.595817381,0.09348549528
99.325,0.6310209385,1.59784331,1.59784331,0.06850438834
99.35,0.5962912487,1.599238369,1.599238369,0.0430155189
99.375,0.5604000354,1.599989832,1.599989832,0.01701626095
99.4,0.5234160927,1.600084911,1.600084911,-0.009495483477
99.425,0.4854104036,1.599510774,1.599510774,-0.03652133889
99.45,0.4464560052,1.59825455,1.59825455,-0.06406252343
99.475,0.4066278506,1.596303346,1.596303346,-0.09211990727
99.5,0.3660026653,1.593644248,1.593644248,-0.1206940838
99.525,0.3246588015,1.590264332,1.590264332,-0.1497854244
99.55,0.282676088,1.586150665,1.586150665,-0.1793941543
99.575,0.2401356768,1.581290311,1.581290311,-0.2095204124
99.6,0.1971198881,1.575670331,1.575670331,-0.2401643058
99.625,0.153712051,1.569277781,1.569277781,-0.2713259845
99.65,0.1099963433,1.562099715,1.562099715,-0.3030056892
99.675,0.0660576289,1.554123177,1.554123177,-0.3352038065
99.7,0.02198129307,1.5453352,1.5453352,-0.3679209296
99.725,-0.02214692266,1.535722798,1.535722798,-0.4011578946
99.75,-0.06624108732,1.525272964,1.525272964,-0.4349158293
99.775,-0.1102152478,1.513972653,1.513972653,-0.4691961928
99.8,-0.1539835963,1.501808785,1.501808785,-0.504000802
99.825,-0.1974606384,1.488768226,1.488768226,-0.5393318626
99.85,-0.2405613598,1.474837783,1.474837783,-0.5751919867
99.875,-0.2832013937,1.460004193,1.460004193,-0.6115842033
99.9,-0.325297186,1.44425411,1.44425411,-0.6485119626
99.925,-0.3667661603,1.4275741,1.4275741,-0.685979132
99.95,-0.4075268804,1.409950623,1.409950623,-0.7239899776
99.975,-0.4474992115,1.391370032,1.391370032,-0.7625491384
100,-0.4866044786,1.371818556,1.371818556,-0.8016615938
100.025,-0.524765623,1.351282298,1.351282298,-0.8413326008
100.05,-0.5619073556,1.329747225,1.329747225,-0.881567636
100.075,-0.5979563063,1.307199169,1.307199169,-0.9223723219
100.1,-0.6328411715,1.283623815,1.283623815,-0.9637523006
100.125,-0.6664928563,1.259006713,1.259006713,-1.005713138
100.15,-0.6988446134,1.233333273,1.233333273,-1.048260194
100.175,-0.7298321775,1.206588777,1.206588777,-1.091398412
100.2,-0.7593938951,1.17875839,1.17875839,-1.135132157
100.225,-0.7874708493,1.149827176,1.149827176,-1.179465026
100.25,-0.8140069795,1.119780124,1.119780124,-1.224399531
100.275,-0.8389491957,1.088602176,1.088602176,-1.269936832
100.3,-0.8622474873,1.056278262,1.056278262,-1.316076461
100.325,-0.8838550259,1.022793354,1.022793354,-1.362815873
100.35,-0.9037282618,0.9881325124,0.9881325124,-1.410150069
100.375,-0.9218270149,0.9522809573,0.9522809573,-1.458071164
100.4,-0.9381145581,0.9152241565,0.9152241565,-1.506567764
100.425,-0.9525576954,0.8769479014,0.8769479014,-1.555624501
100.45,-0.9651268317,0.8374384284,0.8374384284,-1.605221332
100.475,-0.9757960367,0.7966825447,0.7966825447,-1.65533281
100.5,-0.9845431014,0.7546677598,0.7546677598,-1.70592739
100.525,-0.991349587,0.7113824687,0.7113824687,-1.756966481
100.55,-0.9962008669,0.6668161163,0.6668161163,-1.808403631
100.575,-0.999086161,0.6209594287,0.6209594287,-1.860183455
100.6,-0.9999985626,0.5738046291,0.5738046291,-1.912240654
100.625,-0.9989350574,0.5253457178,0.5253457178,-1.964498837
100.65,-0.9958965355,0.4755787472,0.4755787472,-2.016869406
100.675,-0.9908877946,0.4245021573,0.4245021573,-2.069250292
100.7,-0.9839175365,0.3721171154,0.3721171154,-2.121524756
100.725,-0.9749983554,0.3184279067,0.3184279067,-2.173560115
100.75,-0.9641467187,0.263442346,0.263442346,-2.225206522
100.775,-0.9513829392,0.2071722183,0.2071722183,-2.276295798
100.8,-0.9367311414,0.1496337562,0.1496337562,-2.326640337
100.825,-0.9202192181,0.09084813482,0.09084813482,-2.376032167
100.85,-0.9018787811,0.03084199037,0.03084199037,-2.4242422
100.875,-0.8817451034,-0.03035204366,-0.03035204366,-2.47101973
100.9,-0.8598570545,-0.09269479382,-0.09269479382,-2.516092264
100.925,-0.8362570283,-0.1561400039,-0.1561400039,-2.559165746
100.95,-0.810990864,-0.2206338035,-0.2206338035,-2.599925249
100.975,-0.7841077596,-0.2861142008,-0.2861142008,-2.638036238
101,-0.755660179,-0.3525106131,-0.3525106131,-2.673146448
101.025,-0.7257037524,-0.4197434578,-0.4197434578,-2.704888454
101.05,-0.6942971695,-0.48772381,-0.48772381,-2.73288305
101.075,-0.6615020678,-0.5563531587,-0.5563531587,-2.756743353
101.1,-0.6273829132,-0.6255232772,-0.6255232772,-2.776079767
101.125,-0.5920068762,-0.6951162241,-0.6951162241,-2.790505759
101.15,-0.5554437011,-0.7650044991,-0.7650044991,-2.799644343
101.175,-0.5177655712,-0.8350513706,-0.8350513706,-2.803135231
101.2,-0.4790469679,-0.9051113881,-0.9051113881,-2.800642516
101.225,-0.4393645251,-0.975031092,-0.975031092,-2.791862669
101.25,-0.3987968796,-1.044649923,-1.044649923,-2.776532624
101.275,-0.3574245164,-1.113801334,-1.113801334,-2.754437701
101.3,-0.3153296108,-1.182314093,-1.182314093,-2.725419049
101.325,-0.2725958661,-1.250013767,-1.250013767,-2.689380304
101.35,-0.2293083488,-1.316724352,-1.316724352,-2.64629314
101.375,-0.1855533197,-1.382270032,-1.382270032,-2.596201427
101.4,-0.1414180633,-1.446477018,-1.446477018,-2.539223725
101.425,-0.09699071417,-1.509175429,-1.509175429,-2.47555394
101.45,-0.05236008181,-1.570201161,-1.570201161,-2.405459997
101.475,-0.007615473267,-1.629397699,-1.629397699,-2.329280523
101.5,0.03715348512,-1.686617826,-1.686617826,-2.247419584
101.525,0.08185702711,-1.741725172,-1.741725172,-2.160339645
101.55,0.1264054265,-1.794595573,-1.794595573,-2.068552973
101.575,0.1707091776,-1.845118192,-1.845118192,-1.972611843
101.6,0.2146791748,-1.893196387,-1.893196387,-1.87309789
101.625,0.2582268929,-1.938748311,-1.938748311,-1.770611048
101.65,0.3012645655,-1.981707224,-1.981707224,-1.665758279
101.675,0.3437053625,-2.022021541,-2.022021541,-1.559142983
101.7,0.3854635666,-2.059654606,-2.059654606,-1.451354762
101.725,0.4264547471,-2.094584236,-2.094584236,-1.342960383
101.75,0.4665959316,-2.126802051,-2.126802051,-1.234495951
101.775,0.5058057755,-2.156312619,-2.156312619,-1.12646037
101.8,0.5440047285,-2.183132462,-2.183132462,-1.019310335
101.825,0.5811151968,-2.207288953,-2.207288953,-0.9134567641
101.85,0.6170617029,-2.228819142,-2.228819142,-0.8092626378
101.875,0.6517710411,-2.247768546,-2.247768546,-0.7070421449
101.9,0.6851724277,-2.264189925,-2.264189925,-0.6070610056
101.925,0.7171976483,-2.278142091,-2.278142091,-0.5095377915
101.95,0.7477811986,-2.289688754,-2.289688754,-0.4146460697
101.975,0.7768604211,-2.298897429,-2.298897429,-0.3225171904
102,0.8043756353,-2.305838418,-2.305838418,-0.2332435677
102.025,0.8302702631,-2.310583885,-2.310583885,-0.1468822344
102.05,0.8544909475,-2.313207018,-2.313207018,-0.06345858819
102.075,0.8769876651,-2.313781282,-2.313781282,0.01702981877
102.1,0.8977138324,-2.312379772,-2.312379772,0.09460955707
102.125,0.9166264047,-2.309074655,-2.309074655,0.1693277324
102.15,0.9336859685,-2.3039367,-2.3039367,0.2412485977
102.175,0.9488568267,-2.297034887,-2.297034887,0.3104504094
102.2,0.962107076,-2.288436096,-2.288436096,0.3770225535
102.225,0.9734086773,-2.278204859,-2.278204859,0.4410629575
102.25,0.9827375177,-2.266403179,-2.266403179,0.5026757886
102.275,0.9900734655,-2.253090397,-2.253090397,0.561969436
102.3,0.9954004164,-2.23832311,-2.23832311,0.6190547628
102.325,0.9987063319,-2.222155129,-2.222155129,0.6740436126
102.35,0.9999832697,-2.20463747,-2.20463747,0.7270475497
102.375,0.9992274058,-2.185818373,-2.185818373,0.7781768136
102.4,0.9964390475,-2.16574335,-2.16574335,0.8275394641
102.425,0.9916226393,-2.144455244,-2.144455244,0.8752406976
102.45,0.9847867591,-2.121994311,-2.121994311,0.921382309
102.475,0.9759441071,-2.098398308,-2.098398308,0.9660622824
102.5,0.9651114853,-2.073702594,-2.073702594,1.009374491
102.525,0.9523097693,-2.047940234,-2.047940234,1.051408492
102.55,0.9375638712,-2.02114211,-2.02114211,1.092249391
102.575,0.9209026948,-1.993337034,-1.993337034,1.131977772
102.6,0.9023590818,-1.964551858,-1.964551858,1.170669685
102.625,0.8819697508,-1.93481159,-1.93481159,1.208396656
102.65,0.8597752272,-1.904139506,-1.904139506,1.24522574
102.675,0.8358197661,-1.872557262,-1.872557262,1.28121959
102.7,0.8101512669,-1.840085,-1.840085,1.316436537
102.725,0.7828211805,-1.806741457,-1.806741457,1.350930686
102.75,0.7538844089,-1.772544071,-1.772544071,1.384752
102.775,0.7233991979,-1.73750908,-1.73750908,1.417946398
102.8,0.6914270223,-1.701651625,-1.701651625,1.450555834
102.825,0.6580324646,-1.664985845,-1.664985845,1.482618376
102.85,0.6232830868,-1.627524977,-1.627524977,1.514168262
102.875,0.5872492963,-1.58928145,-1.58928145,1.545235958
102.9,0.5500042053,-1.550266974,-1.550266974,1.575848184
102.925,0.5116234847,-1.510492643,-1.510492643,1.606027932
102.95,0.4721852122,-1.469969019,-1.469969019,1.635794464
102.975,0.4317697154,-1.428706233,-1.428706233,1.665163288
103,0.3904594098,-1.386714071,-1.386714071,1.694146118
103.025,0.3483386325,-1.344002077,-1.344002077,1.722750809
103.05,0.3054934713,-1.300579648,-1.300579648,1.75098128
103.075,0.2620115904,-1.256456131,-1.256456131,1.778837409
103.1,0.2179820515,-1.211640932,-1.211640932,1.806314906
103.125,0.1734951332,-1.166143611,-1.166143611,1.833405193
103.15,0.1286421463,-1.119974006,-1.119974006,1.860095219
103.175,0.08351524704,-1.073142331,-1.073142331,1.886367323
103.2,0.03820724874,-1.025659309,-1.025659309,1.912199019
103.225,-0.007188569089,-0.9775362785,-0.9775362785,1.937562828
103.25,-0.05257865231,-0.928785337,-0.928785337,1.962426063
103.275,-0.09786936493,-0.8794194629,-0.8794194629,1.986750635
103.3,-0.1429671823,-0.8294526563,-0.8294526563,2.010492856
103.325,-0.1877788843,-0.7789000839,-0.7789000839,2.03360324
103.35,-0.2322117487,-0.7277782199,-0.7277782199,2.056026342
103.375,-0.2761737432,-0.6761050056,-0.6761050056,2.07770059
103.4,-0.319573717,-0.6238999941,-0.6238999941,2.098558178
103.425,-0.3623215902,-0.5711845182,-0.5711845182,2.118524972
103.45,-0.4043285422,-0.5179818378,-0.5179818378,2.137520486
103.475,-0.4455071972,-0.4643173096,-0.4643173096,2.155457905
103.5,-0.4857718068,-0.4102185339,-0.4102185339,2.172244184
103.525,-0.5250384307,-0.3557155172,-0.3557155172,2.187780241
103.55,-0.5632251125,-0.3008408128,-0.3008408128,2.201961215
103.575,-0.600252053,-0.2456296659,-0.2456296659,2.214676876
103.6,-0.6360417784,-0.1901201383,-0.1901201383,2.225812104
103.625,-0.6705193045,-0.1343532245,-0.1343532245,2.235247545
103.65,-0.7036122957,-0.07837294901,-0.07837294901,2.242860351
103.675,-0.7352512193,-0.02222644028,-0.02222644028,2.248525127
103.7,-0.7653694935,0.03403601629,0.03403601629,2.252114962
103.725,-0.7939036302,0.09036095633,0.09036095633,2.253502653
103.75,-0.8207933711,0.1466917458,0.1466917458,2.252562059
103.775,-0.8459818179,0.2029686258,0.2029686258,2.249169592
103.8,-0.8694155552,0.2591287965,0.2591287965,2.243205841
103.825,-0.8910447664,0.3151065426,0.3151065426,2.234557294
103.85,-0.9108233428,0.3708334035,0.3708334035,2.223118147
103.875,-0.928708985,0.4262383897,0.4262383897,2.20879218
103.9,-0.9446632956,0.4812482456,0.4812482456,2.191494638
103.925,-0.9586518657,0.5357877593,0.5357877593,2.171154098
103.95,-0.9706443515,0.5897801185,0.5897801185,2.147714277
103.975,-0.9806145438,0.6431473118,0.6431473118,2.121135736
104,-0.9885404281,0.6958105683,0.6958105683,2.091397419
104.025,-0.9944042368,0.7476908348,0.7476908348,2.058497999
104.05,-0.9981924917,0.7987092821,0.7987092821,2.022456964
104.075,-0.9998960389,0.848787839,0.848787839,1.983315436
104.1,-0.9995100732,0.8978497372,0.8978497372,1.941136637
104.125,-0.9970341549,0.9458200667,0.9458200667,1.896006028
104.15,-0.9924722162,0.9926263296,0.9926263296,1.848031067
104.175,-0.9858325596,1.038198985,1.038198985,1.797340582
104.2,-0.977127846,1.082471968,1.082471968,1.744083782
104.225,-0.9663750749,1.125383185,1.125383185,1.688428909
104.25,-0.9535955543,1.166874971,1.166874971,1.630561531
104.275,-0.9388148621,1.206894495,1.206894495,1.570682566
104.3,-0.9220627987,1.245394117,1.245394117,1.509006059
104.325,-0.9033733299,1.282331688,1.282331688,1.445756707
104.35,-0.8827845217,1.317670784,1.317670784,1.381167315
104.375,-0.8603384658,1.351380872,1.351380872,1.315476134
104.4,-0.8360811971,1.383437417,1.383437417,1.248924151
104.425,-0.810062602,1.413821917,1.413821917,1.181752535
104.45,-0.7823363192,1.44252187,1.44252187,1.114199986
104.475,-0.7529596319,1.469530694,1.469530694,1.046500492
104.5,-0.7219933523,1.494847564,1.494847564,0.9788809862
104.525,-0.6895016986,1.51847723,1.51847723,0.9115595201
104.55,-0.6555521644,1.540429755,1.540429755,0.8447434337
104.575,-0.6202153808,1.560720243,1.560720243,0.7786279961
104.6,-0.5835649726,1.579368514,1.579368514,0.7133951794
104.625,-0.5456774063,1.59639876,1.59639876,0.6492128031
104.65,-0.5066318334,1.611839187,1.611839187,0.5862338942
104.675,-0.4665099267,1.625721637,1.625721637,0.5245963306
104.7,-0.4253957116,1.638081208,1.638081208,0.4644227069
104.725,-0.3833753919,1.648955871,1.648955871,0.405820426
104.75,-0.3405371707,1.658386098,1.658386098,0.3488819665
104.775,-0.2969710663,1.666414489,1.666414489,0.2936853255
104.8,-0.2527687251,1.673085417,1.673085417,0.2402945891
104.825,-0.2080232295,1.678444694,1.678444694,0.1887606062
104.85,-0.1628289031,1.682539244,1.682539244,0.1391217612
104.875,-0.1172811127,1.685416801,1.685416801,0.09140478631
104.9,-0.07147606755,1.687125634,1.687125634,0.04562562013
104.925,-0.0255106172,1.687714283,1.687714283,0.001790286685
104.95,0.02051795336,1.687231324,1.687231324,-0.04010423455
104.975,0.06651212918,1.685725153,1.685725153,-0.08006914531
105,0.1123743719,1.683243794,1.683243794,-0.1181229936
105.025,0.1580073267,1.679834722,1.679834722,-0.154290874
105.05,0.2033140291,1.675544711,1.675544711,-0.1886036695
105.075,0.2481981118,1.670419699,1.670419699,-0.2210973394
105.1,0.2925640097,1.664504668,1.664504668,-0.2518122614
105.125,0.3363171645,1.657843541,1.657843541,-0.2807926261
105.15,0.3793642271,1.650479096,1.650479096,-0.3080858757
105.175,0.4216132577,1.642452889,1.642452889,-0.3337422136
105.2,0.4629739235,1.63380519,1.63380519,-0.3578141422
105.225,0.5033576929,1.624574932,1.624574932,-0.3803560713
105.25,0.5426780272,1.61479967,1.61479967,-0.4014239555
105.275,0.5808505669,1.604515542,1.604515542,-0.421074989
105.3,0.6177933151,1.593757243,1.593757243,-0.4393673251
105.325,0.6534268153,1.582558008,1.582558008,-0.4563598551
105.35,0.6876743244,1.570949587,1.570949587,-0.4721119827
105.375,0.7204619803,1.558962247,1.558962247,-0.486683482
105.4,0.7517189634,1.546624752,1.546624752,-0.5001343293
105.425,0.7813776522,1.533964369,1.533964369,-0.5125245758
105.45,0.8093737718,1.521006861,1.521006861,-0.523914272
105.475,0.8356465365,1.507776494,1.507776494,-0.5343633586
105.5,0.860138784,1.494296034,1.494296034,-0.543931599
105.525,0.8827971027,1.480586758,1.480586758,-0.5526785319
105.55,0.9035719517,1.466668457,1.466668457,-0.5606634105
105.575,0.9224177713,1.452559447,1.452559447,-0.5679451677
105.6,0.9392930869,1.43827657,1.43827657,-0.5745823821
105.625,0.9541606028,1.423835214,1.423835214,-0.5806332437
105.65,0.9669872882,1.409249313,1.409249313,-0.5861555321
105.675,0.977744454,1.394531364,1.394531364,-0.5912065883
105.7,0.98640782,1.379692436,1.379692436,-0.5958432909
105.725,0.9929575731,1.364742182,1.364742182,-0.600122035
105.75,0.9973784161,1.349688851,1.349688851,-0.6040987018
105.775,0.999659607,1.334539303,1.334539303,-0.6078286379
105.8,0.9997949876,1.319299019,1.319299019,-0.6113666259
105.825,0.9977830039,1.30397212,1.30397212,-0.6147668497
105.85,0.993626715,1.288561378,1.288561378,-0.6180828686
105.875,0.9873337934,1.273068236,1.273068236,-0.6213675812
105.9,0.9789165147,1.257492825,1.257492825,-0.6246731782
105.925,0.9683917374,1.241833976,1.241833976,-0.6280511146
105.95,0.9557808727,1.226089243,1.226089243,-0.631552067
105.975,0.9411098453,1.21025493,1.21025493,-0.6352258691
106,0.924409043,1.194326102,1.194326102,-0.6391214849
106.025,0.9057132577,1.178296607,1.178296607,-0.643286956
106.05,0.8850616163,1.162159112,1.162159112,-0.6477693387
106.075,0.8624975026,1.145905116,1.145905116,-0.6526146577
106.1,0.8380684686,1.12952498,1.12952498,-0.6578678584
106.125,0.8118261388,1.113007958,1.113007958,-0.6635727387
106.15,0.7838261031,1.096342224,1.096342224,-0.6697718971
106.175,0.7541278029,1.0795149,1.0795149,-0.6765066845
106.2,0.7227944077,1.062512092,1.062512092,-0.6838171328
106.225,0.6898926834,1.045318924,1.045318924,-0.6917419045
106.25,0.655492853,1.027919567,1.027919567,-0.7003182389
106.275,0.6196684494,1.010297283,1.010297283,-0.7095818829
106.3,0.5824961605,0.99243446,0.99243446,-0.7195670433
106.325,0.5440556678,0.9743126461,0.9743126461,-0.7303063263
106.35,0.5044294775,0.9559126008,0.9559126008,-0.7418306723
106.375,0.4637027459,0.9372143266,0.9372143266,-0.7541693085
106.4,0.4219630978,0.9181971201,0.9181971201,-0.7673496796
106.425,0.3793004407,0.8988396146,0.8988396146,-0.7813973905
106.45,0.3358067718,0.8791198245,0.8791198245,-0.7963361473
106.475,0.2915759819,0.8590152,0.8590152,-0.812187683
106.5,0.246703654,0.8385026694,0.8385026694,-0.8289717008
106.525,0.2012868575,0.8175586969,0.8175586969,-0.8467057941
106.55,0.1554239398,0.7961593336,0.7961593336,-0.8654053723
106.575,0.1092143138,0.7742802721,0.7742802721,-0.8850835819
106.6,0.06275824339,0.7518969087,0.7518969087,-0.9057512077
106.625,0.01615662641,0.7289843964,0.7289843964,-0.927416588
106.65,-0.0304892242,0.7055177157,0.7055177157,-0.9500854922
106.675,-0.07707780043,0.6814717327,0.6814717327,-0.973761015
106.7,-0.12350762,0.6568212732,0.6568212732,-0.998443435
106.725,-0.1696774476,0.6315411918,0.6315411918,-1.024130073
106.75,-0.2154865161,0.6056064484,0.6056064484,-1.050815129
106.775,-0.2608347465,0.5789921902,0.5789921902,-1.078489498
106.8,-0.3056229678,0.5516738332,0.5516738332,-1.107140576
106.825,-0.3497531343,0.5236271572,0.5236271572,-1.136752029
106.85,-0.3931285413,0.4948283966,0.4948283966,-1.16730356
106.875,-0.4356540384,0.4652543484,0.4652543484,-1.198770626
106.9,-0.4772362391,0.4348824768,0.4348824768,-1.231124157
106.925,-0.5177837279,0.4036910346,0.4036910346,-1.26433022
106.95,-0.5572072625,0.371659186,0.371659186,-1.298349682
106.975,-0.595419972,0.338767143,0.338767143,-1.333137826
107,-0.6323375507,0.3049963098,0.3049963098,-1.368643952
107.025,-0.6678784455,0.2703294361,0.2703294361,-1.404810947
107.05,-0.7019640389,0.2347507863,0.2347507863,-1.441574833
107.075,-0.734518825,0.1982463126,0.1982463126,-1.478864299
107.1,-0.7654705791,0.1608038484,0.1608038484,-1.516600211
107.125,-0.7947505209,0.1224133081,0.1224133081,-1.554695117
107.15,-0.8222934698,0.08306690066,0.08306690066,-1.593052756
107.175,-0.8480379928,0.04275935774,0.04275935774,-1.63156756
107.2,-0.8719265448,0.001488171235,0.001488171235,-1.670124194
107.225,-0.8939055999,-0.04074615725,-0.04074615725,-1.708597117
107.25,-0.9139257747,-0.08393985564,-0.08393985564,-1.746850198
107.275,-0.9319419424,-0.1280856129,-0.1280856129,-1.784736397
107.3,-0.9479133377,-0.1731723031,-0.1731723031,-1.822097541
107.325,-0.9618036528,-0.2191847057,-0.2191847057,-1.858764201
107.35,-0.9735811227,-0.2661032236,-0.2661032236,-1.894555721
107.375,-0.9832186019,-0.3139036042,-0.3139036042,-1.929280394
107.4,-0.9906936303,-0.3625566693,-0.3625566693,-1.96273584
107.425,-0.9959884886,-0.4120280516,-0.4120280516,-1.99470961
107.45,-0.9990902446,-0.4622779572,-0.4622779572,-2.024979995
107.475,-0.9999907873,-0.5132609436,-0.5132609436,-2.053317191
107.5,-0.9986868522,-0.5649257365,-0.5649257365,-2.079484639
107.525,-0.9951800344,-0.6172150825,-0.6172150825,-2.103240799
107.55,-0.989476792,-0.670065645,-0.670065645,-2.124341148
107.575,-0.9815884384,-0.7234079644,-0.7234079644,-2.14254055
107.6,-0.9715311239,-0.7771664713,-0.7771664713,-2.157595944
107.625,-0.9593258063,-0.8312595754,-0.8312595754,-2.169269281
107.65,-0.9449982116,-0.8855998331,-0.8855998331,-2.177330785
107.675,-0.928578783,-0.9400941947,-0.9400941947,-2.181562382
107.7,-0.9101026204,-0.9946443415,-0.9946443415,-2.18176129
107.725,-0.8896094088,-1.049147115,-1.049147115,-2.177743693
107.75,-0.8671433365,-1.103495038,-1.103495038,-2.169348406
107.775,-0.8427530036,-1.157576922,-1.157576922,-2.156440402
107.8,-0.81649132,-1.211278564,-1.211278564,-2.138914136
107.825,-0.7884153944,-1.264483524,-1.264483524,-2.11669653
107.85,-0.7585864126,-1.317073968,-1.317073968,-2.089749514
107.875,-0.7270695081,-1.368931568,-1.368931568,-2.058072014
107.9,-0.6939336221,-1.419938448,-1.419938448,-2.021701301
107.925,-0.6592513562,-1.469978148,-1.469978148,-1.980713622
107.95,-0.623098816,-1.518936602,-1.518936602,-1.935224067
107.975,-0.5855554461,-1.5667031,-1.5667031,-1.885385625
108,-0.546703859,-1.61317121,-1.61317121,-1.831387463
108.025,-0.5066296551,-1.658239658,-1.658239658,-1.77345243
108.05,-0.4654212361,-1.701813128,-1.701813128,-1.711833847
108.075,-0.4231696128,-1.743802981,-1.743802981,-1.646811702
108.1,-0.3799682053,-1.784127865,-1.784127865,-1.578688346
108.125,-0.3359126386,-1.822714217,-1.822714217,-1.507783763
108.15,-0.2911005324,-1.859496646,-1.859496646,-1.434430638
108.175,-0.2456312862,-1.894418181,-1.894418181,-1.358969397
108.2,-0.1996058602,-1.927430407,-1.927430407,-1.28174307
108.225,-0.1531265521,-1.958493469,-1.958493469,-1.203092669
108.25,-0.1062967704,-1.987575963,-1.987575963,-1.123352539
108.275,-0.05922080579,-2.014654716,-2.014654716,-1.04284633
108.3,-0.01200359865,-2.039714478,-2.039714478,-0.9618833618
108.325,0.03524949404,-2.062747516,-2.062747516,-0.880755508
108.35,0.08243293375,-2.083753151,-2.083753151,-0.7997347176
108.375,0.129441236,-2.102737234,-2.102737234,-0.7190710545
108.4,0.1761692066,-2.119711577,-2.119711577,-0.638991342
108.425,0.222512177,-2.134693364,-2.134693364,-0.5596983486
108.45,0.2683662396,-2.147704544,-2.147704544,-0.481370473
108.475,0.3136284813,-2.158771222,-2.158771222,-0.4041618908
108.5,0.3581972154,-2.16792306,-2.16792306,-0.3282030956
108.525,0.4019722112,-2.175192695,-2.175192695,-0.2536017677
108.55,0.4448549203,-2.180615183,-2.180615183,-0.180443928
108.575,0.4867487004,-2.184227473,-2.184227473,-0.1087952931
108.6,0.5275590341,-2.18606792,-2.18606792,-0.03870276846
108.625,0.5671937443,-2.186175831,-2.186175831,0.02980392441
108.65,0.6055632041,-2.184591061,-2.184591061,0.09671061025
108.675,0.6425805417,-2.18135364,-2.18135364,0.1620169887
108.7,0.6781618391,-2.176503451,-2.176503451,0.2257349946
108.725,0.7122263246,-2.170079941,-2.170079941,0.287887213
108.75,0.7446965592,-2.162121876,-2.162121876,0.3485053639
108.775,0.7754986144,-2.15266713,-2.15266713,0.4076288825
108.8,0.8045622442,-2.141752507,-2.141752507,0.4653035988
108.825,0.8318210475,-2.129413599,-2.129413599,0.5215805283
108.85,0.857212623,-2.115684671,-2.115684671,0.5765147672
108.875,0.8806787154,-2.100598566,-2.100598566,0.6301645046
108.9,0.9021653518,-2.084186647,-2.084186647,0.6825901443
108.925,0.9216229696,-2.066478744,-2.066478744,0.7338535228
108.95,0.939006534,-2.047503134,-2.047503134,0.7840172289
108.975,0.9542756453,-2.027286524,-2.027286524,0.8331440187
109,0.9673946372,-2.005854054,-2.005854054,0.8812963028
109.025,0.9783326627,-1.983229316,-1.983229316,0.9285357154
109.05,0.9870637711,-1.959434371,-1.959434371,0.9749227514
109.075,0.9935669725,-1.934489789,-1.934489789,1.020516452
109.1,0.9978262924,-1.908414681,-1.908414681,1.065374154
109.125,0.9998308142,-1.881226752,-1.881226752,1.109551269
109.15,0.999574711,-1.852942344,-1.852942344,1.15310111
109.175,0.9970572653,-1.823576498,-1.823576498,1.196074736
109.2,0.9922828776,-1.793143003,-1.793143003,1.238520825
109.225,0.9852610634,-1.761654467,-1.761654467,1.280485565
109.25,0.9760064382,-1.729122372,-1.729122372,1.322012546
109.275,0.9645386916,-1.695557146,-1.695557146,1.363142673
109.3,0.9508825488,-1.660968227,-1.660968227,1.403914064
109.325,0.9350677222,-1.625364138,-1.625364138,1.44436195
109.35,0.9171288496,-1.588752556,-1.588752556,1.484518578
109.375,0.897105423,-1.551140393,-1.551140393,1.524413075
109.4,0.8750417048,-1.51253387,-1.51253387,1.564071333
109.425,0.8509866341,-1.472938606,-1.472938606,1.603515838
109.45,0.8249937214,-1.432359701,-1.432359701,1.642765505
109.475,0.797120933,-1.390801827,-1.390801827,1.681835477
109.5,0.7674305654,-1.348269331,-1.348269331,1.720736885
109.525,0.7359891093,-1.304766328,-1.304766328,1.759476615
109.55,0.7028671035,-1.260296826,-1.260296826,1.798056982
109.575,0.66813898,-1.214864827,-1.214864827,1.836475446
109.6,0.6318828996,-1.168474466,-1.168474466,1.874724223
109.625,0.5941805786,-1.121130141,-1.121130141,1.912789909
109.65,0.5551171077,-1.072836656,-1.072836656,1.950653052
109.675,0.5147807619,-1.023599391,-1.023599391,1.988287673
109.7,0.4732628034,-0.9734244493,-0.9734244493,2.025660807
109.725,0.4306572778,-0.9223188648,-0.9223188648,2.062731934
109.75,0.3870608026,-0.8702907716,-0.8702907716,2.099452488
109.775,0.3425723502,-0.8173496362,-0.8173496362,2.135765233
109.8,0.2972930247,-0.7635064592,-0.7635064592,2.171603748
109.825,0.2513258339,-0.7087740331,-0.7087740331,2.206891802
109.85,0.2047754561,-0.6531671747,-0.6531671747,2.24154283
109.875,0.1577480027,-0.5967030091,-0.5967030091,2.27545937
109.9,0.1103507779,-0.5394012307,-0.5394012307,2.3085326
109.925,0.06269203386,-0.4812844084,-0.4812844084,2.34064189
109.95,0.01488072471,-0.4223782723,-0.4223782723,2.371654481
109.975,-0.03297374255,-0.362712029,-0.362712029,2.401425262
110,-0.080761758,-0.3023186673,-0.3023186673,2.429796687
110.025,-0.1283737599,-0.2412352681,-0.2412352681,2.45659888
110.05,-0.175700486,-0.1795033128,-0.1795033128,2.481649939
110.075,-0.2226332247,-0.1171689729,-0.1171689729,2.50475647
110.1,-0.2690640653,-0.05428339113,-0.05428339113,2.525714428
110.125,-0.3148861468,0.009097066058,0.009097066058,2.544310226
110.15,-0.3599939047,0.07291058971,0.07291058971,2.560322196
110.175,-0.4042833156,0.1370897459,0.1370897459,2.573522422
110.2,-0.4476521381,0.2015613469,0.2015613469,2.583678916
110.225,-0.4900001503,0.266246381,0.266246381,2.590558192
110.25,-0.5312293832,0.3310600114,0.3310600114,2.593928225
110.275,-0.5712443491,0.3959116524,0.3959116524,2.593561746
110.3,-0.6099522647,0.4607051338,0.4607051338,2.589239867
110.325,-0.6472632684,0.5253389578,0.5253389578,2.580755971
110.35,-0.6830906313,0.5897066575,0.5897066575,2.56791981
110.375,-0.7173509611,0.6536972583,0.6536972583,2.550561706
110.4,-0.749964399,0.7171958444,0.7171958444,2.528536748
110.425,-0.7808548085,0.7800842295,0.7800842295,2.501728891
110.45,-0.8099499561,0.8422417271,0.8422417271,2.470054799
110.475,-0.8371816829,0.9035460134,0.9035460134,2.433467319
110.5,-0.8624860681,0.9638740695,0.9638740695,2.391958435
110.525,-0.8858035813,1.02310319,1.02310319,2.345561584
110.55,-0.907079227,1.081112041,1.081112041,2.294353212
110.575,-0.9262626768,1.137781744,1.137781744,2.238453491
110.6,-0.9433083925,1.192996973,1.192996973,2.178026118
110.625,-0.9581757378,1.246647025,1.246647025,2.113277166
110.65,-0.9708290786,1.298626861,1.298626861,2.044452987
110.675,-0.9812378722,1.348838069,1.348838069,1.971837222
110.7,-0.9893767451,1.39718976,1.39718976,1.895746978
110.725,-0.9952255581,1.44359934,1.44359934,1.816528258
110.75,-0.9987694605,1.487993178,1.487993178,1.734550836
110.775,-0.9999989308,1.530307123,1.530307123,1.650202729
110.8,-0.9989098068,1.570486894,1.570486894,1.563884325
110.825,-0.9955033014,1.60848831,1.60848831,1.476002504
110.85,-0.9897860075,1.64427739,1.64427739,1.386964918
110.875,-0.9817698895,1.677830283,1.677830283,1.297174243
110.9,-0.9714722629,1.709133103,1.709133103,1.207023267
110.925,-0.9589157607,1.738181599,1.738181599,1.116890012
110.95,-0.9441282881,1.764980752,1.764980752,1.027133853
110.975,-0.9271429648,1.789544252,1.789544252,0.9380920093
111,-0.9079980541,1.811893916,1.811893916,0.8500769101
111.025,-0.8867368812,1.832059042,1.832059042,0.7633741665
111.05,-0.8634077391,1.850075714,1.850075714,0.6782412445
111.075,-0.8380637821,1.865986099,1.865986099,0.5949067843
111.1,-0.8107629087,1.879837714,1.879837714,0.5135704884
111.125,-0.7815676331,1.891682709,1.891682709,0.4344035381
111.15,-0.750544945,1.901577171,1.901577171,0.3575494319
111.175,-0.7177661596,1.909580437,1.909580437,0.2831252239
111.2,-0.6833067568,1.915754455,1.915754455,0.2112230043
111.225,-0.6472462102,1.920163183,1.920163183,0.1419116302
111.25,-0.6096678071,1.922872028,1.922872028,0.07523858516
111.275,-0.5706584589,1.923947337,1.923947337,0.01123192206
111.3,-0.5303085025,1.923455937,1.923455937,-0.05009776084
111.325,-0.4887114937,1.92146472,1.92146472,-0.1087553611
111.35,-0.4459639927,1.918040285,1.918040285,-0.164759368
111.375,-0.402165342,1.913248616,1.913248616,-0.2181400413
111.4,-0.3574174374,1.907154811,1.907154811,-0.268937696
111.425,-0.3118244932,1.899822852,1.899822852,-0.3172011094
111.45,-0.2654928005,1.891315411,1.891315411,-0.3629860572
111.475,-0.2185304814,1.881693692,1.881693692,-0.406353987
111.5,-0.1710472376,1.871017305,1.871017305,-0.4473708308
111.525,-0.1231540952,1.859344165,1.859344165,-0.486105954
111.55,-0.07496314625,1.846730423,1.846730423,-0.5226312265
111.575,-0.02658728666,1.833230407,1.833230407,-0.5570202264
111.6,0.02186004749,1.818896592,1.818896592,-0.5893475597
111.625,0.07026514579,1.803779584,1.803779584,-0.6196882755
111.65,0.1185142903,1.787928108,1.787928108,-0.6481173927
111.675,0.166494023,1.771389022,1.771389022,-0.6747095073
111.7,0.2140914125,1.754207326,1.754207326,-0.699538476
111.725,0.2611943208,1.736426184,1.736426184,-0.7226771798
111.75,0.3076916682,1.718086954,1.718086954,-0.7441973345
111.775,0.3534736958,1.699229218,1.699229218,-0.7641693688
111.8,0.3984322261,1.679890811,1.679890811,-0.7826623356
111.825,0.4424609196,1.660107862,1.660107862,-0.7997438704
111.85,0.4854555283,1.639914827,1.639914827,-0.8154801786
111.875,0.5273141436,1.619344524,1.619344524,-0.8299360494
111.9,0.5679374401,1.598428166,1.598428166,-0.8431748906
111.925,0.6072289135,1.577195403,1.577195403,-0.8552587885
111.95,0.6450951116,1.555674344,1.555674344,-0.8662485628
111.975,0.6814458592,1.533891595,1.533891595,-0.876203856
112,0.7161944755,1.511872284,1.511872284,-0.8851832065
112.025,0.7492579831,1.489640088,1.489640088,-0.8932441363
112.05,0.7805573098,1.467217259,1.467217259,-0.9004432469
112.075,0.8100174795,1.444624643,1.444624643,-0.9068362935
112.1,0.8375677961,1.421881703,1.421881703,-0.9124782828
112.125,0.8631420157,1.399006535,1.399006535,-0.9174235463
112.15,0.8866785094,1.376015883,1.376015883,-0.921725818
112.175,0.9081204154,1.352925158,1.352925158,-0.9254383101
112.2,0.9274157798,1.329748443,1.329748443,-0.928613767
112.225,0.9445176863,1.306498509,1.306498509,-0.9313045307
112.25,0.959384374,1.283186823,1.283186823,-0.9335625821
112.275,0.971979343,1.259823555,1.259823555,-0.9354395818
112.3,0.9822714482,1.236417591,1.236417591,-0.9369869027
112.325,0.9902349799,1.212976531,1.212976531,-0.9382556475
112.35,0.9958497321,1.189506706,1.189506706,-0.9392966629
112.375,0.9991010578,1.166013175,1.166013175,-0.9401605413
112.4,0.999979911,1.142499735,1.142499735,-0.9408976166
112.425,0.9984828752,1.118968933,1.118968933,-0.9415579433
112.45,0.9946121795,1.095422063,1.095422063,-0.942191275
112.475,0.9883757002,1.071859182,1.071859182,-0.942847037
112.5,0.9797869495,1.048279115,1.048279115,-0.9435742716
112.525,0.9688650508,1.024679468,1.024679468,-0.9444215899
112.55,0.9556347005,1.001056634,1.001056634,-0.9454371279
112.575,0.9401261163,0.9774058125,0.9774058125,-0.9466684691
112.6,0.9223749725,0.953721021,0.953721021,-0.9481625565
112.625,0.9024223221,0.9299951102,0.9299951102,-0.9499656431
112.65,0.8803145058,0.9062197844,0.9062197844,-0.9521231869
112.675,0.8561030484,0.8823856253,0.8823856253,-0.9546797457
112.7,0.8298445424,0.8584821092,0.8584821092,-0.9576789023
112.725,0.8016005198,0.8344976369,0.8344976369,-0.9611631477
112.75,0.7714373115,0.8104195649,0.8104195649,-0.9651737537
112.775,0.7394258947,0.78623423,0.78623423,-0.9697506874
112.8,0.7056417297,0.7619269893,0.7619269893,-0.9749324675
112.825,0.6701645853,0.7374822581,0.7374822581,-0.9807560368
112.85,0.6330783531,0.712883545,0.712883545,-0.9872566502
112.875,0.5944708527,0.6881135043,0.6881135043,-0.9944677122
112.9,0.5544336264,0.6631539769,0.6631539769,-1.002420655
112.925,0.5130617247,0.6379860441,0.6379860441,-1.011144788
112.95,0.4704534831,0.6125900852,0.6125900852,-1.020667133
112.975,0.4267102911,0.5869458299,0.5869458299,-1.031012291
113,0.3819363525,0.5610324297,0.5610324297,-1.042202253
113.025,0.3362384398,0.5348285162,0.5348285162,-1.054256255
113.05,0.2897256407,0.50831228,0.50831228,-1.067190582
113.075,0.2425091,0.4814615404,0.4814615404,-1.081018404
113.1,0.1947017548,0.4542538309,0.4542538309,-1.095749571
113.125,0.1464180658,0.4266664802,0.4266664802,-1.111390424
113.15,0.0977737444,0.398676706,0.398676706,-1.127943588
113.175,0.04888547586,0.3702617079,0.3702617079,-1.145407753
113.2,-0.0001293596971,0.3413987711,0.3413987711,-1.163777452
113.225,-0.0491529689,0.31206537,0.31206537,-1.183042829
113.25,-0.09806742802,0.2822392851,0.2822392851,-1.203189389
113.275,-0.1467549667,0.2518987175,0.2518987175,-1.224197753
113.3,-0.1950982516,0.2210224186,0.2210224186,-1.246043386
113.325,-0.2429806701,0.1895898191,0.1895898191,-1.26869633
113.35,-0.2902866115,0.1575811699,0.1575811699,-1.292120923
113.375,-0.3369017477,0.124977688,0.124977688,-1.316275511
113.4,-0.3827133104,0.09176170878,0.09176170878,-1.341112161
113.425,-0.4276103649,0.05791684833,0.05791684833,-1.366576361
113.45,-0.4714840809,0.02342817059,0.02342817059,-1.392606737
113.475,-0.5142279971,-0.01171763755,-0.01171763755,-1.419134758
113.5,-0.5557382821,-0.0475320835,-0.0475320835,-1.446084469
113.525,-0.5959139884,-0.08402468025,-0.08402468025,-1.473372228
113.55,-0.6346573001,-0.1212027512,-0.1212027512,-1.500906472
113.575,-0.6718737738,-0.1590712296,-0.1590712296,-1.528587516
113.6,-0.707472571,-0.197632453,-0.197632453,-1.55630739
113.625,-0.7413666826,-0.2368859552,-0.2368859552,-1.583949734
113.65,-0.773473145,-0.2768282559,-0.2768282559,-1.611389751
113.675,-0.8037132455,-0.3174526493,-0.3174526493,-1.63849424
113.7,-0.8320127191,-0.358748995,-0.358748995,-1.66512172
113.725,-0.8583019338,-0.4007035162,-0.4007035162,-1.691122652
113.75,-0.8825160657,-0.4432985981,-0.4432985981,-1.716339794
113.775,-0.9045952623,-0.4865126055,-0.4865126055,-1.740608664
113.8,-0.924484794,-0.5303197053,-0.5303197053,-1.763758203
113.825,-0.9421351937,-0.5746897157,-0.5746897157,-1.785611484
113.85,-0.9575023839,-0.6195879643,-0.6195879643,-1.805986799
113.875,-0.9705477903,-0.6649751931,-0.6649751931,-1.824698648
113.9,-0.9812384428,-0.7108074696,-0.7108074696,-1.841559182
113.925,-0.9895470631,-0.7570361509,-0.7570361509,-1.85637962
113.95,-0.9954521381,-0.8036078828,-0.8036078828,-1.868972014
113.975,-0.9989379797,-0.8504646388,-0.8504646388,-1.879151036
114,-0.9999947707,-0.8975438157,-0.8975438157,-1.886736043
114.025,-0.9986185959,-0.9447783734,-0.9447783734,-1.891553193
114.05,-0.9948114598,-0.9920970332,-0.9920970332,-1.893437683
114.075,-0.9885812888,-1.039424536,-1.039424536,-1.892236074
114.1,-0.97994192,-1.086681951,-1.086681951,-1.887808598
114.125,-0.9689130747,-1.133787047,-1.133787047,-1.88003144
114.15,-0.9555203181,-1.180654722,-1.180654722,-1.868798953
114.175,-0.9397950045,-1.227197482,-1.227197482,-1.8540257
114.2,-0.9217742082,-1.273325966,-1.273325966,-1.8356483
114.225,-0.9015006403,-1.318949524,-1.318949524,-1.813627008
114.25,-0.8790225519,-1.36397682,-1.36397682,-1.787946976
114.275,-0.8543936229,-1.408316468,-1.408316468,-1.758619135
114.3,-0.8276728383,-1.451877681,-1.451877681,-1.725680679
114.325,-0.7989243505,-1.494570934,-1.494570934,-1.689195096
114.35,-0.7682173294,-1.536308614,-1.536308614,-1.649251748
114.375,-0.735625799,-1.577005654,-1.577005654,-1.605964995
114.4,-0.7012284632,-1.616580146,-1.616580146,-1.559472852
114.425,-0.6651085188,-1.654953912,-1.654953912,-1.509935236
114.45,-0.6273534572,-1.692053022,-1.692053022,-1.457531837
114.475,-0.588054856,-1.727808259,-1.727808259,-1.402459634
114.5,-0.5473081599,-1.762155523,-1.762155523,-1.34493015
114.525,-0.5052124509,-1.795036147,-1.795036147,-1.285166555
114.55,-0.4618702108,-1.826397162,-1.826397162,-1.223400538
114.575,-0.4173870734,-1.856191463,-1.856191463,-1.159869275
114.6,-0.3718715699,-1.884377911,-1.884377911,-1.094812287
114.625,-0.3254348654,-1.910921355,-1.910921355,-1.028468515
114.65,-0.2781904898,-1.935792578,-1.935792578,-0.9610734717
114.675,-0.2302540616,-1.958968183,-1.958968183,-0.8928566608
114.7,-0.1817430062,-1.98043041,-1.98043041,-0.8240392643
114.725,-0.1327762697,-2.000166901,-2.000166901,-0.7548320696
114.75,-0.08347402813,-2.018170424,-2.018170424,-0.6854338046
114.775,-0.03395739331,-2.034438547,-2.034438547,-0.6160297179
114.8,0.01565188426,-2.048973289,-2.048973289,-0.5467905472
114.825,0.06523171428,-2.061780749,-2.061780749,-0.4778717843
114.85,0.1146599671,-2.072870718,-2.072870718,-0.4094132464
114.875,0.1638147747,-2.082256284,-2.082256284,-0.3415389366
114.9,0.2125748314,-2.08995344,-2.08995344,-0.2743571484
114.925,0.2608196938,-2.095980691,-2.095980691,-0.2079608005
114.95,0.3084300792,-2.100358679,-2.100358679,-0.1424279554
114.975,0.3552881614,-2.103109821,-2.103109821,-0.07782249091
115,0.4012778636,-2.104257957,-2.104257957,-0.01419490565
115.025,0.446285147,-2.103828035,-2.103828035,0.04841679382
115.05,0.4901982957,-2.101845806,-2.101845806,0.1099861489
115.075,0.5329081957,-2.098337549,-2.098337549,0.1704972363
115.1,0.5743086078,-2.093329819,-2.093329819,0.2299436899
115.125,0.6142964342,-2.086849221,-2.086849221,0.2883276802
115.15,0.6527719779,-2.078922209,-2.078922209,0.3456589438
115.175,0.6896391935,-2.069574911,-2.069574911,0.4019538441
115.2,0.7248059299,-2.058832971,-2.058832971,0.4572344601
115.225,0.7581841636,-2.046721417,-2.046721417,0.5115277482
115.25,0.7896902221,-2.033264553,-2.033264553,0.5648647506
115.275,0.8192449968,-2.018485863,-2.018485863,0.6172798577
115.3,0.8467741452,-2.002407934,-2.002407934,0.6688101504
115.325,0.8722082812,-1.985052403,-1.985052403,0.7194947795
115.35,0.8954831539,-1.966439904,-1.966439904,0.7693744219
115.375,0.9165398137,-1.946590043,-1.946590043,0.8184907878
115.4,0.935324765,-1.925521373,-1.925521373,0.8668861716
115.425,0.9517901068,-1.903251388,-1.903251388,0.9146030715
115.45,0.9658936584,-1.87979652,-1.87979652,0.961683826
115.475,0.9775990717,-1.855172149,-1.855172149,1.00817032
115.5,0.9868759293,-1.829392613,-1.829392613,1.054103697
115.525,0.9936998273,-1.802471238,-1.802471238,1.099524125
115.55,0.9980524442,-1.774420357,-1.774420357,1.144470565
115.575,0.9999215939,-1.745251346,-1.745251346,1.188980586
115.6,0.999301264,-1.714974664,-1.714974664,1.233090161
115.625,0.9961916391,-1.683599889,-1.683599889,1.276833512
115.65,0.9905991074,-1.65113577,-1.65113577,1.320242922
115.675,0.9825362534,-1.617590274,-1.617590274,1.363348584
115.7,0.972021834,-1.582970639,-1.582970639,1.406178422
115.725,0.95908074,-1.547283439,-1.547283439,1.448757917
115.75,0.9437439412,-1.510534638,-1.510534638,1.491109928
115.775,0.9260484172,-1.47272967,-1.47272967,1.533254472
115.8,0.9060370728,-1.433873501,-1.433873501,1.575208535
115.825,0.8837586378,-1.393970715,-1.393970715,1.616985802
115.85,0.8592675532,-1.353025599,-1.353025599,1.658596418
115.875,0.8326238419,-1.311042229,-1.311042229,1.700046692
115.9,0.8038929658,-1.268024582,-1.268024582,1.741338759
115.925,0.7731456689,-1.223976627,-1.223976627,1.782470273
115.95,0.7404578069,-1.178902465,-1.178902465,1.823433963
115.975,0.7059101638,-1.132806431,-1.132806431,1.864217273
116,0.6695882555,-1.085693255,-1.085693255,1.904801868
116.025,0.6315821219,-1.037568197,-1.037568197,1.945163159
116.05,0.5919861064,-0.9884372166,-0.9884372166,1.985269789
116.075,0.5508986253,-0.9383071507,-0.9383071507,2.025083047
116.1,0.5084219256,-0.8871858947,-0.8871858947,2.064556337
116.125,0.4646618336,-0.8350826239,-0.8350826239,2.103634509
116.15,0.4197274931,-0.7820079947,-0.7820079947,2.142253301
116.175,0.3737310965,-0.7279744013,-0.7279744013,2.180338655
116.2,0.3267876056,-0.672996208,-0.672996208,2.217806142
116.225,0.2790144671,-0.6170900352,-0.6170900352,2.254560318
116.25,0.2305313199,-0.5602750249,-0.5602750249,2.290494189
116.275,0.181459697,-0.5025731502,-0.5025731502,2.325488675
116.3,0.1319227222,-0.4440095126,-0.4440095126,2.359412194
116.325,0.0820448023,-0.3846126647,-0.3846126647,2.392120328
116.35,0.03195131508,-0.324414933,-0.324414933,2.423455635
116.375,-0.018231705,-0.2634527404,-0.2634527404,2.453247624
116.4,-0.06837788369,-0.2017669371,-0.2017669371,2.48131294
116.425,-0.1183608251,-0.1394031112,-0.1394031112,2.507455771
116.45,-0.1680544303,-0.0764118957,-0.0764118957,2.53146855
116.475,-0.2173332162,-0.01284925074,-0.01284925074,2.55313296
116.5,-0.2660726324,0.05122328658,0.05122328658,2.572221263
116.525,-0.3141493774,0.1157383849,0.1157383849,2.588498051
116.55,-0.3614417112,0.1806227526,0.1806227526,2.601722342
116.575,-0.4078297649,0.2457970307,0.2457970307,2.611650104
116.6,-0.4531958464,0.3111757514,0.3111757514,2.618037209
116.625,-0.49742474,0.3766673764,0.3766673764,2.620642756
116.65,-0.5404040016,0.4421744235,0.4421744235,2.619232772
116.675,-0.5820242464,0.5075936895,0.5075936895,2.613584247
116.7,-0.6221794297,0.5728165776,0.5728165776,2.603489414
116.725,-0.6607671195,0.6377295335,0.6377295335,2.588760197
116.75,-0.6976887606,0.7022145942,0.7022145942,2.569232724
116.775,-0.7328499292,0.7661500486,0.7661500486,2.544771776
116.8,-0.7661605778,0.8294112079,0.8294112079,2.515275046
116.825,-0.7975352683,0.8918712788,0.8918712788,2.480677047
116.85,-0.8268933952,0.9534023271,0.9534023271,2.440952537
116.875,-0.854159396,1.01387632,1.01387632,2.396119294
116.9,-0.8792629494,1.07316623,1.07316623,2.346240144
116.925,-0.9021391606,1.131147174,1.131147174,2.291424094
116.95,-0.9227287327,1.187697576,1.187697576,2.231826511
116.975,-0.9409781247,1.242700315,1.242700315,2.167648276
117,-0.9568396949,1.296043844,1.296043844,2.099133925
117.025,-0.9702718293,1.347623245,1.347623245,2.026568779
117.05,-0.9812390552,1.397341203,1.397341203,1.950275148
117.075,-0.9897121394,1.445108879,1.445108879,1.870607698
117.1,-0.99566817,1.490846648,1.490846648,1.787948143
117.125,-0.9990906232,1.534484706,1.534484706,1.70269944
117.15,-0.9999694134,1.575963525,1.575963525,1.615279589
117.175,-0.9983009267,1.615234147,1.615234147,1.526115311
117.2,-0.9940880386,1.652258332,1.652258332,1.435635889
117.225,-0.9873401147,1.687008531,1.687008531,1.344266927
117.25,-0.9780729952,1.71946774,1.71946774,1.252424922
117.275,-0.9663089623,1.749629191,1.749629191,1.160511936
117.3,-0.9520766916,1.777495945,1.777495945,1.068911207
117.325,-0.9354111872,1.803080366,1.803080366,0.9779832769
117.35,-0.9163536996,1.826403513,1.826403513,0.8880629415
117.375,-0.894951629,1.847494474,1.847494474,0.7994569471
117.4,-0.8712584109,1.866389632,1.866389632,0.7124423939
117.425,-0.845333388,1.883131919,1.883131919,0.6272658812
117.45,-0.817241665,1.89777005,1.89777005,0.5441432638
117.475,-0.7870539498,1.910357752,1.910357752,0.4632600042
117.5,-0.7548463791,1.920953018,1.920953018,0.3847719877
117.525,-0.7207003307,1.929617383,1.929617383,0.3088067808
117.55,-0.684702221,1.936415227,1.936415227,0.2354651847
117.575,-0.6469432903,1.941413143,1.941413143,0.1648230304
117.6,-0.6075193749,1.944679321,1.944679321,0.09693317065
117.625,-0.5665306668,1.946283009,1.946283009,0.03182753001
117.65,-0.5240814623,1.946294013,1.946294013,-0.03048078328
117.675,-0.4802798995,1.944782255,1.944782255,-0.08999538484
117.7,-0.4352376852,1.941817376,1.941817376,-0.1467345779
117.725,-0.3890698128,1.937468399,1.937468399,-0.2007294031
117.75,-0.3418942707,1.931803428,1.931803428,-0.2520218032
117.775,-0.2938317429,1.924889404,1.924889404,-0.3006629168
117.8,-0.245005302,1.916791889,1.916791889,-0.3467115141
117.825,-0.1955400956,1.907574893,1.907574893,-0.3902325784
117.85,-0.1455630271,1.897300741,1.897300741,-0.4312960381
117.875,-0.09520243075,1.886029957,1.886029957,-0.4699756459
117.9,-0.04458774356,1.873821186,1.873821186,-0.5063479934
117.925,0.006150827145,1.86073113,1.86073113,-0.5404916612
117.95,0.05688263817,1.84681451,1.84681451,-0.5724864982
117.975,0.1074769467,1.832124041,1.832124041,-0.6024130081
118,0.1578032472,1.816710424,1.816710424,-0.6303518422
118.025,0.2077316086,1.800622343,1.800622343,-0.6563833936
118.05,0.2571330102,1.783906483,1.783906483,-0.6805874603
118.075,0.3058796758,1.766607541,1.766607541,-0.7030429995
118.1,0.3538454053,1.748768254,1.748768254,-0.7238279309
118.125,0.400905903,1.730429426,1.730429426,-0.7430190069
118.15,0.4469391005,1.711629957,1.711629957,-0.7606917233
118.175,0.4918254757,1.692406874,1.692406874,-0.7769202733
118.2,0.535448365,1.67279537,1.67279537,-0.791777534
118.225,0.5776942683,1.652828828,1.652828828,-0.8053350773
118.25,0.6184531472,1.632538861,1.632538861,-0.8176632093
118.275,0.6576187138,1.611955337,1.611955337,-0.8288310161
118.3,0.6950887112,1.591106413,1.591106413,-0.8389064289
118.325,0.7307651826,1.570018562,1.570018562,-0.8479563013
118.35,0.7645547316,1.548716595,1.548716595,-0.8560464748
118.375,0.7963687692,1.527223694,1.527223694,-0.8632418723
118.4,0.8261237499,1.505561424,1.505561424,-0.869606566
118.425,0.8537413951,1.48374976,1.48374976,-0.8752038593
118.45,0.879148902,1.461807104,1.461807104,-0.8800963623
118.475,0.9022791405,1.439750299,1.439750299,-0.8843460516
118.5,0.9230708337,1.417594646,1.417594646,-0.8880143411
118.525,0.9414687252,1.395353919,1.395353919,-0.8911621264
118.55,0.9574237296,1.373040374,1.373040374,-0.8938498338
118.575,0.9708930683,1.350664761,1.350664761,-0.8961374561
118.6,0.9818403884,1.328236338,1.328236338,-0.8980845756
118.625,0.9902358655,1.305762877,1.305762877,-0.8997503831
118.65,0.9960562891,1.283250674,1.283250674,-0.9011936819
118.675,0.9992851319,1.26070456,1.26070456,-0.9024728864
118.7,0.9999126005,1.238127913,1.238127913,-0.9036460032
118.725,0.9979356699,1.215522664,1.215522664,-0.9047706127
118.75,0.9933580995,1.19288931,1.19288931,-0.9059038373
118.775,0.9861904318,1.170226928,1.170226928,-0.9071022837
118.8,0.9764499736,1.147533186,1.147533186,-0.9084220105
118.825,0.9641607589,1.124804355,1.124804355,-0.9099184648
118.85,0.9493534948,1.102035333,1.102035333,-0.9116463916
118.875,0.9320654897,1.079219657,1.079219657,-0.9136597839
118.9,0.9123405639,1.056349522,1.056349522,-0.9160117945
118.925,0.8902289431,1.033415809,1.033415809,-0.9187546268
118.95,0.8657871355,1.010408107,1.010408107,-0.9219394568
118.975,0.8390777915,0.9873147355,0.9873147355,-0.9256163326
119,0.8101695478,0.9641227828,0.9641227828,-0.9298340416
119.025,0.7791368547,0.9408181315,0.9408181315,-0.9346400239
119.05,0.7460597891,0.9173854954,0.9173854954,-0.9400802471
119.075,0.7110238515,0.8938084634,0.8938084634,-0.9461990659
119.1,0.6741197486,0.8700695319,0.8700695319,-0.953039122
119.125,0.6354431625,0.8461501562,0.8461501562,-0.9606411964
119.15,0.5950945056,0.8220307984,0.8220307984,-0.9690440712
119.175,0.5531786638,0.7976909731,0.7976909731,-0.9782844084
119.2,0.5098047262,0.7731093117,0.7731093117,-0.9883965812
119.225,0.4650857046,0.7482636121,0.7482636121,-0.9994125474
119.25,0.4191382413,0.7231309069,0.7231309069,-1.011361685
119.275,0.3720823079,0.6976875289,0.6976875289,-1.024270631
119.3,0.3240408935,0.6719091781,0.6719091781,-1.03816313
119.325,0.2751396858,0.645771003,0.645771003,-1.053059844
119.35,0.2255067439,0.6192476712,0.6192476712,-1.068978193
119.375,0.1752721645,0.5923134622,0.5923134622,-1.085932149
119.4,0.1245677419,0.5649423465,0.5649423465,-1.103932056
119.425,0.0735266239,0.5371080878,0.5371080878,-1.122984409
119.45,0.0222829622,0.5087843342,0.5087843342,-1.143091645
119.475,-0.02902843907,0.4799447292,0.4799447292,-1.164251903
119.5,-0.08027247791,0.4505630158,0.4505630158,-1.186458789
119.525,-0.1313141101,0.4206131598,0.4206131598,-1.209701105
119.55,-0.1820187053,0.3900694661,0.3900694661,-1.233962581
119.575,-0.2322524024,0.3589067165,0.3589067165,-1.259221575
119.6,-0.2818824642,0.3271003007,0.3271003007,-1.285450777
119.625,-0.3307776284,0.2946263684,0.2946263684,-1.312616863
119.65,-0.3788084564,0.2614619789,0.2614619789,-1.340680173
119.675,-0.4258476773,0.2275852671,0.2275852671,-1.369594337
119.7,-0.4717705268,0.1929756151,0.1929756151,-1.39930591
119.725,-0.51645508,0.1576138321,0.1576138321,-1.429753986
119.75,-0.5597825776,0.1214823487,0.1214823487,-1.460869804
119.775,-0.6016377432,0.08456541675,0.08456541675,-1.492576354
119.8,-0.6419090933,0.04684931965,0.04684931965,-1.52478798
119.825,-0.6804892368,0.008322595152,0.008322595152,-1.557409996
119.85,-0.7172751641,-0.03102373543,-0.03102373543,-1.590338318
119.875,-0.7521685259,-0.07119592761,-0.07119592761,-1.623459126
119.9,-0.7850758989,-0.1121972666,-0.1121972666,-1.656648565
119.925,-0.8159090402,-0.1540278129,-0.1540278129,-1.6897725
119.95,-0.8445851269,-0.1966841436,-0.1966841436,-1.722686345
119.975,-0.8710269831,-0.2401590896,-0.2401590896,-1.755234981
120,-0.8951632914,-0.2844414721,-0.2844414721,-1.787252775
120.025,-0.9169287892,-0.3295158409,-0.3295158409,-1.81856374
120.05,-0.9362644499,-0.375362221,-0.375362221,-1.848981831
120.075,-0.9531176472,-0.4219558645,-0.4219558645,-1.878311435
120.1,-0.9674423025,-0.4692670199,-0.4692670199,-1.90634803
120.125,-0.979199016,-0.5172607226,-0.5172607226,-1.932879093
120.15,-0.9883551795,-0.5658966016,-0.5658966016,-1.957685198
120.175,-0.9948850711,-0.6151287341,-0.6151287341,-1.980541447
120.2,-0.998769933,-0.6649055189,-0.6649055189,-2.001219046
120.225,-0.9999980292,-0.7151696082,-0.7151696082,-2.019487266
120.25,-0.9985646858,-0.7658578827,-0.7658578827,-2.035115607
120.275,-0.9944723123,-0.8169014889,-0.8169014889,-2.047876208
120.3,-0.9877304036,-0.8682259387,-0.8682259387,-2.057546562
120.325,-0.9783555235,-0.9197512761,-0.9197512761,-2.063912351
120.35,-0.9663712696,-0.9713923216,-0.9713923216,-2.066770494
120.375,-0.9518082185,-1.023058993,-1.023058993,-2.065932305
120.4,-0.9347038532,-1.074656703,-1.074656703,-2.061226659
120.425,-0.9151024715,-1.126086837,-1.126086837,-2.052503146
120.45,-0.893055076,-1.177247314,-1.177247314,-2.039635118
120.475,-0.8686192465,-1.228033213,-1.228033213,-2.022522511
120.5,-0.8418589936,-1.278337469,-1.278337469,-2.00109437
120.525,-0.8128445962,-1.328051629,-1.328051629,-1.975311003
120.55,-0.781652421,-1.377066659,-1.377066659,-1.945165651
120.575,-0.7483647257,-1.42527378,-1.42527378,-1.910685612
120.6,-0.7130694464,-1.472565324,-1.472565324,-1.871932772
120.625,-0.6758599688,-1.518835605,-1.518835605,-1.829003474
120.65,-0.6368348854,-1.563981768,-1.563981768,-1.782027727
120.675,-0.5960977374,-1.607904615,-1.607904615,-1.73116775
120.7,-0.5537567436,-1.650509382,-1.650509382,-1.676615871
120.725,-0.5099245161,-1.691706467,-1.691706467,-1.618591839
120.75,-0.4647177635,-1.731412067,-1.731412067,-1.557339596
120.775,-0.4182569832,-1.769548744,-1.769548744,-1.493123646
120.8,-0.3706661426,-1.80604589,-1.80604589,-1.426225081
120.825,-0.3220723505,-1.840840086,-1.840840086,-1.356937344
120.85,-0.2726055201,-1.87387536,-1.87387536,-1.285562012
120.875,-0.222398023,-1.905103335,-1.905103335,-1.212404417
120.9,-0.1715843368,-1.934483272,-1.934483272,-1.137769576
120.925,-0.1203006861,-1.961982011,-1.961982011,-1.061958214
120.95,-0.06868467874,-1.987573821,-1.987573821,-0.985263156
120.975,-0.01687493673,-2.011240157,-2.011240157,-0.9079661202
121,0.03498927496,-2.032969346,-2.032969346,-0.8303348683
121.025,0.0867684227,-2.052756216,-2.052756216,-0.752620923
121.05,0.1383230795,-2.070601654,-2.070601654,-0.6750576826
121.075,0.1895143009,-2.086512144,-2.086512144,-0.5978590669
121.1,0.2402039994,-2.100499264,-2.100499264,-0.5212186121
121.125,0.2902553186,-2.112579171,-2.112579171,-0.4453089983
121.15,0.3395330027,-2.122772075,-2.122772075,-0.3702819855
121.175,0.3879037642,-2.131101723,-2.131101723,-0.2962686952
121.2,0.4352366453,-2.137594889,-2.137594889,-0.2233801989
121.225,0.4814033748,-2.142280878,-2.142280878,-0.1517083659
121.25,0.526278717,-2.145191064,-2.145191064,-0.08132690446
121.275,0.5697408147,-2.146358453,-2.146358453,-0.01229255494
121.3,0.6116715216,-2.145817265,-2.145817265,0.05535358596
121.325,0.6519567268,-2.143602569,-2.143602569,0.1215847122
121.35,0.6904866681,-2.13974994,-2.13974994,0.1863868944
121.375,0.7271562344,-2.134295156,-2.134295156,0.2497576787
121.4,0.7618652554,-2.127273924,-2.127273924,0.3117047144
121.425,0.7945187793,-2.118721649,-2.118721649,0.3722444298
121.45,0.8250273359,-2.108673232,-2.108673232,0.4314007711
121.475,0.8533071857,-2.097162888,-2.097162888,0.4892040152
121.5,0.8792805542,-2.084224012,-2.084224012,0.5456896733
121.525,0.9028758494,-2.069889054,-2.069889054,0.6008974844
121.55,0.924027864,-2.054189429,-2.054189429,0.6548704885
121.575,0.9426779597,-2.037155441,-2.037155441,0.7076542027
121.6,0.9587742348,-2.018816236,-2.018816236,0.7592958831
121.625,0.9722716727,-1.999199761,-1.999199761,0.8098438601
121.65,0.9831322732,-1.97833275,-1.97833275,0.8593469658
121.675,0.9913251637,-1.956240713,-1.956240713,0.9078540282
121.7,0.9968266924,-1.932947946,-1.932947946,0.9554134262
121.725,0.9996205007,-1.908477542,-1.908477542,1.002072719
121.75,0.9996975773,-1.882851424,-1.882851424,1.047878311
121.775,0.9970562913,-1.856090366,-1.856090366,1.092875177
121.8,0.9917024055,-1.828214043,-1.828214043,1.13710662
121.825,0.9836490703,-1.799241067,-1.799241067,1.180614065
121.85,0.9729167962,-1.769189044,-1.769189044,1.223436879
121.875,0.9595334077,-1.738074618,-1.738074618,1.265612216
121.9,0.9435339756,-1.705913538,-1.705913538,1.307174875
121.925,0.9249607308,-1.67272071,-1.67272071,1.348157171
121.95,0.9038629579,-1.638510268,-1.638510268,1.38858882
121.975,0.880296869,-1.603295632,-1.603295632,1.428496812
122,0.8543254591,-1.567089589,-1.567089589,1.4679053
122.025,0.826018342,-1.529904352,-1.529904352,1.506835479
122.05,0.7954515691,-1.491751649,-1.491751649,1.545305447
122.075,0.7627074286,-1.45264279,-1.45264279,1.583330079
122.1,0.7278742289,-1.412588759,-1.412588759,1.620920864
122.125,0.6910460641,-1.371600295,-1.371600295,1.658085747
122.15,0.6523225643,-1.329687984,-1.329687984,1.694828946
122.175,0.6118086293,-1.286862359,-1.286862359,1.731150744
122.2,0.5696141484,-1.24313399,-1.24313399,1.767047288
122.225,0.5258537054,-1.198513606,-1.198513606,1.802510329
122.25,0.4806462708,-1.153012192,-1.153012192,1.837526993
122.275,0.4341148811,-1.106641122,-1.106641122,1.872079483
122.3,0.3863863068,-1.059412276,-1.059412276,1.906144806
122.325,0.3375907093,-1.011338178,-1.011338178,1.939694459
122.35,0.2878612884,-0.9624321351,-0.9624321351,1.972694113
122.375,0.2373339204,-0.9127083905,-0.9127083905,2.005103293
122.4,0.1861467884,-0.8621822806,-0.8621822806,2.036875041
122.425,0.1344400064,-0.8108703962,-0.8108703962,2.067955604
122.45,0.08235523651,-0.7587907656,-0.7587907656,2.098284103
122.475,0.0300353017,-0.7059630251,-0.7059630251,2.127792256
122.5,-0.02237620498,-0.6524086198,-0.6524086198,2.156404096
122.525,-0.07473531425,-0.5981509863,-0.5981509863,2.184035759
122.55,-0.126898076,-0.5432157638,-0.5432157638,2.210595303
122.575,-0.1787209551,-0.4876309877,-0.4876309877,2.235982612
122.6,-0.2300612271,-0.431427302,-0.431427302,2.260089376
122.625,-0.2807773718,-0.3746381583,-0.3746381583,2.282799173
122.65,-0.3307294645,-0.3173000185,-0.3173000185,2.303987679
122.675,-0.379779563,-0.259452549,-0.259452549,2.323522996
122.7,-0.4277920906,-0.2011388014,-0.2011388014,2.34126616
122.725,-0.4746342124,-0.1424053854,-0.1424053854,2.357071811
122.75,-0.5201762045,-0.08330261328,-0.08330261328,2.370789033
122.775,-0.5642918164,-0.02388463109,-0.02388463109,2.382262457
122.8,-0.6068586225,0.03579048986,0.03579048986,2.391333493
122.825,-0.6477583656,0.09566068794,0.09566068794,2.39784186
122.85,-0.6868772878,0.1556598912,0.1556598912,2.401627293
122.875,-0.7241064504,0.2157180411,0.2157180411,2.40253148
122.9,-0.7593420408,0.2757611679,0.2757611679,2.400400198
122.925,-0.7924856652,0.3357115213,0.3357115213,2.395085632
122.95,-0.8234446279,0.395487761,0.395487761,2.386448843
122.975,-0.852132194,0.4550052118,0.4550052118,2.37436235
123,-0.8784678368,0.5141761815,0.5141761815,2.358712767
123.025,-0.902377468,0.5729103472,0.5729103472,2.339403447
123.05,-0.9237936511,0.6311152057,0.6311152057,2.316357071
123.075,-0.9426557956,0.6886965888,0.6886965888,2.289518097
123.1,-0.9589103336,0.7455592356,0.7455592356,2.258855016
123.125,-0.9725108765,0.8016074187,0.8016074187,2.224362311
123.15,-0.9834183525,0.8567456141,0.8567456141,2.186062085
123.175,-0.9916011236,0.9108792095,0.9108792095,2.144005258
123.2,-0.9970350826,0.9639152339,0.9639152339,2.098272294
123.225,-0.9997037288,1.0157631,1.0157631,2.048973405
123.25,-0.9995982233,1.066335344,1.066335344,1.996248211
123.275,-0.9967174228,1.115548351,1.115548351,1.940264831
123.3,-0.9910678918,1.163323053,1.163323053,1.881218416
123.325,-0.9826638939,1.209585576,1.209585576,1.819329158
123.35,-0.9715273613,1.254267838,1.254267838,1.754839812
123.375,-0.9576878433,1.297308081,1.297308081,1.688012767
123.4,-0.9411824332,1.338651315,1.338651315,1.619126786
123.425,-0.922055674,1.37824969,1.37824969,1.548473498
123.45,-0.9003594435,1.416062767,1.416062767,1.476353642
123.475,-0.8761528189,1.452057701,1.452057701,1.40307332
123.5,-0.8495019204,1.486209328,1.486209328,1.328940239
123.525,-0.8204797361,1.518500154,1.518500154,1.254259988
123.55,-0.7891659263,1.548920271,1.548920271,1.179332697
123.575,-0.7556466095,1.577467161,1.577467161,1.104449686
123.6,-0.7200141301,1.60414546,1.60414546,1.029890745
123.625,-0.6823668082,1.628966617,1.628966617,0.9559214962
123.65,-0.6428086721,1.651948532,1.651948532,0.8827913879
123.675,-0.6014491749,1.673115114,1.673115114,0.8107319206
123.7,-0.5584028953,1.692495825,1.692495825,0.7399554131
123.725,-0.5137892234,1.710125184,1.710125184,0.6706540908
123.75,-0.4677320328,1.726042258,1.726042258,0.6029995956
123.775,-0.4203593399,1.740290151,1.740290151,0.5371428255
123.8,-0.3718029503,1.752915473,1.752915473,0.4732141016
123.825,-0.3221980948,1.763967846,1.763967846,0.4113235934
123.85,-0.2716830552,1.773499399,1.773499399,0.3515619923
123.875,-0.2203987801,1.781564292,1.781564292,0.294001365
123.9,-0.1684884941,1.788218267,1.788218267,0.2386961455
123.925,-0.1160972984,1.793518215,1.793518215,0.1856842643
123.95,-0.06337176699,1.797521783,1.797521783,0.1349883143
123.975,-0.010459537,1.800287004,1.800287004,0.08661678087
124,0.04249110397,1.801871959,1.801871959,0.04056528051
124.025,0.09533163324,1.802334471,1.802334471,-0.003182222341
124.05,0.1479137096,1.80173183,1.80173183,-0.04465221946
124.075,0.2000895902,1.800120543,1.800120543,-0.08388051398
124.1,0.251712546,1.79755612,1.79755612,-0.1209111346
124.125,0.3026372755,1.794092875,1.794092875,-0.1557953173
124.15,0.3527203149,1.789783763,1.789783763,-0.188590557
124.175,0.4018204436,1.784680232,1.784680232,-0.2193597382
124.2,0.449799084,1.778832099,1.778832099,-0.2481703446
124.225,0.4965206947,1.772287443,1.772287443,-0.2750937335
124.25,0.5418531558,1.765092518,1.765092518,-0.3002044948
124.275,0.5856681449,1.75729168,1.75729168,-0.3235798783
124.3,0.627841503,1.748927325,1.748927325,-0.3452992706
124.325,0.6682535892,1.740039841,1.740039841,-0.365443764
124.35,0.7067896238,1.730667574,1.730667574,-0.3840957362
124.375,0.7433400175,1.720846798,1.720846798,-0.4013385332
124.4,0.7778006864,1.710611691,1.710611691,-0.4172561395
124.425,0.8100733528,1.699994331,1.699994331,-0.4319329356
124.45,0.8400658294,1.68902468,1.68902468,-0.4454534806
124.475,0.8676922864,1.677730588,1.677730588,-0.4579022665
124.5,0.8928735024,1.666137795,1.666137795,-0.4693636059
124.525,0.9155370952,1.654269936,1.654269936,-0.4799214544
124.55,0.9356177355,1.642148556,1.642148556,-0.4896592578
124.575,0.9530573391,1.629793117,1.629793117,-0.4986598711
124.6,0.9678052408,1.617221021,1.617221021,-0.5070054312
124.625,0.9798183458,1.604447626,1.604447626,-0.5147772525
124.65,0.9890612612,1.591486269,1.591486269,-0.5220557557
124.675,0.9955064054,1.578348287,1.578348287,-0.5289203668
124.7,0.9991340953,1.565043047,1.565043047,-0.5354494358
124.725,0.9999326119,1.551577968,1.551577968,-0.5417201706
124.75,0.9978982426,1.537958557,1.537958557,-0.5478085404
124.775,0.9930353017,1.524188439,1.524188439,-0.5537892062
124.8,0.9853561276,1.510269383,1.510269383,-0.5597354554
124.825,0.9748810572,1.496201352,1.496201352,-0.5657191061
124.85,0.9616383782,1.481982531,1.481982531,-0.5718104313
124.875,0.9456642579,1.467609362,1.467609362,-0.5780781044
124.9,0.92700265,1.453076597,1.453076597,-0.5845890993
124.925,0.9057051792,1.438377335,1.438377335,-0.5914086192
124.95,0.8818310036,1.423503066,1.423503066,-0.5986000326
124.975,0.8554466554,1.408443722,1.408443722,-0.6062247847
125,0.8266258607,1.39318772,1.39318772,-0.6143423335
125.025,0.795449338,1.377722019,1.377722019,-0.6230100823
125.05,0.7620045775,1.36203217,1.36203217,-0.6322833011
125.075,0.7263855996,1.346102366,1.346102366,-0.6422150754
125.1,0.688692695,1.329915503,1.329915503,-0.6528562382
125.125,0.6490321468,1.313453238,1.313453238,-0.6642553119
125.15,0.6075159346,1.296696036,1.296696036,-0.6764584622
125.175,0.564261422,1.279623248,1.279623248,-0.689509441
125.2,0.5193910287,1.262213155,1.262213155,-0.7034495484
125.225,0.4730318869,1.244443037,1.244443037,-0.7183175901
125.25,0.4253154846,1.22628924,1.22628924,-0.7341498388
125.275,0.3763772952,1.207727228,1.207727228,-0.7509800063
125.3,0.3263563954,1.188731663,1.188731663,-0.7688392084
125.325,0.2753950725,1.169276455,1.169276455,-0.7877559409
125.35,0.2236384215,1.149334837,1.149334837,-0.8077560535
125.375,0.1712339337,1.12887943,1.12887943,-0.8288627206
125.4,0.1183310779,1.107882308,1.107882308,-0.8510964202
125.425,0.06508087521,1.086315068,1.086315068,-0.8744748994
125.45,0.01163546898,1.064148898,1.064148898,-0.8990131448
125.475,-0.04185230958,1.041354644,1.041354644,-0.9247233437
125.5,-0.09522937801,1.017902886,1.017902886,-0.9516148316
125.525,-0.1483428407,0.9937640037,0.9937640037,-0.979694044
125.55,-0.2010404274,0.9689082563,0.9689082563,-1.008964435
125.575,-0.2531709301,0.9433058519,0.9433058519,-1.0394264
125.6,-0.3045846377,0.9169270282,0.9169270282,-1.071077168
125.625,-0.3551337678,0.8897421366,0.8897421366,-1.103910667
125.65,-0.4046728923,0.8617217169,0.8617217169,-1.137917395
125.675,-0.4530593577,0.8328365982,0.8328365982,-1.173084207
125.7,-0.5001536983,0.8030579797,0.8030579797,-1.209394138
125.725,-0.5458200401,0.7723575394,0.7723575394,-1.246826132
125.75,-0.5899264956,0.7407075335,0.7407075335,-1.285354768
125.775,-0.6323455476,0.7080809116,0.7080809116,-1.324949936
125.8,-0.6729544209,0.6744514408,0.6744514408,-1.365576447
125.825,-0.711635441,0.6397938317,0.6397938317,-1.407193645
125.85,-0.7482763787,0.6040838896,0.6040838896,-1.449754895
125.875,-0.7827707795,0.5672986603,0.5672986603,-1.493207106
125.9,-0.815018277,0.5294166089,0.5294166089,-1.53749011
125.925,-0.844924889,0.4904177946,0.4904177946,-1.582536077
125.95,-0.8724032959,0.4502840794,0.4502840794,-1.628268798
125.975,-0.8973731002,0.4089993399,0.4089993399,-1.674602982
126,-0.9197610666,0.3665497078,0.3665497078,-1.72144347
126.025,-0.9395013415,0.3229238261,0.3229238261,-1.768684434
126.05,-0.9565356517,0.2781131232,0.2781131232,-1.816208543
126.075,-0.9708134815,0.2321121162,0.2321121162,-1.863886111
126.1,-0.9822922282,0.1849187259,0.1849187259,-1.911574262
126.125,-0.9909373336,0.1365346181,0.1365346181,-1.959116113
126.15,-0.9967223944,0.08696556536,0.08696556536,-2.006340004
126.175,-0.9996292472,0.03622182253,0.03622182253,-2.053058822
126.2,-0.9996480313,-0.01568147844,-0.01568147844,-2.099069431
126.225,-0.996777227,-0.06872392209,-0.06872392209,-2.144152257
126.25,-0.9910236698,-0.1228793959,-0.1228793959,-2.188071088
126.275,-0.9824025404,-0.1781156743,-0.1781156743,-2.230573108
126.3,-0.9709373309,-0.2343940069,-0.2343940069,-2.271389242
126.325,-0.9566597864,-0.2916687196,-0.2916687196,-2.310234858
126.35,-0.939609823,-0.3498868397,-0.3498868397,-2.346810867
126.375,-0.9198354216,-0.4089877533,-0.4089877533,-2.380805308
126.4,-0.8973924986,-0.4689029049,-0.4689029049,-2.411895422
126.425,-0.8723447531,-0.5295555646,-0.5295555646,-2.439750256
126.45,-0.8447634913,-0.5908606582,-0.5908606582,-2.464033899
126.475,-0.8147274288,-0.6527246897,-0.6527246897,-2.484409231
126.5,-0.7823224706,-0.7150457648,-0.7150457648,-2.500542263
126.525,-0.7476414707,-0.7777137301,-0.7777137301,-2.512107046
126.55,-0.71078397,-0.8406104384,-0.8406104384,-2.518790999
126.575,-0.6718559158,-0.9036101541,-0.9036101541,-2.520300633
126.6,-0.6309693607,-0.9665801052,-0.9665801052,-2.516367539
126.625,-0.5882421446,-1.029381187,-1.029381187,-2.506754469
126.65,-0.5437975588,-1.091868816,-1.091868816,-2.491261329
126.675,-0.4977639935,-1.15389393,-1.15389393,-2.469730901
126.7,-0.4502745705,-1.215304127,-1.215304127,-2.442054063
126.725,-0.4014667611,-1.275944926,-1.275944926,-2.408174307
126.75,-0.3514819912,-1.335661132,-1.335661132,-2.368091333
126.775,-0.3004652334,-1.394298269,-1.394298269,-2.321863532
126.8,-0.2485645895,-1.451704071,-1.451704071,-2.269609209
126.825,-0.1959308619,-1.507729976,-1.507729976,-2.21150643
126.85,-0.1427171175,-1.562232609,-1.562232609,-2.147791447
126.875,-0.08907824347,-1.615075195,-1.615075195,-2.07875569
126.9,-0.03517049793,-1.666128893,-1.666128893,-2.004741391
126.925,0.01884894494,-1.715273994,-1.715273994,-1.926135986
126.95,0.07282245248,-1.762400974,-1.762400974,-1.843365461
126.975,0.1265923935,-1.807411361,-1.807411361,-1.756886892
127,0.180001599,-1.850218414,-1.850218414,-1.667180346
127.025,0.2328938216,-1.890747599,-1.890747599,-1.574740571
127.05,0.285114194,-1.928936843,-1.928936843,-1.480068719
127.075,0.3365096834,-1.964736597,-1.964736597,-1.383664058
127.1,0.3869295411,-1.998109694,-1.998109694,-1.286016604
127.125,0.4362257466,-2.029031025,-2.029031025,-1.187600046
127.15,0.4842534444,-2.057487056,-2.057487056,-1.088865766
127.175,0.5308713714,-2.083475207,-2.083475207,-0.9902377756
127.2,0.5759422754,-2.107003112,-2.107003112,-0.892108625
127.225,0.6193333221,-2.12808779,-2.12808779,-0.7948364318
127.25,0.6609164894,-2.146754766,-2.146754766,-0.6987428976
127.275,0.7005689485,-2.163037137,-2.163037137,-0.6041122855
127.3,0.7381734308,-2.176974637,-2.176974637,-0.5111912824
127.325,0.773618578,-2.188612705,-2.188612705,-0.4201896248
127.35,0.8067992763,-2.198001573,-2.198001573,-0.3312813695
127.375,0.8376169723,-2.205195396,-2.205195396,-0.2446066963
127.4,0.8659799703,-2.210251433,-2.210251433,-0.1602741264
127.425,0.8918037095,-2.213229288,-2.213229288,-0.07836300061
127.45,0.9150110214,-2.214190209,-2.214190209,0.001073824229
127.475,0.9355323649,-2.213196465,-2.213196465,0.07800720462
127.5,0.9533060404,-2.210310784,-2.210310784,0.1524289253
127.525,0.9682783799,-2.20559587,-2.20559587,0.2243489662
127.55,0.9804039149,-2.199113974,-2.199113974,0.2937928765
127.575,0.9896455197,-2.190926542,-2.190926542,0.3607992937
127.6,0.9959745306,-2.181093912,-2.181093912,0.4254176369
127.625,0.9993708403,-2.169675078,-2.169675078,0.4877059907
127.65,0.9998229668,-2.156727491,-2.156727491,0.5477291917
127.675,0.9973280983,-2.142306914,-2.142306914,0.6055571161
127.7,0.9918921106,-2.126467318,-2.126467318,0.6612631706
127.725,0.9835295606,-2.109260808,-2.109260808,0.7149229727
127.75,0.9722636535,-2.090737582,-2.090737582,0.7666132128
127.775,0.9581261841,-2.07094592,-2.07094592,0.8164106866
127.8,0.9411574532,-2.049932186,-2.049932186,0.8643914841
127.825,0.9214061586,-2.027740861,-2.027740861,0.910630315
127.85,0.8989292606,-2.00441458,-2.00441458,0.9551999593
127.875,0.8737918239,-1.979994186,-1.979994186,0.9981708333
127.9,0.8460668341,-1.954518796,-1.954518796,1.039610649
127.925,0.8158349915,-1.928025872,-1.928025872,1.079584156
127.95,0.7831844811,-1.900551293,-1.900551293,1.118152959
127.975,0.7482107204,-1.872129443,-1.872129443,1.155375397
128,0.7110160852,-1.842793284,-1.842793284,1.191306467
128.025,0.6717096146,-1.812574449,-1.812574449,1.225997797
128.05,0.6304066958,-1.781503322,-1.781503322,1.259497651
128.075,0.5872287291,-1.74960912,-1.74960912,1.291850961
128.1,0.5423027755,-1.716919981,-1.716919981,1.32309938
128.125,0.4957611861,-1.683463038,-1.683463038,1.353281352
128.15,0.4477412155,-1.649264505,-1.649264505,1.382432199
128.175,0.3983846205,-1.614349751,-1.614349751,1.410584207
128.2,0.3478372442,-1.578743373,-1.578743373,1.437766726
128.225,0.2962485876,-1.542469272,-1.542469272,1.464006271
128.25,0.2437713698,-1.505550719,-1.505550719,1.489326614
128.275,0.190561078,-1.468010424,-1.468010424,1.513748899
128.3,0.1367755081,-1.429870602,-1.429870602,1.537291724
128.325,0.08257429826,-1.391153032,-1.391153032,1.559971248
128.35,0.02811845637,-1.351879118,-1.351879118,1.581801276
128.375,-0.0264301179,-1.31206995,-1.31206995,1.602793354
128.4,-0.08090911385,-1.271746354,-1.271746354,1.622956843
128.425,-0.1351562926,-1.230928952,-1.230928952,1.642299012
128.45,-0.1890099707,-1.189638204,-1.189638204,1.660825103
128.475,-0.2423095024,-1.147894469,-1.147894469,1.678538416
128.5,-0.2948957595,-1.105718044,-1.105718044,1.695440373
128.525,-0.3466116085,-1.063129214,-1.063129214,1.711530587
128.55,-0.3973023806,-1.020148296,-1.020148296,1.726806941
128.575,-0.4468163369,-0.9767956805,-0.9767956805,1.741265639
128.6,-0.4950051242,-0.9330918728,-0.9330918728,1.754901295
128.625,-0.5417242225,-0.8890575317,-0.8890575317,1.767706986
128.65,-0.5868333805,-0.8447135092,-0.8447135092,1.779674338
128.675,-0.6301970403,-0.8000808819,-0.8000808819,1.790793598
128.7,-0.6716847473,-0.7551809884,-0.7551809884,1.801053719
128.725,-0.7111715469,-0.7100354573,-0.7100354573,1.810442451
128.75,-0.7485383643,-0.6646662384,-0.6646662384,1.818946432
128.775,-0.7836723676,-0.6190956281,-0.6190956281,1.826551304
128.8,-0.8164673129,-0.5733462927,-0.5733462927,1.833241813
128.825,-0.8468238698,-0.5274412903,-0.5274412903,1.839001955
128.85,-0.8746499274,-0.4814040865,-0.4814040865,1.843815092
128.875,-0.8998608781,-0.4352585699,-0.4352585699,1.84766412
128.9,-0.9223798803,-0.3890290599,-0.3890290599,1.850531618
128.925,-0.9421380976,-0.3427403147,-0.3427403147,1.852400032
128.95,-0.9590749148,-0.2964175299,-0.2964175299,1.853251862
128.975,-0.9731381287,-0.2500863371,-0.2500863371,1.853069856
129,-0.9842841154,-0.2037727925,-0.2037727925,1.851837238
129.025,-0.9924779705,-0.1575033646,-0.1575033646,1.849537922
129.05,-0.9976936243,-0.1113049123,-0.1113049123,1.846156752
129.075,-0.9999139306,-0.06520465931,-0.06520465931,1.841679749
129.1,-0.9991307282,-0.01923016183,-0.01923016183,1.836094359
129.125,-0.9953448762,0.02659073092,0.02659073092,1.829389711
129.15,-0.9885662617,0.07222992155,0.07222992155,1.821556876
129.175,-0.9788137805,0.1176591164,0.1176591164,1.81258912
129.2,-0.966115291,0.1628498835,0.1628498835,1.802482161
129.225,-0.9505075405,0.2077737169,0.2077737169,1.791234407
129.25,-0.9320360648,0.2524021074,0.2524021074,1.77884719
129.275,-0.9107550616,0.2967066173,0.2967066173,1.765324981
129.3,-0.886727237,0.3406589621,0.3406589621,1.750675578
129.325,-0.8600236263,0.3842310961,0.3842310961,1.73491028
129.35,-0.8307233898,0.4273953005,0.4273953005,1.718044026
129.375,-0.7989135833,0.4701242773,0.4701242773,1.700095496
129.4,-0.7646889046,0.5123912429,0.5123912429,1.681087187
129.425,-0.7281514167,0.5541700235,0.5541700235,1.66104544
129.45,-0.6894102482,0.5954351532,0.5954351532,1.640000428
129.475,-0.6485812717,0.6361619663,0.6361619663,1.617986101
129.5,-0.6057867619,0.6763266931,0.6763266931,1.595040083
129.525,-0.5611550335,0.7159065485,0.7159065485,1.571203522
129.55,-0.51482006,0.7548798178,0.7548798178,1.546520901
129.575,-0.4669210757,0.7932259388,0.7932259388,1.521039794
129.6,-0.4176021599,0.8309255727,0.8309255727,1.494810591
129.625,-0.3670118072,0.8679606742,0.8679606742,1.467886166
129.65,-0.3153024828,0.9043145455,0.9043145455,1.440321536
129.675,-0.2626301657,0.9399718885,0.9399718885,1.412173452
129.7,-0.2091538798,0.9749188398,0.9749188398,1.383500005
129.725,-0.1550352164,1.009143002,1.009143002,1.354360163
129.75,-0.1004378468,1.042633457,1.042633457,1.324813344
129.775,-0.04552702861,1.075380772,1.075380772,1.294918927
129.8,0.009530893412,1.107376998,1.107376998,1.264735817
129.825,0.06456899098,1.138615641,1.138615641,1.234321947
129.85,0.1194202581,1.169091644,1.169091644,1.203733867
129.875,0.1739181181,1.198801338,1.198801338,1.173026266
129.9,0.2278969298,1.227742399,1.227742399,1.142251597
129.925,0.281192492,1.255913775,1.255913775,1.111459659
129.95,0.3336425439,1.283315629,1.283315629,1.080697256
129.975,0.3850872608,1.309949248,1.309949248,1.050007878
130,0.435369743,1.335816964,1.335816964,1.019431406
130.025,0.4843364959,1.36092206,1.36092206,0.9890038886
130.05,0.5318379017,1.385268668,1.385268668,0.9587573272
130.075,0.5777286789,1.408861668,1.408861668,0.9287195399
130.1,0.6218683296,1.431706582,1.431706582,0.8989140377
130.125,0.6641215732,1.453809466,1.453809466,0.869359973
130.15,0.7043587646,1.4751768,1.4751768,0.8400721119
130.175,0.7424562955,1.495815378,1.495815378,0.811060858
130.2,0.7782969787,1.5157322,1.5157322,0.7823323187
130.225,0.8117704126,1.534934367,1.534934367,0.753888395
130.25,0.842773326,1.553428975,1.553428975,0.7257269313
130.275,0.8712099012,1.571223018,1.571223018,0.6978418639
130.3,0.8969920757,1.588323291,1.588323291,0.6702234353
130.325,0.9200398194,1.604736302,1.604736302,0.6428583972
130.35,0.9402813889,1.620468186,1.620468186,0.6157302649
130.375,0.9576535559,1.635524628,1.635524628,0.5888195714
130.4,0.9721018105,1.649910792,1.649910792,0.5621041367
130.425,0.9835805378,1.663631257,1.663631257,0.5355593703
130.45,0.992053168,1.676689961,1.676689961,0.5091585311
130.475,0.9974922981,1.689090146,1.689090146,0.482873064
130.5,0.9998797869,1.700834324,1.700834324,0.4566728559
130.525,0.999206821,1.711924238,1.711924238,0.430526558
130.55,0.9954739526,1.722360833,1.722360833,0.404401867
130.575,0.9886911084,1.732144237,1.732144237,0.3782657915
130.6,0.9788775701,1.74127375,1.74127375,0.3520849601
130.625,0.966061926,1.749747832,1.749747832,0.3258258361
130.65,0.9502819942,1.75756411,1.75756411,0.2994549982
130.675,0.9315847169,1.764719376,1.764719376,0.2729393602
130.7,0.9100260271,1.7712096,1.7712096,0.2462463735
130.725,0.8856706869,1.777029951,1.777029951,0.2193442512
130.75,0.8585920991,1.782174812,1.782174812,0.1922021153
130.775,0.8288720913,1.786637808,1.786637808,0.1647901791
130.8,0.7966006747,1.790411834,1.790411834,0.1370798768
130.825,0.7618757759,1.793489088,1.793489088,0.1090439835
130.85,0.7248029459,1.795861105,1.795861105,0.08065672282
130.875,0.6854950431,1.797518794,1.797518794,0.05189383942
130.9,0.6440718955,1.798452478,1.798452478,0.02273267044
130.925,0.600659939,1.798651932,1.798651932,-0.006847816154
130.95,0.5553918361,1.798106431,1.798106431,-0.03686698978
130.975,0.5084060745,1.796804779,1.796804779,-0.06734254919
131,0.4598465466,1.794735366,1.794735366,-0.09829052485
131.025,0.409862113,1.791886196,1.791886196,-0.1297253001
131.05,0.3586061485,1.788244937,1.788244937,-0.1616596392
131.075,0.3062360747,1.783798958,1.783798958,-0.194104738
131.1,0.2529128786,1.778535363,1.778535363,-0.2270702686
131.125,0.1988006204,1.772441038,1.772441038,-0.2605644522
131.15,0.14406593,1.765502678,1.765502678,-0.2945941235
131.175,0.08887749586,1.757706823,1.757706823,-0.3291648085
131.2,0.0334055457,1.749039893,1.749039893,-0.3642808116
131.225,-0.02217867728,1.739488212,1.739488212,-0.3999452902
131.25,-0.07770344284,1.72903804,1.72903804,-0.4361603535
131.275,-0.1329970641,1.717675596,1.717675596,-0.4729271383
131.3,-0.1878884286,1.705387083,1.705387083,-0.5102459022
131.325,-0.2422075285,1.692158705,1.692158705,-0.5481161031
131.35,-0.295785988,1.677976693,1.677976693,-0.5865364777
131.375,-0.3484575868,1.662827313,1.662827313,-0.6255051198
131.4,-0.4000587766,1.646696888,1.646696888,-0.665019539
131.425,-0.4504291921,1.629571813,1.629571813,-0.7050767277
131.45,-0.4994121506,1.611438558,1.611438558,-0.7456732034
131.475,-0.5468551423,1.592283691,1.592283691,-0.7868050496
131.5,-0.5926103084,1.57209388,1.57209388,-0.8284679404
131.525,-0.6365349046,1.550855907,1.550855907,-0.8706571517
131.55,-0.6784917503,1.528556679,1.528556679,-0.9133675547
131.575,-0.7183496606,1.505183233,1.505183233,-0.9565935974
131.6,-0.7559838608,1.480722752,1.480722752,-1.000329262
131.625,-0.7912763808,1.455162577,1.455162577,-1.044567999
131.65,-0.8241164301,1.428490219,1.428490219,-1.089302656
131.675,-0.8544007498,1.400693377,1.400693377,-1.134525349
131.7,-0.8820339428,1.371759958,1.371759958,-1.180227337
131.725,-0.906928779,1.341678096,1.341678096,-1.226398875
131.75,-0.9290064766,1.310436192,1.310436192,-1.273028961
131.775,-0.9481969562,1.278022932,1.278022932,-1.320105161
131.8,-0.9644390698,1.244427332,1.244427332,-1.367613345
131.825,-0.9776808007,1.209638798,1.209638798,-1.415537287
131.85,-0.9878794363,1.173647159,1.173647159,-1.463858414
131.875,-0.995001712,1.136442744,1.136442744,-1.512555391
131.9,-0.9990239252,1.098016461,1.098016461,-1.561603596
131.925,-0.9999320206,1.058359873,1.058359873,-1.610974718
131.95,-0.9977216448,1.017465303,1.017465303,-1.660636168
131.975,-0.992398171,0.9753259569,0.9753259569,-1.710550416
132,-0.9839766932,0.9319360327,0.9319360327,-1.760674444
132.025,-0.9724819905,0.8872908953,0.8872908953,-1.810958895
132.05,-0.9579484604,0.8413872195,0.8413872195,-1.861347387
132.075,-0.9404200222,0.7942231921,0.7942231921,-1.911775631
132.1,-0.919949991,0.7457987133,0.7457987133,-1.962170549
132.125,-0.8966009214,0.6961156291,0.6961156291,-2.012449364
132.15,-0.8704444223,0.6451779883,0.6451779883,-2.062518596
132.175,-0.8415609434,0.5929923187,0.5929923187,-2.1122731
132.2,-0.8100395334,0.5395679339,0.5395679339,-2.16159504
132.225,-0.775977571,0.4849172634,0.4849172634,-2.210352901
132.25,-0.7394804692,0.4290562029,0.4290562029,-2.258400531
132.275,-0.7006613547,0.3720044986,0.3720044986,-2.305576228
132.3,-0.6596407217,0.313786137,0.313786137,-2.351701952
132.325,-0.6165460627,0.2544297708,0.2544297708,-2.396582648
132.35,-0.5715114767,0.1939691464,0.1939691464,-2.440005765
132.375,-0.5246772562,0.1324435435,0.1324435435,-2.481741008
132.4,-0.4761894538,0.06989822309,0.06989822309,-2.521540374
132.425,-0.4261994302,0.006384863506,0.006384863506,-2.559138546
132.45,-0.3748633856,-0.05803801625,-0.05803801625,-2.594253685
132.475,-0.3223418737,-0.1233046568,-0.1233046568,-2.62658871
132.5,-0.2687993031,-0.1893417,-0.1893417,-2.655833092
132.525,-0.2144034241,-0.2560678786,-0.2560678786,-2.681665247
132.55,-0.1593248058,-0.3233937807,-0.3233937807,-2.703755517
132.575,-0.1037363025,-0.3912216885,-0.3912216885,-2.721769864
132.6,-0.04781251253,-0.4594455222,-0.4594455222,-2.735374147
132.625,0.008270769174,-0.5279508982,-0.5279508982,-2.744239064
132.65,0.06433710312,-0.5966153183,-0.5966153183,-2.748045702
132.675,0.1202099602,-0.6653085037,-0.6653085037,-2.746491559
132.7,0.1757132776,-0.7338928844,-0.7338928844,-2.739296967
132.725,0.2306720141,-0.8022242537,-0.8022242537,-2.726211751
132.75,0.2849127033,-0.8701525888,-0.8701525888,-2.707021946
132.775,0.3382640018,-0.9375230389,-0.9375230389,-2.68155634
132.8,0.3905572324,-1.004177073,-1.004177073,-2.649692628
132.825,0.4416269196,-1.06995377,-1.06995377,-2.611362909
132.85,0.4913113148,-1.134691243,-1.134691243,-2.566558292
132.875,0.5394529119,-1.198228156,-1.198228156,-2.515332371
132.9,0.5858989491,-1.260405318,-1.260405318,-2.457803383
132.925,0.6305018971,-1.321067312,-1.321067312,-2.394154857
132.95,0.6731199311,-1.380064114,-1.380064114,-2.324634696
132.975,0.7136173859,-1.43725268,-1.43725268,-2.249552615
133,0.7518651917,-1.492498442,-1.492498442,-2.169276003
133.025,0.7877412897,-1.545676676,-1.545676676,-2.084224306
133.05,0.8211310265,-1.596673726,-1.596673726,-1.994862116
133.075,0.8519275257,-1.645388034,-1.645388034,-1.901691189
133.1,0.8800320343,-1.691730959,-1.691730959,-1.805241665
133.125,0.9053542455,-1.735627371,-1.735627371,-1.706062868
133.15,0.9278125939,-1.777016018,-1.777016018,-1.604713971
133.175,0.9473345243,-1.815849651,-1.815849651,-1.501754638
133.2,0.9638567314,-1.852094931,-1.852094931,-1.397736507
133.225,0.9773253716,-1.885732121,-1.885732121,-1.293194945
133.25,0.9876962441,-1.916754591,-1.916754591,-1.188642044
133.275,0.9949349424,-1.945168161,-1.945168161,-1.084560543
133.3,0.9990169743,-1.970990295,-1.970990295,-0.9813988815
133.325,0.9999278511,-1.994249202,-1.994249202,-0.8795675325
133.35,0.9976631448,-2.014982852,-2.014982852,-0.7794364309
133.375,0.9922285136,-2.033237938,-2.033237938,-0.6813335537
133.4,0.9836396955,-2.049068823,-2.049068823,-0.5855445199
133.425,0.9719224691,-2.062536488,-2.062536488,-0.4923130806
133.45,0.9571125836,-2.073707495,-2.073707495,-0.4018424046
133.475,0.9392556559,-2.082652995,-2.082652995,-0.3142969697
133.5,0.9184070366,-2.089447797,-2.089447797,-0.2298049448
133.525,0.8946316448,-2.094169485,-2.094169485,-0.14846095
133.55,0.8680037723,-2.09689762,-2.09689762,-0.07032901264
133.575,0.8386068571,-2.097713014,-2.097713014,0.00455433786
133.6,0.8065332284,-2.096697082,-2.096697082,0.07617695535
133.625,0.7718838216,-2.093931268,-2.093931268,0.1445480169
133.65,0.7347678666,-2.089496552,-2.089496552,0.2096950802
133.675,0.6953025488,-2.083473024,-2.083473024,0.2716613035
133.7,0.6536126435,-2.075939528,-2.075939528,0.3305028641
133.725,0.6098301269,-2.066973365,-2.066973365,0.3862865964
133.75,0.5640937624,-2.056650054,-2.056650054,0.4390878604
133.775,0.5165486649,-2.045043144,-2.045043144,0.4889886448
133.8,0.4673458449,-2.032224069,-2.032224069,0.5360759021
133.825,0.4166417319,-2.018262042,-2.018262042,0.5804401027
133.85,0.3645976804,-2.003223983,-2.003223983,0.6221740008
133.875,0.3113794597,-1.987174478,-1.987174478,0.6613715951
133.9,0.2571567285,-1.970175753,-1.970175753,0.698127271
133.925,0.2021024962,-1.952287679,-1.952287679,0.7325350975
133.95,0.1463925727,-1.933567787,-1.933567787,0.7646882731
133.975,0.09020500867,-1.914071288,-1.914071288,0.7946787016
134,0.03371952798,-1.893851121,-1.893851121,0.8225966722
134.025,-0.02288304677,-1.872957988,-1.872957988,0.8485306412
134.05,-0.07942137235,-1.851440401,-1.851440401,0.8725670951
134.075,-0.1357141659,-1.829344741,-1.829344741,0.8947904806
134.1,-0.1915807863,-1.806715299,-1.806715299,0.9152831936
134.125,-0.2468418148,-1.783594333,-1.783594333,0.9341256179
134.15,-0.3013196318,-1.760022116,-1.760022116,0.9513961937
134.175,-0.3548389895,-1.736036984,-1.736036984,0.967171529
134.2,-0.4072275773,-1.711675376,-1.711675376,0.9815265137
134.225,-0.4583165785,-1.686971883,-1.686971883,0.9945344765
134.25,-0.5079412169,-1.661959278,-1.661959278,1.006267318
134.275,-0.555941291,-1.636668554,-1.636668554,1.016795686
134.3,-0.6021616946,-1.611128951,-1.611128951,1.026189123
134.325,-0.6464529206,-1.585367983,-1.585367983,1.034516224
134.35,-0.6886715495,-1.559411461,-1.559411461,1.041844796
134.375,-0.7286807169,-1.533283505,-1.533283505,1.04824199
134.4,-0.7663505623,-1.507006567,-1.507006567,1.053774451
134.425,-0.8015586547,-1.480601436,-1.480601436,1.058508423
134.45,-0.8341903955,-1.45408725,-1.45408725,1.062509877
134.475,-0.8641393967,-1.427481499,-1.427481499,1.065844595
134.5,-0.8913078334,-1.400800029,-1.400800029,1.068578253
134.525,-0.9156067683,-1.374057048,-1.374057048,1.070776493
134.55,-0.9369564489,-1.347265119,-1.347265119,1.072504964
134.575,-0.9552865754,-1.320435167,-1.320435167,1.073829357
134.6,-0.9705365376,-1.293576471,-1.293576471,1.074815424
134.625,-0.982655622,-1.266696667,-1.266696667,1.075528972
134.65,-0.9916031868,-1.239801745,-1.239801745,1.076035842
134.675,-0.9973488039,-1.212896048,-1.212896048,1.076401887
134.7,-0.9998723692,-1.185982275,-1.185982275,1.076692904
134.725,-0.9991641791,-1.159061481,-1.159061481,1.076974571
134.75,-0.9952249733,-1.132133079,-1.132133079,1.077312383
134.775,-0.9880659444,-1.10519485,-1.10519485,1.077771531
134.8,-0.9777087131,-1.078242951,-1.078242951,1.078416773
134.825,-0.9641852702,-1.051271925,-1.051271925,1.079312366
134.85,-0.9475378841,-1.024274716,-1.024274716,1.080521886
134.875,-0.927818976,-0.9972426918,-0.9972426918,1.082108063
134.9,-0.905090961,-0.9701656602,-0.9701656602,1.084132654
134.925,-0.879426057,-0.9430318997,-0.9430318997,1.086656261
134.95,-0.8509060614,-0.9158281945,-0.9158281945,1.089738111
134.975,-0.8196220969,-0.8885398613,-0.8885398613,1.093435917
135,-0.7856743258,-0.8611507983,-0.8611507983,1.09780564
135.025,-0.7491716353,-0.8336435298,-0.8336435298,1.102901278
135.05,-0.7102312937,-0.8059992523,-0.8059992523,1.108774674
135.075,-0.6689785785,-0.7781979018,-0.7781979018,1.115475254
135.1,-0.6255463791,-0.750218206,-0.750218206,1.123049825
135.125,-0.5800747728,-0.72203776,-0.72203776,1.13154232
135.15,-0.5327105777,-0.6936330999,-0.6936330999,1.140993548
135.175,-0.483606883,-0.6649797799,-0.6649797799,1.151440958
135.2,-0.4329225574,-0.6360524677,-0.6360524677,1.16291835
135.225,-0.3808217393,-0.6068250287,-0.6068250287,1.175455644
135.25,-0.3274733081,-0.5772706374,-0.5772706374,1.189078566
135.275,-0.2730503394,-0.5473618749,-0.5473618749,1.203808397
135.3,-0.2177295463,-0.5170708542,-0.5170708542,1.219661656
135.325,-0.1616907077,-0.4863693331,-0.4863693331,1.236649815
135.35,-0.1051160855,-0.4552288535,-0.4552288535,1.254778974
135.375,-0.04818983338,-0.423620871,-0.423620871,1.274049549
135.4,0.008902601579,-0.3915169093,-0.3915169093,1.294455926
135.425,0.06597508268,-0.3588887077,-0.3588887077,1.315986126
135.45,0.1228413901,-0.3257083916,-0.3257083916,1.338621434
135.475,0.1793158287,-0.29194864,-0.29194864,1.362336039
135.5,0.2352138349,-0.2575828706,-0.2575828706,1.387096646
135.525,0.2903525812,-0.2225854319,-0.2225854319,1.412862083
135.55,0.3445515747,-0.1869318027,-0.1869318027,1.4395829
135.575,0.3976332507,-0.1505988071,-0.1505988071,1.467200961
135.6,0.4494235555,-0.1135648353,-0.1135648353,1.495649031
135.625,0.4997525202,-0.07581007566,-0.07581007566,1.524850369
135.65,0.5484548211,-0.03731675877,-0.03731675877,1.554718322
135.675,0.595370326,0.001930590685,0.001930590685,1.585155945
135.7,0.6403446242,0.04194489202,0.04194489202,1.616055631
135.725,0.6832295383,0.08273623762,0.08273623762,1.647298788
135.75,0.7238836169,0.1243116148,0.1243116148,1.67875556
135.775,0.7621726054,0.1666746211,0.1666746211,1.710284607
135.8,0.797969894,0.2098251759,0.2098251759,1.741732972
135.825,0.8311569415,0.2537592288,0.2537592288,1.772936039
135.85,0.8616236729,0.2984684688,0.2984684688,1.803717615
135.875,0.8892688502,0.3439400371,0.3439400371,1.833890148
135.9,0.9140004143,0.3901562493,0.3901562493,1.863255114
135.925,0.9357357977,0.4370943251,0.4370943251,1.89160359
135.95,0.9544022058,0.4847261391,0.4847261391,1.91871703
135.975,0.9699368671,0.5330179944,0.5330179944,1.94436829
136,0.9822872507,0.5819304163,0.5819304163,1.96832288
136.025,0.9914112505,0.6314179978,0.6314179978,1.990340522
136.05,0.9972773347,0.6814292662,0.6814292662,2.010176943
136.075,0.9998646618,0.7319066164,0.7319066164,2.027585977
136.1,0.9991631608,0.7827862892,0.7827862892,2.042321974
136.125,0.9951735762,0.8339984167,0.8339984167,2.05414239
136.15,0.9879074779,0.8854671387,0.8854671387,2.062810741
136.175,0.9773872348,0.9371107887,0.9371107887,2.068099659
136.2,0.9636459532,0.9888421637,0.9888421637,2.069794161
136.225,0.9467273795,1.040568877,1.040568877,2.067695024
136.25,0.9266857682,1.092193795,1.092193795,2.061622158
136.275,0.903585714,1.143615551,1.143615551,2.051417941
136.3,0.8775019507,1.194729156,1.194729156,2.036950413
136.325,0.8485191155,1.245426673,1.245426673,2.018116226
136.35,0.8167314808,1.295597968,1.295597968,1.994843254
136.375,0.7822426539,1.345131514,1.345131514,1.967092766
136.4,0.7451652442,1.393915253,1.393915253,1.934861095
136.425,0.7056205023,1.441837485,1.441837485,1.898180698
136.45,0.663737928,1.48878778,1.48878778,1.857120559
136.475,0.6196548515,1.534657883,1.534657883,1.811785909
136.5,0.5735159883,1.579342616,1.579342616,1.762317228
136.525,0.5254729681,1.622740735,1.622740735,1.708888535
136.55,0.475683841,1.664755745,1.664755745,1.651705028
136.575,0.4243125614,1.705296635,1.705296635,1.591000111
136.6,0.3715284515,1.74427855,1.74427855,1.52703186
136.625,0.3175056465,1.781623353,1.781623353,1.4600791
136.65,0.2624225231,1.817260092,1.817260092,1.390437175
136.675,0.2064611126,1.85112536,1.85112536,1.31841343
136.7,0.149806502,1.883163538,1.883163538,1.24432277
136.725,0.09264622278,1.913326924,1.913326924,1.168483133
136.75,0.03516963222,1.94157576,1.94157576,1.091211215
136.775,-0.02243271347,1.967878148,1.967878148,1.012818465
136.8,-0.07996969018,1.992209867,1.992209867,0.9336073521
136.825,-0.13725024,2.014554119,2.014554119,0.8538681835
136.85,-0.1940840061,2.034901176,2.034901176,0.7738762796
136.875,-0.2502819654,2.053247982,2.053247982,0.6938897177
136.9,-0.3056570594,2.069597704,2.069597704,0.6141475697
136.925,-0.360024817,2.083959227,2.083959227,0.5348686267
136.95,-0.4132039721,2.096346649,2.096346649,0.4562506246
136.975,-0.4650170692,2.106778741,2.106778741,0.378469905
137,-0.5152910591,2.115278419,2.115278419,0.3016814792
137.025,-0.563857879,2.121872208,2.121872208,0.2260194492
137.05,-0.6105550182,2.126589732,2.126589732,0.1515977213
137.075,-0.6552260655,2.129463224,2.129463224,0.07851096605
137.1,-0.6977212369,2.130527049,2.130527049,0.006835780551
137.125,-0.7378978825,2.129817278,2.129817278,-0.06336802942
137.15,-0.7756209699,2.127371283,2.127371283,-0.1320560564
137.175,-0.8107635426,2.123227364,2.123227364,-0.1991978497
137.2,-0.843207153,2.117424428,2.117424428,-0.2647754607
137.225,-0.8728422671,2.110001686,2.110001686,-0.3287820004
137.25,-0.8995686395,2.1009984,2.1009984,-0.3912202405
137.275,-0.9232956589,2.090453653,2.090453653,-0.4521012666
137.3,-0.9439426611,2.078406164,2.078406164,-0.5114432111
137.325,-0.9614392098,2.064894119,2.064894119,-0.5692700732
137.35,-0.9757253429,2.049955047,2.049955047,-0.625610628
137.375,-0.9867517852,2.033625704,2.033625704,-0.6804974261
137.4,-0.9944801241,2.015941996,2.015941996,-0.7339658978
137.425,-0.998882951,1.996938916,1.996938916,-0.7860535492
137.45,-0.9999439644,1.976650501,1.976650501,-0.8367992402
137.475,-0.9976580372,1.955109807,1.955109807,-0.8862425617
137.5,-0.9920312458,1.932348895,1.932348895,-0.9344232864
137.525,-0.9830808624,1.908398835,1.908398835,-0.9813808894
137.55,-0.9708353093,1.883289719,1.883289719,-1.02715415
137.575,-0.9553340758,1.857050682,1.857050682,-1.071780796
137.6,-0.936627598,1.829709931,1.829709931,-1.115297222
137.625,-0.9147771019,1.801294783,1.801294783,-1.157738238
137.65,-0.8898544093,1.771831705,1.771831705,-1.199136869
137.675,-0.861941709,1.741346366,1.741346366,-1.239524192
137.7,-0.8311312918,1.709863681,1.709863681,-1.278929193
137.725,-0.797525252,1.677407869,1.677407869,-1.317378666
137.75,-0.7612351547,1.644002506,1.644002506,-1.354897109
137.775,-0.7223816718,1.609670587,1.609670587,-1.391506664
137.8,-0.681094186,1.574434581,1.574434581,-1.427227047
137.825,-0.6375103656,1.5383165,1.5383165,-1.462075503
137.85,-0.5917757101,1.501337949,1.501337949,-1.496066761
137.875,-0.5440430694,1.463520203,1.463520203,-1.529212992
137.9,-0.4944721378,1.42488426,1.42488426,-1.561523781
137.925,-0.4432289231,1.385450917,1.385450917,-1.593006083
137.95,-0.390485195,1.345240824,1.345240824,-1.623664198
137.975,-0.3364179124,1.304274561,1.304274561,-1.653499729
138,-0.2812086329,1.262572701,1.262572701,-1.682511552
138.025,-0.2250429059,1.220155879,1.220155879,-1.710695773
138.05,-0.1681096508,1.177044864,1.177044864,-1.738045697
138.075,-0.1106005238,1.133260625,1.133260625,-1.764551782
138.1,-0.05270927438,1.08882441,1.08882441,-1.790201607
138.125,0.005368906964,1.043757808,1.043757808,-1.814979834
138.15,0.0634380457,0.998082833,0.998082833,-1.838868176
138.175,0.1213020445,0.9518219908,0.9518219908,-1.861845369
138.2,0.1787653456,0.9049983587,0.9049983587,-1.883887155
138.225,0.2356335923,0.8576356545,0.8576356545,-1.904966273
138.25,0.2917142873,0.8097583185,0.8097583185,-1.925052462
138.275,0.3468174457,0.7613915821,0.7613915821,-1.944112486
138.3,0.4007562405,0.7125615462,0.7125615462,-1.962110172
138.325,0.4533476381,0.6632952509,0.6632952509,-1.97900648
138.35,0.5044130222,0.613620748,0.613620748,-1.994759596
138.375,0.5537788034,0.5635671676,0.5635671676,-2.009325058
138.4,0.6012770123,0.5131647828,0.5131647828,-2.022655919
138.425,0.6467458751,0.4624450697,0.4624450697,-2.034702952
138.45,0.6900303688,0.4114407605,0.4114407605,-2.045414893
138.475,0.7309827534,0.360185892,0.360185892,-2.054738747
138.5,0.7694630819,0.3087158436,0.3087158436,-2.062620116
138.525,0.8053396825,0.2570673681,0.2570673681,-2.069003626
138.55,0.8384896155,0.2052786107,0.2052786107,-2.073833347
138.575,0.8687990992,0.1533891154,0.1533891154,-2.077053345
138.6,0.896163907,0.1014398199,0.1014398199,-2.078608211
138.625,0.9204897313,0.0494730335,0.0494730335,-2.078443703
138.65,0.9416925152,-0.002467599718,-0.002467599718,-2.076507412
138.675,0.9596987491,-0.05433715576,-0.05433715576,-2.07274947
138.7,0.9744457321,-0.1060895037,-0.1060895037,-2.067123315
138.725,0.9858817972,-0.1576773978,-0.1576773978,-2.059586467
138.75,0.9939664992,-0.2090525897,-0.2090525897,-2.050101335
138.775,0.9986707642,-0.2601659612,-0.2601659612,-2.038636029
138.8,0.9999770013,-0.3109676762,-0.3109676762,-2.025165167
138.825,0.9978791751,-0.3614073537,-0.3614073537,-2.009670655
138.85,0.9923828384,-0.411434259,-0.411434259,-1.99214244
138.875,0.9835051264,-0.4609975144,-0.4609975144,-1.972579205
138.9,0.9712747108,-0.5100463251,-0.5100463251,-1.950988988
138.925,0.9557317146,-0.5585302189,-0.5585302189,-1.927389717
138.95,0.9369275877,-0.6063993011,-0.6063993011,-1.901809642
138.975,0.9149249437,-0.6536045155,-0.6536045155,-1.874287647
139,0.8897973588,-0.700097912,-0.700097912,-1.844873426
139.025,0.8616291319,-0.7458329194,-0.7458329194,-1.813627515
139.05,0.8305150093,-0.7907646148,-0.7907646148,-1.780621181
139.075,0.7965598717,-0.8348499866,-0.8348499866,-1.745936145
139.1,0.7598783871,-0.8780481944,-0.8780481944,-1.709664151
139.125,0.7205946302,-0.9203208105,-0.9203208105,-1.671906382
139.15,0.6788416673,-0.9616320458,-0.9616320458,-1.632772732
139.175,0.634761112,-1.00194896,-1.00194896,-1.592380923
139.2,0.5885026497,-1.041241644,-1.041241644,-1.550855521
139.225,0.5402235341,-1.079483374,-1.079483374,-1.508326834
139.25,0.4900880572,-1.116650748,-1.116650748,-1.464929701
139.275,0.4382669946,-1.152723773,-1.152723773,-1.420802276
139.3,0.3849370271,-1.187685943,-1.187685943,-1.376084667
139.325,0.3302801424,-1.221524262,-1.221524262,-1.330917687
139.35,0.2744830169,-1.25422925,-1.25422925,-1.285441456
139.375,0.2177363805,-1.285794911,-1.285794911,-1.239794189
139.4,0.1602343674,-1.31621866,-1.31621866,-1.19411087
139.425,0.1021738535,-1.345501244,-1.345501244,-1.148522152
139.45,0.04375378403,-1.373646601,-1.373646601,-1.103153184
139.475,-0.01482550749,-1.400661726,-1.400661726,-1.05812269
139.5,-0.07336298524,-1.426556486,-1.426556486,-1.013542012
139.525,-0.131657601,-1.451343438,-1.451343438,-0.9695144006
139.55,-0.1895089849,-1.475037605,-1.475037605,-0.9261343257
139.575,-0.2467181349,-1.497656263,-1.497656263,-0.8834869909
139.6,-0.3030881022,-1.519218693,-1.519218693,-0.8416479216
139.625,-0.3584246711,-1.539745944,-1.539745944,-0.8006827135
139.65,-0.4125370296,-1.559260576,-1.559260576,-0.760646876
139.675,-0.4652384305,-1.577786413,-1.577786413,-0.7215858073
139.7,-0.5163468378,-1.595348287,-1.595348287,-0.6835348598
139.725,-0.565685559,-1.611971789,-1.611971789,-0.6465195179
139.75,-0.6130838598,-1.627683028,-1.627683028,-0.6105556427
139.775,-0.658377558,-1.642508391,-1.642508391,-0.5756498204
139.8,-0.7014095974,-1.656474319,-1.656474319,-0.5417997417
139.825,-0.7420305962,-1.669607088,-1.669607088,-0.5089946824
139.85,-0.7800993712,-1.681932608,-1.681932608,-0.4772159752
139.875,-0.8154834329,-1.693476225,-1.693476225,-0.446437583
139.9,-0.848059453,-1.704262551,-1.704262551,-0.4166266271
139.925,-0.8777136993,-1.714315294,-1.714315294,-0.3877440156
139.95,-0.9043424394,-1.723657117,-1.723657117,-0.3597449963
139.975,-0.9278523093,-1.732309494,-1.732309494,-0.3325798089
140,-0.9481606476,-1.740292605,-1.740292605,-0.3061942379
140.025,-0.9651957926,-1.74762522,-1.74762522,-0.2805302611
140.05,-0.9788973419,-1.754324621,-1.754324621,-0.2555265856
140.075,-0.9892163738,-1.76040652,-1.76040652,-0.2311192673
140.1,-0.9961156285,-1.765885004,-1.765885004,-0.2072422252
140.125,-0.9995696502,-1.770772487,-1.770772487,-0.1838278009
140.15,-0.9995648873,-1.775079676,-1.775079676,-0.1608072619
140.175,-0.996099753,-1.778815554,-1.778815554,-0.1381112656
140.2,-0.9891846432,-1.781987365,-1.781987365,-0.115670371
140.225,-0.9788419134,-1.784600622,-1.784600622,-0.09341539841
140.25,-0.9651058147,-1.786659114,-1.786659114,-0.0712778896
140.275,-0.9480223873,-1.788164933,-1.788164933,-0.04919044438
140.3,-0.927649314,-1.789118503,-1.789118503,-0.02708708145
140.325,-0.9040557325,-1.789518619,-1.789518619,-0.004903537514
140.35,-0.8773220081,-1.789362492,-1.789362492,0.01742244448
140.375,-0.8475394665,-1.788645809,-1.788645809,0.03995086813
140.4,-0.8148100889,-1.787362782,-1.787362782,0.06273926366
140.425,-0.7792461691,-1.785506221,-1.785506221,0.08584249592
140.45,-0.7409699345,-1.783067599,-1.783067599,0.1093126042
140.475,-0.7001131325,-1.780037123,-1.780037123,0.1331986703
140.5,-0.6568165819,-1.776403815,-1.776403815,0.1575467121
140.525,-0.6112296939,-1.77215558,-1.77215558,0.182399608
140.55,-0.5635099609,-1.767279296,-1.767279296,0.2077970429
140.575,-0.5138224179,-1.761760885,-1.761760885,0.233775482
140.6,-0.4623390754,-1.755585402,-1.755585402,0.2603681669
140.625,-0.4092383288,-1.748737106,-1.748737106,0.2876051309
140.65,-0.3547043435,-1.741199552,-1.741199552,0.3155132426
140.675,-0.2989264196,-1.732955653,-1.732955653,0.3441162546
140.7,-0.2420983378,-1.723987773,-1.723987773,0.3734348819
140.725,-0.1844176887,-1.714277797,-1.714277797,0.4034868955
140.75,-0.1260851877,-1.703807192,-1.703807192,0.4342872054
140.775,-0.06730397828,-1.692557098,-1.692557098,0.4658479959
140.8,-0.008278926063,-1.680508376,-1.680508376,0.4981788309
140.825,0.05078409473,-1.667641679,-1.667641679,0.5312867806
140.85,0.1096789188,-1.653937521,-1.653937521,0.5651765715
140.875,0.1681998097,-1.639376315,-1.639376315,0.5998506952
140.9,0.2261421788,-1.623938446,-1.623938446,0.6353095616
140.925,0.2833033016,-1.60760431,-1.60760431,0.6715516261
140.95,0.3394830286,-1.590354365,-1.590354365,0.7085735092
140.975,0.3944844875,-1.572169178,-1.572169178,0.746370133
141,0.4481147759,-1.553029458,-1.553029458,0.7849348152
141.025,0.5001856404,-1.532916104,-1.532916104,0.8242593822
141.05,0.5505141401,-1.511810236,-1.511810236,0.8643342505
141.075,0.5989232934,-1.48969323,-1.48969323,0.9051484958
141.1,0.6452427037,-1.466546751,-1.466546751,0.9466899098
141.125,0.6893091641,-1.442352786,-1.442352786,0.9889450272
141.15,0.7309672362,-1.417093674,-1.417093674,1.031899135
141.175,0.7700698043,-1.390752138,-1.390752138,1.075536257
141.2,0.8064785992,-1.363311313,-1.363311313,1.11983911
141.225,0.8400646937,-1.33475479,-1.33475479,1.164789014
141.25,0.8707089643,-1.305066639,-1.305066639,1.210365804
141.275,0.89830252,-1.274231456,-1.274231456,1.256547678
141.3,0.9227470959,-1.242234409,-1.242234409,1.303310983
141.325,0.9439554093,-1.209061276,-1.209061276,1.350630043
141.35,0.9618514784,-1.174698506,-1.174698506,1.398476866
141.375,0.9763709013,-1.139133289,-1.139133289,1.446820766
141.4,0.9874610949,-1.102353606,-1.102353606,1.495628117
141.425,0.9950814924,-1.064348328,-1.064348328,1.544861839
141.45,0.999203699,-1.025107303,-1.025107303,1.594480937
141.475,0.9998116049,-0.9846214462,-0.9846214462,1.644440032
141.5,0.9969014549,-0.9428828858,-0.9428828858,1.694688675
141.525,0.9904818752,-0.8998850663,-0.8998850663,1.745170793
141.55,0.9805738562,-0.8556229184,-0.8556229184,1.795823942
141.575,0.9672106919,-0.8100930221,-0.8100930221,1.846578536
141.6,0.9504378755,-0.7632937891,-0.7632937891,1.897357087
141.625,0.9303129525,-0.7152256848,-0.7152256848,1.948073275
141.65,0.9069053305,-0.6658914419,-0.6658914419,1.998631129
141.675,0.8802960471,-0.6152963331,-0.6152963331,2.048924019
141.7,0.8505774967,-0.5634484304,-0.5634484304,2.098833789
141.725,0.8178531164,-0.5103589215,-0.5103589215,2.148229747
141.75,0.7822370325,-0.4560424221,-0.4560424221,2.196967797
141.775,0.7438536694,-0.4005173296,-0.4005173296,2.244889538
141.8,0.7028373208,-0.3438061893,-0.3438061893,2.291821483
141.825,0.6593316858,-0.2859360763,-0.2859360763,2.337574386
141.85,0.6134893712,-0.2269390031,-0.2269390031,2.381942723
141.875,0.5654713611,-0.1668523249,-0.1668523249,2.424704377
141.9,0.5154464571,-0.1057191584,-0.1057191584,2.465620585
141.925,0.4635906889,-0.04358879604,-0.04358879604,2.504436192
141.95,0.4100866996,0.01948289238,0.01948289238,2.540880268
141.975,0.3551231057,0.08343307768,0.08343307768,2.574667164
142,0.298893836,0.1481916205,0.1481916205,2.605498038
142.025,0.2415974504,0.2136807656,0.2136807656,2.633062931
142.05,0.1834364409,0.279814898,0.279814898,2.65704339
142.075,0.1246165185,0.3465003678,0.3465003678,2.677115738
142.1,0.06534588708,0.4136354079,0.4136354079,2.692954942
142.125,0.005834507941,0.481110154,0.481110154,2.704239085
142.15,-0.05370664342,0.548806785,0.548806785,2.710654431
142.175,-0.1130663248,0.6165997968,0.6165997968,2.711901011
142.2,-0.1720337768,0.68435642,0.68435642,2.707698611
142.225,-0.2303994718,0.7519371921,0.7519371921,2.697793056
142.25,-0.2879558593,0.8191966883,0.8191966883,2.681962625
142.275,-0.3444981059,0.8859844128,0.8859844128,2.660024396
142.3,-0.3998248256,0.9521458454,0.9521458454,2.631840328
142.325,-0.4537387999,1.017523635,1.017523635,2.597322819
142.35,-0.5060476832,1.081958921,1.081958921,2.556439523
142.375,-0.5565646927,1.145292768,1.145292768,2.509217204
142.4,-0.6051092785,1.207367677,1.207367677,2.455744405
142.425,-0.6515077734,1.268029148,1.268029148,2.39617277
142.45,-0.6955940181,1.327127263,1.327127263,2.330716897
142.475,-0.7372099614,1.38451824,1.38451824,2.259652655
142.5,-0.7762062318,1.440065927,1.440065927,2.183313953
142.525,-0.812442679,1.493643198,1.493643198,2.102088061
142.55,-0.8457888835,1.545133214,1.545133214,2.016409585
142.575,-0.876124632,1.59443052,1.59443052,1.926753323
142.6,-0.9033403571,1.641441949,1.641441949,1.8336262
142.625,-0.9273375394,1.686087322,1.686087322,1.737558611
142.65,-0.9480290714,1.728299916,1.728299916,1.639095509
142.675,-0.9653395801,1.768026723,1.768026723,1.538787375
142.7,-0.9792057092,1.805228474,1.805228474,1.43718156
142.725,-0.9895763577,1.83987946,1.83987946,1.334814176
142.75,-0.9964128762,1.871967154,1.871967154,1.232202655
142.775,-0.9996892177,1.90149167,1.90149167,1.129839397
142.8,-0.9993920446,1.928465053,1.928465053,1.028186285
142.825,-0.9955207899,1.952910472,1.952910472,0.9276704762
142.85,-0.9880876725,1.974861309,1.974861309,0.8286812365
142.875,-0.9771176673,1.994360178,1.994360178,0.7315678885
142.9,-0.9626484296,2.011457916,2.011457916,0.6366388077
142.925,-0.9447301732,2.026212559,2.026212559,0.5441613283
142.95,-0.9234255044,2.038688317,2.038688317,0.454362484
142.975,-0.8988092107,2.048954583,2.048954583,0.3674304204
143,-0.8709680053,2.057084997,2.057084997,0.2835163443
143.025,-0.8400002294,2.063156532,2.063156532,0.2027369424
143.05,-0.8060155116,2.067248681,2.067248681,0.1251770279
143.075,-0.7691343867,2.069442685,2.069442685,0.05089241568
143.1,-0.7294878746,2.06982085,2.06982085,-0.02008713519
143.125,-0.687217021,2.068465931,2.068465931,-0.08775498199
143.15,-0.6424724018,2.06546059,2.06546059,-0.152124728
143.175,-0.5954135924,2.060886924,2.060886924,-0.2132274778
143.2,-0.5462086035,2.054826061,2.054826061,-0.2711092584
143.225,-0.4950332865,2.047357817,2.047357817,-0.3258286353
143.25,-0.4420707096,2.038560411,2.038560411,-0.377454539
143.275,-0.3875105067,2.028510227,2.028510227,-0.4260643125
143.3,-0.3315482028,2.017281631,2.017281631,-0.4717419781
143.325,-0.2743845159,2.00494682,2.00494682,-0.5145767224
143.35,-0.2162246406,1.991575711,1.991575711,-0.5546615863
143.375,-0.1572775137,1.977235859,1.977235859,-0.5920923517
143.4,-0.0977550656,1.961992398,1.961992398,-0.6269666019
143.425,-0.03787145992,1.945908011,1.945908011,-0.6593829507
143.45,0.02215767593,1.929042908,1.929042908,-0.6894404192
143.475,0.08211602662,1.911454823,1.911454823,-0.7172379373
143.5,0.1417873682,1.893199023,1.893199023,-0.7428739633
143.525,0.2009563484,1.874328323,1.874328323,-0.7664462055
143.55,0.2594092642,1.854893105,1.854893105,-0.7880514204
143.575,0.3169348354,1.834941346,1.834941346,-0.8077852896
143.6,0.37332497,1.814518647,1.814518647,-0.8257423522
143.625,0.4283755186,1.793668256,1.793668256,-0.8420159839
143.65,0.4818870169,1.772431107,1.772431107,-0.8566984187
143.675,0.533665411,1.750845836,1.750845836,-0.8698807916
143.7,0.5835227648,1.728948817,1.728948817,-0.881653214
143.725,0.631277946,1.706774182,1.706774182,-0.8921048469
143.75,0.6767572885,1.684353845,1.684353845,-0.9013240045
143.775,0.7197952289,1.661717522,1.661717522,-0.9093982346
143.8,0.760234914,1.63889275,1.63889275,-0.9164144224
143.825,0.7979287779,1.615904899,1.615904899,-0.9224588723
143.85,0.8327390866,1.592777189,1.592777189,-0.9276173863
143.875,0.864538447,1.569530701,1.569530701,-0.9319753385
143.9,0.8932102797,1.546184385,1.546184385,-0.9356177224
143.925,0.9186492527,1.522755072,1.522755072,-0.9386291982
143.95,0.9407616757,1.49925748,1.49925748,-0.9410941144
143.975,0.9594658519,1.47570422,1.47570422,-0.9430965168
144,0.9746923871,1.45210581,1.45210581,-0.9447201386
144.025,0.9863844547,1.428470675,1.428470675,-0.9460483786
144.05,0.9944980152,1.404805161,1.404805161,-0.9471642468
144.075,0.9990019896,1.381113544,1.381113544,-0.9481503127
144.1,0.999878386,1.357398043,1.357398043,-0.9490886325
144.125,0.9971223788,1.333658832,1.333658832,-0.9500606263
144.15,0.9907423403,1.309894058,1.309894058,-0.9511470041
144.175,0.980759824,1.286099862,1.286099862,-0.95242763
144.2,0.9672095002,1.262270401,1.262270401,-0.9539813586
144.225,0.9501390436,1.238397871,1.238397871,-0.9558859255
144.25,0.929608974,1.214472542,1.214472542,-0.9582177718
144.275,0.9056924489,1.190482796,1.190482796,-0.9610518445
144.3,0.8784750108,1.166415154,1.166415154,-0.9644614664
144.325,0.8480542889,1.14225433,1.14225433,-0.9685181181
144.35,0.8145396557,1.117983277,1.117983277,-0.9732912402
144.375,0.7780518409,1.093583236,1.093583236,-0.978848066
144.4,0.7387225035,1.069033802,1.069033802,-0.985253382
144.425,0.6966937631,1.044312978,1.044312978,-0.9925693504
144.45,0.6521176921,1.01939725,1.01939725,-1.000855293
144.475,0.6051557718,0.9942616612,0.9942616612,-1.010167469
144.5,0.5559783128,0.9688798821,0.9688798821,-1.020558893
144.525,0.5047638421,0.9432243089,0.9432243089,-1.032079088
144.55,0.4516984603,0.9172661384,0.9172661384,-1.044773904
144.575,0.3969751692,0.8909754743,0.8909754743,-1.058685281
144.6,0.3407931741,0.8643214202,0.8643214202,-1.073851047
144.625,0.283357162,0.8372721882,0.8372721882,-1.090304692
144.65,0.2248765588,0.8097952111,0.8097952111,-1.108075142
144.675,0.1655647684,0.7818572549,0.7818572549,-1.127186543
144.7,0.1056383961,0.7534245487,0.7534245487,-1.147658009
144.725,0.04531645916,0.7244629035,0.7244629035,-1.169503397
144.75,-0.01518041265,0.6949378585,0.6949378585,-1.192731035
144.775,-0.07563078302,0.6648148101,0.6648148101,-1.217343469
144.8,-0.1358132197,0.6340591727,0.6340591727,-1.243337168
144.825,-0.1955071056,0.6026365218,0.6026365218,-1.270702236
144.85,-0.2544934487,0.5705127691,0.5705127691,-1.299422075
144.875,-0.3125556865,0.5376543232,0.5376543232,-1.329473059
144.9,-0.3694804827,0.5040282797,0.5040282797,-1.360824144
144.925,-0.4250585136,0.4696026034,0.4696026034,-1.393436492
144.95,-0.4790852401,0.4343463343,0.4343463343,-1.427263027
144.975,-0.5313616639,0.398229796,0.398229796,-1.462247995
145,-0.5816950641,0.361224819,0.361224819,-1.498326472
145.025,-0.6298997113,0.3233049788,0.3233049788,-1.53542385
145.05,-0.6757975578,0.2844458397,0.2844458397,-1.573455313
145.075,-0.7192188997,0.2446252223,0.2446252223,-1.612325261
145.1,-0.7600030099,0.2038234774,0.2038234774,-1.651926746
145.125,-0.7979987383,0.1620237761,0.1620237761,-1.692140895
145.15,-0.8330650781,0.1192124181,0.1192124181,-1.732836324
145.175,-0.8650716953,0.07537914919,0.07537914919,-1.77386859
145.2,-0.8938994194,0.03051749471,0.03051749471,-1.815079667
145.225,-0.9194406943,-0.0153748943,-0.0153748943,-1.85629748
145.25,-0.9415999863,-0.06229588533,-0.06229588533,-1.897335526
145.275,-0.9602941489,-0.1102384999,-0.1102384999,-1.937992594
145.3,-0.9754527419,-0.159190544,-0.159190544,-1.978052639
145.325,-0.9870183049,-0.2091342372,-0.2091342372,-2.01728482
145.35,-0.9949465822,-0.2600458453,-0.2600458453,-2.055443761
145.375,-0.9992067003,-0.3118953233,-0.3118953233,-2.092270059
145.4,-0.9997812958,-0.3646459746,-0.3646459746,-2.12749109
145.425,-0.9966665935,-0.4182541314,-0.4182541314,-2.16082217
145.45,-0.9898724348,-0.4726688753,-0.4726688753,-2.191968021
145.475,-0.9794222551,-0.527831792,-0.527831792,-2.220624781
145.5,-0.9653530123,-0.5836767876,-0.5836767876,-2.246482269
145.525,-0.9477150636,-0.6401299646,-0.6401299646,-2.269226856
145.55,-0.926571994,-0.6971095737,-0.6971095737,-2.288544717
145.575,-0.9020003947,-0.7545260558,-0.7545260558,-2.304125508
145.6,-0.8740895936,-0.8122821807,-0.8122821807,-2.315666531
145.625,-0.8429413378,-0.8702732915,-0.8702732915,-2.322877184
145.65,-0.8086694309,-0.9283876666,-0.9283876666,-2.325483729
145.675,-0.7713993234,-0.9865070035,-0.9865070035,-2.323234262
145.7,-0.7312676608,-1.044507028,-1.044507028,-2.315903745
145.725,-0.6884217892,-1.102258228,-1.102258228,-2.303298971
145.75,-0.6430192204,-1.159626709,-1.159626709,-2.285263315
145.775,-0.595227059,-1.216475161,-1.216475161,-2.261681106
145.8,-0.5452213925,-1.272663938,-1.272663938,-2.232481454
145.825,-0.4931866481,-1.328052215,-1.328052215,-2.197641359
145.85,-0.4393149169,-1.382499214,-1.382499214,-2.157187976
145.875,-0.3838052494,-1.435865478,-1.435865478,-2.111199883
145.9,-0.326862924,-1.488014157,-1.488014157,-2.059807292
145.925,-0.2686986909,-1.538812299,-1.538812299,-2.003191119
145.95,-0.2095279955,-1.588132083,-1.588132083,-1.941580918
145.975,-0.1495701826,-1.635852008,-1.635852008,-1.875251704
146,-0.08904768578,-1.68185797,-1.68185797,-1.804519769
146.025,-0.02818520319,-1.726044236,-1.726044236,-1.72973758
146.05,0.03279113522,-1.768314279,-1.768314279,-1.651287928
146.075,0.09365460744,-1.808581455,-1.808581455,-1.569577555
146.1,0.1541787423,-1.846769515,-1.846769515,-1.485030459
146.125,0.2141381627,-1.882812956,-1.882812956,-1.39808093
146.15,0.2733094258,-1.916657192,-1.916657192,-1.309166916
146.175,0.3314718568,-1.948258559,-1.948258559,-1.218723383
146.2,0.3884083744,-1.977584169,-1.977584169,-1.127176361
146.225,0.4439063032,-2.004611617,-2.004611617,-1.034937475
146.25,0.4977581708,-2.029328554,-2.029328554,-0.9423991611
146.275,0.5497624872,-2.051732164,-2.051732164,-0.8499307517
146.3,0.5997245022,-2.071828541,-2.071828541,-0.7578753068
146.325,0.647456939,-2.089632,-2.089632,-0.6665472936
146.35,0.6927807008,-2.105164346,-2.105164346,-0.5762310721
146.375,0.7355255483,-2.118454106,-2.118454106,-0.4871801162
146.4,0.7755307441,-2.129535758,-2.129535758,-0.3996169209
146.425,0.8126456631,-2.138448959,-2.138448959,-0.3137335069
146.45,0.8467303661,-2.145237794,-2.145237794,-0.2296924234
146.475,0.8776561334,-2.149950061,-2.149950061,-0.1476281726
146.5,0.9053059582,-2.152636585,-2.152636585,-0.06764895839
146.525,0.9295749962,-2.153350589,-2.153350589,0.01016136112
146.55,0.9503709701,-2.15214711,-2.15214711,0.0857411322
146.575,0.9676145286,-2.149082472,-2.149082472,0.159048711
146.6,0.9812395562,-2.144213813,-2.144213813,0.2300602431
146.625,0.9911934352,-2.137598666,-2.137598666,0.2987674777
146.65,0.997437256,-2.129294601,-2.129294601,0.3651756583
146.675,0.999945978,-2.119358905,-2.119358905,0.4293015215
146.7,0.998708537,-2.107848327,-2.107848327,0.4911714263
146.725,0.9937279019,-2.09481885,-2.09481885,0.5508196329
146.75,0.9850210779,-2.080325522,-2.080325522,0.6082867352
146.775,0.9726190572,-2.064422311,-2.064422311,0.6636182515
146.8,0.9565667174,-2.047161997,-2.047161997,0.7168633765
146.825,0.9369226675,-2.028596098,-2.028596098,0.7680738876
146.85,0.9137590422,-2.008774813,-2.008774813,0.8173031971
146.875,0.8871612448,-1.987746996,-1.987746996,0.8646055394
146.9,0.8572276408,-1.965560141,-1.965560141,0.9100352908
146.925,0.8240692011,-1.942260386,-1.942260386,0.9536464067
146.95,0.7878090983,-1.917892533,-1.917892533,0.9954919577
146.975,0.7485822565,-1.892500069,-1.892500069,1.035623768
147,0.7065348556,-1.866125206,-1.866125206,1.074092137
147.025,0.6618237937,-1.838808919,-1.838808919,1.110945628
147.05,0.6146161072,-1.810590992,-1.810590992,1.146230934
147.075,0.5650883531,-1.781510068,-1.781510068,1.179992785
147.1,0.5134259538,-1.751603692,-1.751603692,1.212273916
147.125,0.4598225081,-1.720908371,-1.720908371,1.243115069
147.15,0.4044790704,-1.689459614,-1.689459614,1.272555027
147.175,0.3476034004,-1.657291988,-1.657291988,1.300630686
147.2,0.2894091872,-1.624439156,-1.624439156,1.327377138
147.225,0.2301152498,-1.590933929,-1.590933929,1.352827786
147.25,0.1699447166,-1.5568083,-1.5568083,1.377014457
147.275,0.1091241884,-1.522093486,-1.522093486,1.399967554
147.3,0.04788288667,-1.486819959,-1.486819959,1.421716177
147.325,-0.01354820912,-1.451017481,-1.451017481,1.442288295
147.35,-0.07493723191,-1.414715124,-1.414715124,1.461710882
147.375,-0.136052302,-1.377941298,-1.377941298,1.480010083
147.4,-0.1966624031,-1.340723769,-1.340723769,1.497211365
147.425,-0.2565382566,-1.303089671,-1.303089671,1.513339668
147.45,-0.3154531902,-1.265065522,-1.265065522,1.528419565
147.475,-0.3731839975,-1.226677227,-1.226677227,1.542475395
147.5,-0.4295117865,-1.187950084,-1.187950084,1.555531423
147.525,-0.4842228121,-1.148908785,-1.148908785,1.567611954
147.55,-0.5371092905,-1.109577411,-1.109577411,1.578741479
147.575,-0.5879701922,-1.06997943,-1.06997943,1.588944782
147.6,-0.6366120103,-1.030137681,-1.030137681,1.598247053
147.625,-0.6828495017,-0.9900743714,-0.9900743714,1.606673993
147.65,-0.7265063971,-0.9498110568,-0.9498110568,1.614251892
147.675,-0.7674160791,-0.9093686276,-0.9093686276,1.621007712
147.7,-0.8054222237,-0.8687672915,-0.8687672915,1.626969143
147.725,-0.8403794037,-0.8280265533,-0.8280265533,1.632164657
147.75,-0.8721536523,-0.7871651974,-0.7871651974,1.636623537
147.775,-0.9006229827,-0.7462012645,-0.7462012645,1.64037589
147.8,-0.9256778644,-0.7051520329,-0.7051520329,1.643452656
147.825,-0.9472216512,-0.6640339973,-0.6640339973,1.645885578
147.85,-0.9651709623,-0.6228628485,-0.6228628485,1.647707173
147.875,-0.9794560123,-0.5816534563,-0.5816534563,1.648950679
147.9,-0.9900208909,-0.54041985,-0.54041985,1.649649964
147.925,-0.9968237898,-0.4991752063,-0.4991752063,1.649839454
147.95,-0.999837176,-0.4579318354,-0.4579318354,1.649553996
147.975,-0.9990479112,-0.4167011716,-0.4167011716,1.648828733
148,-0.9944573173,-0.3754937695,-0.3754937695,1.647698954
148.025,-0.9860811855,-0.3343193013,-0.3343193013,1.646199894
148.05,-0.9739497317,-0.2931865602,-0.2931865602,1.644366571
148.075,-0.9581074959,-0.2521034698,-0.2521034698,1.642233553
148.1,-0.9386131875,-0.2110770979,-0.2110770979,1.639834716
148.125,-0.9155394762,-0.1701136737,-0.1701136737,1.63720304
148.15,-0.8889727292,-0.1292186205,-0.1292186205,1.63437029
148.175,-0.8590126961,-0.08839658236,-0.08839658236,1.631366775
148.2,-0.8257721422,-0.04765146637,-0.04765146637,1.62822107
148.225,-0.7893764317,-0.006986492095,-0.006986492095,1.624959691
148.25,-0.749963062,0.03359575637,0.03359575637,1.621606819
148.275,-0.7076811517,0.07409326673,0.07409326673,1.618183988
148.3,-0.6626908826,0.1145045285,0.1145045285,1.614709781
148.325,-0.6151628995,0.1548284564,0.1548284564,1.611199536
148.35,-0.5652776691,0.1950643045,0.1950643045,1.607665049
148.375,-0.5132247998,0.2352115743,0.2352115743,1.604114297
148.4,-0.4592023265,0.2752699175,0.2752699175,1.600551171
148.425,-0.403415962,0.3152390273,0.3152390273,1.596975227
148.45,-0.3460783178,0.3551185318,0.3551185318,1.593381472
148.475,-0.2874080973,0.3949078725,0.3949078725,1.589760157
148.5,-0.2276292655,0.4346061893,0.4346061893,1.586096626
148.525,-0.1669701962,0.4742121893,0.4742121893,1.582371183
148.55,-0.1056628025,0.5137240272,0.5137240272,1.578559015
148.575,-0.04394165117,0.5531391689,0.5531391689,1.574630144
148.6,0.01795693283,0.5924542707,0.5924542707,1.570549444
148.625,0.07979577099,0.6316650421,0.6316650421,1.566276702
148.65,0.1413377397,0.6707661304,0.6707661304,1.561766729
148.675,0.2023466798,0.7097509865,0.7097509865,1.556969555
148.7,0.2625883038,0.7486117616,0.7486117616,1.551830638
148.725,0.3218310969,0.7873391821,0.7873391821,1.546291197
148.75,0.3798472089,0.8259224619,0.8259224619,1.540288552
148.775,0.4364133325,0.8643492006,0.8643492006,1.533756524
148.8,0.4913115663,0.9026053012,0.9026053012,1.526626016
148.825,0.5443302572,0.9406749166,0.9406749166,1.518825423
148.85,0.5952648207,0.9785403769,0.9785403769,1.510281334
148.875,0.6439185345,1.016182166,1.016182166,1.500919139
148.9,0.6901033032,1.05357889,1.05357889,1.490663717
148.925,0.7336403909,1.090707284,1.090707284,1.479440204
148.95,0.7743611184,1.127542217,1.127542217,1.467174694
148.975,0.812107523,1.164056734,1.164056734,1.453795082
149,0.8467329776,1.200222106,1.200222106,1.439231789
149.025,0.8781027672,1.236007906,1.236007906,1.423418599
149.05,0.9060946198,1.271382101,1.271382101,1.406293384
149.075,0.9305991908,1.306311163,1.306311163,1.387798878
149.1,0.9515204978,1.340760201,1.340760201,1.367883358
149.125,0.9687763037,1.374693108,1.374693108,1.346501298
149.15,0.982298449,1.40807272,1.40807272,1.323613958
149.175,0.9920331284,1.440860997,1.440860997,1.299189877
149.2,0.9979411136,1.473019208,1.473019208,1.273205314
149.225,0.9999979196,1.504508125,1.504508125,1.245644557
149.25,0.9981939144,1.535288236,1.535288236,1.216500162
149.275,0.9925343712,1.565319942,1.565319942,1.185773066
149.3,0.9830394635,1.594563776,1.594563776,1.153472595
149.325,0.9697442025,1.622980605,1.622980605,1.119616378
149.35,0.9526983165,1.650531842,1.650531842,1.084230125
149.375,0.9319660743,1.677179638,1.677179638,1.047347333
149.4,0.9076260507,1.702887076,1.702887076,1.009008874
149.425,0.8797708378,1.727618348,1.727618348,0.9692624979
149.45,0.8485067006,1.751338917,1.751338917,0.928162282
149.475,0.8139531793,1.774015676,1.774015676,0.8857679622
149.5,0.7762426406,1.79561707,1.79561707,0.842144288
149.525,0.7355197773,1.81611322,1.81611322,0.7973602431
149.55,0.6919410607,1.835476016,1.835476016,0.7514883566
149.575,0.6456741457,1.853679198,1.853679198,0.7046038621
149.6,0.5968972325,1.870698414,1.870698414,0.6567840221
149.625,0.5457983859,1.886511259,1.886511259,0.6081073013
149.65,0.4925748161,1.901097297,1.901097297,0.5586527129
149.675,0.4374321224,1.914438069,1.914438069,0.5084990926
149.7,0.3805835034,1.926517077,1.926517077,0.4577244934
149.725,0.3222489377,1.937319758,1.937319758,0.4064055807
149.75,0.2626543353,1.946833444,1.946833444,0.354617131
149.775,0.2020306668,1.955047306,1.955047306,0.3024315551
149.8,0.1406130704,1.961952294,1.961952294,0.2499185195
149.825,0.07863994198,1.967541059,1.967541059,0.1971446071
149.85,0.0163520117,1.971807878,1.971807878,0.1441730645
149.875,-0.04600859045,1.974748564,1.974748564,0.09106359914
149.9,-0.1081992752,1.976360377,1.976360377,0.03787224392
149.925,-0.1699779376,1.976641931,1.976641931,-0.01534872263
149.95,-0.2311039006,1.975593099,1.975593099,-0.06855080444
149.975,-0.2913388531,1.973214922,1.973214922,-0.1216892675
150,-0.3504477817,1.969509509,1.969509509,-0.1747230771
150.025,-0.4081998888,1.964479953,1.964479953,-0.2276147999
150.05,-0.4643694974,1.958130237,1.958130237,-0.2803304705
150.075,-0.5187369357,1.950465153,1.950465153,-0.3328394362
150.1,-0.5710894004,1.941490218,1.941490218,-0.3851141763
150.125,-0.6212217935,1.931211602,1.931211602,-0.4371301092
150.15,-0.668937531,1.919636052,1.919636052,-0.4888653757
150.175,-0.7140493185,1.906770834,1.906770834,-0.5403006423
150.2,-0.7563798925,1.892623663,1.892623663,-0.5914188405
150.225,-0.7957627224,1.877202659,1.877202659,-0.6422049842
150.25,-0.8320426726,1.860516291,1.860516291,-0.6926459153
150.275,-0.8650766201,1.842573337,1.842573337,-0.742730081
150.3,-0.8947340266,1.823382845,1.823382845,-0.7924473288
150.325,-0.920897461,1.802954103,1.802954103,-0.841788659
150.35,-0.9434630731,1.781296612,1.781296612,-0.8907460417
150.375,-0.962341013,1.758420061,1.758420061,-0.9393121793
150.4,-0.9774557974,1.73433432,1.73433432,-0.9874803178
150.425,-0.9887466195,1.709049416,1.709049416,-1.035244041
150.45,-0.9961676021,1.68257554,1.68257554,-1.08259706
150.475,-0.9996879928,1.654923038,1.654923038,-1.129533042
150.5,-0.9992922994,1.626102418,1.626102418,-1.176045383
150.525,-0.9949803666,1.596124358,1.596124358,-1.222127043
150.55,-0.986767392,1.564999719,1.564999719,-1.267770339
150.575,-0.9746838819,1.532739565,1.532739565,-1.312966729
150.6,-0.9587755476,1.499355186,1.499355186,-1.357706652
150.625,-0.9391031413,1.464858126,1.464858126,-1.401979282
150.65,-0.9157422327,1.429260218,1.429260218,-1.445772336
150.675,-0.8887829277,1.392573621,1.392573621,-1.489071862
150.7,-0.8583295293,1.354810869,1.354810869,-1.531861984
150.725,-0.8245001417,1.315984916,1.315984916,-1.5741247
150.75,-0.787426221,1.276109198,1.276109198,-1.615839614
150.775,-0.7472520712,1.235197692,1.235197692,-1.656983684
150.8,-0.7041342905,1.193264986,1.193264986,-1.697530975
150.825,-0.6582411675,1.150326358,1.150326358,-1.737452348
150.85,-0.6097520312,1.106397855,1.106397855,-1.776715227
150.875,-0.5588565561,1.061496386,1.061496386,-1.815283262
150.9,-0.5057540264,1.015639818,1.015639818,-1.853116072
150.925,-0.4506525608,0.9688470807,0.9688470807,-1.890168932
150.95,-0.3937683017,0.921138281,0.921138281,-1.926392484
150.975,-0.3353245719,0.872534818,0.872534818,-1.961732457
151,-0.2755510016,0.8230595154,0.8230595154,-1.996129385
151.025,-0.2146826295,0.7727367466,0.7727367466,-2.029518367
151.05,-0.1529589816,0.7215925831,0.7215925831,-2.061828828
151.075,-0.09062313062,0.6696549282,0.6696549282,-2.092984338
151.1,-0.02792074074,0.6169536758,0.6169536758,-2.122902467
151.125,-0.03489809391,0.5635186079,0.5635186079,-2.151979945
151.15,-0.09757194772,0.5093413983,0.5093413983,-2.182478355
151.175,-0.1598518686,0.4543809965,0.4543809965,-2.214619552
151.2,-0.2214924328,0.3985975819,0.3985975819,-2.248300863
151.225,-0.2822509146,0.3419541048,0.3419541048,-2.283403375
151.25,-0.3418882407,0.2844167038,0.2844167038,-2.319790414
151.275,-0.4001699281,0.2259551739,0.2259551739,-2.357305958
151.3,-0.4568670034,0.1665434694,0.1665434694,-2.395773115
151.325,-0.5117568992,0.1061602421,0.1061602421,-2.434992643
151.35,-0.5646243234,0.04478941879,0.04478941879,-2.474741569
151.375,-0.6152620995,-0.01757918913,-0.01757918913,-2.514771956
151.4,-0.6634719735,-0.08094924936,-0.08094924936,-2.554809893
151.425,-0.7090653847,-0.145317249,-0.145317249,-2.594554758
151.45,-0.7518641975,-0.2106718216,-0.2106718216,-2.633678851
151.475,-0.7917013908,-0.27699307,-0.27699307,-2.671827476
151.5,-0.8284217036,-0.3442518983,-0.3442518983,-2.708619582
151.525,-0.8618822329,-0.4124093672,-0.4124093672,-2.743649044
151.55,-0.8919529823,-0.4814160907,-0.4814160907,-2.776486693
151.575,-0.9185173598,-0.551211697,-0.551211697,-2.806683169
151.6,-0.9414726213,-0.6217243623,-0.6217243623,-2.833772774
151.625,-0.9607302605,-0.692870468,-0.692870468,-2.857278139
151.65,-0.976216341,-0.7645543738,-0.7645543738,-2.876716092
151.675,-0.9878717721,-0.8366683569,-0.8366683569,-2.891604407
151.7,-0.9956525248,-0.9090927295,-0.9090927295,-2.901469513
151.725,-0.9995297897,-0.9816961622,-0.9816961622,-2.905855099
151.75,-0.999490074,-1.05433623,-1.05433623,-2.90433136
151.775,-0.9955352392,-1.126860193,-1.126860193,-2.896504698
151.8,-0.9876824778,-1.199106029,-1.199106029,-2.882027591
151.825,-0.9759642306,-1.270903703,-1.270903703,-2.860608293
151.85,-0.9604280442,-1.342076682,-1.342076682,-2.832019985
151.875,-0.9411363697,-1.412443658,-1.412443658,-2.796108975
151.9,-0.9181663031,-1.481820469,-1.481820469,-2.752801545
151.925,-0.8916092689,-1.550022168,-1.550022168,-2.702109062
151.95,-0.8615706482,-1.616865185,-1.616865185,-2.644131051
151.975,-0.8281693524,-1.682169554,-1.682169554,-2.579055954
152,-0.7915373452,-1.745761115,-1.745761115,-2.507159455
152.025,-0.7518191132,-1.80747365,-1.80747365,-2.428800323
152.05,-0.7091710897,-1.867150884,-1.867150884,-2.344413874
152.075,-0.6637610309,-1.924648293,-1.924648293,-2.254503269
152.1,-0.6157673506,-1.979834671,-1.979834671,-2.159628974
152.125,-0.5653784124,-2.032593417,-2.032593417,-2.060396796
152.15,-0.5127917855,-2.082823509,-2.082823509,-1.957445052
152.175,-0.4582134643,-2.13044015,-2.13044015,-1.851431182
152.2,-0.4018570572,-2.17537508,-2.17537508,-1.743018577
152.225,-0.3439429462,-2.217576568,-2.217576568,-1.632864018
152.25,-0.2846974215,-2.257009094,-2.257009094,-1.521605936
152.275,-0.2243517938,-2.293652761,-2.293652761,-1.409854205
152.3,-0.1631414889,-2.327502474,-2.327502474,-1.298181441
152.325,-0.1013051267,-2.358566908,-2.358566908,-1.187116044
152.35,-0.03908358945,-2.386867344,-2.386867344,-1.077137051
152.375,0.02328091751,-2.412436382,-2.412436382,-0.9686707674
152.4,0.08554580935,-2.435316603,-2.435316603,-0.8620890581
152.425,0.1474690652,-2.455559199,-2.455559199,-0.7577091494
152.45,0.2088101684,-2.47322262,-2.47322262,-0.655794745
152.475,0.2693310396,-2.488371265,-2.488371265,-0.5565582302
152.5,0.3287969589,-2.501074228,-2.501074228,-0.4601637416
152.525,0.3869774745,-2.511404144,-2.511404144,-0.3667308779
152.55,0.4436472925,-2.519436122,-2.519436122,-0.2763388365
152.575,0.4985871466,-2.525246794,-2.525246794,-0.1890307786
152.6,0.5515846424,-2.528913465,-2.528913465,-0.1048183045
152.625,0.6024350742,-2.530513382,-2.530513382,-0.0236858463
152.65,0.6509422115,-2.530123108,-2.530123108,0.05440509021
152.675,0.6969190507,-2.527817999,-2.527817999,0.1295119275
152.7,0.7401885304,-2.523671777,-2.523671777,0.2017073167
152.725,0.7805842074,-2.517756194,-2.517756194,0.2710757732
152.75,0.8179508909,-2.51014077,-2.51014077,0.3377106648
152.775,0.8521452312,-2.500892612,-2.500892612,0.4017115567
152.8,0.8830362632,-2.490076281,-2.490076281,0.4631819062
152.825,0.9105059003,-2.477753726,-2.477753726,0.5222270898
152.85,0.9344493781,-2.463984255,-2.463984255,0.5789527438
152.875,0.9547756461,-2.448824547,-2.448824547,0.633463391
152.9,0.9714077056,-2.432328691,-2.432328691,0.685861327
152.925,0.984282893,-2.414548259,-2.414548259,0.7362457377
152.95,0.9933531075,-2.395532387,-2.395532387,0.7847120211
152.975,0.9985849816,-2.375327881,-2.375327881,0.8313512854
153,0.9999599954,-2.353979326,-2.353979326,0.8762499997
153.025,0.9974745326,-2.331529205,-2.331529205,0.9194897733
153.05,0.9911398792,-2.308018022,-2.308018022,0.9611472433
153.075,0.9809821648,-2.28348443,-2.28348443,1.001294052
153.1,0.9670422467,-2.257965351,-2.257965351,1.039996897
153.125,0.9493755369,-2.231496101,-2.231496101,1.077317638
153.15,0.9280517739,-2.204110509,-2.204110509,1.113313452
153.175,0.9031547394,-2.175841029,-2.175841029,1.148037022
153.2,0.8747819203,-2.146718856,-2.146718856,1.181536756
153.225,0.8430441202,-2.11677402,-2.11677402,1.21385701
153.25,0.8080650181,-2.086035495,-2.086035495,1.24503835
153.275,0.7699806798,-2.054531284,-2.054531284,1.275117792
153.3,0.7289390213,-2.022288506,-2.022288506,1.30412906
153.325,0.6850992272,-1.989333476,-1.989333476,1.332102851
153.35,0.6386311275,-1.955691776,-1.955691776,1.35906707
153.375,0.589714533,-1.921388323,-1.921388323,1.385047096
153.4,0.5385385347,-1.88644743,-1.88644743,1.410066005
153.425,0.4853007665,-1.850892857,-1.850892857,1.434144815
153.45,0.4302066382,-1.814747863,-1.814747863,1.457302698
153.475,0.3734685379,-1.77803525,-1.77803525,1.479557209
153.5,0.3153050099,-1.740777396,-1.740777396,1.500924471
153.525,0.255939909,-1.702996295,-1.702996295,1.521419394
153.55,0.1956015364,-1.66471358,-1.66471358,1.541055834
153.575,0.1345217591,-1.625950549,-1.625950549,1.559846796
153.6,0.07293511724,-1.586728183,-1.586728183,1.577804572
153.625,0.01107792198,-1.547067165,-1.547067165,1.594940925
153.65,-0.05081265202,-1.506987888,-1.506987888,1.611267212
153.675,-0.1124994763,-1.466510462,-1.466510462,1.626794543
153.7,-0.1737463767,-1.425654727,-1.425654727,1.641533894
153.725,-0.2343190371,-1.384440243,-1.384440243,1.655496235
153.75,-0.2939858945,-1.342886298,-1.342886298,1.66869264
153.775,-0.3525190219,-1.3010119,-1.3010119,1.681134387
153.8,-0.4096949976,-1.258835771,-1.258835771,1.692833053
153.825,-0.4652957542,-1.21637634,-1.21637634,1.703800593
153.85,-0.5191094074,-1.173651731,-1.173651731,1.714049421
153.875,-0.5709310597,-1.130679751,-1.130679751,1.723592465
153.9,-0.620563576,-1.087477877,-1.087477877,1.732443228
153.925,-0.6678183289,-1.044063241,-1.044063241,1.740615828
153.95,-0.7125159102,-1.000452614,-1.000452614,1.748125028
153.975,-0.7544868066,-0.9566623892,-0.9566623892,1.754986264
154,-0.7935720368,-0.9127085664,-0.9127085664,1.761215645
154.025,-0.8296237467,-0.8686067327,-0.8686067327,1.766829956
154.05,-0.8625057626,-0.8243720489,-0.8243720489,1.77184664
154.075,-0.8920940979,-0.7800192306,-0.7800192306,1.776283768
154.1,-0.9182774139,-0.7355625347,-0.7355625347,1.780159996
154.125,-0.9409574309,-0.6910157453,-0.6910157453,1.783494509
154.15,-0.9600492888,-0.6463921601,-0.6463921601,1.786306945
154.175,-0.9754818572,-0.6017045819,-0.6017045819,1.788617317
154.2,-0.9871979917,-0.5569653092,-0.5569653092,1.7904459
154.225,-0.9951547371,-0.5121861315,-0.5121861315,1.791813125
154.25,-0.9993234765,-0.467378327,-0.467378327,1.792739448
154.275,-0.999690025,-0.422552664,-0.422552664,1.793245187
154.3,-0.996254669,-0.3777194052,-0.3777194052,1.793350393
154.325,-0.9890321504,-0.3328883186,-0.3328883186,1.793074652
154.35,-0.9780515951,-0.2880686895,-0.2880686895,1.792436903
154.375,-0.9633563881,-0.2432693385,-0.2432693385,1.791455264
154.4,-0.9450039934,-0.1984986494,-0.1984986494,1.790146784
154.425,-0.9230657217,-0.1537645914,-0.1537645914,1.788527267
154.45,-0.8976264451,-0.1090747579,-0.1090747579,1.786611034
154.475,-0.8687842608,-0.06443640685,-0.06443640685,1.784410682
154.5,-0.8366501058,-0.01985650211,-0.01985650211,1.781936884
154.525,-0.801347322,0.02465823008,0.02465823008,1.779198136
154.55,-0.7630111763,0.06910124843,0.06910124843,1.776200547
154.575,-0.721788335,0.1134661303,0.1134661303,1.772947607
154.6,-0.6778362965,0.1577465073,0.1577465073,1.769439991
154.625,-0.631322783,0.2019359889,0.2019359889,1.76567535
154.65,-0.5824250948,0.2460280877,0.2460280877,1.761648143
154.675,-0.531329429,0.2900161347,0.2900161347,1.757349469
154.7,-0.4782301655,0.3338931969,0.3338931969,1.75276694
154.725,-0.4233291227,0.377651984,0.377651984,1.747884571
154.75,-0.3668347862,0.4212847644,0.4212847644,1.742682706
154.775,-0.3089615136,0.4647832632,0.4647832632,1.737137985
154.8,-0.2499287179,0.5081385819,0.5081385819,1.731223338
154.825,-0.1899600324,0.5513410927,0.5513410927,1.724908036
154.85,-0.1292824619,0.5943803593,0.5943803593,1.718157781
154.875,-0.06812552111,0.6372450447,0.6372450447,1.710934823
154.9,-0.006720365365,0.6799228208,0.6799228208,1.703198194
154.925,0.05470108374,0.7224003069,0.7224003069,1.694903889
154.95,0.1159070146,0.7646629795,0.7646629795,1.686005191
154.975,0.1766666002,0.8066951211,0.8066951211,1.676453007
155,0.2367508678,0.848479759,0.848479759,1.666196231
155.025,0.2959335607,0.8899986226,0.8899986226,1.655182233
155.05,0.3539919881,0.9312321126,0.9312321126,1.64335727
155.075,0.410707861,0.9721592758,0.9721592758,1.630667072
155.1,0.46586811,1.012757803,1.012757803,1.61705734
155.125,0.5192656825,1.053004032,1.053004032,1.602474371
155.15,0.570700316,1.092872973,1.092872973,1.586865624
155.175,0.6199792852,1.132338342,1.132338342,1.570180359
155.2,0.6669181192,1.171372616,1.171372616,1.552370232
155.225,0.7113412873,1.209947101,1.209947101,1.533389919
155.25,0.7530828496,1.248032011,1.248032011,1.513197691
155.275,0.7919870711,1.285596572,1.285596572,1.491755997
155.3,0.8279089968,1.322609124,1.322609124,1.469031964
155.325,0.8607149846,1.359037252,1.359037252,1.444997901
155.35,0.8902831962,1.394847916,1.394847916,1.4196317
155.375,0.9165040422,1.430007599,1.430007599,1.392917205
155.4,0.9392805809,1.464482456,1.464482456,1.364844485
155.425,0.9585288687,1.498238474,1.498238474,1.33541004
155.45,0.9741782623,1.531241634,1.531241634,1.304616929
155.475,0.9861716689,1.563458076,1.563458076,1.272474789
155.5,0.9944657473,1.594854265,1.594854265,1.238999796
155.525,0.9990310551,1.625397145,1.625397145,1.204214518
155.55,0.9998521455,1.655054309,1.655054309,1.168147692
155.575,0.9969276099,1.683794137,1.683794137,1.130833928
155.6,0.990270069,1.711585947,1.711585947,1.09231332
155.625,0.9799061109,1.738400121,1.738400121,1.052631031
155.65,0.965876177,1.764208231,1.764208231,1.011836761
155.675,0.9482343962,1.78898314,1.78898314,0.969984249
155.7,0.9270483684,1.8126991,1.8126991,0.9271306478
155.725,0.9023988975,1.835331829,1.835331829,0.8833359733
155.75,0.8743796754,1.856858574,1.856858574,0.8386624318
155.775,0.8430969189,1.877258159,1.877258159,0.7931738774
155.8,0.8086689591,1.896511016,1.896511016,0.746935115
155.825,0.7712257874,1.914599207,1.914599207,0.7000113937
155.85,0.7309085576,1.931506421,1.931506421,0.6524677895
155.875,0.6878690472,1.947217967,1.947217967,0.6043687043
155.9,0.6422690802,1.961720754,1.961720754,0.555777368
155.925,0.5942799127,1.975003248,1.975003248,0.5067554018
155.95,0.5440815842,1.987055433,1.987055433,0.4573624289
155.975,0.4918622373,1.997868756,1.997868756,0.4076557356
156,0.4378174078,2.007436062,2.007436062,0.3576899874
156.025,0.3821492883,2.015751529,2.015751529,0.3075170012
156.05,0.3250659681,2.022810592,2.022810592,0.2571855643
156.075,0.2667806518,2.028609868,2.028609868,0.2067413114
156.1,0.2075108604,2.033147072,2.033147072,0.1562266429
156.125,0.1474776171,2.03642094,2.03642094,0.1056806917
156.15,0.08690462105,2.038431146,2.038431146,0.05513932871
156.175,0.02601741252,2.039178218,2.039178218,0.004635205038
156.2,-0.03495746784,2.038663463,2.038663463,-0.04580217394
156.225,-0.09579332219,2.036888887,2.036888887,-0.09614634729
156.25,-0.1562641383,2.033857119,2.033857119,-0.1463737743
156.275,-0.2161454286,2.029571345,2.029571345,-0.1964636906
156.3,-0.2752150624,2.024035233,2.024035233,-0.2463979512
156.325,-0.3332540882,2.017252876,2.017252876,-0.2961608625
156.35,-0.3900475434,2.00922873,2.00922873,-0.3457390014
156.375,-0.4453852476,1.99996756,1.99996756,-0.3951210429
156.4,-0.4990625778,1.989474391,1.989474391,-0.4442975656
156.425,-0.5508812209,1.977754459,1.977754459,-0.4932608761
156.45,-0.6006499031,1.964813176,1.964813176,-0.5420048358
156.475,-0.6481850911,1.950656086,1.950656086,-0.5905246521
156.5,-0.6933116641,1.935288841,1.935288841,-0.6388167471
156.525,-0.7358635542,1.918717168,1.918717168,-0.6868785585
156.55,-0.7756843513,1.900946846,1.900946846,-0.734708382
156.575,-0.8126278728,1.88198369,1.88198369,-0.7823052273
156.6,-0.8465586931,1.86183353,1.86183353,-0.8296686405
156.625,-0.8773526345,1.840502204,1.840502204,-0.8767985798
156.65,-0.9048972136,1.817995545,1.817995545,-0.923695255
156.675,-0.929092046,1.794319383,1.794319383,-0.9703589871
156.7,-0.9498492043,1.769479535,1.769479535,-1.01679008
156.725,-0.9670935298,1.743481816,1.743481816,-1.062988658
156.75,-0.9807628976,1.716332041,1.716332041,-1.108954549
156.775,-0.9908084313,1.688036032,1.688036032,-1.154687129
156.8,-0.9971946707,1.658599639,1.658599639,-1.200185165
156.825,-0.999899688,1.628028745,1.628028745,-1.245446694
156.85,-0.9989151545,1.596329298,1.596329298,-1.290468821
156.875,-0.9942463578,1.563507332,1.563507332,-1.335247583
156.9,-0.985912167,1.52956899,1.52956899,-1.379777761
156.925,-0.9739449498,1.49452057,1.49452057,-1.424052664
156.95,-0.9583904386,1.458368554,1.458368554,-1.468063964
156.975,-0.9393075482,1.421119653,1.421119653,-1.511801443
157,-0.9167681448,1.382780866,1.382780866,-1.555252748
157.025,-0.890856768,1.343359522,1.343359522,-1.598403172
157.05,-0.861670306,1.302863358,1.302863358,-1.641235321
157.075,-0.8293176265,1.261300578,1.261300578,-1.68372886
157.1,-0.7939191632,1.218679932,1.218679932,-1.725860174
157.125,-0.7556064611,1.175010814,1.175010814,-1.767602011
157.15,-0.7145216807,1.130303336,1.130303336,-1.808923159
157.175,-0.670817065,1.084568457,1.084568457,-1.849788009
157.2,-0.6246543687,1.037818073,1.037818073,-1.890156206
157.225,-0.5762042546,0.9900651629,0.9900651629,-1.929982191
157.25,-0.5256456571,0.9413239073,0.9413239073,-1.96921479
157.275,-0.4731651171,0.8916098432,0.8916098432,-2.007796777
157.3,-0.4189560886,0.8409400196,0.8409400196,-2.045664416
157.325,-0.3632182223,0.7893331618,0.7893331618,-2.082747055
157.35,-0.3061566266,0.7368098565,0.7368098565,-2.118966679
157.375,-0.2479811095,0.6833927321,0.6833927321,-2.154237537
157.4,-0.1889054047,0.6291066658,0.6291066658,-2.188465773
157.425,-0.1291463842,0.5739789818,0.5739789818,-2.221549135
157.45,-0.06892326061,0.5180396712,0.5180396712,-2.253376734
157.475,-0.008456781399,0.4613216048,0.4613216048,-2.283828903
157.5,0.05203158057,0.403860756,0.403860756,-2.312777158
157.525,0.1123204387,0.3456964206,0.3456964206,-2.340084293
157.55,0.1721893025,0.2868714291,0.2868714291,-2.36560462
157.575,0.2314193835,0.2274323588,0.2274323588,-2.389184397
157.6,0.2897943934,0.1674297221,0.1674297221,-2.410662428
157.625,0.3471013322,0.1069181484,0.1069181484,-2.429870933
157.65,0.4031312631,0.0459565317,0.0459565317,-2.446636577
157.675,0.457680072,-0.01539184478,-0.01539184478,-2.46078186
157.7,0.5105492077,-0.0770592242,-0.0770592242,-2.472126671
157.725,0.5615464011,-0.1389733338,-0.1389733338,-2.480490188
157.75,0.6104863605,-0.2010573935,-0.2010573935,-2.485693018
157.775,0.6571914405,-0.2632301808,-0.2632301808,-2.487559601
157.8,0.7014922819,-0.3254061598,-0.3254061598,-2.485920862
157.825,0.743228421,-0.3874956783,-0.3874956783,-2.480617059
157.85,0.7822488648,-0.4494052382,-0.4494052382,-2.471500798
157.875,0.8184126317,-0.5110378433,-0.5110378433,-2.458440153
157.9,0.8515892549,-0.5722934255,-0.5722934255,-2.44132182
157.925,0.8816592458,-0.63306935,-0.63306935,-2.420054238
157.95,0.9085145187,-0.6932609957,-0.6932609957,-2.39457057
157.975,0.9320587712,-0.7527624086,-0.7527624086,-2.364831467
158,0.952207823,-0.81146702,-0.81146702,-2.330827519
158.025,0.968889909,-0.8692684226,-0.8692684226,-2.292581292
158.05,0.9820459274,-0.9260611897,-0.9260611897,-2.250148873
158.075,0.9916296414,-0.9817417265,-0.9817417265,-2.203620836
158.1,0.9976078334,-1.036209137,-1.036209137,-2.153122577
158.125,0.9999604122,-1.089366093,-1.089366093,-2.09881398
158.15,0.9986804721,-1.141119685,-1.141119685,-2.040888372
158.175,0.9937743039,-1.191382237,-1.191382237,-1.979570799
158.2,0.9852613584,-1.240072072,-1.240072072,-1.915115632
158.225,0.9731741618,-1.287114205,-1.287114205,-1.847803574
158.25,0.9575581839,-1.332440966,-1.332440966,-1.777938109
158.275,0.9384716592,-1.375992514,-1.375992514,-1.705841536
158.3,0.915985363,-1.417717255,-1.417717255,-1.63185069
158.325,0.8901823405,-1.457572151,-1.457572151,-1.556312379
158.35,0.861157594,-1.495522913,-1.495522913,-1.479578829
158.375,0.8290177251,-1.531544076,-1.531544076,-1.402003128
158.4,0.793880537,-1.565618965,-1.565618965,-1.323934744
158.425,0.7558745958,-1.59773956,-1.59773956,-1.245715504
158.45,0.7151387538,-1.627906239,-1.627906239,-1.167675611
158.475,0.6718216362,-1.656127468,-1.656127468,-1.09013043
158.5,0.6260810932,-1.682419367,-1.682419367,-1.013377408
158.525,0.578083619,-1.706805255,-1.706805255,-0.9376937623
158.55,0.5280037413,-1.729315099,-1.729315099,-0.8633344987
158.575,0.4760233813,-1.749984952,-1.749984952,-0.7905310486
158.6,0.4223311894,-1.768856349,-1.768856349,-0.7194903455
158.625,0.3671218558,-1.785975682,-1.785975682,-0.6503943828
158.65,0.3105954016,-1.801393589,-1.801393589,-0.5834001792
158.675,0.252956451,-1.815164316,-1.815164316,-0.5186401254
158.7,0.194413488,-1.827345122,-1.827345122,-0.45622264
158.725,0.1351780998,-1.837995687,-1.837995687,-0.3962330852
158.75,0.07546421091,-1.847177544,-1.847177544,-0.3387349196
158.775,0.01548730907,-1.854953557,-1.854953557,-0.283770962
158.8,-0.04453633314,-1.861387413,-1.861387413,-0.2313648235
158.825,-0.1043904384,-1.866543166,-1.866543166,-0.1815223653
158.85,-0.1638595037,-1.870484813,-1.870484813,-0.1342331995
158.875,-0.2227295756,-1.873275898,-1.873275898,-0.08947221204
158.9,-0.2807890191,-1.874979175,-1.874979175,-0.04720101853
158.925,-0.3378292765,-1.875656282,-1.875656282,-0.007369405433
158.95,-0.3936456146,-1.875367472,-1.875367472,0.0300833087
158.975,-0.4480378572,-1.874171361,-1.874171361,0.06522698601
159,-0.5008111,-1.872124718,-1.872124718,0.09813946451
159.025,-0.5517764056,-1.869282277,-1.869282277,0.1289054418
159.05,-0.600751476,-1.86569658,-1.86569658,0.1576154494
159.075,-0.6475613008,-1.861417843,-1.861417843,0.1843649104
159.1,-0.6920387775,-1.856493844,-1.856493844,0.2092532907
159.125,-0.7340253036,-1.850969832,-1.850969832,0.2323833287
159.15,-0.7733713365,-1.844888454,-1.844888454,0.2538603304
159.175,-0.8099369205,-1.838289697,-1.838289697,0.2737915634
159.2,-0.8435921789,-1.831210852,-1.831210852,0.2922856708
159.225,-0.8742177685,-1.823686477,-1.823686477,0.3094522001
159.25,-0.9017052969,-1.815748389,-1.815748389,0.3254011168
159.275,-0.9259576988,-1.807425651,-1.807425651,0.3402424409
159.3,-0.9468895719,-1.798744582,-1.798744582,0.35408584
159.325,-0.9644274707,-1.789728766,-1.789728766,0.3670403366
159.35,-0.9785101561,-1.780399072,-1.780399072,0.3792139942
159.375,-0.9890888022,-1.770773683,-1.770773683,0.3907136325
159.4,-0.9961271576,-1.760868128,-1.760868128,0.4016446157
159.425,-0.9996016618,-1.750695327,-1.750695327,0.4121105767
159.45,-0.9995015158,-1.740265627,-1.740265627,0.4222132398
159.475,-0.9958287073,-1.729586861,-1.729586861,0.4320522151
159.5,-0.9885979898,-1.718664402,-1.718664402,0.4417247945
159.525,-0.9778368168,-1.707501217,-1.707501217,0.4513258114
159.55,-0.9635852294,-1.696097939,-1.696097939,0.4609474533
159.575,-0.9458957007,-1.684452927,-1.684452927,0.4706791219
159.6,-0.9248329349,-1.672562344,-1.672562344,0.4806072944
159.625,-0.9004736234,-1.660420229,-1.660420229,0.4908153813
159.65,-0.8729061586,-1.648018573,-1.648018573,0.5013836211
159.675,-0.8422303059,-1.635347405,-1.635347405,0.5123889545
159.7,-0.8085568363,-1.622394869,-1.622394869,0.523904936
159.725,-0.7720071193,-1.609147317,-1.609147317,0.5360016389
159.75,-0.73271268,-1.595589393,-1.595589393,0.5487455796
159.775,-0.6908147188,-1.581704119,-1.581704119,0.5621996538
159.8,-0.6464635991,-1.567472998,-1.567472998,0.5764230795
159.825,-0.5998183017,-1.55287609,-1.55287609,0.591471361
159.85,-0.5510458501,-1.537892124,-1.537892124,0.6073962569
159.875,-0.5003207078,-1.522498571,-1.522498571,0.6242457664
159.9,-0.4478241496,-1.50667176,-1.50667176,0.642064127
159.925,-0.39374361,-1.490386953,-1.490386953,0.660891821
159.95,-0.3382720102,-1.47361845,-1.47361845,0.6807655987
159.975,-0.2816070669,-1.45633968,-1.45633968,0.7017185096
160,-0.223950585,-1.438523286,-1.438523286,0.7237799399
160.025,-0.1655077362,-1.420141229,-1.420141229,0.7469756701
160.05,-0.1064863271,-1.401164865,-1.401164865,0.7713279238
160.075,-0.04709605926,-1.381565037,-1.381565037,0.7968554331
160.1,0.01245221739,-1.361312171,-1.361312171,0.8235735112
160.125,0.07194725322,-1.34037634,-1.34037634,0.8514941069
160.15,0.1311781485,-1.31872737,-1.31872737,0.8806258827
160.175,0.1899351008,-1.296334908,-1.296334908,0.9109742744
160.2,0.2480101469,-1.273168498,-1.273168498,0.9425415425
160.225,0.3051978979,-1.249197679,-1.249197679,0.9753268279
160.25,0.3612962636,-1.22439204,-1.22439204,1.009326179
160.275,0.4161071646,-1.19872131,-1.19872131,1.044532573
160.3,0.4694372291,-1.172155436,-1.172155436,1.080935912
160.325,0.5210984718,-1.144664649,-1.144664649,1.118523002
160.35,0.5709089534,-1.116219556,-1.116219556,1.157277491
160.375,0.6186934174,-1.08679121,-1.08679121,1.197179787
160.4,0.6642839024,-1.056351191,-1.056351191,1.238206951
160.425,0.7075203276,-1.024871707,-1.024871707,1.280332499
160.45,0.7482510507,-0.9923256647,-0.9923256647,1.323526234
160.475,0.7863333935,-0.9586867766,-0.9586867766,1.367753977
160.5,0.8216341366,-0.9239296689,-0.9239296689,1.412977228
160.525,0.8540299795,-0.8880299774,-0.8880299774,1.459152863
160.55,0.8834079647,-0.8509644892,-0.8509644892,1.506232634
160.575,0.9096658654,-0.8127112586,-0.8127112586,1.554162731
160.6,0.9327125344,-0.7732497642,-0.7732497642,1.602883199
160.625,0.9524682136,-0.7325610666,-0.7325610666,1.652327307
160.65,0.9688648025,-0.6906279842,-0.6906279842,1.702420874
160.675,0.9818460864,-0.6474352952,-0.6474352952,1.753081465
160.7,0.9913679209,-0.6029699452,-0.6029699452,1.80421761
160.725,0.9973983747,-0.5572212939,-0.5572212939,1.85572786
160.75,0.9999178292,-0.5101813677,-0.5101813677,1.907499884
160.775,0.9989190337,-0.4618451496,-0.4618451496,1.959409455
160.8,0.9944071182,-0.4122108878,-0.4122108878,2.011319441
160.825,0.9863995618,-0.3612804285,-0.3612804285,2.063078787
160.85,0.9749261182,-0.3090595828,-0.3090595828,2.114521486
160.875,0.9600286976,-0.2555585046,-0.2555585046,2.165465629
160.9,0.941761207,-0.2007921066,-0.2007921066,2.215712502
160.925,0.9201893475,-0.1447804875,-0.1447804875,2.265045815
160.95,0.8953903709,-0.08754937783,-0.08754937783,2.313231108
160.975,0.8674527967,-0.02913060219,-0.02913060219,2.360015356
161,0.8364760888,0.0304374558,0.0304374558,2.405126869
161.025,0.8025702952,0.0911093892,0.0911093892,2.448275536
161.05,0.7658556503,0.1528323145,0.1528323145,2.489153473
161.075,0.7264621431,0.2155454398,0.2155454398,2.527436157
161.1,0.6845290504,0.2791796698,0.2791796698,2.562784096
161.125,0.6402044394,0.3436572569,0.3436572569,2.594845146
161.15,0.5936446391,0.4088915221,0.4088915221,2.623257412
161.175,0.5450136848,0.4747866548,0.4747866548,2.64765292
161.2,0.4944827347,0.5412376135,0.5412376135,2.667661976
161.225,0.4422294639,0.6081301444,0.6081301444,2.6829182
161.25,0.3884374359,0.6753409345,0.6753409345,2.693064262
161.275,0.3332954538,0.7427379167,0.7427379167,2.697758202
161.3,0.2769968948,0.8101807369,0.8101807369,2.696680208
161.325,0.2197390297,0.8775213964,0.8775213964,2.689539736
161.35,0.1617223291,0.9446050743,0.9446050743,2.676082748
161.375,0.1031497597,1.011271129,1.011271129,2.65609887
161.4,0.04422607321,1.077354278,1.077354278,2.629428195
161.425,-0.01484291074,1.142685938,1.142685938,2.595967474
161.45,-0.07385102368,1.207095706,1.207095706,2.555675405
161.475,-0.132592468,1.270412967,1.270412967,2.508576776
161.5,-0.1908625346,1.332468584,1.332468584,2.454765221
161.525,-0.2484583147,1.393096632,1.393096632,2.394404383
161.55,-0.305179406,1.45213615,1.45213615,2.327727393
161.575,-0.3608286076,1.509432852,1.509432852,2.255034557
161.6,-0.415212604,1.564840758,1.564840758,2.176689311
161.625,-0.4681426335,1.618223707,1.618223707,2.093112531
161.65,-0.5194351408,1.669456704,1.669456704,2.004775376
161.675,-0.5689124101,1.718427073,1.718427073,1.912190936
161.7,-0.616403177,1.765035397,1.765035397,1.815904921
161.725,-0.6617432173,1.809196206,1.809196206,1.716485798
161.75,-0.7047759102,1.850838421,1.850838421,1.614514786
161.775,-0.7453527746,1.889905548,1.889905548,1.510575788
161.8,-0.7833339765,1.926355624,1.926355624,1.40524597
161.825,-0.8185888049,1.960160943,1.960160943,1.299087013
161.85,-0.8509961162,1.99130756,1.99130756,1.19263724
161.875,-0.8804447444,2.019794627,2.019794627,1.086405024
161.9,-0.9068338759,2.045633577,2.045633577,0.9808633693
161.925,-0.9300733886,2.068847176,2.068847176,0.8764457658
161.95,-0.9500841522,2.089468504,2.089468504,0.7735433729
161.975,-0.9667982913,2.107539876,2.107539876,0.6725033923
162,-0.9801594081,2.123111729,2.123111729,0.5736285593
162.025,-0.9901227658,2.136241516,2.136241516,0.4771776371
162.05,-0.9966554307,2.146992622,2.146992622,0.3833667448
162.075,-0.9997363735,2.155433326,2.155433326,0.2923713612
162.1,-0.9993565295,2.161635808,2.161635808,0.2043289042
162.125,-0.9955188166,2.16567524,2.16567524,0.1193416389
162.15,-0.9882381126,2.167628944,2.167628944,0.03747987091
162.175,-0.9775411908,2.167575633,2.167575633,-0.04121474074
162.2,-0.9634666143,2.165594742,2.165594742,-0.1167258517
162.225,-0.9460645904,2.161765828,2.161765828,-0.1890591589
162.25,-0.925396784,2.156168065,2.156168065,-0.2582392558
162.275,-0.9015360925,2.148879808,2.148879808,-0.3243066687
162.3,-0.8745663818,2.139978226,2.139978226,-0.3873151093
162.325,-0.8445821851,2.12953901,2.12953901,-0.4473289651
162.35,-0.8116883649,2.117636128,2.117636128,-0.5044210426
162.375,-0.77599974,2.104341647,2.104341647,-0.5586705616
162.4,-0.7376406788,2.08972559,2.08972559,-0.6101613991
162.425,-0.6967446602,2.073855841,2.073855841,-0.658980573
162.45,-0.6534538035,2.056798085,2.056798085,-0.7052169493
162.475,-0.6079183695,2.03861577,2.03861577,-0.7489601609
162.5,-0.5602962339,2.019370107,2.019370107,-0.7902997124
162.525,-0.5107523353,1.999120076,1.999120076,-0.829324259
162.55,-0.4594581001,1.977922458,1.977922458,-0.8661210402
162.575,-0.406590845,1.955831876,1.955831876,-0.9007754473
162.6,-0.352333161,1.932900845,1.932900845,-0.9333707068
162.625,-0.2968722793,1.909179826,1.909179826,-0.9639876685
162.65,-0.2403994228,1.884717293,1.884717293,-0.99270468
162.675,-0.1831091442,1.859559793,1.859559793,-1.019597532
162.7,-0.125198654,1.833752007,1.833752007,-1.044739469
162.725,-0.06686714042,1.80733682,1.80733682,-1.068201245
162.75,-0.008315082651,1.780355376,1.780355376,-1.090051225
162.775,0.05025643834,1.752847139,1.752847139,-1.110355517
162.8,0.1086464308,1.724849947,1.724849947,-1.129178123
162.825,0.1666546814,1.696400062,1.696400062,-1.146581122
162.85,0.2240824417,1.667532217,1.667532217,-1.162624847
162.875,0.2807331071,1.638279657,1.638279657,-1.177368093
162.9,0.3364128894,1.608674171,1.608674171,-1.190868297
162.925,0.3909314771,1.578746131,1.578746131,-1.20318176
162.95,0.4441026838,1.548524511,1.548524511,-1.214363823
162.975,0.4957450812,1.518036913,1.518036913,-1.22446907
163,0.5456826154,1.487309581,1.487309581,-1.233551506
163.025,0.5937452031,1.456367415,1.456367415,-1.24166473
163.05,0.6397693074,1.425233977,1.425233977,-1.248862105
163.075,0.6835984898,1.393931498,1.393931498,-1.25519689
163.1,0.7250839374,1.362480876,1.362480876,-1.2607224
163.125,0.7640849635,1.330901676,1.330901676,-1.265492103
163.15,0.8004694791,1.299212122,1.299212122,-1.26955974
163.175,0.8341144352,1.267429089,1.267429089,-1.272979408
163.2,0.8649062329,1.235568097,1.235568097,-1.275805629
163.225,0.8927411009,1.203643295,1.203643295,-1.278093407
163.25,0.9175254393,1.171667451,1.171667451,-1.279898261
163.275,0.9391761272,1.139651939,1.139651939,-1.28127624
163.3,0.9576207958,1.107606725,1.107606725,-1.282283923
163.325,0.9727980623,1.075540353,1.075540353,-1.282978395
163.35,0.9846577282,1.043459936,1.043459936,-1.283417204
163.375,0.9931609372,1.011371141,1.011371141,-1.283658313
163.4,0.9982802963,0.979278182,0.979278182,-1.283760004
163.425,0.9999999554,0.9471838147,0.9471838147,-1.283780784
163.45,0.9983156498,0.9150893282,0.9150893282,-1.283779296
163.475,0.9932347012,0.8829945468,0.8829945468,-1.28381414
163.5,0.9847759807,0.8508978317,0.8508978317,-1.283943736
163.525,0.9729698318,0.8187960863,0.8187960863,-1.284226186
163.55,0.9578579548,0.7866847682,0.7866847682,-1.284719056
163.575,0.9394932526,0.7545579065,0.7545579065,-1.285479152
163.6,0.9179396388,0.722408118,0.722408118,-1.286562363
163.625,0.8932718085,0.6902266392,0.6902266392,-1.288023377
163.65,0.865574973,0.6580033571,0.6580033571,-1.289915441
163.675,0.8349445588,0.6257268444,0.6257268444,-1.29229013
163.7,0.8014858729,0.5933844145,0.5933844145,-1.295197022
163.725,0.7653137345,0.5609621636,0.5609621636,-1.29868346
163.75,0.7265520755,0.5284450377,0.5284450377,-1.302794229
163.775,0.6853335098,0.4958168995,0.4958168995,-1.307571244
163.8,0.641798875,0.4630605994,0.4630605994,-1.313053255
163.825,0.5960967456,0.4301580671,0.4301580671,-1.319275491
163.85,0.5483829217,0.3970903935,0.3970903935,-1.326269353
163.875,0.4988198931,0.3638379412,0.3638379412,-1.334062047
163.9,0.4475762825,0.3303804439,0.3303804439,-1.342676255
163.925,0.3948262674,0.2966971328,0.2966971328,-1.352129765
163.95,0.3407489854,0.2627668555,0.2627668555,-1.362435127
163.975,0.2855279225,0.228568218,0.228568218,-1.373599278
164,0.2293502883,0.1940797253,0.1940797253,-1.385623188
164.025,0.1724063787,0.1592799367,0.1592799367,-1.39850149
164.05,0.1148889301,0.1241476295,0.1241476295,-1.41222212
164.075,0.05699246519,0.0886619687,0.0886619687,-1.426765962
164.1,-0.001087365576,0.05280269007,0.05280269007,-1.442106489
164.125,-0.05915444582,0.01655028852,0.01655028852,-1.458209429
164.15,-0.1170128556,-0.02011378419,-0.02011378419,-1.475032431
164.175,-0.1744675319,-0.05720691312,-0.05720691312,-1.492524756
164.2,-0.2313249261,-0.09474510703,-0.09474510703,-1.51062699
164.225,-0.2873936544,-0.1327427781,-0.1327427781,-1.529270784
164.25,-0.3424851405,-0.171212516,-0.171212516,-1.548378634
164.275,-0.3964142484,-0.210164856,-0.210164856,-1.567863695
164.3,-0.4489999016,-0.2496080443,-0.2496080443,-1.587629661
164.325,-0.5000656891,-0.2895478004,-0.2895478004,-1.607570692
164.35,-0.5494404533,-0.3299870791,-0.3299870791,-1.627571424
164.375,-0.596958861,-0.3709258318,-0.3709258318,-1.647507058
164.4,-0.6424619529,-0.4123607747,-0.4123607747,-1.667243539
164.425,-0.685797671,-0.45428516,-0.45428516,-1.68663785
164.45,-0.7268213627,-0.4966885549,-0.4966885549,-1.705538426
164.475,-0.7653962585,-0.539556639,-0.539556639,-1.723785683
164.5,-0.801393923,-0.5828710058,-0.5828710058,-1.741212731
164.525,-0.8346946773,-0.6266089972,-0.6266089972,-1.757646154
164.55,-0.8651879911,-0.6707435443,-0.6707435443,-1.772907103
164.575,-0.8927728435,-0.7152430552,-0.7152430552,-1.786812352
164.6,-0.9173580522,-0.7600713138,-0.7600713138,-1.799175742
164.625,-0.9388625678,-0.8051874292,-0.8051874292,-1.809809587
164.65,-0.957215735,-0.8505458179,-0.8505458179,-1.81852645
164.675,-0.972357518,-0.8960962299,-0.8960962299,-1.825140861
164.7,-0.9842386897,-0.9417838266,-0.9417838266,-1.829471366
164.725,-0.9928209853,-0.9875493016,-0.9875493016,-1.831342542
164.75,-0.998077218,-1.033329063,-1.033329063,-1.830587183
164.775,-0.999991358,-1.079055463,-1.079055463,-1.827048507
164.8,-0.998558574,-1.124657088,-1.124657088,-1.820582356
164.825,-0.9937852369,-1.170059102,-1.170059102,-1.811059395
164.85,-0.9856888863,-1.215183643,-1.215183643,-1.7983672
164.875,-0.9742981592,-1.259950267,-1.259950267,-1.782412195
164.9,-0.9596526827,-1.304276448,-1.304276448,-1.763121432
164.925,-0.9418029291,-1.348078111,-1.348078111,-1.740444092
164.95,-0.9208100351,-1.391270196,-1.391270196,-1.714352701
164.975,-0.8967455864,-1.433767261,-1.433767261,-1.684844013
165,-0.8696913668,-1.475484091,-1.475484091,-1.651939513
165.025,-0.8397390742,-1.516336318,-1.516336318,-1.615685519
165.05,-0.8069900035,-1.556241038,-1.556241038,-1.576152866
165.075,-0.7715546985,-1.595117421,-1.595117421,-1.53343617
165.1,-0.7335525726,-1.632887284,-1.632887284,-1.48765268
165.125,-0.6931115013,-1.669475646,-1.669475646,-1.438940757
165.15,-0.6503673867,-1.704811226,-1.704811226,-1.387457961
165.175,-0.6054636957,-1.738826904,-1.738826904,-1.333378877
165.2,-0.558550974,-1.771460108,-1.771460108,-1.276892673
165.225,-0.509786337,-1.802653151,-1.802653151,-1.218200424
165.25,-0.4593329397,-1.832353496,-1.832353496,-1.157512406
165.275,-0.407359427,-1.860513944,-1.860513944,-1.095045219
165.3,-0.3540393668,-1.887092765,-1.887092765,-1.031019039
165.325,-0.2995506676,-1.912053746,-1.912053746,-0.9656548309
165.35,-0.2440749819,-1.935366184,-1.935366184,-0.8991717935
165.375,-0.1877970985,-1.957004806,-1.957004806,-0.8317849315
165.4,-0.1309043255,-1.976949639,-1.976949639,-0.7637028534
165.425,-0.07358586514,-1.995185827,-1.995185827,-0.6951258777
165.45,-0.01603218355,-2.011703398,-2.011703398,-0.6262443414
165.475,0.04156562265,-2.026497002,-2.026497002,-0.5572372794
165.5,0.0990164612,-2.039565609,-2.039565609,-0.4882713406
165.525,0.156129878,-2.050912194,-2.050912194,-0.4195000246
165.55,0.2127166878,-2.060543401,-2.060543401,-0.3510631865
165.575,0.2685896003,-2.068469195,-2.068469195,-0.2830867965
165.6,0.323563838,-2.074702516,-2.074702516,-0.21568294
165.625,0.3774577464,-2.079258937,-2.079258937,-0.1489500198
165.65,0.4300933913,-2.082156321,-2.082156321,-0.08297314233
165.675,0.4812971443,-2.0834145,-2.0834145,-0.01782465302
165.7,0.5309002526,-2.083054962,-2.083054962,0.04643521225
165.725,0.5787393917,-2.081100555,-2.081100555,0.1097575757
165.75,0.6246571998,-2.077575218,-2.077575218,0.1721040974
165.775,0.6685027913,-2.072503724,-2.072503724,0.2334461303
165.8,0.7101322488,-2.06591145,-2.06591145,0.2937638166
165.825,0.7494090903,-2.05782417,-2.05782417,0.3530452215
165.85,0.7862047126,-2.048267867,-2.048267867,0.4112854492
165.875,0.8203988064,-2.037268565,-2.037268565,0.468485789
165.9,0.8518797451,-2.024852189,-2.024852189,0.5246529107
165.925,0.8805449429,-2.011044437,-2.011044437,0.5797980756
165.95,0.9063011837,-1.995870676,-1.995870676,0.6339364167
165.975,0.9290649179,-1.979355854,-1.979355854,0.6870862622
166,0.9487625274,-1.961524427,-1.961524427,0.7392685006
166.025,0.965330557,-1.942400302,-1.942400302,0.7905060208
166.05,0.9787159121,-1.922006796,-1.922006796,0.8408231771
166.075,0.9888760228,-1.900366602,-1.900366602,0.8902453255
166.1,0.9957789715,-1.877501772,-1.877501772,0.9387983953
166.125,0.999403587,-1.853433707,-1.853433707,0.9865085042
166.15,0.9997395014,-1.828183155,-1.828183155,1.033401624
166.175,0.9967871731,-1.801770221,-1.801770221,1.079503262
166.2,0.9905578727,-1.774214381,-1.774214381,1.124838204
166.225,0.9810736342,-1.745534501,-1.745534501,1.169430249
166.25,0.9683671705,-1.71574887,-1.71574887,1.213302007
166.275,0.9524817542,-1.684875226,-1.684875226,1.256474679
166.3,0.9334710638,-1.652930798,-1.652930798,1.298967887
166.325,0.9113989956,-1.619932345,-1.619932345,1.340799486
166.35,0.8863394431,-1.585896204,-1.585896204,1.381985412
166.375,0.8583760429,-1.550838339,-1.550838339,1.42253952
166.4,0.8276018901,-1.514774396,-1.514774396,1.462473422
166.425,0.7941192219,-1.477719758,-1.477719758,1.501796345
166.45,0.7580390728,-1.439689614,-1.439689614,1.54051496
166.475,0.7194809006,-1.400699012,-1.400699012,1.578633234
166.5,0.6785721859,-1.360762945,-1.360762945,1.616152253
166.525,0.6354480056,-1.319896409,-1.319896409,1.653070054
166.55,0.5902505821,-1.278114494,-1.278114494,1.689381441
166.575,0.5431288099,-1.235432462,-1.235432462,1.72507779
166.6,0.4942377612,-1.191865831,-1.191865831,1.760146858
166.625,0.4437381715,-1.147430479,-1.147430479,1.794572559
166.65,0.3917959079,-1.102142731,-1.102142731,1.828334768
166.675,0.3385814211,-1.056019472,-1.056019472,1.861409072
166.7,0.2842691833,-1.009078249,-1.009078249,1.893766568
166.725,0.2290371137,-0.9613373956,-0.9613373956,1.925373614
166.75,0.173065994,-0.9128161429,-0.9128161429,1.956191616
166.775,0.1165388743,-0.8635347534,-0.8635347534,1.986176797
166.8,0.05964047368,-0.8135146514,-0.8135146514,2.015279994
166.825,0.002556575716,-0.762778558,-0.762778558,2.043446468
166.85,-0.05452657904,-0.7113506365,-0.7113506365,2.070615732
166.875,-0.1114229006,-0.6592566328,-0.6592566328,2.096721427
166.9,-0.1679470558,-0.6065240293,-0.6065240293,2.121691226
166.925,-0.2239150719,-0.5531821884,-0.5531821884,2.145446799
166.95,-0.2791449335,-0.4992625087,-0.4992625087,2.167903841
166.975,-0.3334571742,-0.4447985676,-0.4447985676,2.188972163
167,-0.3866754567,-0.3898262705,-0.3898262705,2.208555895
167.025,-0.4386271444,-0.3343839872,-0.3343839872,2.226553754
167.05,-0.489143858,-0.2785126827,-0.2785126827,2.242859459
167.075,-0.538062019,-0.2222560376,-0.2222560376,2.257362231
167.1,-0.5852233759,-0.1656605497,-0.1656605497,2.269947464
167.125,-0.6304755124,-0.1087756238,-0.1087756238,2.280497501
167.15,-0.6736723366,-0.05165363254,-0.05165363254,2.288892592
167.175,-0.7146745481,0.00565004151,0.00565004151,2.295011977
167.2,-0.7533500831,0.06307699735,0.06307699735,2.29873514
167.225,-0.7895745345,0.1205658385,0.1205658385,2.299943203
167.25,-0.8232315475,0.1780522329,0.1780522329,2.298520466
167.275,-0.8542131879,0.2354690128,0.2354690128,2.29435607
167.3,-0.8824202827,0.2927463181,0.2927463181,2.287345774
167.325,-0.907762732,0.3498117846,0.3498117846,2.277393804
167.35,-0.9301597907,0.4065907795,0.4065907795,2.264414766
167.375,-0.9495403195,0.4630066844,0.4630066844,2.248335564
167.4,-0.965843005,0.5189812275,0.5189812275,2.229097297
167.425,-0.979016547,0.5744348612,0.5744348612,2.206657078
167.45,-0.9890198133,0.6292871836,0.6292871836,2.180989739
167.475,-0.9958219614,0.6834574006,0.6834574006,2.152089354
167.5,-0.9994025271,0.7368648249,0.7368648249,2.119970551
167.525,-0.9997514785,0.7894294034,0.7894294034,2.084669556
167.55,-0.9968692376,0.8410722663,0.8410722663,2.046244915
167.575,-0.9907666661,0.8917162899,0.8917162899,2.004777886
167.6,-0.9814650198,0.9412866673,0.9412866673,1.960372445
167.625,-0.9689958674,0.9897114718,0.9897114718,1.913154907
167.65,-0.9534009778,1.036922206,1.036922206,1.86327315
167.675,-0.9347321731,1.082854325,1.082854325,1.810895446
167.7,-0.9130511509,1.127447733,1.127447733,1.756208913
167.725,-0.8884292737,1.170647227,1.170647227,1.699417633
167.75,-0.8609473282,1.212402895,1.212402895,1.640740474
167.775,-0.8306952543,1.252670458,1.252670458,1.580408626
167.8,-0.7977718453,1.291411543,1.291411543,1.518662984
167.825,-0.762284419,1.32859389,1.32859389,1.455751385
167.85,-0.7243484635,1.364191495,1.364191495,1.391925733
167.875,-0.6840872556,1.39818467,1.39818467,1.327439235
167.9,-0.6416314556,1.430560047,1.430560047,1.262543524
167.925,-0.5971186785,1.461310501,1.461310501,1.197486115
167.95,-0.5506930441,1.490435014,1.490435014,1.1325078
167.975,-0.5025047056,1.517938486,1.517938486,1.067840481
168,-0.4527093608,1.543831475,1.543831475,1.003705058
168.025,-0.4014677455,1.56812991,1.56812991,0.940309737
168.05,-0.3489451113,1.59085475,1.59085475,0.8778485295
168.075,-0.2953106904,1.612031614,1.612031614,0.8165001022
168.1,-0.2407371474,1.631690387,1.631690387,0.7564268975
168.125,-0.1854000217,1.649864804,1.649864804,0.6977745372
168.15,-0.1294771612,1.66659203,1.66659203,0.6406715038
168.175,-0.073148149,1.681912222,1.681912222,0.585229059
168.2,-0.01659372625,1.69586811,1.69586811,0.5315413884
168.225,0.04000478876,1.708504565,1.708504565,0.4796859391
168.25,0.09646608199,1.71986819,1.71986819,0.4297239312
168.275,0.1526094244,1.730006925,1.730006925,0.3817009874
168.3,0.2082552499,1.738969659,1.738969659,0.3356479096
168.325,0.2632257288,1.746805879,1.746805879,0.2915814924
168.35,0.3173453348,1.753565324,1.753565324,0.2495054445
168.375,0.3704414038,1.75929767,1.75929767,0.2094113118
168.4,0.4223446832,1.764052244,1.764052244,0.171279436
168.425,0.4728898683,1.767877747,1.767877747,0.1350799223
168.45,0.5219161269,1.770822019,1.770822019,0.1007735647
168.475,0.5692676075,1.772931808,1.772931808,0.0683127998
168.5,0.6147939317,1.774252582,1.774252582,0.03764256407
168.525,0.658350668,1.774828345,1.774828345,0.008701178374
168.55,0.6997997861,1.774701486,1.774701486,-0.01857886712
168.575,0.7390100898,1.773912643,1.773912643,-0.04427013565
168.6,0.7758576283,1.77250058,1.77250058,-0.06844953255
168.625,0.8102260827,1.770502094,1.770502094,-0.09119764686
168.65,0.8420071285,1.767951928,1.767951928,-0.1125981113
168.675,0.8711007715,1.764882702,1.764882702,-0.1327370633
168.7,0.8974156569,1.761324854,1.761324854,-0.1517025675
168.725,0.9208693509,1.757306606,1.757306606,-0.1695841889
168.75,0.9413885925,1.752853923,1.752853923,-0.1864724864
168.775,0.9589095166,1.7479905,1.7479905,-0.2024586303
168.8,0.9733778466,1.742737747,1.742737747,-0.2176340519
168.825,0.9847490558,1.737114792,1.737114792,-0.2320900118
168.85,0.9929884986,1.731138485,1.731138485,-0.2459173663
168.875,0.9980715089,1.724823411,1.724823411,-0.2592062464
168.9,0.9999834675,1.718181917,1.718181917,-0.2720457487
168.925,0.9987198372,1.711224136,1.711224136,-0.2845237423
168.95,0.9942861655,1.703958021,1.703958021,-0.2967266158
168.975,0.9866980562,1.696389392,1.696389392,-0.3087390428
169,0.9759811079,1.688521966,1.688521966,-0.3206438332
169.025,0.9621708219,1.680357423,1.680357423,-0.3325217197
169.05,0.9453124786,1.67189545,1.67189545,-0.344451205
169.075,0.9254609822,1.663133798,1.663133798,-0.3565084206
169.1,0.9026806769,1.65406835,1.65406835,-0.3687669751
169.125,0.8770451313,1.644693179,1.644693179,-0.3812978505
169.15,0.8486368959,1.635000619,1.635000619,-0.3941692796
169.175,0.8175472311,1.624981331,1.624981331,-0.4074466596
169.2,0.7838758087,1.614624381,1.614624381,-0.4211924668
169.225,0.747730387,1.603917308,1.603917308,-0.4354661866
169.25,0.7092264609,1.592846201,1.592846201,-0.4503242606
169.275,0.6684868881,1.58139578,1.58139578,-0.4658200393
169.3,0.625641492,1.569549466,1.569549466,-0.4820037551
169.325,0.5808266443,1.557289466,1.557289466,-0.4989225018
169.35,0.5341848264,1.544596848,1.544596848,-0.5166202297
169.375,0.4858641724,1.531451622,1.531451622,-0.5351377519
169.4,0.4360179958,1.517832815,1.517832815,-0.5545127613
169.425,0.3848042991,1.503718548,1.503718548,-0.5747798571
169.45,0.3323852706,1.489086124,1.489086124,-0.5959705886
169.475,0.2789267678,1.473912084,1.473912084,-0.6181134947
169.5,0.2245977906,1.458172299,1.458172299,-0.6412341646
169.525,0.1695699453,1.441842038,1.441842038,-0.6653553024
169.55,0.1140169005,1.424896031,1.424896031,-0.6904967842
169.575,0.05811383818,1.407308552,1.407308552,-0.7166757447
169.6,0.002036900495,1.389053478,1.389053478,-0.7439066417
169.625,-0.05403736596,1.370104354,1.370104354,-0.7722013284
169.65,-0.109932566,1.350434467,1.350434467,-0.8015691401
169.675,-0.1654730103,1.330016897,1.330016897,-0.8320169482
169.7,-0.2204842676,1.308824581,1.308824581,-0.8635492306
169.725,-0.2747937107,1.28683038,1.28683038,-0.8961681302
169.75,-0.3282310577,1.264007121,1.264007121,-0.9298734899
169.775,-0.3806289038,1.24032767,1.24032767,-0.964662888
169.8,-0.4318232437,1.215764982,1.215764982,-1.000531648
169.825,-0.481653983,1.19029215,1.19029215,-1.037472834
169.85,-0.5299654357,1.163882479,1.163882479,-1.075477213
169.875,-0.5766068077,1.136509527,1.136509527,-1.1145332
169.9,-0.6214326647,1.108147171,1.108147171,-1.154626779
169.925,-0.6643033812,1.078769678,1.078769678,-1.195741352
169.95,-0.7050855723,1.048351757,1.048351757,-1.237857607
169.975,-0.7436525041,1.016868634,1.016868634,-1.280953312
170,-0.7798844831,0.9842961396,0.9842961396,-1.325003027
170.025,-0.8136692232,0.9506107729,0.9506107729,-1.369977864
170.05,-0.8449021887,0.9157898079,0.9157898079,-1.415845091
170.075,-0.8734869122,0.8798113894,0.8798113894,-1.462567722
170.1,-0.8993352878,0.8426546387,0.8426546387,-1.510104088
170.125,-0.9223678367,0.8042997934,0.8042997934,-1.558407226
170.15,-0.9425139459,0.764728326,0.764728326,-1.607424359
170.175,-0.9597120787,0.7239231176,0.7239231176,-1.657096158
170.2,-0.973909957,0.6818686154,0.6818686154,-1.707356046
170.225,-0.9850647137,0.6385510342,0.6385510342,-1.758129366
170.25,-0.9931430158,0.5939585624,0.5939585624,-1.809332517
170.275,-0.9981211576,0.5480816025,0.5480816025,-1.860872019
170.3,-0.999985124,0.5009130246,0.5009130246,-1.912643525
170.325,-0.9987306228,0.4524484583,0.4524484583,-1.964530783
170.35,-0.9943630871,0.4026865937,0.4026865937,-2.016404592
170.375,-0.9868976474,0.3516295301,0.3516295301,-2.068121706
170.4,-0.9763590735,0.2992831295,0.2992831295,-2.1195238
170.425,-0.962781686,0.2456574138,0.2456574138,-2.170436433
170.45,-0.9462092388,0.1907669776,0.1907669776,-2.220668112
170.475,-0.9266947723,0.1346314228,0.1346314228,-2.270009469
170.5,-0.9043004374,0.07727581731,0.07727581731,-2.31823259
170.525,-0.879097292,0.01873116395,0.01873116395,-2.365090572
170.55,-0.8511650699,-0.04096512318,-0.04096512318,-2.410317352
170.575,-0.8205919227,-0.10176874,-0.10176874,-2.453627881
170.6,-0.7874741368,-0.1636280244,-0.1636280244,-2.494718699
170.625,-0.7519158245,-0.2264835082,-0.2264835082,-2.533268995
170.65,-0.714028592,-0.2902675028,-0.2902675028,-2.568942213
170.675,-0.6739311842,-0.354903729,-0.354903729,-2.601388273
170.7,-0.631749108,-0.4203070186,-0.4203070186,-2.63024642
170.725,-0.5876142352,-0.4863830865,-0.4863830865,-2.655148841
170.75,-0.5416643864,-0.5530284077,-0.5530284077,-2.675724949
170.775,-0.4940428964,-0.6201302094,-0.6201302094,-2.691606385
170.8,-0.4448981643,-0.6875665971,-0.6875665971,-2.702432748
170.825,-0.394383187,-0.7552068307,-0.7552068307,-2.707857891
170.85,-0.342655081,-0.8229117648,-0.8229117648,-2.707556731
170.875,-0.2898745902,-0.8905344647,-0.8905344647,-2.701232407
170.9,-0.2362055849,-0.9579210027,-0.9579210027,-2.688623604
170.925,-0.1818145508,-1.024911439,-1.024911439,-2.669511812
170.95,-0.1268700709,-1.091340979,-1.091340979,-2.643728262
170.975,-0.07154230187,-1.157041298,-1.157041298,-2.611160261
171,-0.01600244619,-1.221842011,-1.221842011,-2.571756675
171.025,0.03957777821,-1.285572272,-1.285572272,-2.525532258
171.05,0.09502666903,-1.348062461,-1.348062461,-2.472570605
171.075,0.1501730699,-1.409145922,-1.409145922,-2.413025524
171.1,0.2048468982,-1.46866072,-1.46866072,-2.347120697
171.125,0.2588796689,-1.526451369,-1.526451369,-2.275147546
171.15,0.3121050123,-1.582370472,-1.582370472,-2.197461331
171.175,0.3643591852,-1.636280259,-1.636280259,-2.114475581
171.2,0.4154815725,-1.68805395,-1.68805395,-2.026655014
171.225,0.4653151788,-1.737576939,-1.737576939,-1.934507208
171.25,0.5137071078,-1.784747752,-1.784747752,-1.838573294
171.275,0.5605090292,-1.829478756,-1.829478756,-1.739418065
171.3,0.6055776295,-1.87169663,-1.87169663,-1.637619894
171.325,0.6487750479,-1.911342575,-1.911342575,-1.533760498
171.35,0.6899692945,-1.948372279,-1.948372279,-1.428415528
171.375,0.7290346488,-1.98275565,-1.98275565,-1.322145522
171.4,0.7658520401,-2.014476334,-2.014476334,-1.215488008
171.425,0.8003094053,-2.043531062,-2.043531062,-1.108950743
171.45,0.8323020256,-2.069928822,-2.069928822,-1.003006119
171.475,0.8617328398,-2.093689925,-2.093689925,-0.8980869577
171.5,0.8885127333,-2.114844979,-2.114844979,-0.7945835693
171.525,0.9125608031,-2.133433798,-2.133433798,-0.6928420462
171.55,0.9338045964,-2.149504288,-2.149504288,-0.5931637095
171.575,0.9521803232,-2.163111331,-2.163111331,-0.4958055625
171.6,0.967633042,-2.174315695,-2.174315695,-0.4009816001
171.625,0.9801168183,-2.183182982,-2.183182982,-0.308864836
171.65,0.9895948549,-2.189782629,-2.189782629,-0.2195898847
171.675,0.9960395943,-2.194186993,-2.194186993,-0.1332559077
171.7,0.9994327924,-2.196470498,-2.196470498,-0.0499298626
171.725,0.9997655635,-2.196708877,-2.196708877,0.0303501388
171.75,0.9970383972,-2.194978487,-2.194978487,0.1075714375
171.775,0.9912611456,-2.191355721,-2.191355721,0.1817434892
171.8,0.9824529828,-2.185916491,-2.185916491,0.2528946564
171.825,0.9706423355,-2.178735797,-2.178735797,0.3210691785
171.85,0.9558667851,-2.169887363,-2.169887363,0.3863243608
171.875,0.9381729427,-2.159443344,-2.159443344,0.4487280026
171.9,0.9176162961,-2.147474094,-2.147474094,0.5083560797
171.925,0.8942610302,-2.134047987,-2.134047987,0.5652906817
171.95,0.868179821,-2.119231286,-2.119231286,0.6196182017
171.975,0.839453604,-2.10308806,-2.10308806,0.6714277679
172,0.8081713176,-2.085680127,-2.085680127,0.7208099032
172.025,0.7744296229,-2.067067036,-2.067067036,0.7678553952
172.05,0.7383325997,-2.047306077,-2.047306077,0.8126543584
172.075,0.6999914211,-2.0264523,-2.0264523,0.8552954713
172.1,0.659524006,-2.004558563,-2.004558563,0.8958653708
172.125,0.6170546527,-1.98167559,-1.98167559,0.9344481796
172.15,0.5727136528,-1.957852035,-1.957852035,0.971125154
172.175,0.5266368875,-1.933134562,-1.933134562,1.005974438
172.2,0.4789654077,-1.907567919,-1.907567919,1.0390709
172.225,0.4298449992,-1.881195027,-1.881195027,1.070486052
172.25,0.3794257335,-1.854057059,-1.854057059,1.100288021
172.275,0.3278615068,-1.826193529,-1.826193529,1.128541582
172.3,0.275309568,-1.79764237,-1.79764237,1.155308229
172.325,0.2219300365,-1.768440021,-1.768440021,1.180646277
172.35,0.1678854134,-1.7386215,-1.7386215,1.204610994
172.375,0.1133400847,-1.708220479,-1.708220479,1.227254759
172.4,0.05845982034,-1.677269355,-1.677269355,1.248627221
172.425,0.003411269886,-1.645799319,-1.645799319,1.268775484
172.45,-0.05163854433,-1.613840409,-1.613840409,1.287744287
172.475,-0.1065227339,-1.581421578,-1.581421578,1.305576203
172.5,-0.1610750501,-1.548570735,-1.548570735,1.322311812
172.525,-0.2151303869,-1.515314799,-1.515314799,1.337989914
172.55,-0.26852528,-1.481679741,-1.481679741,1.352647693
172.575,-0.3210983994,-1.447690619,-1.447690619,1.366320918
172.6,-0.372691036,-1.413371612,-1.413371612,1.37904411
172.625,-0.4231475783,-1.378746051,-1.378746051,1.390850712
172.65,-0.4723159801,-1.343836443,-1.343836443,1.401773263
172.675,-0.5200482155,-1.30866449,-1.30866449,1.411843537
172.7,-0.5662007226,-1.273251109,-1.273251109,1.421092707
172.725,-0.6106348314,-1.237616442,-1.237616442,1.429551466
172.75,-0.6532171779,-1.201779869,-1.201779869,1.437250167
172.775,-0.6938201,-1.165760016,-1.165760016,1.444218933
172.8,-0.7323220168,-1.129574755,-1.129574755,1.450487764
172.825,-0.7686077884,-1.093241211,-1.093241211,1.45608664
172.85,-0.8025690559,-1.056775756,-1.056775756,1.461045591
172.875,-0.8341045602,-1.020194013,-1.020194013,1.465394786
172.9,-0.8631204395,-0.9835108453,-0.9835108453,1.46916458
172.925,-0.8895305031,-0.946740357,-0.946740357,1.472385571
172.95,-0.9132564826,-0.9098958828,-0.9098958828,1.47508863
172.975,-0.9342282585,-0.872989982,-0.872989982,1.477304927
173,-0.9523840617,-0.8360344306,-0.8360344306,1.479065936
173.025,-0.9676706499,-0.7990402145,-0.7990402145,1.480403438
173.05,-0.980043458,-0.7620175209,-0.7620175209,1.481349492
173.075,-0.9894667219,-0.7249757326,-0.7249757326,1.481936414
173.1,-0.9959135759,-0.687923422,-0.687923422,1.482196727
173.125,-0.9993661234,-0.650868346,-0.650868346,1.482163092
173.15,-0.9998154798,-0.6138174441,-0.6138174441,1.481868251
173.175,-0.9972617894,-0.5767768373,-0.5767768373,1.481344927
173.2,-0.9917142138,-0.5397518302,-0.5397518302,1.480625713
173.225,-0.9831908942,-0.5027469143,-0.5027469143,1.47974298
173.25,-0.971718887,-0.4657657765,-0.4657657765,1.478728736
173.275,-0.9573340713,-0.428811311,-0.428811311,1.477614457
173.3,-0.9400810319,-0.3918856305,-0.3918856305,1.476430983
173.325,-0.9200129153,-0.3549900878,-0.3549900878,1.475208314
173.35,-0.89719126,-0.3181252997,-0.3181252997,1.47397543
173.375,-0.871685803,-0.2812911696,-0.2812911696,1.472760133
173.4,-0.8435742611,-0.244486926,-0.244486926,1.471588813
173.425,-0.8129420888,-0.2077111554,-0.2077111554,1.470486268
173.45,-0.7798822139,-0.1709618474,-0.1709618474,1.469475477
173.475,-0.7444947501,-0.1342364418,-0.1342364418,1.468577385
173.5,-0.7068866899,-0.09753188263,-0.09753188263,1.467810682
173.525,-0.6671715763,-0.06084467699,-0.06084467699,1.467191574
173.55,-0.6254691556,-0.02417096068,-0.02417096068,1.466733561
173.575,-0.5819050126,0.01249343234,0.01249343234,1.466447208
173.6,-0.5366101886,0.04915289297,0.04915289297,1.466339928
173.625,-0.4897207838,0.08581195574,0.08581195574,1.466415764
173.65,-0.4413775447,0.122475212,0.122475212,1.466675181
173.675,-0.3917254393,0.1591472182,0.1591472182,1.467114871
173.7,-0.3409132189,0.1958323985,0.1958323985,1.46772757
173.725,-0.2890929708,0.2325349446,0.2325349446,1.468501885
173.75,-0.2364196607,0.2692587104,0.2692587104,1.469422153
173.775,-0.1830506672,0.3060071024,0.3060071024,1.470468307
173.8,-0.1291453105,0.3427829713,0.3427829713,1.471615779
173.825,-0.07486437554,0.3795884941,0.3795884941,1.472835423
173.85,-0.02036963138,0.4164250637,0.4164250637,1.474093476
173.875,0.03417665128,0.4532931694,0.4532931694,1.475351545
173.9,0.08861218359,0.4901922841,0.4901922841,1.476566642
173.925,0.1427751412,0.5271207487,0.5271207487,1.477691251
173.95,0.1965046451,0.564075661,0.564075661,1.478673439
173.975,0.2496412384,0.6010527667,0.6010527667,1.479457025
174,0.3020273589,0.6380463565,0.6380463565,1.479981771
174.025,0.3535078043,0.6750491656,0.6750491656,1.480183665
174.05,0.4039301913,0.7120522881,0.7120522881,1.47999519
174.075,0.4531454035,0.7490450847,0.7490450847,1.479345743
174.1,0.501008031,0.786015123,0.786015123,1.478161989
174.125,0.5473767971,0.8229481026,0.8229481026,1.47636836
174.15,0.5921149723,0.8598278148,0.8598278148,1.473887576
174.175,0.6350907746,0.8966361012,0.8966361012,1.470641168
174.2,0.6761777539,0.9333528348,0.9333528348,1.466550143
174.225,0.715255161,0.9699559118,0.9699559118,1.46153556
174.25,0.7522082978,1.006421265,1.006421265,1.455519285
174.275,0.7869288504,1.042722889,1.042722889,1.448424618
174.3,0.8193152019,1.078832888,1.078832888,1.440177082
174.325,0.8492727252,1.114721538,1.114721538,1.430705104
174.35,0.8767140551,1.150357372,1.150357372,1.419940789
174.375,0.9015593375,1.185707277,1.185707277,1.407820598
174.4,0.923736457,1.220736615,1.220736615,1.394286083
174.425,0.9431812409,1.255409354,1.255409354,1.379284514
174.45,0.9598376395,1.289688227,1.289688227,1.362769525
174.475,0.9736578819,1.323534887,1.323534887,1.344701649
174.5,0.9846026074,1.356910099,1.356910099,1.325048817
174.525,0.9926409719,1.389773916,1.389773916,1.303786769
174.55,0.9977507289,1.42208589,1.42208589,1.280899367
174.575,0.9999182848,1.453805273,1.453805273,1.256378832
174.6,0.999138729,1.484891226,1.484891226,1.230225862
174.625,0.9954158385,1.515303036,1.515303036,1.202449653
174.65,0.9887620559,1.545000326,1.545000326,1.173067818
174.675,0.9791984432,1.57394326,1.57394326,1.142106182
174.7,0.9667546095,1.602092749,1.602092749,1.109598502
174.725,0.9514686138,1.629410643,1.629410643,1.075586061
174.75,0.9333868432,1.655859914,1.655859914,1.04011718
174.775,0.9125638667,1.68140482,1.68140482,1.003246672
174.8,0.8890622651,1.706011071,1.706011071,0.965035166
174.825,0.8629524379,1.729645951,1.729645951,0.9255484539
174.85,0.8343123871,1.75227845,1.75227845,0.8848567013
174.875,0.8032274792,1.773879358,1.773879358,0.8430337155
174.9,0.7697901859,1.794421347,1.794421347,0.8001561046
174.925,0.7340998048,1.81387903,1.81387903,0.7563025339
174.95,0.6962621593,1.832229006,1.832229006,0.711552866
174.975,0.6563892812,1.849449876,1.849449876,0.6659874784
175,0.6145990747,1.865522249,1.865522249,0.6196864339
175.025,0.5710149638,1.880428727,1.880428727,0.5727288731
175.05,0.5257655243,1.894153869,1.894153869,0.5251923125
175.075,0.4789841013,1.906684146,1.906684146,0.4771520998
175.1,0.4308084129,1.918007883,1.918007883,0.4286808688
175.125,0.3813801422,1.928115178,1.928115178,0.3798481071
175.15,0.3308445176,1.936997826,1.936997826,0.3307197575
175.175,0.2793498845,1.944649221,1.944649221,0.2813579157
175.2,0.2270472674,1.95106426,1.95106426,0.2318205747
175.225,0.1740899253,1.956239237,1.956239237,0.182161452
175.25,0.1206329014,1.960171731,1.960171731,0.1324298667
175.275,0.06683256801,1.962860501,1.962860501,0.082670683
175.3,0.01284616828,1.964305373,1.964305373,0.0329243026
175.325,-0.04116864368,1.964507124,1.964507124,-0.01677329226
175.35,-0.09505426349,1.963467379,1.963467379,-0.06639045473
175.375,-0.1486535961,1.961188501,1.961188501,-0.1158997518
175.4,-0.2018105136,1.957673487,1.957673487,-0.1652778114
175.425,-0.2543703087,1.952925868,1.952925868,-0.2145051426
175.45,-0.3061801444,1.946949618,1.946949618,-0.2635659403
175.475,-0.357089497,1.939749062,1.939749062,-0.3124478634
175.5,-0.4069505914,1.931328792,1.931328792,-0.361141819
175.525,-0.4556188285,1.921693589,1.921693589,-0.4096417134
175.55,-0.502953202,1.910848352,1.910848352,-0.4579442382
175.575,-0.5488167047,1.898798029,1.898798029,-0.5060485984
175.6,-0.5930767218,1.885547561,1.885547561,-0.5539563108
175.625,-0.6356054117,1.871101824,1.871101824,-0.6016709503
175.65,-0.6762800718,1.855465578,1.855465578,-0.6491979106
175.675,-0.7149834891,1.838643434,1.838643434,-0.6965442191
175.7,-0.7516042736,1.820639803,1.820639803,-0.7437182741
175.725,-0.7860371757,1.801458876,1.801458876,-0.7907296632
175.75,-0.8181833837,1.781104588,1.781104588,-0.8375889625
175.775,-0.8479508033,1.759580601,1.759580601,-0.8843075038
175.8,-0.8752543168,1.736890286,1.736890286,-0.9308972217
175.825,-0.9000160214,1.713036711,1.713036711,-0.9773704464
175.85,-0.9221654467,1.68802263,1.68802263,-1.023739691
175.875,-0.9416397502,1.661850488,1.661850488,-1.070017509
175.9,-0.95838389,1.634522413,1.634522413,-1.116216279
175.925,-0.9723507754,1.606040233,1.606040233,-1.162347986
175.95,-0.9835013933,1.576405478,1.576405478,-1.208424081
175.975,-0.991804912,1.545619402,1.545619402,-1.254455232
176,-0.9972387606,1.51368301,1.51368301,-1.300451089
176.025,-0.9997886842,1.480597072,1.480597072,-1.346420108
176.05,-0.9994487758,1.446362169,1.446362169,-1.39236926
176.075,-0.9962214829,1.410978731,1.410978731,-1.438303748
176.1,-0.9901175911,1.374447077,1.374447077,-1.484226777
176.125,-0.9811561828,1.336767479,1.336767479,-1.530139177
176.15,-0.9693645721,1.297940222,1.297940222,-1.576039073
176.175,-0.9547782169,1.257965669,1.257965669,-1.621921554
176.2,-0.9374406061,1.216844358,1.216844358,-1.667778182
176.225,-0.9174031253,1.174577078,1.174577078,-1.713596621
176.25,-0.8947248992,1.131164982,1.131164982,-1.759360125
176.275,-0.8694726117,1.086609709,1.086609709,-1.805046979
176.3,-0.8417203053,1.040913497,1.040913497,-1.850630013
176.325,-0.8115491587,0.9940793492,0.9940793492,-1.896075903
176.35,-0.7790472449,0.9461111767,0.9461111767,-1.9413446
176.375,-0.7443092697,0.8970139893,0.8970139893,-1.986388596
176.4,-0.7074362908,0.8467940812,0.8467940812,-2.031152223
176.425,-0.6685354201,0.7954592499,0.7954592499,-2.0755709
176.45,-0.6277195084,0.7430190269,0.7430190269,-2.119570349
176.475,-0.5851068142,0.6894849291,0.6894849291,-2.163065827
176.5,-0.5408206577,0.6348707319,0.6348707319,-2.205961322
176.525,-0.4949890601,0.5791927597,0.5791927597,-2.248148798
176.55,-0.4477443712,0.5224701949,0.5224701949,-2.289507455
176.575,-0.3992228835,0.4647254088,0.4647254088,-2.329903058
176.6,-0.3495644372,0.4059842988,0.4059842988,-2.369187355
176.625,-0.2989120146,0.3462766539,0.3462766539,-2.4071976
176.65,-0.2474113262,0.2856365117,0.2856365117,-2.443756251
176.675,-0.1952103899,0.2241025373,0.2241025373,-2.478670844
176.7,-0.1424591045,0.1617183933,0.1617183933,-2.511734115
176.725,-0.08930881755,0.09853310301,0.09853310301,-2.542724392
176.75,-0.03591189039,0.03460140602,0.03460140602,-2.571406332
176.775,0.01757873895,-0.03001591447,-0.03001591447,-2.597532013
176.8,0.07100999429,-0.09525173648,-0.09525173648,-2.620842444
176.825,0.1242290993,-0.1610323443,-0.1610323443,-2.641069555
176.85,0.1770840141,-0.2272772318,-0.2272772318,-2.657938632
176.875,0.2294238687,-0.2938989722,-0.2938989722,-2.671171269
176.9,0.2810993932,-0.3608031685,-0.3608031685,-2.680488846
176.925,0.331963342,-0.427888496,-0.427888496,-2.685616469
176.95,0.3818709118,-0.4950468493,-0.4950468493,-2.686287375
176.975,0.4306801526,-0.5621636053,-0.5621636053,-2.682247738
177,0.4782523686,-0.6291180101,-0.6291180101,-2.673261783
177.025,0.5244525105,-0.6957836968,-0.6957836968,-2.659117107
177.05,0.5691495565,-0.7620293362,-0.7620293362,-2.639630055
177.075,0.6122168805,-0.8277194224,-0.8277194224,-2.614651014
177.1,0.6535326079,-0.8927151873,-0.8927151873,-2.584069436
177.125,0.6929799573,-0.9568756357,-0.9568756357,-2.547818419
177.15,0.730447567,-1.020058688,-1.020058688,-2.505878649
177.175,0.7658298056,-1.082122408,-1.082122408,-2.458281523
177.2,0.7990270653,-1.142926306,-1.142926306,-2.4051113
177.225,0.8299460391,-1.202332668,-1.202332668,-2.346506141
177.25,0.8584999776,-1.260207907,-1.260207907,-2.282657944
177.275,0.8846089286,-1.316423894,-1.316423894,-2.21381093
177.3,0.9081999558,-1.370859232,-1.370859232,-2.140258962
177.325,0.9292073378,-1.423400453,-1.423400453,-2.062341682
177.35,0.9475727462,-1.4739431,-1.4739431,-1.980439533
177.375,0.9632454021,-1.522392676,-1.522392676,-1.894967874
177.4,0.9761822117,-1.568665438,-1.568665438,-1.806370295
177.425,0.9863478789,-1.61268901,-1.61268901,-1.71511143
177.45,0.9937149966,-1.654402816,-1.654402816,-1.621669527
177.475,0.9982641144,-1.69375833,-1.69375833,-1.526528859
177.5,0.9999837848,-1.730719129,-1.730719129,-1.430172402
177.525,0.9988705856,-1.765260779,-1.765260779,-1.333074937
177.55,0.9949291204,-1.79737054,-1.79737054,-1.235696577
177.575,0.9881719956,-1.827046941,-1.827046941,-1.138477268
177.6,0.9786197756,-1.854299195,-1.854299195,-1.04183184
177.625,0.9663009146,-1.879146539,-1.879146539,-0.9461462114
177.65,0.9512516672,-1.901617463,-1.901617463,-0.851774351
177.675,0.9335159759,-1.921748881,-1.921748881,-0.7590362252
177.7,0.9131453385,-1.939585272,-1.939585272,-0.6682166057
177.725,0.8901986529,-1.955177786,-1.955177786,-0.5795646642
177.75,0.864742042,-1.968583361,-1.968583361,-0.493294302
177.775,0.8368486588,-1.979863852,-1.979863852,-0.409585068
177.8,0.8065984708,-1.989085188,-1.989085188,-0.3285836209
177.825,0.7740780268,-1.99631657,-1.99631657,-0.2504055648
177.85,0.7393802043,-2.001629724,-2.001629724,-0.1751375886
177.875,0.7026039406,-2.005098208,-2.005098208,-0.1028398328
177.9,0.6638539463,-2.006796774,-2.006796774,-0.03354834646
177.925,0.6232404032,-2.006800803,-2.006800803,0.03272239717
177.95,0.5808786479,-2.005185793,-2.005185793,0.0959770088
177.975,0.5368888403,-2.002026914,-2.002026914,0.1562367633
178,0.4913956196,-1.997398619,-1.997398619,0.2135372915
178.025,0.4445277486,-1.991374314,-1.991374314,0.2679264144
178.05,0.3964177461,-1.984026079,-1.984026079,0.3194621405
178.075,0.3472015101,-1.975424434,-1.975424434,0.3682108372
178.1,0.2970179311,-1.965638155,-1.965638155,0.4142455848
178.125,0.2460084991,-1.954734119,-1.954734119,0.4576447124
178.15,0.1943169022,-1.942777197,-1.942777197,0.498490506
178.175,0.1420886208,-1.929830163,-1.929830163,0.5368680913
178.2,0.08947051693,-1.915953637,-1.915953637,0.5728644762
178.225,0.03661042061,-1.901206049,-1.901206049,0.6065677379
178.25,-0.01634328622,-1.885643622,-1.885643622,0.6380663449
178.275,-0.06924208645,-1.869320367,-1.869320367,0.6674486076
178.3,-0.1219377443,-1.852288096,-1.852288096,0.6948022321
178.325,-0.1742827204,-1.834596438,-1.834596438,0.7202139718
178.35,-0.2261305843,-1.816292867,-1.816292867,0.7437693693
178.375,-0.2773364233,-1.797422738,-1.797422738,0.7655525618
178.4,-0.3277572464,-1.778029318,-1.778029318,0.7856461594
178.425,-0.3772523819,-1.758153834,-1.758153834,0.804131169
178.45,-0.4256838682,-1.737835503,-1.737835503,0.8210869655
178.475,-0.472916837,-1.717111581,-1.717111581,0.8365913002
178.5,-0.5188198856,-1.696017398,-1.696017398,0.8507203325
178.525,-0.5632654409,-1.674586403,-1.674586403,0.8635486959
178.55,-0.6061301109,-1.652850192,-1.652850192,0.8751495636
178.575,-0.6472950239,-1.630838555,-1.630838555,0.8855947461
178.6,-0.6866461557,-1.608579498,-1.608579498,0.8949547817
178.625,-0.7240746415,-1.58609928,-1.58609928,0.9032990347
178.65,-0.7594770732,-1.563422441,-1.563422441,0.9106958069
178.675,-0.7927557822,-1.540571824,-1.540571824,0.9172124224
178.7,-0.8238191035,-1.517568601,-1.517568601,0.9229153383
178.725,-0.8525816252,-1.494432291,-1.494432291,0.9278702259
178.75,-0.878964418,-1.471180781,-1.471180781,0.9321420557
178.775,-0.9028952478,-1.447830344,-1.447830344,0.9357951769
178.8,-0.9243087685,-1.424395647,-1.424395647,0.9388933743
178.825,-0.9431466955,-1.400889772,-1.400889772,0.9414999317
178.85,-0.9593579597,-1.377324224,-1.377324224,0.9436776697
178.875,-0.9728988405,-1.353708942,-1.353708942,0.9454889807
178.9,-0.9837330785,-1.330052311,-1.330052311,0.9469958507
178.925,-0.9918319678,-1.306361173,-1.306361173,0.9482598679
178.95,-0.9971744258,-1.282640832,-1.282640832,0.9493422196
178.975,-0.9997470434,-1.258895069,-1.258895069,0.9503036791
179,-0.9995441124,-1.235126152,-1.235126152,0.9512045854
179.025,-0.9965676322,-1.211334845,-1.211334845,0.952104796
179.05,-0.9908272952,-1.187520424,-1.187520424,0.9530636472
179.075,-0.9823404501,-1.163680685,-1.163680685,0.954139909
179.1,-0.9711320452,-1.139811964,-1.139811964,0.9553916979
179.125,-0.9572345496,-1.115909159,-1.115909159,0.9568763953
179.15,-0.9406878542,-1.091965733,-1.091965733,0.9586506025
179.175,-0.9215391524,-1.067973751,-1.067973751,0.9607700155
179.2,-0.8998428006,-1.043923899,-1.043923899,0.9632893198
179.225,-0.8756601589,-1.019805506,-1.019805506,0.9662621086
179.25,-0.849059413,-0.9956065772,-0.9956065772,0.9697407577
179.275,-0.8201153773,-0.9713138272,-0.9713138272,0.9737762881
179.3,-0.78890928,-0.9469127093,-0.9469127093,0.9784182734
179.325,-0.7555285307,-0.922387459,-0.922387459,0.9837146866
179.35,-0.7200664719,-0.8977211358,-0.8977211358,0.9897117627
179.375,-0.6826221131,-0.8728956617,-0.8728956617,0.9964538804
179.4,-0.6432998514,-0.8478918793,-0.8478918793,1.003983389
179.425,-0.6022091763,-0.8226895956,-0.8226895956,1.012340482
179.45,-0.5594643616,-0.7972676419,-0.7972676419,1.021563034
179.475,-0.5151841444,-0.7716039362,-0.7716039362,1.031686438
179.5,-0.4694913922,-0.7456755391,-0.7456755391,1.042743458
179.525,-0.4225127591,-0.7194587325,-0.7194587325,1.054764039
179.55,-0.3743783327,-0.6929290821,-0.6929290821,1.067775154
179.575,-0.325221271,-0.6660615209,-0.6660615209,1.08180061
179.6,-0.2751774321,-0.6388304275,-0.6388304275,1.096860864
179.625,-0.2243849975,-0.6112097123,-0.6112097123,1.112972831
179.65,-0.1729840884,-0.583172911,-0.583172911,1.13014967
179.675,-0.1211163782,-0.554693277,-0.554693277,1.148400582
179.7,-0.06892470092,-0.5257438884,-0.5257438884,1.167730569
179.725,-0.0165526573,-0.4962977501,-0.4962977501,1.188140212
179.75,0.03585578085,-0.4663279134,-0.4663279134,1.209625402
179.775,0.08815666655,-0.4358075911,-0.4358075911,1.23217709
179.8,0.1402064729,-0.4047102888,-0.4047102888,1.255780991
179.825,0.1918624867,-0.3730099366,-0.3730099366,1.280417294
179.85,0.2429831987,-0.3406810327,-0.3406810327,1.306060347
179.875,0.2934286909,-0.3076987932,-0.3076987932,1.332678319
179.9,0.3430610178,-0.27403931,-0.27403931,1.360232859
179.925,0.3917445824,-0.2396797206,-0.2396797206,1.388678724
179.95,0.4393465049,-0.2045983817,-0.2045983817,1.417963404
179.975,0.4857369834,-0.1687750592,-0.1687750592,1.44802673
180,0.5307896455,-0.1321911228,-0.1321911228,1.478800472
180.025,0.5743818903,-0.09482975221,-0.09482975221,1.510207936
180.05,0.6163952191,-0.05667615529,-0.05667615529,1.542163558
180.075,0.6567155547,-0.01771779386,-0.01771779386,1.57457251
180.1,0.6952335479,0.0220553801,0.0220553801,1.607330323
180.125,0.7318448709,0.06265067846,0.06265067846,1.640322535
180.15,0.7664504959,0.1040724234,0.1040724234,1.673424381
180.175,0.7989569594,0.1463216864,0.1463216864,1.706500538
180.2,0.8292766108,0.189396022,0.189396022,1.739404939
180.225,0.8573278444,0.2332891977,0.2332891977,1.771980676
180.25,0.8830353146,0.2779909222,0.2779909222,1.804060019
180.275,0.9063301343,0.3234865779,0.3234865779,1.835464551
180.3,0.9271500545,0.369756956,0.369756956,1.866005473
180.325,0.9454396258,0.4167780014,0.4167780014,1.895484076
180.35,0.9611503418,0.4645205766,0.4645205766,1.9236924
180.375,0.9742407621,0.5129502357,0.5129502357,1.950414168
180.4,0.9846766171,0.5620270358,0.5620270358,1.975425859
180.425,0.9924308921,0.6117053686,0.6117053686,1.998498187
180.45,0.9974838923,0.6619338384,0.6619338384,2.019397679
180.475,0.9998232874,0.712655182,0.712655182,2.037888696
180.5,0.999444136,0.7638062385,0.7638062385,2.053735609
180.525,0.9963488901,0.8153179838,0.8153179838,2.066705295
180.55,0.9905473795,0.8671156254,0.8671156254,2.07656989
180.575,0.982056776,0.9191187688,0.9191187688,2.083109706
180.6,0.9709015378,0.9712416633,0.9712416633,2.086116371
180.625,0.9571133342,1.023393524,1.023393524,2.085396064
180.65,0.9407309511,1.075478936,1.075478936,2.08077278
180.675,0.9218001768,1.12739834,1.12739834,2.072091588
180.7,0.9003736692,1.179048603,1.179048603,2.059221779
180.725,0.8765108051,1.230323653,1.230323653,2.042059775
180.75,0.8502775107,1.281115199,1.281115199,2.020531759
180.775,0.821746075,1.331313499,1.331313499,1.994595902
180.8,0.7909949465,1.380808185,1.380808185,1.964244103
180.825,0.7581085133,1.429489119,1.429489119,1.929503169
180.85,0.7231768672,1.477247277,1.477247277,1.890435368
180.875,0.6862955531,1.523975634,1.523975634,1.847138317
180.9,0.6475653041,1.56957004,1.56957004,1.799744175
180.925,0.6070917628,1.613930068,1.613930068,1.748418145
180.95,0.5649851898,1.656959809,1.656959809,1.693356323
180.975,0.5213601598,1.698568614,1.698568614,1.634782918
181,0.4763352478,1.73867176,1.73867176,1.572946934
181.025,0.4300327029,1.777191018,1.777191018,1.508118423
181.05,0.3825781152,1.814055132,1.814055132,1.440584385
181.075,0.3341000717,1.849200186,1.849200186,1.370644396
181.1,0.2847298069,1.882569866,1.882569866,1.298606278
181.125,0.234600845,1.914115611,1.914115611,1.22478156
181.15,0.1838486376,1.943796649,1.943796649,1.149481319
181.175,0.1326101965,1.971579938,1.971579938,1.073012073
181.2,0.08102372272,1.99744,1.99744,0.9956720793
181.225,0.02922823296,2.021358679,2.021358679,0.9177480529
181.25,-0.02263681542,2.043324809,2.043324809,0.8395122478
181.275,-0.07443190011,2.063333827,2.063333827,0.7612201287
181.3,-0.1260178092,2.081387325,2.081387325,0.683108461
181.325,-0.1772560149,2.097492566,2.097492566,0.6053939389
181.35,-0.2280090451,2.111661968,2.111661968,0.5282722851
181.375,-0.2781408513,2.123912579,2.123912579,0.4519177931
181.4,-0.3275171724,2.134265531,2.134265531,0.3764832878
181.425,-0.3760058925,2.142745513,2.142745513,0.3021004436
181.45,-0.4234773933,2.149380248,2.149380248,0.2288804107
181.475,-0.4698048984,2.154199992,2.154199992,0.1569147094
181.5,-0.5148648099,2.157237049,2.157237049,0.08627632026
181.525,-0.5585370358,2.158525337,2.158525337,0.01702092154
181.55,-0.6007053077,2.158099956,2.158099956,-0.05081173822
181.575,-0.6412574873,2.15599682,2.15599682,-0.1171964375
181.6,-0.6800858617,2.152252305,2.152252305,-0.1821210312
181.625,-0.7170874263,2.146902943,2.146902943,-0.2455850089
181.65,-0.7521641548,2.139985148,2.139985148,-0.3075980853
181.675,-0.7852232551,2.131534977,2.131534977,-0.3681788447
181.7,-0.8161774111,2.121587925,2.121587925,-0.4273534559
181.725,-0.8449450095,2.110178752,2.110178752,-0.4851544617
181.75,-0.8714503505,2.097341335,2.097341335,-0.541619661
181.775,-0.8956238432,2.083108551,2.083108551,-0.5967910866
181.8,-0.9174021837,2.067512185,2.067512185,-0.6507140739
181.825,-0.9367285162,2.050582854,2.050582854,-0.7034364187
181.85,-0.9535525771,2.032349957,2.032349957,-0.7550076367
181.875,-0.9678308206,2.012841643,2.012841643,-0.8054783003
181.9,-0.979526527,1.992084788,1.992084788,-0.8548994545
181.925,-0.9886098917,1.970104991,1.970104991,-0.9033221191
181.95,-0.9950580965,1.946926581,1.946926581,-0.9507968443
181.975,-0.9988553616,1.922572634,1.922572634,-0.9973733357
182,-0.9999929788,1.897064995,1.897064995,-1.043100135
182.025,-0.9984693262,1.870424315,1.870424315,-1.088024336
182.05,-0.9942898637,1.842670087,1.842670087,-1.13219136
182.075,-0.9874671098,1.813820694,1.813820694,-1.175644743
182.1,-0.9780205995,1.783893451,1.783893451,-1.218425972
182.125,-0.9659768237,1.752904668,1.752904668,-1.260574326
182.15,-0.9513691504,1.7208697,1.7208697,-1.302126745
182.175,-0.9342377275,1.687803009,1.687803009,-1.343117705
182.2,-0.9146293676,1.653718227,1.653718227,-1.383579103
182.225,-0.892597416,1.618628223,1.618628223,-1.423540142
182.25,-0.8682016005,1.582545169,1.582545169,-1.463027219
182.275,-0.8415078657,1.545480615,1.545480615,-1.5020638
182.3,-0.81258819,1.507445562,1.507445562,-1.540670302
182.325,-0.7815203874,1.468450539,1.468450539,-1.578863947
182.35,-0.7483878943,1.428505689,1.428505689,-1.616658609
182.375,-0.7132795417,1.387620846,1.387620846,-1.654064658
182.4,-0.6762893127,1.345805638,1.345805638,-1.691088756
182.425,-0.6375160879,1.303069567,1.303069567,-1.727733674
182.45,-0.5970633776,1.259422124,1.259422124,-1.763998047
182.475,-0.5550390422,1.214872883,1.214872883,-1.799876141
182.5,-0.5115550016,1.16943162,1.16943162,-1.835357582
182.525,-0.4667269346,1.123108436,1.123108436,-1.870427057
182.55,-0.4206739681,1.07591387,1.07591387,-1.905064031
182.575,-0.3735183587,1.027859054,1.027859054,-1.939242378
182.6,-0.3253851657,0.9789558377,0.9789558377,-1.972930086
182.625,-0.2764019179,0.9292169558,0.9292169558,-2.006088857
182.65,-0.2266982734,0.8786561752,0.8786561752,-2.038673778
182.675,-0.1764056757,0.8272884795,0.8272884795,-2.070632929
182.7,-0.1256570044,0.7751302353,0.7751302353,-2.101907044
182.725,-0.07458622354,0.7221993918,0.7221993918,-2.132429145
182.75,-0.023328027,0.6685156676,0.6685156676,-2.162124235
182.775,0.02798251697,0.6141007638,0.6141007638,-2.190908994
182.8,0.07921032194,0.558978567,0.558978567,-2.218691557
182.825,0.1302206388,0.5031753736,0.5031753736,-2.245371321
182.85,0.18087941,0.4467201003,0.4467201003,-2.270838863
182.875,0.2310536211,0.3896445152,0.3896445152,-2.294975935
182.9,0.2806116494,0.3319834466,0.3319834466,-2.317655584
182.925,0.3294236078,0.2737750071,0.2737750071,-2.338742418
182.95,0.3773616846,0.2150607927,0.2150607927,-2.358093005
182.975,0.4243004758,0.1558860807,0.1558860807,-2.375556488
183,0.4701173118,0.09630000524,0.09630000524,-2.390975355
183.025,0.5146925759,0.03635570984,0.03635570984,-2.404186457
183.05,0.5579100145,-0.02388952417,-0.02388952417,-2.415022238
183.075,0.5996570372,-0.08437418721,-0.08437418721,-2.423312203
183.1,0.6398250085,-0.145032488,-0.145032488,-2.428884636
183.125,0.6783095263,-0.2057943472,-0.2057943472,-2.431568557
183.15,0.7150106914,-0.266585443,-0.266585443,-2.431195913
183.175,0.7498333627,-0.3273273133,-0.3273273133,-2.427603973
183.2,0.7826874006,-0.3879375211,-0.3879375211,-2.420637918
183.225,0.8134878969,-0.4483298863,-0.4483298863,-2.41015358
183.25,0.8421553903,-0.5084147873,-0.5084147873,-2.396020267
183.275,0.8686160671,-0.5680995335,-0.5680995335,-2.37812364
183.3,0.8928019479,-0.6272888096,-0.6272888096,-2.356368549
183.325,0.9146510571,-0.6858851901,-0.6858851901,-2.330681778
183.35,0.9341075782,-0.7437897207,-0.7437897207,-2.301014601
183.375,0.9511219911,-0.800902559,-0.800902559,-2.267345067
183.4,0.9656511942,-0.8571236694,-0.8571236694,-2.229679946
183.425,0.9776586087,-0.9123535597,-0.9123535597,-2.18805624
183.45,0.9871142655,-0.966494053,-0.966494053,-2.142542214
183.475,0.9939948758,-1.019449075,-1.019449075,-2.093237864
183.5,0.9982838829,-1.071125449,-1.071125449,-2.040274808
183.525,0.9999714973,-1.121433673,-1.121433673,-1.983815555
183.55,0.9990547137,-1.170288684,-1.170288684,-1.92405217
183.575,0.9955373104,-1.21761057,-1.21761057,-1.861204331
183.6,0.9894298308,-1.263325231,-1.263325231,-1.795516852
183.625,0.9807495478,-1.307364969,-1.307364969,-1.727256706
183.65,0.9695204103,-1.349669004,-1.349669004,-1.656709617
183.675,0.9557729729,-1.390183895,-1.390183895,-1.58417634
183.7,0.9395443076,-1.428863867,-1.428863867,-1.509968759
183.725,0.9208779001,-1.465671037,-1.465671037,-1.434405763
183.75,0.8998235284,-1.500575542,-1.500575542,-1.357809245
183.775,0.8764371255,-1.533555562,-1.533555562,-1.280500094
183.8,0.8507806272,-1.564597244,-1.564597244,-1.202794409
183.825,0.8229218033,-1.593694547,-1.593694547,-1.125000022
183.85,0.7929340746,-1.62084898,-1.62084898,-1.047413272
183.875,0.7608963158,-1.646069296,-1.646069296,-0.970316282
183.9,0.726892644,-1.669371092,-1.669371092,-0.8939745551
183.925,0.6910121942,-1.690776382,-1.690776382,-0.8186351179
183.95,0.6533488819,-1.710313099,-1.710313099,-0.7445250281
183.975,0.6140011547,-1.728014601,-1.728014601,-0.6718503958
184,0.5730717311,-1.743919126,-1.743919126,-0.6007957737
184.025,0.5306673295,-1.758069252,-1.758069252,-0.5315239643
184.05,0.4868983875,-1.770511363,-1.770511363,-0.4641761571
184.075,0.4418787715,-1.7812951,-1.7812951,-0.3988723907
184.1,0.3957254779,-1.790472851,-1.790472851,-0.3357122441
184.125,0.3485583274,-1.798099248,-1.798099248,-0.2747757701
184.15,0.3004996514,-1.804230688,-1.804230688,-0.2161245719
184.175,0.2516739736,-1.808924894,-1.808924894,-0.1598029987
184.2,0.2022076854,-1.812240493,-1.812240493,-0.1058394453
184.225,0.1522287175,-1.814236635,-1.814236635,-0.05424766828
184.25,0.1018662086,-1.814972648,-1.814972648,-0.005028128951
184.275,0.05125017008,-1.814507717,-1.814507717,0.04183067632
184.3,0.0005111504491,-1.812900605,-1.812900605,0.08635092712
184.325,-0.05022010187,-1.810209398,-1.810209398,0.1285642409
184.35,-0.1008129755,-1.806491287,-1.806491287,0.1685105015
184.375,-0.1511373323,-1.801802374,-1.801802374,0.2062367632
184.4,-0.2010638414,-1.796197507,-1.796197507,0.2417962376
184.425,-0.2504643113,-1.789730133,-1.789730133,0.2752473692
184.45,-0.2992120179,-1.782452185,-1.782452185,0.3066529901
184.475,-0.3471820284,-1.774413976,-1.774413976,0.3360795639
184.5,-0.3942515202,-1.765664121,-1.765664121,0.3635965193
184.525,-0.4403000939,-1.756249466,-1.756249466,0.3892756443
184.55,-0.4852100791,-1.746215041,-1.746215041,0.4131905746
184.575,-0.5288668334,-1.735604014,-1.735604014,0.4354163364
184.6,-0.5711590327,-1.724457667,-1.724457667,0.4560289568
184.625,-0.6119789525,-1.71281537,-1.71281537,0.4751051334
184.65,-0.6512227399,-1.700714572,-1.700714572,0.4927219491
184.675,-0.6887906744,-1.688190791,-1.688190791,0.5089566358
184.7,-0.7245874189,-1.675277614,-1.675277614,0.5238863843
184.725,-0.7585222581,-1.662006704,-1.662006704,0.5375881634
184.75,-0.7905093248,-1.648407801,-1.648407801,0.5501386111
184.775,-0.8204678141,-1.634508733,-1.634508733,0.5616139054
184.8,-0.8483221834,-1.620335435,-1.620335435,0.5720896854
184.825,-0.874002339,-1.605911953,-1.605911953,0.581640984
184.85,-0.8974438088,-1.591260469,-1.591260469,0.5903421599
184.875,-0.9185878997,-1.576401315,-1.576401315,0.5982668612
184.9,-0.9373818405,-1.561352989,-1.561352989,0.605487982
184.925,-0.9537789092,-1.546132178,-1.546132178,0.6120776272
184.95,-0.9677385447,-1.530753776,-1.530753776,0.6181070884
184.975,-0.9792264425,-1.515230905,-1.515230905,0.6236468108
185,-0.9882146343,-1.499574937,-1.499574937,0.6287663688
185.025,-0.9946815515,-1.483795515,-1.483795515,0.6335344399
185.05,-0.9986120722,-1.467900579,-1.467900579,0.6380187701
185.075,-0.9999975514,-1.451896384,-1.451896384,0.642286149
185.1,-0.9988358349,-1.43578753,-1.43578753,0.6464023741
185.125,-0.9951312569,-1.419576985,-1.419576985,0.650432208
185.15,-0.9888946204,-1.403266109,-1.403266109,0.6544393479
185.175,-0.9801431617,-1.386854684,-1.386854684,0.6584863812
185.2,-0.9689004985,-1.370340945,-1.370340945,0.6626347246
185.225,-0.9551965619,-1.353721603,-1.353721603,0.6669445969
185.25,-0.9390675119,-1.336991877,-1.336991877,0.6714749567
185.275,-0.9205556381,-1.320145536,-1.320145536,0.6762834399
185.3,-0.8997092445,-1.303174919,-1.303174919,0.681426319
185.325,-0.8765825188,-1.286070976,-1.286070976,0.68695844
185.35,-0.8512353879,-1.268823308,-1.268823308,0.6929331525
185.375,-0.8237333585,-1.251420198,-1.251420198,0.699402267
185.4,-0.7941473435,-1.233848655,-1.233848655,0.7064159866
185.425,-0.7625534758,-1.216094456,-1.216094456,0.71402284
185.45,-0.7290329084,-1.19814218,-1.19814218,0.7222696357
185.475,-0.6936716028,-1.179975265,-1.179975265,0.7312013927
185.5,-0.6565601046,-1.161576043,-1.161576043,0.7408612814
185.525,-0.6177933088,-1.142925789,-1.142925789,0.7512905751
185.55,-0.5774702142,-1.124004774,-1.124004774,0.7625285812
185.575,-0.5356936672,-1.10479231,-1.10479231,0.7746125942
185.6,-0.4925700975,-1.0852668,-1.0852668,0.7875778395
185.625,-0.4482092437,-1.065405798,-1.065405798,0.8014574125
185.65,-0.4027238722,-1.045186052,-1.045186052,0.8162822346
185.675,-0.3562294885,-1.024583569,-1.024583569,0.8320809893
185.7,-0.3088440416,-1.003573666,-1.003573666,0.8488800707
185.725,-0.2606876234,-0.9821310277,-0.9821310277,0.8667035278
185.75,-0.2118821627,-0.9602297719,-0.9602297719,0.8855729954
185.775,-0.1625511154,-0.937843501,-0.937843501,0.905507641
185.8,-0.112819151,-0.9149453739,-0.9149453739,0.9265240841
185.825,-0.0628118368,-0.8915081648,-0.8915081648,0.9486363248
185.85,-0.01265532049,-0.8675043308,-0.8675043308,0.971855659
185.875,0.03752398873,-0.8429060846,-0.8429060846,0.9961905742
185.9,0.08759973868,-0.8176854581,-0.8176854581,1.021646655
185.925,0.1374459522,-0.7918143865,-0.7918143865,1.048226444
185.95,0.186937344,-0.7652647762,-0.7652647762,1.075929316
185.975,0.2359496345,-0.7380085936,-0.7380085936,1.10475131
186,0.2843598614,-0.7100179462,-0.7100179462,1.134684953
186.025,0.3320466874,-0.6812651742,-0.6812651742,1.165719056
186.05,0.3788907025,-0.6517229481,-0.6517229481,1.197838474
186.075,0.4247747218,-0.621364366,-0.621364366,1.231023863
186.1,0.4695840771,-0.5901630693,-0.5901630693,1.265251362
186.125,0.5132069015,-0.5580933511,-0.5580933511,1.300492297
186.15,0.5555344063,-0.52513029,-0.52513029,1.336712786
186.175,0.5964611503,-0.4912498761,-0.4912498761,1.373873371
186.2,0.6358852999,-0.4564291646,-0.4564291646,1.411928549
186.225,0.6737088795,-0.4206464252,-0.4206464252,1.450826322
186.25,0.7098380128,-0.3838813165,-0.3838813165,1.490507657
186.275,0.7441831518,-0.3461150655,-0.3461150655,1.530905948
186.3,0.7766592962,-0.3073306649,-0.3073306649,1.571946423
186.325,0.8071862004,-0.2675130867,-0.2675130867,1.61354552
186.35,0.8356885676,-0.226649506,-0.226649506,1.655610254
186.375,0.8620962327,-0.1847295494,-0.1847295494,1.69803755
186.4,0.8863443306,-0.1417455527,-0.1417455527,1.740713583
186.425,0.9083734516,-0.09769283776,-0.09769283776,1.783513125
186.45,0.9281297835,-0.05257000742,-0.05257000742,1.826298904
186.475,0.945565238,-0.006379252717,-0.006379252717,1.868921024
186.5,0.9606375643,0.04087332497,0.04087332497,1.911216442
186.525,0.9733104466,0.08917737887,0.08917737887,1.953008535
186.55,0.9835535872,0.1385179737,0.1385179737,1.9941068
186.575,0.9913427746,0.1888752363,0.1888752363,2.034306705
186.6,0.9966599361,0.2402240054,0.2402240054,2.073389728
186.625,0.9994931747,0.2925334841,0.2925334841,2.111123639
186.65,0.9998367913,0.3457669031,0.3457669031,2.147263047
186.675,0.9976912908,0.3998812046,0.3998812046,2.181550241
186.7,0.9930633727,0.4548267432,0.4548267432,2.213716439
186.725,0.9859659071,0.5105470339,0.5105470339,2.243483324
186.75,0.9764178943,0.5669785351,0.5669785351,2.270565111
186.775,0.9644444098,0.6240504907,0.6240504907,2.294670951
186.8,0.9500765345,0.6816848407,0.6816848407,2.315507825
186.825,0.9333512697,0.7397962073,0.7397962073,2.332783904
186.85,0.9143114373,0.7982919693,0.7982919693,2.346212262
186.875,0.8930055668,0.8570724365,0.8570724365,2.355515028
186.9,0.8694877665,0.9160311324,0.9160311324,2.360427848
186.925,0.843817583,0.9750551886,0.9750551886,2.360704562
186.95,0.8160598463,1.034025859,1.034025859,2.356122029
186.975,0.7862845022,1.09281916,1.09281916,2.346484969
187,0.7545664324,1.15130662,1.15130662,2.331630667
187.025,0.7209852627,1.209356157,1.209356157,2.311433385
187.05,0.6856251598,1.266833046,1.266833046,2.285808329
187.075,0.6485746172,1.323600992,1.323600992,2.254715018
187.1,0.6099262302,1.379523268,1.379523268,2.218159892
187.125,0.5697764621,1.434463916,1.434463916,2.176198023
187.15,0.5282254004,1.488288969,1.488288969,2.128933841
187.175,0.4853765048,1.540867688,1.540867688,2.076520784
187.2,0.4413363472,1.592073764,1.592073764,2.019159849
187.225,0.3962143444,1.641786486,1.641786486,1.95709705
187.25,0.3501224843,1.689891819,1.689891819,1.890619838
187.275,0.3031750462,1.736283386,1.736283386,1.820052589
187.3,0.2554883155,1.780863325,1.780863325,1.745751304
187.325,0.207180295,1.823543009,1.823543009,1.668097636
187.35,0.158370411,1.864243607,1.864243607,1.587492511
187.375,0.1091792173,1.902896485,1.902896485,1.504349573
187.4,0.05972809699,1.939443434,1.939443434,1.419088423
187.425,0.01013896205,1.973836749,1.973836749,1.332128254
187.45,-0.0394660474,2.006039131,2.006039131,1.243881694
187.475,-0.08896486402,2.036023455,2.036023455,1.15474916
187.5,-0.1382357935,2.063772406,2.063772406,1.065113964
187.525,-0.1871578134,2.089277987,2.089277987,0.9753379783
187.55,-0.2356108699,2.112540947,2.112540947,0.8857582158
187.575,-0.2834761716,2.13357012,2.13357012,0.7966841511
187.6,-0.3306364798,2.152381712,2.152381712,0.7083958389
187.625,-0.3769763941,2.168998548,2.168998548,0.6211428089
187.65,-0.422382634,2.183449309,2.183449309,0.5351436499
187.675,-0.4667443138,2.195767753,2.195767753,0.4505862226
187.7,-0.5099532115,2.205991959,2.205991959,0.3676284224
187.725,-0.5519040309,2.214163588,2.214163588,0.2863993917
187.75,-0.5924946561,2.220327191,2.220327191,0.207001088
187.775,-0.6316263973,2.224529545,2.224529545,0.1295101425
187.8,-0.6692042287,2.226819044,2.226819044,0.05397990584
187.825,-0.705137016,2.227245152,2.227245152,-0.01955741163
187.85,-0.7393377347,2.225857896,2.225857896,-0.09108851211
187.875,-0.7717236778,2.222707421,2.222707421,-0.1606168136
187.9,-0.8022166523,2.217843599,2.217843599,-0.228160297
187.925,-0.8307431651,2.211315695,2.211315695,-0.2937494399
187.95,-0.857234596,2.203172074,2.203172074,-0.3574252677
187.975,-0.8816273597,2.193459963,2.193459963,-0.4192375381
188,-0.903863054,2.182225255,2.182225255,-0.4792430749
188.025,-0.9238885963,2.169512347,2.169512347,-0.5375042542
188.05,-0.9416563458,2.155364024,2.155364024,-0.5940876436
188.075,-0.9571242133,2.139821367,2.139821367,-0.6490627968
188.1,-0.9702557561,2.122923691,2.122923691,-0.7025011939
188.125,-0.9810202601,2.10470851,2.10470851,-0.7544753204
188.15,-0.9893928068,2.085211521,2.085211521,-0.8050578712
188.175,-0.995354327,2.064466611,2.064466611,-0.8543210772
188.2,-0.9988916395,2.042505868,2.042505868,-0.9023361392
188.225,-0.9999974754,2.019359624,2.019359624,-0.9491727516
188.25,-0.9986704884,1.995056486,1.995056486,-0.994898715
188.275,-0.9949152506,1.969623396,1.969623396,-1.039579624
188.3,-0.9887422334,1.943085686,1.943085686,-1.08327861
188.325,-0.9801677744,1.915467143,1.915467143,-1.126056146
188.35,-0.9692140307,1.886790077,1.886790077,-1.167969893
188.375,-0.9559089169,1.85707539,1.85707539,-1.209074579
188.4,-0.9402860303,1.826342658,1.826342658,-1.249421914
188.425,-0.9223845618,1.7946102,1.7946102,-1.289060515
188.45,-0.9022491938,1.761895158,1.761895158,-1.328035864
188.475,-0.8799299846,1.72821358,1.72821358,-1.366390256
188.5,-0.8554822399,1.693580494,1.693580494,-1.404162772
188.525,-0.8289663725,1.658009991,1.658009991,-1.441389232
188.55,-0.8004477488,1.621515311,1.621515311,-1.478102167
188.575,-0.7699965244,1.584108918,1.584108918,-1.514330763
188.6,-0.7376874678,1.545802593,1.545802593,-1.550100814
188.625,-0.7035997739,1.506607511,1.506607511,-1.585434647
188.65,-0.6678168662,1.466534338,1.466534338,-1.62035104
188.675,-0.6304261901,1.42559331,1.42559331,-1.65486513
188.7,-0.5915189957,1.383794338,1.383794338,-1.68898828
188.725,-0.5511901131,1.341147091,1.341147091,-1.722727959
188.75,-0.509537718,1.297661106,1.297661106,-1.756087568
188.775,-0.4666630908,1.253345886,1.253345886,-1.789066273
188.8,-0.4226703676,1.208211009,1.208211009,-1.821658801
188.825,-0.3776662858,1.162266246,1.162266246,-1.853855207
188.85,-0.3317599231,1.115521671,1.115521671,-1.885640661
188.875,-0.285062431,1.067987803,1.067987803,-1.916995151
188.9,-0.2376867649,1.019675716,1.019675716,-1.947893246
188.925,-0.1897474092,0.9705972016,0.9705972016,-1.978303773
188.95,-0.1413600995,0.9207648984,0.9207648984,-2.008189545
188.975,-0.09264154279,0.870192458,0.870192458,-2.037507039
189,-0.04370913481,0.8188946983,0.8188946983,-2.066206104
189.025,0.005319322996,0.76688778,0.76688778,-2.094229662
189.05,0.05432590738,0.7141893781,0.7141893781,-2.12151343
189.075,0.103192857,0.6608188691,0.6608188691,-2.147985667
189.1,0.151802855,0.6067975171,0.6067975171,-2.173566959
189.125,0.2000393105,0.5521486707,0.5521486707,-2.198170046
189.15,0.2477866376,0.4968979576,0.4968979576,-2.22169972
189.175,0.2949305315,0.4410734876,0.4410734876,-2.244052793
189.2,0.3413582409,0.3847060466,0.3847060466,-2.26511816
189.225,0.3869588367,0.3278292989,0.3278292989,-2.284776972
189.25,0.4316234758,0.2704799699,0.2704799699,-2.302902927
189.275,0.4752456587,0.2126980353,0.2126980353,-2.319362728
189.3,0.5177214823,0.1545268811,0.1545268811,-2.334016654
189.325,0.5589498847,0.09601346114,0.09601346114,-2.346719376
189.35,0.5988328841,0.03720842168,0.03720842168,-2.357320883
189.375,0.637275809,-0.02183379424,-0.02183379424,-2.365667676
189.4,0.6741875204,-0.08105487607,-0.08105487607,-2.37160412
189.425,0.709480625,-0.1403926122,-0.1403926122,-2.374974034
189.45,0.7430716799,-0.1997808979,-0.1997808979,-2.375622469
189.475,0.7748813861,-0.2591497906,-0.2591497906,-2.373397684
189.5,0.8048347731,-0.3184256167,-0.3184256167,-2.368153309
189.525,0.8328613718,-0.3775311342,-0.3775311342,-2.359750641
189.55,0.8588953773,-0.4363857545,-0.4363857545,-2.348061061
189.575,0.8828758,-0.4949058252,-0.4949058252,-2.332968531
189.6,0.904746604,-0.5530049768,-0.5530049768,-2.314372103
189.625,0.9244568351,-0.6105945306,-0.6105945306,-2.292188398
189.65,0.9419607352,-0.667583968,-0.667583968,-2.266353973
189.675,0.9572178448,-0.723881456,-0.723881456,-2.236827528
189.7,0.9701930923,-0.779394427,-0.779394427,-2.203591876
189.725,0.9808568704,-0.8340302034,-0.8340302034,-2.166655599
189.75,0.9891850996,-0.8876966578,-0.8876966578,-2.126054337
189.775,0.9951592785,-0.9403029009,-0.9403029009,-2.08185165
189.8,0.9987665199,-0.9917599861,-0.9917599861,-2.034139413
189.825,0.9999995747,-1.041981618,-1.041981618,-1.983037692
189.85,0.9988568417,-1.090884848,-1.090884848,-1.928694107
189.875,0.9953423635,-1.138390751,-1.138390751,-1.871282671
189.9,0.9894658104,-1.184425066,-1.184425066,-1.811002108
189.925,0.9812424493,-1.228918785,-1.228918785,-1.748073701
189.95,0.9706931007,-1.271808692,-1.271808692,-1.682738725
189.975,0.9578440818,-1.313037816,-1.313037816,-1.615255514
190,0.9427271369,-1.35255583,-1.35255583,-1.545896212
190.025,0.9253793553,-1.390319345,-1.390319345,-1.47494338
190.05,0.9058430763,-1.426292131,-1.426292131,-1.402686459
190.075,0.8841657818,-1.46044524,-1.46044524,-1.329418163
190.1,0.8603999776,-1.49275705,-1.49275705,-1.255431093
190.125,0.8346030626,-1.523213214,-1.523213214,-1.181014233
190.15,0.8068371859,-1.551806537,-1.551806537,-1.106450006
190.175,0.7771690944,-1.578536763,-1.578536763,-1.032011233
190.2,0.7456699686,-1.603410322,-1.603410322,-0.9579587799
190.225,0.7124152487,-1.626439981,-1.626439981,-0.8845392521
190.25,0.6774844507,-1.647644485,-1.647644485,-0.8119833083
190.275,0.6409609734,-1.667048126,-1.667048126,-0.7405042008
190.3,0.6029318965,-1.684680298,-1.684680298,-0.6702967909
190.325,0.56348777,-1.700575034,-1.700575034,-0.601536888
190.35,0.5227223966,-1.714770514,-1.714770514,-0.5343809486
190.375,0.4807326055,-1.727308595,-1.727308595,-0.4689660798
190.4,0.4376180211,-1.738234316,-1.738234316,-0.4054103298
190.425,0.3934808239,-1.747595438,-1.747595438,-0.3438132059
190.45,0.3484255068,-1.755441984,-1.755441984,-0.2842563965
190.475,0.302558626,-1.761825805,-1.761825805,-0.2268046625
190.5,0.2559885474,-1.76680017,-1.76680017,-0.171506826
190.525,0.2088251897,-1.770419382,-1.770419382,-0.1183968758
190.55,0.1611797631,-1.772738419,-1.772738419,-0.06749510635
190.575,0.113164507,-1.773812607,-1.773812607,-0.01880928524
190.6,0.06489242434,-1.773697322,-1.773697322,0.02766416826
190.625,0.01647701529,-1.772447723,-1.772447723,0.07193903535
190.65,-0.03196798985,-1.770118504,-1.770118504,0.1140381818
190.675,-0.08032889801,-1.766763689,-1.766763689,0.1539924928
190.7,-0.12849232,-1.762436439,-1.762436439,0.1918398686
190.725,-0.1763454363,-1.757188888,-1.757188888,0.2276242875
190.75,-0.2237762604,-1.751072007,-1.751072007,0.2613949429
190.775,-0.2706739005,-1.744135477,-1.744135477,0.2932054469
190.8,-0.316928818,-1.736427592,-1.736427592,0.3231131172
190.825,-0.362433082,-1.727995176,-1.727995176,0.3511783357
190.85,-0.40708062,-1.718883506,-1.718883506,0.377463965
190.875,-0.4507674636,-1.709136267,-1.709136267,0.402034856
190.9,-0.493391989,-1.6987955,-1.6987955,0.4249573899
190.925,-0.5348551517,-1.687901571,-1.687901571,0.4462991058
190.95,-0.5750607147,-1.676493149,-1.676493149,0.4661283577
190.975,-0.6139154691,-1.664607183,-1.664607183,0.4845140439
191,-0.6513294488,-1.6522789,-1.6522789,0.5015253515
191.025,-0.6872161353,-1.639541791,-1.639541791,0.5172315784
191.05,-0.721492656,-1.62642762,-1.62642762,0.5317019396
191.075,-0.7540799721,-1.612966418,-1.612966418,0.5450054539
191.1,-0.7849030584,-1.599186498,-1.599186498,0.5572108243
191.125,-0.8138910724,-1.585114459,-1.585114459,0.5683863419
191.15,-0.8409775144,-1.570775198,-1.570775198,0.5785998286
191.175,-0.8661003766,-1.556191923,-1.556191923,0.5879185695
191.2,-0.8892022814,-1.541386169,-1.541386169,0.5964092745
191.225,-0.9102306088,-1.526377809,-1.526377809,0.6041380441
191.25,-0.9291376131,-1.511185071,-1.511185071,0.6111703381
191.275,-0.9458805269,-1.495824556,-1.495824556,0.6175709585
191.3,-0.9604216546,-1.480311252,-1.480311252,0.6234040277
191.325,-0.9727284527,-1.464658555,-1.464658555,0.6287329719
191.35,-0.9827735992,-1.448878282,-1.448878282,0.6336205073
191.375,-0.9905350497,-1.432980692,-1.432980692,0.6381286206
191.4,-0.9959960821,-1.416974502,-1.416974502,0.6423185534
191.425,-0.9991453278,-1.400866911,-1.400866911,0.6462507832
191.45,-0.9999767918,-1.384663613,-1.384663613,0.6499849972
191.475,-0.9984898585,-1.368368821,-1.368368821,0.6535800731
191.5,-0.994689287,-1.351985284,-1.351985284,0.657094049
191.525,-0.9885851924,-1.335514317,-1.335514317,0.6605840869
191.55,-0.9801930153,-1.318955811,-1.318955811,0.664106448
191.575,-0.9695334794,-1.302308263,-1.302308263,0.6677164529
191.6,-0.956632536,-1.285568805,-1.285568805,0.6714684276
191.625,-0.9415212976,-1.268733216,-1.268733216,0.6754156809
191.65,-0.9242359585,-1.251795958,-1.251795958,0.6796104488
191.675,-0.9048177051,-1.234750204,-1.234750204,0.6841038385
191.7,-0.8833126135,-1.217587862,-1.217587862,0.6889457906
191.725,-0.8597715367,-1.200299603,-1.200299603,0.6941850254
191.75,-0.8342499812,-1.182874903,-1.182874903,0.6998689776
191.775,-0.8068079721,-1.165302064,-1.165302064,0.7060437556
191.8,-0.7775099092,-1.147568252,-1.147568252,0.7127540833
191.825,-0.746424412,-1.129659536,-1.129659536,0.7200432343
191.85,-0.7136241566,-1.111560919,-1.111560919,0.7279529887
191.875,-0.6791857021,-1.093256379,-1.093256379,0.7365235719
191.9,-0.6431893093,-1.074728911,-1.074728911,0.7457935911
191.925,-0.6057187512,-1.055960563,-1.055960563,0.7557999917
191.95,-0.5668611149,-1.03693248,-1.03693248,0.7665779916
191.975,-0.5267065972,-1.017624954,-1.017624954,0.7781610251
192,-0.4853482927,-0.9980174567,-0.9980174567,0.7905806932
192.025,-0.442881976,-0.9780886991,-0.9780886991,0.8038666949
192.05,-0.3994058777,-0.9578166712,-0.9578166712,0.8180467776
192.075,-0.3550204557,-0.9371786942,-0.9371786942,0.8331466742
192.1,-0.3098281613,-0.9161514748,-0.9161514748,0.8491900351
192.125,-0.263933201,-0.8947111504,-0.8947111504,0.8661983729
192.15,-0.2174412956,-0.872833353,-0.872833353,0.884190981
192.175,-0.1704594347,-0.8504932572,-0.8504932572,0.9031848679
192.2,-0.1230956306,-0.8276656427,-0.8276656427,0.923194673
192.225,-0.07545866833,-0.8043249555,-0.8043249555,0.9442325741
192.25,-0.02765785584,-0.7804453654,-0.7804453654,0.9663082005
192.275,0.02019722737,-0.7560008389,-0.7560008389,0.9894285098
192.3,0.06799698153,-0.7309651987,-0.7309651987,1.013597684
192.325,0.1156320376,-0.7053122026,-0.7053122026,1.038816982
192.35,0.1629935073,-0.6790156129,-0.6790156129,1.065084598
192.375,0.2099732315,-0.6520492778,-0.6520492778,1.092395487
192.4,0.2564640267,-0.6243872143,-0.6243872143,1.120741181
192.425,0.3023599288,-0.596003695,-0.596003695,1.150109581
192.45,0.3475564335,-0.5668733447,-0.5668733447,1.180484713
192.475,0.3919507331,-0.5369712361,-0.5369712361,1.211846483
192.5,0.4354419491,-0.5062730016,-0.5062730016,1.244170373
192.525,0.47793136,-0.4747549421,-0.4747549421,1.277427142
192.55,0.5193226233,-0.442394155,-0.442394155,1.311582463
192.575,0.5595219925,-0.4091686609,-0.4091686609,1.346596556
192.6,0.5984385272,-0.3750575492,-0.3750575492,1.382423773
192.625,0.6359842966,-0.3400411274,-0.3400411274,1.41901216
192.65,0.6720745759,-0.3041010854,-0.3041010854,1.456302982
192.675,0.706628035,-0.2672206727,-0.2672206727,1.49423023
192.7,0.7395669189,-0.2293848831,-0.2293848831,1.5327201
192.725,0.7708172203,-0.1905806611,-0.1905806611,1.571690439
192.75,0.8003088426,-0.1507971135,-0.1507971135,1.611050209
192.775,0.8279757542,-0.11002574,-0.11002574,1.650698914
192.8,0.8537561333,-0.06826067777,-0.06826067777,1.690526051
192.825,0.8775925024,-0.02549895626,-0.02549895626,1.730410579
192.85,0.8994318536,0.0182592319,0.0182592319,1.77022042
192.875,0.9192257624,0.0630102492,0.0630102492,1.809812005
192.9,0.936930492,0.1087467215,0.1087467215,1.849029909
192.925,0.9525070859,0.1554572377,0.1554572377,1.887706567
192.95,0.9659214501,0.2031260442,0.2031260442,1.925662124
192.975,0.9771444236,0.2517327369,0.2517327369,1.962704428
193,0.9861518385,0.301251956,0.301251956,1.998629213
193.025,0.9929245673,0.3516530883,0.3516530883,2.033220489
193.05,0.9974485601,0.4028999785,0.4028999785,2.066251187
193.075,0.9997148692,0.4549506683,0.4549506683,2.097484052
193.1,0.9997196629,0.5077571502,0.5077571502,2.12667292
193.125,0.9974642269,0.5612651687,0.5612651687,2.153564199
193.15,0.9929549549,0.615414056,0.615414056,2.177898851
193.175,0.9862033273,0.6701366208,0.6701366208,2.199414614
193.2,0.9772258781,0.7253591048,0.7253591048,2.217848664
193.225,0.9660441513,0.7810012019,0.7810012019,2.232940621
193.25,0.9526846451,0.8369761605,0.8369761605,2.244435847
193.275,0.9371787459,0.8931909738,0.8931909738,2.252089105
193.3,0.9195626505,0.9495466613,0.9495466613,2.255668404
193.325,0.8998772784,1.005938649,1.005938649,2.254959024
193.35,0.8781681732,1.062257255,1.062257255,2.249767612
193.375,0.8544853934,1.118388272,1.118388272,2.239926262
193.4,0.8288833943,1.174213655,1.174213655,2.225296426
193.425,0.8014208988,1.2296123,1.2296123,2.205772555
193.45,0.7721607599,1.284460911,1.284460911,2.181285339
193.475,0.7411698136,1.338634941,1.338634941,2.151804428
193.5,0.7085187236,1.392009595,1.392009595,2.117340477
193.525,0.6742818167,1.444460869,1.444460869,2.077946463
193.55,0.6385369114,1.495866621,1.495866621,2.033718155
193.575,0.6013651382,1.546107631,1.546107631,1.98479371
193.6,0.5628507529,1.595068654,1.595068654,1.931352341
193.625,0.5230809434,1.642639414,1.642639414,1.873612111
193.65,0.4821456302,1.688715543,1.688715543,1.811826864
193.675,0.4401372609,1.733199423,1.733199423,1.746282398
193.7,0.3971505995,1.776000939,1.776000939,1.677291957
193.725,0.3532825113,1.817038097,1.817038097,1.605191233
193.75,0.3086317425,1.856237519,1.856237519,1.530333013
193.775,0.2632986969,1.893534802,1.893534802,1.453081521
193.8,0.2173852089,1.928874736,1.928874736,1.373806911
193.825,0.1709943136,1.962211377,1.962211377,1.29287966
193.85,0.1242300146,1.993507996,1.993507996,1.210665419
193.875,0.07719705044,2.022736894,2.022736894,1.127520185
193.9,0.03000065938,2.049879102,2.049879102,1.043785927
193.925,-0.01725365652,2.074923989,2.074923989,0.9597869202
193.95,-0.06446036727,2.097868777,2.097868777,0.8758265951
193.975,-0.1115141506,2.118717983,2.118717983,0.7921851109
194,-0.1583101267,2.137482822,2.137482822,0.7091175738
194.025,-0.2047440918,2.15418056,2.15418056,0.6268528787
194.05,-0.2507127493,2.168833849,2.168833849,0.5455931589
194.075,-0.296113939,2.181470061,2.181470061,0.4655137719
194.1,-0.3408468632,2.192120622,2.192120622,0.386763756
194.125,-0.3848123094,2.200820364,2.200820364,0.3094667006
194.15,-0.427912869,2.2076069,2.2076069,0.2337219422
194.175,-0.4700531517,2.21252004,2.21252004,0.1596060149
194.2,-0.5111399951,2.215601241,2.215601241,0.08717430102
194.225,-0.5510826687,2.216893095,2.216893095,0.01646281494
194.25,-0.5897930724,2.216438875,2.216438875,-0.05250997469
194.275,-0.6271859289,2.214282113,2.214282113,-0.1197412606
194.3,-0.6631789689,2.210466236,2.210466236,-0.1852420607
194.325,-0.6976931104,2.205034241,2.205034241,-0.2490354275
194.35,-0.7306526291,2.198028418,2.198028418,-0.3111547383
194.375,-0.7619853228,2.189490106,2.189490106,-0.3716420887
194.4,-0.791622666,2.179459504,2.179459504,-0.4305468
194.425,-0.8194999573,2.167975496,2.167975496,-0.4879240499
194.45,-0.8455564574,2.155075533,2.155075533,-0.5438336272
194.475,-0.8697355185,2.140795519,2.140795519,-0.5983388169
194.5,-0.8919847042,2.125169747,2.125169747,-0.6515054103
194.525,-0.9122558998,2.108230842,2.108230842,-0.7034008315
194.55,-0.9305054129,2.09000973,2.09000973,-0.7540933748
194.575,-0.9466940642,2.070535626,2.070535626,-0.803651551
194.6,-0.960787268,2.049836037,2.049836037,-0.8521435277
194.625,-0.9727551021,2.027936773,2.027936773,-0.8996366504
194.65,-0.9825723684,2.004861977,2.004861977,-0.9461970492
194.675,-0.9902186411,1.980634155,1.980634155,-0.9918893073
194.7,-0.9956783063,1.955274222,1.955274222,-1.036776187
194.725,-0.9989405894,1.92880155,1.92880155,-1.080918415
194.75,-0.9999995724,1.901234019,1.901234019,-1.124374495
194.775,-0.9988542004,1.872588075,1.872588075,-1.167200569
194.8,-0.9955082774,1.842878793,1.842878793,-1.209450297
194.825,-0.9899704514,1.812119936,1.812119936,-1.251174761
194.85,-0.9822541886,1.780324027,1.780324027,-1.292422381
194.875,-0.9723777372,1.747502409,1.747502409,-1.333238844
194.9,-0.9603640811,1.71366532,1.71366532,-1.373667032
194.925,-0.9462408825,1.678821959,1.678821959,-1.413746951
194.95,-0.9300404149,1.642980565,1.642980565,-1.453515655
194.975,-0.9117994861,1.606148485,1.606148485,-1.493007166
195,-0.8915593507,1.568332258,1.568332258,-1.532252358
195.025,-0.8693656138,1.529537689,1.529537689,-1.571278864
195.05,-0.8452681249,1.489769934,1.489769934,-1.610110916
195.075,-0.8193208628,1.449033591,1.449033591,-1.6487692
195.1,-0.7915818112,1.40733278,1.40733278,-1.687270671
195.125,-0.7621128265,1.364671255,1.364671255,-1.725628315
195.15,-0.7309794968,1.321052488,1.321052488,-1.763850941
195.175,-0.6982509929,1.276479795,1.276479795,-1.801942862
195.2,-0.6639999122,1.230956437,1.230956437,-1.839903608
195.225,-0.628302115,1.184485752,1.184485752,-1.87772757
195.25,-0.5912365537,1.13707129,1.13707129,-1.915403595
195.275,-0.5528850962,1.088716946,1.088716946,-1.952914601
195.3,-0.5133323429,1.039427129,1.039427129,-1.990237063
195.325,-0.4726654375,0.9892069148,0.9892069148,-2.027340584
195.35,-0.4309738739,0.9380622379,0.9380622379,-2.0641873
195.375,-0.3883492967,0.8860000695,0.8860000695,-2.100731393
195.4,-0.3448852985,0.8330286407,0.8330286407,-2.136918461
195.425,-0.3006772129,0.7791576485,0.7791576485,-2.17268497
195.45,-0.2558219041,0.7243985047,0.7243985047,-2.207957632
195.475,-0.2104175536,0.668764576,0.668764576,-2.242652837
195.5,-0.1645634442,0.6122714596,0.6122714596,-2.276676069
195.525,-0.1183597419,0.5549372518,0.5549372518,-2.309921398
195.55,-0.07190727702,0.4967828508,0.4967828508,-2.342270993
195.575,-0.02530732312,0.4378322475,0.4378322475,-2.373594743
195.6,0.02133862372,0.3781128477,0.3781128477,-2.40374997
195.625,0.06792906627,0.3176557785,0.3176557785,-2.432581283
195.65,0.1143627269,0.2564962129,0.2564962129,-2.4599206
195.675,0.1605387673,0.1946736832,0.1946736832,-2.485587364
195.7,0.2063570077,0.1322323846,0.1322323846,-2.509388991
195.725,0.2517181428,0.06922147229,0.06922147229,-2.531121607
195.75,0.2965239568,0.005695328358,0.005695328358,-2.550571054
195.775,0.3406775353,-0.05828619697,-0.05828619697,-2.567514255
195.8,0.3840834732,-0.1226575817,-0.1226575817,-2.581720938
195.825,0.4266480804,-0.1873474786,-0.1873474786,-2.592955711
195.85,0.4682795819,-0.2522786177,-0.2522786177,-2.600980567
195.875,0.5088883148,-0.3173677754,-0.3173677754,-2.605557752
195.9,0.5483869192,-0.3825258208,-0.3825258208,-2.606453011
195.925,0.5866905245,-0.4476578472,-0.4476578472,-2.603439183
195.95,0.62371693,-0.5126633984,-0.5126633984,-2.596300099
195.975,0.6593867784,-0.577436794,-0.577436794,-2.584834703
196,0.6936237246,-0.6418675605,-0.6418675605,-2.568861323
196.025,0.726354596,-0.7058409697,-0.7058409697,-2.548221981
196.05,0.7575095464,-0.7692386842,-0.7692386842,-2.522786642
196.075,0.7870222029,-0.8319395078,-0.8319395078,-2.492457252
196.1,0.8148298039,-0.8938202321,-0.8938202321,-2.457171437
196.125,0.8408733301,-0.9547565689,-0.9547565689,-2.416905714
196.15,0.8650976264,-1.014624157,-1.014624157,-2.371678093
196.175,0.8874515161,-1.073299624,-1.073299624,-2.321549942
196.2,0.9078879053,-1.130661685,-1.130661685,-2.266627006
196.225,0.9263638794,-1.186592257,-1.186592257,-2.207059505
196.25,0.9428407893,-1.240977559,-1.240977559,-2.14304127
196.275,0.9572843292,-1.293709184,-1.293709184,-2.074807905
196.3,0.9696646045,-1.344685107,-1.344685107,-2.002634008
196.325,0.9799561897,-1.39381062,-1.39381062,-1.926829499
196.35,0.9881381777,-1.440999159,-1.440999159,-1.847735174
196.375,0.9941942177,-1.486173013,-1.486173013,-1.765717636
196.4,0.9981125451,-1.529263901,-1.529263901,-1.681163726
196.425,0.9998859994,-1.570213404,-1.570213404,-1.594474596
196.45,0.9995120344,-1.608973249,-1.608973249,-1.506059745
196.475,0.9969927162,-1.645505443,-1.645505443,-1.41633102
196.5,0.9923347135,-1.679782256,-1.679782256,-1.325696822
196.525,0.9855492762,-1.711786073,-1.711786073,-1.234556801
196.55,0.9766522052,-1.741509101,-1.741509101,-1.143296839
196.575,0.9656638126,-1.768952988,-1.768952988,-1.052284867
196.6,0.9526088714,-1.794128304,-1.794128304,-0.9618671028
196.625,0.9375165568,-1.817053982,-1.817053982,-0.8723652088
196.65,0.9204203774,-1.837756662,-1.837756662,-0.784074009
196.675,0.9013580975,-1.85627,-1.85627,-0.6972599998
196.7,0.8803716505,-1.872633957,-1.872633957,-0.612160489
196.725,0.8575070436,-1.886894053,-1.886894053,-0.5289833604
196.75,0.8328142537,-1.899100642,-1.899100642,-0.4479073821
196.775,0.8063471148,-1.909308193,-1.909308193,-0.3690829855
196.8,0.7781631985,-1.917574589,-1.917574589,-0.2926334538
196.825,0.748323685,-1.923960476,-1.923960476,-0.218656385
196.85,0.716893228,-1.928528633,-1.928528633,-0.1472254451
196.875,0.6839398119,-1.931343402,-1.931343402,-0.07839223863
196.9,0.6495346022,-1.93247016,-1.93247016,-0.0121883018
196.925,0.6137517891,-1.931974844,-1.931974844,0.05137286671
196.95,0.5766684257,-1.929923523,-1.929923523,0.1122937838
196.975,0.5383642592,-1.926382023,-1.926382023,0.1705910073
197,0.4989215581,-1.9214156,-1.9214156,0.2262932411
197.025,0.458424933,-1.915088662,-1.915088662,0.2794395448
197.05,0.4169611535,-1.907464527,-1.907464527,0.3300776653
197.075,0.3746189607,-1.898605225,-1.898605225,0.3782624999
197.1,0.3314888757,-1.888571341,-1.888571341,0.4240547013
197.125,0.2876630046,-1.877421886,-1.877421886,0.4675194235
197.15,0.2432348409,-1.865214195,-1.865214195,0.5087252073
197.175,0.1982990648,-1.85200386,-1.85200386,0.5477429959
197.2,0.1529513405,-1.837844675,-1.837844675,0.5846452864
197.225,0.107288112,-1.822788613,-1.822788613,0.6195054012
197.25,0.06140639728,-1.80688581,-1.80688581,0.6523968608
197.275,0.01540358176,-1.790184566,-1.790184566,0.6833928738
197.3,-0.03062278858,-1.772731358,-1.772731358,0.7125659083
197.325,-0.07657521413,-1.754570867,-1.754570867,0.7399873493
197.35,-0.1223564481,-1.735746003,-1.735746003,0.7657272349
197.375,-0.1678697022,-1.716297947,-1.716297947,0.789854047
197.4,-0.2130188506,-1.696266186,-1.696266186,0.8124345711
197.425,-0.2577086327,-1.675688562,-1.675688562,0.8335337935
197.45,-0.3018448529,-1.654601314,-1.654601314,0.8532148497
197.475,-0.345334579,-1.633039126,-1.633039126,0.8715390029
197.5,-0.3880863361,-1.611035176,-1.611035176,0.8885656529
197.525,-0.4300102982,-1.588621176,-1.588621176,0.9043523728
197.55,-0.4710184755,-1.565827424,-1.565827424,0.9189549623
197.575,-0.5110248974,-1.542682844,-1.542682844,0.9324275142
197.6,-0.5499457915,-1.519215028,-1.519215028,0.9448225082
197.625,-0.5876997568,-1.495450273,-1.495450273,0.9561908866
197.65,-0.6242079322,-1.471413625,-1.471413625,0.9665821668
197.675,-0.6593941592,-1.447128906,-1.447128906,0.9760445366
197.7,-0.6931851385,-1.422618748,-1.422618748,0.9846249559
197.725,-0.7255105805,-1.397904625,-1.397904625,0.9923692727
197.75,-0.7563033488,-1.373006878,-1.373006878,0.9993223103
197.775,-0.7854995974,-1.347944737,-1.347944737,1.005527983
197.8,-0.8130389002,-1.322736348,-1.322736348,1.011029383
197.825,-0.8388643735,-1.297398784,-1.297398784,1.015868877
197.85,-0.8629227902,-1.271948072,-1.271948072,1.020088197
197.875,-0.8851646872,-1.246399199,-1.246399199,1.023728511
197.9,-0.9055444634,-1.220766132,-1.220766132,1.026830513
197.925,-0.9240204703,-1.195061824,-1.195061824,1.029434475
197.95,-0.9405550942,-1.169298226,-1.169298226,1.031580317
197.975,-0.9551148288,-1.143486295,-1.143486295,1.033307663
198,-0.9676703404,-1.117636002,-1.117636002,1.034655873
198.025,-0.9781965233,-1.091756335,-1.091756335,1.035664093
198.05,-0.9866725464,-1.065855306,-1.065855306,1.03637128
198.075,-0.9930818912,-1.039939956,-1.039939956,1.036816219
198.1,-0.9974123799,-1.014016358,-1.014016358,1.03703754
198.125,-0.9996561955,-0.9880896219,-0.9880896219,1.037073724
198.15,-0.9998098914,-0.9621638955,-0.9621638955,1.036963095
198.175,-0.9978743931,-0.9362423726,-0.9362423726,1.036743811
198.2,-0.9938549897,-0.9103272942,-0.9103272942,1.036453842
198.225,-0.9877613172,-0.8844199545,-0.8844199545,1.036130952
198.25,-0.979607332,-0.858520708,-0.858520708,1.035812648
198.275,-0.9694112761,-0.8326289742,-0.8326289742,1.035536149
198.3,-0.9571956327,-0.8067432451,-0.8067432451,1.03533834
198.325,-0.9429870735,-0.7808610961,-0.7808610961,1.035255709
198.35,-0.9268163976,-0.7549791993,-0.7549791993,1.035324262
198.375,-0.9087184612,-0.7290933282,-0.7290933282,1.035579499
198.4,-0.8887320993,-0.7031983776,-0.7031983776,1.036056307
198.425,-0.8669000395,-0.6772883811,-0.6772883811,1.036788867
198.45,-0.8432688077,-0.651356525,-0.651356525,1.037810589
198.475,-0.8178886256,-0.6253951702,-0.6253951702,1.039154012
198.5,-0.7908133017,-0.5993958799,-0.5993958799,1.040850683
198.525,-0.7621001138,-0.5733494386,-0.5733494386,1.042931077
198.55,-0.7318096856,-0.5472458837,-0.5472458837,1.045424475
198.575,-0.7000058557,-0.5210745396,-0.5210745396,1.048358835
198.6,-0.666755541,-0.494824046,-0.494824046,1.051760698
198.625,-0.6321285931,-0.4684824001,-0.4684824001,1.055655038
198.65,-0.5961976495,-0.4420369957,-0.4420369957,1.060065143
198.675,-0.559037979,-0.4154746653,-0.4154746653,1.065012482
198.7,-0.520727322,-0.3887817315,-0.3887817315,1.070516556
198.725,-0.4813457258,-0.3619440524,-0.3619440524,1.076594771
198.75,-0.4409753757,-0.3349470815,-0.3349470815,1.083262275
198.775,-0.399700422,-0.3077759209,-0.3077759209,1.090531823
198.8,-0.3576068025,-0.2804153876,-0.2804153876,1.09841361
198.825,-0.3147820628,-0.2528500752,-0.2528500752,1.106915126
198.85,-0.2713151727,-0.2250644276,-0.2250644276,1.116040986
198.875,-0.2272963402,-0.197042809,-0.197042809,1.125792776
198.9,-0.1828168237,-0.1687695853,-0.1687695853,1.13616888
198.925,-0.1379687414,-0.140229203,-0.140229203,1.14716432
198.95,-0.09284488059,-0.111406278,-0.111406278,1.158770584
198.975,-0.04753850459,-0.08228568433,-0.08228568433,1.170975458
199,-0.002143160014,-0.05285264952,-0.05285264952,1.183762857
199.025,0.04324751668,-0.02309285359,-0.02309285359,1.197112658
199.05,0.08853999239,0.007007468495,0.007007468495,1.211000535
199.075,0.1336410299,0.03746141929,0.03746141929,1.225397799
199.1,0.1784578797,0.06828132788,0.06828132788,1.24027124
199.125,0.2228984699,0.09947863517,0.09947863517,1.255582983
199.15,0.2668715954,0.1310637753,0.1310637753,1.271290346
199.175,0.3102871038,0.1630460539,0.1630460539,1.287345721
199.2,0.3530560797,0.1954335241,0.1954335241,1.303696458
199.225,0.3950910253,0.2282328583,0.2282328583,1.320284782
199.25,0.4363060388,0.2614492197,0.2614492197,1.337047722
199.275,0.4766169883,0.2950861325,0.2950861325,1.353917071
199.3,0.515941682,0.3291453495,0.3291453495,1.370819382
199.325,0.5542000346,0.3636267221,0.3636267221,1.387675991
199.35,0.5913142279,0.3985280714,0.3985280714,1.404403092
199.375,0.6272088682,0.4338450585,0.4338450585,1.420911852
199.4,0.6618111365,0.4695710651,0.4695710651,1.437108576
199.425,0.6950509348,0.5056970689,0.5056970689,1.452894946
199.45,0.7268610256,0.5422115384,0.5422115384,1.468168294
199.475,0.7571771655,0.5791003208,0.5791003208,1.482821982
199.5,0.7859382327,0.6163465565,0.6163465565,1.496745802
199.525,0.8130863473,0.6539305861,0.6539305861,1.509826508
199.55,0.8385669856,0.6918298917,0.6918298917,1.521948407
199.575,0.8623290865,0.730019037,0.730019037,1.532993975
199.6,0.8843251511,0.7684696335,0.7684696335,1.542844673
199.625,0.9045113346,0.8071503231,0.8071503231,1.551381696
199.65,0.9228475308,0.8460267864,0.8460267864,1.558486946
199.675,0.9392974488,0.8850617672,0.8850617672,1.564043926
199.7,0.9538286815,0.9242151311,0.9242151311,1.567938833
199.725,0.966412766,0.9634439396,0.9634439396,1.570061585
199.75,0.9770252367,1.002702564,1.002702564,1.570306973
199.775,0.985645669,1.041942815,1.041942815,1.568575777
199.8,0.9922577153,1.081114111,1.081114111,1.564775917
199.825,0.9968491327,1.120163671,1.120163671,1.558823583
199.85,0.9994118021,1.15903673,1.15903673,1.550644311
199.875,0.9999417387,1.197676791,1.197676791,1.540174032
199.9,0.9984390946,1.236025897,1.236025897,1.527360011
199.925,0.9949081523,1.274024919,1.274024919,1.512161689
199.95,0.9893573104,1.311613878,1.311613878,1.494551411
199.975,0.9817990608,1.348732268,1.348732268,1.47451499
200,0.9722499573,1.385319403,1.385319403,1.452052111
200.025,0.9607305765,1.421314764,1.421314764,1.427176566
200.05,0.9472654703,1.456658354,1.456658354,1.399916284
200.075,0.9318831105,1.491291051,1.491291051,1.37031317
200.1,0.9146158253,1.525154949,1.525154949,1.338422746
200.125,0.895499729,1.558193695,1.558193695,1.3043136
200.15,0.8745746426,1.59035281,1.59035281,1.268066631
200.175,0.8518840089,1.621579978,1.621579978,1.229774146
200.2,0.8274747986,1.651825324,1.651825324,1.189538777
200.225,0.8013974108,1.681041655,1.681041655,1.147472262
200.25,0.7737055661,1.709184672,1.709184672,1.103694157
200.275,0.7444561934,1.736213148,1.736213148,1.058330385
200.3,0.7137093101,1.762089067,1.762089067,1.011511829
200.325,0.6815278966,1.786777735,1.786777735,0.9633728027
200.35,0.6479777652,1.810247839,1.810247839,0.9140496163
200.375,0.6131274229,1.832471487,1.832471487,0.8636790823
200.4,0.5770479296,1.8534242,1.8534242,0.8123971857
200.425,0.5398127512,1.873084868,1.873084868,0.7603376941
200.45,0.5014976081,1.891435692,1.891435692,0.707631036
200.475,0.4621803192,1.908462077,1.908462077,0.6544031308
200.5,0.4219406425,1.924152511,1.924152511,0.600774476
200.525,0.3808601116,1.938498415,1.938498415,0.5468592761
200.55,0.3390218694,1.951493983,1.951493983,0.492764778
200.575,0.296510498,1.963135994,1.963135994,0.4385907025
200.6,0.2534118472,1.973423622,1.973423622,0.3844288387
200.625,0.2098128596,1.982358236,1.982358236,0.3303627598
200.65,0.1658013949,1.989943187,1.989943187,0.2764676662
200.675,0.1214660515,1.996183603,1.996183603,0.2228103444
200.7,0.07689598841,2.001086175,2.001086175,0.169449228
200.725,0.03218074473,2.004658953,2.004658953,0.1164345529
200.75,-0.01258994002,2.006911144,2.006911144,0.0638085869
200.775,-0.05732630624,2.007852913,2.007852913,0.01160593296
200.8,-0.1019387542,2.007495198,2.007495198,-0.04014611962
200.825,-0.1463380234,2.005849533,2.005849533,-0.09142720061
200.85,-0.1904353706,2.00292788,2.00292788,-0.1422234297
200.875,-0.2341427471,1.998742469,1.998742469,-0.192526968
200.9,-0.2773729736,1.993305658,1.993305658,-0.2423355694
200.925,-0.3200399134,1.986629792,1.986629792,-0.2916520934
200.95,-0.3620586435,1.978727092,1.978727092,-0.3404840847
200.975,-0.4033456221,1.969609529,1.969609529,-0.3888432754
201,-0.4438188539,1.959288739,1.959288739,-0.4367451923
201.025,-0.4833980514,1.947775924,1.947775924,-0.4842087146
201.05,-0.5220047929,1.935081776,1.935081776,-0.5312556787
201.075,-0.5595626762,1.921216408,1.921216408,-0.5779105152
201.1,-0.5959974683,1.906189296,1.906189296,-0.6241998762
201.125,-0.6312372499,1.890009223,1.890009223,-0.670152335
201.15,-0.6652125562,1.872684236,1.872684236,-0.7157980505
201.175,-0.6978565109,1.854221614,1.854221614,-0.7611685193
201.2,-0.7291049562,1.834627833,1.834627833,-0.8062962854
201.225,-0.7588965765,1.813908544,1.813908544,-0.8512147254
201.25,-0.7871730166,1.792068558,1.792068558,-0.895957814
201.275,-0.8138789929,1.769111829,1.769111829,-0.9405599182
201.3,-0.8389623996,1.745041449,1.745041449,-0.9850556217
201.325,-0.8623744074,1.719859646,1.719859646,-1.029479514
201.35,-0.884069556,1.693567784,1.693567784,-1.07386605
201.375,-0.904005839,1.66616637,1.66616637,-1.118249365
201.4,-0.9221447833,1.637655062,1.637655062,-1.162663092
201.425,-0.9384515195,1.608032687,1.608032687,-1.207140235
201.45,-0.9528948464,1.577297253,1.577297253,-1.251712958
201.475,-0.9654472875,1.545445983,1.545445983,-1.296412397
201.5,-0.97608514,1.512475328,1.512475328,-1.341268511
201.525,-0.9847885166,1.478381012,1.478381012,-1.38630982
201.55,-0.9915413792,1.44315807,1.44315807,-1.431563173
201.575,-0.9963315653,1.406800879,1.406800879,-1.477053538
201.6,-0.9991508064,1.369303226,1.369303226,-1.522803655
201.625,-0.9999947388,1.330658363,1.330658363,-1.568833717
201.65,-0.9988629068,1.290859062,1.290859062,-1.61516107
201.675,-0.9957587577,1.249897713,1.249897713,-1.661799709
201.7,-0.9906896298,1.207766398,1.207766398,-1.708759879
201.725,-0.9836667319,1.164456987,1.164456987,-1.756047586
201.75,-0.9747051162,1.119961277,1.119961277,-1.803663922
201.775,-0.9638236424,1.074271089,1.074271089,-1.851604552
201.8,-0.9510449358,1.027378432,1.027378432,-1.899858937
201.825,-0.9363953366,0.9792756717,0.9792756717,-1.94840955
201.85,-0.9199048433,0.9299556942,0.9299556942,-1.997231097
201.875,-0.9016070479,0.8794121405,0.8794121405,-2.046289478
201.9,-0.8815390651,0.8276396087,0.8276396087,-2.095540908
201.925,-0.8597414537,0.7746339386,0.7746339386,-2.144930721
201.95,-0.8362581322,0.7203924708,0.7203924708,-2.194392326
201.975,-0.8111362876,0.6649143851,0.6649143851,-2.243845908
202,-0.7844262777,0.6082010233,0.6082010233,-2.293197243
202.025,-0.7561815281,0.5502562867,0.5502562867,-2.342336345
202.05,-0.7264584225,0.4910870286,0.4910870286,-2.391136206
202.075,-0.6953161879,0.4307035087,0.4307035087,-2.439451474
202.1,-0.6628167743,0.369119862,0.369119862,-2.487117232
202.125,-0.6290247292,0.3063546007,0.3063546007,-2.533947844
202.15,-0.5940070675,0.2424311506,0.2424311506,-2.579735948
202.175,-0.5578331363,0.1773784005,0.1773784005,-2.624251658
202.2,-0.5205744762,0.1112312727,0.1112312727,-2.667242024
202.225,-0.4823046776,0.04403130544,0.04403130544,-2.708430846
202.25,-0.4430992338,-0.02417276951,-0.02417276951,-2.747518897
202.275,-0.4030353907,-0.09332445945,-0.09332445945,-2.784184666
202.3,-0.3621919932,-0.1633589685,-0.1633589685,-2.818085696
202.325,-0.3206493287,-0.2342026975,-0.2342026975,-2.848860583
202.35,-0.2784889679,-0.3057728039,-0.3057728039,-2.876131765
202.375,-0.2357936041,-0.3779768397,-0.3779768397,-2.899509106
202.4,-0.1926468898,-0.4507124921,-0.4507124921,-2.91859433
202.425,-0.1491332719,-0.5238674452,-0.5238674452,-2.932986386
202.45,-0.1053378262,-0.5973193852,-0.5973193852,-2.942287639
202.475,-0.0613460904,-0.6709361722,-0.6709361722,-2.946110876
202.5,-0.01724389664,-0.744576196,-0.744576196,-2.944087011
202.525,0.02688279613,-0.8180889313,-0.8180889313,-2.935873357
202.55,0.07094806977,-0.8913157056,-0.8913157056,-2.921162216
202.575,0.1148662141,-0.9640906815,-0.9640906815,-2.899689562
202.6,0.1585518936,-1.036242055,-1.036242055,-2.871243498
202.625,0.2019203126,-1.107593461,-1.107593461,-2.835672179
202.65,0.2448873795,-1.177965561,-1.177965561,-2.79289083
202.675,0.2873698695,-1.247177798,-1.247177798,-2.742887532
202.7,0.3292855844,-1.315050275,-1.315050275,-2.685727446
202.725,0.3705535115,-1.381405713,-1.381405713,-2.621555209
202.75,0.4110939785,-1.44607145,-1.44607145,-2.550595294
202.775,0.4508288069,-1.508881414,-1.508881414,-2.473150214
202.8,0.4896814606,-1.569678036,-1.569678036,-2.389596561
202.825,0.5275771928,-1.628314026,-1.628314026,-2.300378958
202.85,0.5644431876,-1.684653977,-1.684653977,-2.206002123
202.875,0.6002086986,-1.738575755,-1.738575755,-2.107021327
202.9,0.6348051832,-1.789971627,-1.789971627,-2.004031583
202.925,0.6681664313,-1.838749114,-1.838749114,-1.897656044
202.95,0.7002286908,-1.884831542,-1.884831542,-1.788534084
202.975,0.7309307871,-1.928158296,-1.928158296,-1.677309223
203,0.7602142375,-1.968684786,-1.968684786,-1.564617816
203.025,0.7880233604,-2.006382129,-2.006382129,-1.451078463
203.05,0.814305379,-2.041236582,-2.041236582,-1.337282522
203.075,0.8390105187,-2.073248762,-2.073248762,-1.223786147
203.1,0.8620920991,-2.102432685,-2.102432685,-1.111103782
203.125,0.8835066194,-2.128814648,-2.128814648,-0.9997032358
203.15,0.9032138378,-2.152432026,-2.152432026,-0.8900023834
203.175,0.9211768442,-2.173331996,-2.173331996,-0.7823673425
203.2,0.9373621268,-2.191570238,-2.191570238,-0.6771120279
203.225,0.9517396314,-2.20720963,-2.20720963,-0.574498923
203.25,0.9642828144,-2.22031899,-2.22031899,-0.4747408713
203.275,0.9749686889,-2.230971859,-2.230971859,-0.3780036867
203.3,0.9837778635,-2.239245376,-2.239245376,-0.2844093837
203.325,0.9906945746,-2.245219213,-2.245219213,-0.1940398976
203.35,0.9957067113,-2.248974634,-2.248974634,-0.1069409938
203.375,0.9988058337,-2.250593639,-2.250593639,-0.02312637252
203.4,0.9999871831,-2.250158209,-2.250158209,0.05741826337
203.425,0.9992496865,-2.247749662,-2.247749662,0.1347312395
203.45,0.996595953,-2.243448094,-2.243448094,0.2088711242
203.475,0.9920322634,-2.237331925,-2.237331925,0.2799131852
203.5,0.9855685529,-2.229477514,-2.229477514,0.3479461268
203.525,0.9772183869,-2.21995887,-2.21995887,0.413069132
203.55,0.9669989293,-2.208847417,-2.208847417,0.4753892169
203.575,0.9549309049,-2.19621183,-2.19621183,0.5350188975
203.6,0.9410385544,-2.182117926,-2.182117926,0.5920741582
203.625,0.9253495826,-2.166628595,-2.166628595,0.6466727077
203.65,0.9078951008,-2.14980378,-2.14980378,0.6989325004
203.675,0.8887095621,-2.131700484,-2.131700484,0.7489705012
203.7,0.867830691,-2.112372811,-2.112372811,0.7969016713
203.725,0.845299406,-2.091872022,-2.091872022,0.8428381492
203.75,0.8211597374,-2.070246619,-2.070246619,0.8868886062
203.775,0.7954587387,-2.047542435,-2.047542435,0.9291577486
203.8,0.7682463918,-2.023802738,-2.023802738,0.9697459501
203.825,0.7395755081,-1.999068346,-1.999068346,1.008748994
203.85,0.7095016236,-1.973377738,-1.973377738,1.046257908
203.875,0.6780828888,-1.946767182,-1.946767182,1.082358872
203.9,0.6453799543,-1.919270849,-1.919270849,1.117133187
203.925,0.6114558517,-1.890920939,-1.890920939,1.150657304
203.95,0.5763758703,-1.861747804,-1.861747804,1.183002875
203.975,0.5402074293,-1.831780058,-1.831780058,1.214236846
204,0.5030199466,-1.801044704,-1.801044704,1.244421569
204.025,0.4648847044,-1.769567239,-1.769567239,1.273614924
204.05,0.4258747102,-1.737371772,-1.737371772,1.30187046
204.075,0.3860645563,-1.704481119,-1.704481119,1.329237528
204.1,0.3455302757,-1.670916921,-1.670916921,1.355761429
204.125,0.3043491956,-1.636699728,-1.636699728,1.381483548
204.15,0.262599789,-1.60184911,-1.60184911,1.406441488
204.175,0.2203615241,-1.566383738,-1.566383738,1.4306692
204.2,0.1777147124,-1.530321481,-1.530321481,1.454197098
204.225,0.1347403551,-1.493679489,-1.493679489,1.477052174
204.25,0.09151998913,-1.456474281,-1.456474281,1.499258093
204.275,0.04813553139,-1.418721823,-1.418721823,1.520835285
204.3,0.004669123783,-1.380437611,-1.380437611,1.541801023
204.325,-0.03879702274,-1.341636748,-1.341636748,1.562169495
204.35,-0.08218078362,-1.30233402,-1.30233402,1.581951856
204.375,-0.1254002758,-1.262543971,-1.262543971,1.601156282
204.4,-0.1683740119,-1.222280977,-1.222280977,1.619788009
204.425,-0.2110210539,-1.181559322,-1.181559322,1.637849365
204.45,-0.2532611643,-1.140393266,-1.140393266,1.655339791
204.475,-0.2950149574,-1.098797118,-1.098797118,1.672255867
204.5,-0.336204047,-1.056785311,-1.056785311,1.688591318
204.525,-0.3767511932,-1.014372466,-1.014372466,1.704337033
204.55,-0.416580446,-0.9715734722,-0.9715734722,1.719481068
204.575,-0.4556172863,-0.9284035489,-0.9284035489,1.734008661
204.6,-0.4937887644,-0.8848783217,-0.8848783217,1.74790224
204.625,-0.531023635,-0.8410138895,-0.8410138895,1.761141448
204.65,-0.5672524884,-0.7968268942,-0.7968268942,1.773703154
204.675,-0.6024078784,-0.7523345924,-0.7523345924,1.785561503
204.7,-0.6364244464,-0.7075549175,-0.7075549175,1.796687943
204.725,-0.6692390409,-0.6625065535,-0.6625065535,1.807051302
204.75,-0.7007908331,-0.6172089919,-0.6172089919,1.816617851
204.775,-0.7310214271,-0.5716826018,-0.5716826018,1.825351409
204.8,-0.7598749667,-0.5259486836,-0.5259486836,1.833213461
204.825,-0.7872982358,-0.4800295299,-0.4800295299,1.840163303
204.85,-0.8132407545,-0.4339484757,-0.4339484757,1.846158222
204.875,-0.8376548697,-0.387729947,-0.387729947,1.851153684
204.9,-0.8604958403,-0.341399504,-0.341399504,1.855103603
204.925,-0.8817219163,-0.2949838745,-0.2949838745,1.857960574
204.95,-0.901294413,-0.2485109861,-0.2485109861,1.859676226
204.975,-0.9191777786,-0.2020099829,-0.2020099829,1.860201531
205,-0.9353396563,-0.1555112397,-0.1555112397,1.859487216
205.025,-0.9497509398,-0.1090463618,-0.1090463618,1.85748417
205.05,-0.9623858228,-0.062648175,-0.062648175,1.854143911
205.075,-0.9732218431,-0.01635070481,-0.01635070481,1.849419073
205.1,-0.9822399186,0.02981085885,0.02981085885,1.843263934
205.125,-0.9894243786,0.07580020917,0.07580020917,1.835634963
205.15,-0.9947629878,0.1215799844,0.1215799844,1.826491395
205.175,-0.9982469641,0.1671118444,0.1671118444,1.815795816
205.2,-0.9998709898,0.2123565617,0.2123565617,1.803514762
205.225,-0.9996332164,0.2572741278,0.2572741278,1.789619309
205.25,-0.9975352633,0.3018238739,0.3018238739,1.774085665
205.275,-0.9935822089,0.345964607,0.345964607,1.756895738
205.3,-0.9877825768,0.3896547579,0.3896547579,1.738037668
205.325,-0.9801483144,0.4328525444,0.4328525444,1.717506332
205.35,-0.9706947662,0.4755161456,0.4755161456,1.695303791
205.375,-0.9594406393,0.5176038855,0.5176038855,1.671439676
205.4,-0.9464079648,0.5590744266,0.5590744266,1.645931504
205.425,-0.9316220513,0.5998869715,0.5998869715,1.61880492
205.45,-0.9151114331,0.6400014663,0.6400014663,1.590093841
205.475,-0.896907813,0.679378809,0.679378809,1.559840514
205.5,-0.8770459983,0.7179810588,0.7179810588,1.528095473
205.525,-0.8555638319,0.7557716387,0.7557716387,1.494917399
205.55,-0.8325021178,0.7927155392,0.7927155392,1.460372864
205.575,-0.807904541,0.8287795106,0.8287795106,1.424535992
205.6,-0.7818175826,0.8639322445,0.8639322445,1.387488015
205.625,-0.7542904294,0.8981445487,0.8981445487,1.349316726
205.65,-0.725374879,0.9313894998,0.9313894998,1.310115879
205.675,-0.6951252401,0.9636425866,0.9636425866,1.269984475
205.7,-0.6635982289,0.9948818304,0.9948818304,1.229026018
205.725,-0.6308528601,1.025087888,1.025087888,1.187347708
205.75,-0.5969503348,1.054244133,1.054244133,1.145059581
205.775,-0.5619539245,1.082336719,1.082336719,1.102273673
205.8,-0.525928851,1.109354611,1.109354611,1.059103096
205.825,-0.4889421636,1.135289613,1.135289613,1.01566122
205.85,-0.4510626123,1.160136351,1.160136351,0.9720607604
205.875,-0.4123605191,1.183892257,1.183892257,0.9284130078
205.9,-0.3729076457,1.206557517,1.206557517,0.884826992
205.925,-0.3327770597,1.228135007,1.228135007,0.8414087949
205.95,-0.2920429979,1.248630209,1.248630209,0.7982608375
205.975,-0.2507807281,1.26805112,1.26805112,0.7554813034
206,-0.2090664092,1.286408124,1.286408124,0.7131635755
206.025,-0.1669769498,1.303713883,1.303713883,0.671395794
206.05,-0.1245898661,1.319983186,1.319983186,0.6302604502
206.075,-0.08198313818,1.335232816,1.335232816,0.5898340891
206.1,-0.03923506657,1.349481387,1.349481387,0.550187059
206.125,0.003575872038,1.362749198,1.362749198,0.5113833531
206.15,0.04637116897,1.375058064,1.375058064,0.4734805052
206.175,0.08907242753,1.386431157,1.386431157,0.4365295567
206.2,0.1316015065,1.396892847,1.396892847,0.400575077
206.225,0.1738806629,1.406468535,1.406468535,0.3656552405
206.25,0.2158326937,1.415184499,1.415184499,0.3318019444
206.275,0.2573810764,1.423067736,1.423067736,0.299040976
206.3,0.2984501078,1.430145817,1.430145817,0.2673922014
206.325,0.3389650413,1.436446734,1.436446734,0.2368697985
206.35,0.3788522224,1.441998768,1.441998768,0.2074824976
206.375,0.4180392211,1.44683035,1.44683035,0.1792338513
206.4,0.4564549628,1.450969939,1.450969939,0.1521225112
206.425,0.4940298557,1.454445904,1.454445904,0.1261425121
206.45,0.530695916,1.457286408,1.457286408,0.1012835684
206.475,0.5663868888,1.459519306,1.459519306,0.07753135742
206.5,0.6010383672,1.461172049,1.461172049,0.05486781738
206.525,0.6345879061,1.462271591,1.462271591,0.03327142567
206.55,0.6669751336,1.462844308,1.462844308,0.01271747976
206.575,0.6981418576,1.462915923,1.462915923,-0.006821632848
206.6,0.7280321683,1.462511432,1.462511432,-0.02537617822
206.625,0.756592537,1.461655047,1.461655047,-0.04297882291
206.65,0.7837719094,1.460370134,1.460370134,-0.05966439868
206.675,0.8095217948,1.458679163,1.458679163,-0.07546967822
206.7,0.8337963506,1.456603665,1.456603665,-0.09043315471
206.725,0.8565524616,1.454164187,1.454164187,-0.1045948511
206.75,0.8777498138,1.45138026,1.45138026,-0.1179961141
206.775,0.8973509639,1.448270364,1.448270364,-0.1306794502
206.8,0.9153214025,1.444851908,1.444851908,-0.1426883491
206.825,0.9316296126,1.441141198,1.441141198,-0.1540671205
206.85,0.9462471219,1.437153428,1.437153428,-0.164860764
206.875,0.9591485504,1.432902657,1.432902657,-0.1751148045
206.9,0.9703116511,1.428401802,1.428401802,-0.1848751829
206.925,0.9797173458,1.423662627,1.423662627,-0.1941881262
206.95,0.9873497552,1.418695738,1.418695738,-0.2031000223
206.975,0.9931962224,1.41351058,1.41351058,-0.2116573311
207,0.9972473312,1.408115439,1.408115439,-0.2199064639
207.025,0.9994969181,1.40251744,1.40251744,-0.2278936949
207.05,0.9999420788,1.396722553,1.396722553,-0.2356650768
207.075,0.9985831682,1.390735603,1.390735603,-0.2432663367
207.1,0.9954237955,1.384560276,1.384560276,-0.250742811
207.125,0.990470812,1.378199128,1.378199128,-0.2581393699
207.15,0.9837342946,1.371653604,1.371653604,-0.2655003242
207.175,0.9752275224,1.364924045,1.364924045,-0.2728693742
207.2,0.9649669481,1.358009709,1.358009709,-0.2802895477
207.225,0.9529721637,1.350908788,1.350908788,-0.2878031235
207.25,0.9392658605,1.343618429,1.343618429,-0.2954515771
207.275,0.9238737834,1.336134747,1.336134747,-0.3032755393
207.3,0.9068246803,1.328452857,1.328452857,-0.3113147323
207.325,0.8881502459,1.320566894,1.320566894,-0.3196079194
207.35,0.8678850601,1.312470031,1.312470031,-0.3281928768
207.375,0.846066522,1.304154512,1.304154512,-0.3371063409
207.4,0.8227347778,1.295611678,1.295611678,-0.3463839714
207.425,0.7979326456,1.286831991,1.286831991,-0.3560603267
207.45,0.7717055335,1.27780506,1.27780506,-0.3661688275
207.475,0.7441013554,1.268519679,1.268519679,-0.3767417319
207.5,0.7151704405,1.258963844,1.258963844,-0.3878101175
207.525,0.6849654398,1.249124794,1.249124794,-0.3994038582
207.55,0.6535412286,1.238989035,1.238989035,-0.4115516126
207.575,0.6209548044,1.228542368,1.228542368,-0.4242808124
207.6,0.5872651823,1.21776993,1.21776993,-0.4376176536
207.625,0.552533286,1.206656214,1.206656214,-0.4515870943
207.65,0.5168218363,1.195185105,1.195185105,-0.4662128514
207.675,0.4801952359,1.183339914,1.183339914,-0.4815174041
207.7,0.4427194525,1.171103401,1.171103401,-0.4975219978
207.725,0.4044618981,1.158457813,1.158457813,-0.5142466493
207.75,0.3654913069,1.145384911,1.145384911,-0.5317101584
207.775,0.3258776103,1.131866001,1.131866001,-0.5499301145
207.8,0.285691811,1.117881965,1.117881965,-0.568922909
207.825,0.2450058541,1.103413289,1.103413289,-0.5887037466
207.85,0.2038924982,1.088440093,1.088440093,-0.6092866543
207.875,0.1624251843,1.072942164,1.072942164,-0.6306844918
207.9,0.1206779039,1.05689898,1.05689898,-0.6529089586
207.925,0.07872506684,1.040289739,1.040289739,-0.6759705976
207.95,0.0366413682,1.023093395,1.023093395,-0.6998787954
207.975,-0.005498344959,1.005288676,1.005288676,-0.7246417783
208,-0.04761920675,0.9868541235,0.9868541235,-0.7502665997
208.025,-0.08964646548,0.9677681155,0.9677681155,-0.7767591208
208.05,-0.1315056162,0.9480088976,0.9480088976,-0.8041239869
208.075,-0.1731225324,0.9275546177,0.9275546177,-0.8323645808
208.1,-0.2144235974,0.9063833535,0.9063833535,-0.86148298
208.125,-0.2553358333,0.8844731471,0.8844731471,-0.8914798914
208.15,-0.2957870301,0.8618020438,0.8618020438,-0.9223545608
208.175,-0.3357058721,0.8383481233,0.8383481233,-0.954104694
208.2,-0.375022063,0.8140895459,0.8140895459,-0.9867263198
208.225,-0.4136664485,0.7890045928,0.7890045928,-1.020213662
208.25,-0.4515711373,0.7630717121,0.7630717121,-1.054558981
208.275,-0.4886696188,0.7362695758,0.7362695758,-1.089752363
208.3,-0.5248968792,0.7085771284,0.7085771284,-1.125781534
208.325,-0.5601895134,0.6799736575,0.6799736575,-1.162631579
208.35,-0.5944858352,0.6504388566,0.6504388566,-1.200284686
208.375,-0.6277259831,0.6199529052,0.6199529052,-1.238719817
208.4,-0.6598520234,0.5884965531,0.5884965531,-1.277912355
208.425,-0.6908080496,0.5560512125,0.5560512125,-1.317833721
208.45,-0.7205402775,0.5225990671,0.5225990671,-1.35845092
208.475,-0.7489971372,0.4881231819,0.4881231819,-1.399726098
208.5,-0.7761293603,0.4526076379,0.4526076379,-1.441615993
208.525,-0.8018900633,0.4160376678,0.4160376678,-1.48407141
208.55,-0.8262348266,0.3783998172,0.3783998172,-1.527036593
208.575,-0.8491217685,0.3396821124,0.3396821124,-1.570448616
208.6,-0.8705116156,0.29987425,0.29987425,-1.614236699
208.625,-0.8903677673,0.2589678023,0.2589678023,-1.658321515
208.65,-0.9086563564,0.216956437,0.216956437,-1.702614477
208.675,-0.9253463045,0.1738361623,0.1738361623,-1.747017001
208.7,-0.940409372,0.1296055818,0.1296055818,-1.791419784
208.725,-0.9538202036,0.0842661736,0.0842661736,-1.835702093
208.75,-0.9655563682,0.03782258449,0.03782258449,-1.879731082
208.775,-0.9755983941,-0.009717060062,-0.009717060062,-1.923361178
208.8,-0.9839297981,-0.05834083033,-0.05834083033,-1.966433533
208.825,-0.9905371105,-0.1080326549,-0.1080326549,-2.008775602
208.85,-0.9954098937,-0.1587719742,-0.1587719742,-2.050200849
208.875,-0.9985407556,-0.210533389,-0.210533389,-2.090508638
208.9,-0.9999253587,-0.2632863091,-0.2632863091,-2.129484333
208.925,-0.9995624222,-0.3169946065,-0.3169946065,-2.166899665
208.95,-0.9974537201,-0.371616282,-0.371616282,-2.202513381
208.975,-0.9936040732,-0.4271031552,-0.4271031552,-2.236072229
209,-0.9880213364,-0.4834005734,-0.4834005734,-2.26731235
209.025,-0.9807163798,-0.5404471783,-0.5404471783,-2.295961
209.05,-0.9717030658,-0.5981747013,-0.5981747013,-2.321738814
209.075,-0.9609982196,-0.6565078338,-0.6565078338,-2.3443624
209.1,-0.9486215963,-0.7153641661,-0.7153641661,-2.363547487
209.125,-0.934595841,-0.7746542057,-0.7746542057,-2.379012457
209.15,-0.9189464459,-0.834281493,-0.834281493,-2.390482277
209.175,-0.9017017007,-0.8941428211,-0.8941428211,-2.397692847
209.2,-0.88289264,-0.9541285643,-0.9541285643,-2.400395579
209.225,-0.8625529842,-1.014123126,-1.014123126,-2.398362197
209.25,-0.8407190776,-1.074005506,-1.074005506,-2.391389593
209.275,-0.8174298207,-1.133649993,-1.133649993,-2.379304653
209.3,-0.7927265988,-1.19292697,-1.19292697,-2.361968849
209.325,-0.7666532066,-1.251703835,-1.251703835,-2.339282469
209.35,-0.7392557683,-1.309846017,-1.309846017,-2.311188314
209.375,-0.710582654,-1.367218076,-1.367218076,-2.277674708
209.4,-0.6806843924,-1.423684876,-1.423684876,-2.238777673
209.425,-0.6496135801,-1.479112791,-1.479112791,-2.194582141
209.45,-0.617424787,-1.533370932,-1.533370932,-2.145222127
209.475,-0.5841744591,-1.586332366,-1.586332366,-2.090879795
209.5,-0.5499208174,-1.637875293,-1.637875293,-2.03178342
209.525,-0.5147237552,-1.687884169,-1.687884169,-1.96820426
209.55,-0.4786447313,-1.736250724,-1.736250724,-1.900452439
209.575,-0.4417466615,-1.782874878,-1.782874878,-1.828871958
209.6,-0.4040938079,-1.827665512,-1.827665512,-1.753834988
209.625,-0.3657516656,-1.870541102,-1.870541102,-1.675735586
209.65,-0.3267868476,-1.91143018,-1.91143018,-1.594983134
209.675,-0.2872669685,-1.950271634,-1.950271634,-1.51199569
209.7,-0.2472605259,-1.98701484,-1.98701484,-1.427193199
209.725,-0.2068367814,-2.021619636,-2.021619636,-1.340991368
209.75,-0.1660656395,-2.05405613,-2.05405613,-1.253795578
209.775,-0.1250175266,-2.084304385,-2.084304385,-1.165995672
209.8,-0.08376326884,-2.112353967,-2.112353967,-1.077961315
209.825,-0.04237396932,-2.138203386,-2.138203386,-0.9900381225
209.85,-0.000920885633,-2.161859462,-2.161859462,-0.9025446486
209.875,0.04052469307,-2.183336618,-2.183336618,-0.8157701372
209.9,0.08189156869,-2.202656123,-2.202656123,-0.729973078
209.925,0.1231087563,-2.219845318,-2.219845318,-0.6453805037
209.95,0.1641056059,-2.234936824,-2.234936824,-0.5621879503
209.975,0.2048119231,-2.247967762,-2.247967762,-0.4805600066
210,0.2451580887,-2.258978993,-2.258978993,-0.4006313702
210.025,0.2850751777,-2.268014384,-2.268014384,-0.3225083039
210.05,0.324495076,-2.275120125,-2.275120125,-0.2462704033
210.075,0.3633505959,-2.280344079,-2.280344079,-0.1719726079
210.1,0.4015755901,-2.283735199,-2.283735199,-0.09964735816
210.125,0.4391050631,-2.285342991,-2.285342991,-0.02930680683
210.15,0.4758752808,-2.285217034,-2.285217034,0.03905491405
210.175,0.5118238774,-2.283406558,-2.283406558,0.1054594901
210.2,0.5468899604,-2.279960077,-2.279960077,0.1699422858
210.225,0.5810142117,-2.27492507,-2.27492507,0.2325503152
210.25,0.6141389874,-2.268347714,-2.268347714,0.2933403443
210.275,0.6462084129,-2.260272665,-2.260272665,0.3523771384
210.3,0.6771684761,-2.250742875,-2.250742875,0.4097318672
210.325,0.7069671163,-2.239799455,-2.239799455,0.4654806666
210.35,0.7355543102,-2.22748156,-2.22748156,0.5197033617
210.375,0.7628821543,-2.213826318,-2.213826318,0.5724823398
210.4,0.7889049425,-2.198868775,-2.198868775,0.62390157
210.425,0.8135792416,-2.182641865,-2.182641865,0.6740457616
210.45,0.8368639607,-2.165176406,-2.165176406,0.7229996491
210.475,0.8587204183,-2.1465011,-2.1465011,0.7708473902
210.5,0.8791124042,-2.126642561,-2.126642561,0.8176720674
210.525,0.8980062368,-2.105625342,-2.105625342,0.8635552856
210.55,0.9153708173,-2.083471977,-2.083471977,0.9085768475
210.575,0.9311776776,-2.060203032,-2.060203032,0.9528144982
210.6,0.9454010254,-2.035837155,-2.035837155,0.996343734
210.625,0.9580177834,-2.010391138,-2.010391138,1.039237659
210.65,0.9690076241,-1.983879977,-1.983879977,1.08156688
210.675,0.9783530006,-1.956316932,-1.956316932,1.123399446
210.7,0.9860391717,-1.927713598,-1.927713598,1.164800796
210.725,0.9920542225,-1.898079962,-1.898079962,1.205833747
210.75,0.9963890803,-1.867424478,-1.867424478,1.246558472
210.775,0.9990375254,-1.835754126,-1.835754126,1.287032508
210.8,0.9999961978,-1.803074484,-1.803074484,1.327310745
210.825,0.9992645975,-1.769389785,-1.769389785,1.367445424
210.85,0.9968450819,-1.734702995,-1.734702995,1.407486125
210.875,0.9927428567,-1.69901587,-1.69901587,1.44747974
210.9,0.986965963,-1.662329031,-1.662329031,1.487470425
210.925,0.9795252594,-1.624642028,-1.624642028,1.527499546
210.95,0.970434399,-1.585953412,-1.585953412,1.567605585
210.975,0.9597098024,-1.546260811,-1.546260811,1.607824017
211,0.9473706255,-1.505561004,-1.505561004,1.648187177
211.025,0.9334387231,-1.463850003,-1.463850003,1.688724053
211.05,0.9179386079,-1.421123142,-1.421123142,1.72946007
211.075,0.9008974047,-1.377375158,-1.377375158,1.770416833
211.1,0.8823448016,-1.332600314,-1.332600314,1.811611758
211.125,0.8623129951,-1.286792477,-1.286792477,1.85305777
211.15,0.8408366327,-1.239945264,-1.239945264,1.894762814
211.175,0.8179527504,-1.192052157,-1.192052157,1.93672939
211.2,0.7937007075,-1.143106642,-1.143106642,1.97895403
211.225,0.7681221158,-1.093102387,-1.093102387,2.021426605
211.25,0.7412607674,-1.042033388,-1.042033388,2.064129742
211.275,0.713162557,-0.9898941876,-0.9898941876,2.107037978
211.3,0.6838754019,-0.9366800638,-0.9366800638,2.150117002
211.325,0.6534491588,-0.8823872785,-0.8823872785,2.193322736
211.35,0.6219355369,-0.8270133247,-0.8270133247,2.236600389
211.375,0.5893880086,-0.7705572104,-0.7705572104,2.279883458
211.4,0.555861717,-0.7130197634,-0.7130197634,2.323092655
211.425,0.5214133813,-0.6544039653,-0.6544039653,2.366134839
211.45,0.4861011995,-0.5947153095,-0.5947153095,2.408901887
211.475,0.4499847483,-0.5339621942,-0.5339621942,2.451269603
211.5,0.4131248821,-0.4721563299,-0.4721563299,2.493096645
211.525,0.3755836288,-0.4093131914,-0.4093131914,2.534223509
211.55,0.3374240845,-0.3454524723,-0.3454524723,2.57447164
211.575,0.2987103069,-0.2805985791,-0.2805985791,2.613642667
211.6,0.2595072063,-0.2147811318,-0.2147811318,2.651517865
211.625,0.2198804368,-0.1480354739,-0.1480354739,2.687857863
211.65,0.1798962848,-0.08040319252,-0.08040319252,2.722402697
211.675,0.1396215585,-0.01193262757,-0.01193262757,2.754872243
211.7,0.09912347522,0.05732063565,0.05732063565,2.784967136
211.725,0.05846954896,0.1272933017,0.1272933017,2.812370222
211.75,0.01772747781,0.1979139446,0.1979139446,2.836748609
211.775,-0.02303496907,0.269102647,0.269102647,2.857756422
211.8,-0.0637500642,0.3407707172,0.3407707172,2.875038223
211.825,-0.1043502343,0.4128205011,0.4128205011,2.888233195
211.85,-0.144768172,0.4851453082,0.4851453082,2.896980102
211.875,-0.1849369478,0.5576294691,0.5576294691,2.900922915
211.9,-0.2247901198,0.630148544,0.630148544,2.89971712
211.925,-0.2642618436,0.7025696951,0.7025696951,2.893036586
211.95,-0.3032869804,0.774752237,0.774752237,2.880580838
211.975,-0.3418012039,0.846548371,0.846548371,2.862082557
212,-0.3797411055,0.9178041081,0.9178041081,2.837315074
212.025,-0.4170442978,0.9883603766,0.9883603766,2.806099624
212.05,-0.4536495166,1.058054305,1.058054305,2.768312057
212.075,-0.4894967201,1.126720664,1.126720664,2.723888726
212.1,-0.5245271863,1.194193438,1.194193438,2.67283128
212.125,-0.5586836082,1.26030751,1.26030751,2.61521008
212.15,-0.5919101863,1.324900398,1.324900398,2.551166036
212.175,-0.624152718,1.387814031,1.387814031,2.4809107
212.2,-0.6553586849,1.448896491,1.448896491,2.404724524
212.225,-0.6854773367,1.508003699,1.508003699,2.322953282
212.25,-0.7144597722,1.56500098,1.56500098,2.236002732
212.275,-0.7422590168,1.619764485,1.619764485,2.144331671
212.3,-0.7688300972,1.672182412,1.672182412,2.048443635
212.325,-0.794130112,1.72215601,1.72215601,1.948877548
212.35,-0.8181182992,1.769600338,1.769600338,1.846197699
212.375,-0.8407561001,1.814444772,1.814444772,1.740983268
212.4,-0.862007219,1.856633245,1.856633245,1.633818
212.425,-0.8818376794,1.896124239,1.896124239,1.525280266
212.45,-0.9002158762,1.932890524,1.932890524,1.415933658
212.475,-0.917112624,1.966918694,1.966918694,1.306318784
212.5,-0.9325012009,1.998208491,1.998208491,1.196946008
212.525,-0.946357389,2.026771975,2.026771975,1.088289578
212.55,-0.9586595097,2.052632565,2.052632565,0.980783104
212.575,-0.9693884553,2.075823975,2.075823975,0.8748163373
212.6,-0.9785277167,2.096389093,2.096389093,0.7707332849
212.625,-0.986063406,2.114378828,2.114378828,0.6688315157
212.65,-0.991984275,2.129850954,2.129850954,0.5693625269
212.675,-0.9962817298,2.142868964,2.142868964,0.4725330452
212.7,-0.9989498407,2.15350098,2.15350098,0.3785070781
212.725,-0.9999853472,2.161818722,2.161818722,0.2874085336
212.75,-0.9993876598,2.167896536,2.167896536,0.1993243257
212.775,-0.9971588562,2.17181051,2.17181051,0.1143077111
212.8,-0.993303674,2.173637685,2.173637685,0.03238180975
212.825,-0.9878294988,2.173455334,2.173455334,-0.0464568363
212.85,-0.9807463479,2.171340354,2.171340354,-0.1222347579
212.875,-0.9720668497,2.167368722,2.167368722,-0.1949981796
212.9,-0.9618062194,2.161615047,2.161615047,-0.2648098217
212.925,-0.9499822296,2.154152197,2.154152197,-0.3317459262
212.95,-0.9366151777,2.145050991,2.145050991,-0.3958935302
212.975,-0.9217278487,2.134379965,2.134379965,-0.4573480025
213,-0.9053454746,2.122205189,2.122205189,-0.5162108471
213.025,-0.8874956888,2.108590139,2.108590139,-0.5725877678
213.05,-0.8682084779,2.093595615,2.093595615,-0.6265869852
213.075,-0.8475161293,2.077279693,2.077279693,-0.6783177899
213.1,-0.8254531749,2.059697719,2.059697719,-0.7278893179
213.125,-0.8020563315,2.040902321,2.040902321,-0.7754095264
213.15,-0.777364438,2.020943453,2.020943453,-0.8209843506
213.175,-0.7514183888,1.999868454,1.999868454,-0.8647170187
213.2,-0.7242610644,1.97772212,1.97772212,-0.906707512
213.225,-0.6959372587,1.954546793,1.954546793,-0.9470521493
213.25,-0.6664936037,1.930382457,1.930382457,-0.9858432711
213.275,-0.6359784907,1.905266839,1.905266839,-1.023169019
213.3,-0.6044419893,1.879235518,1.879235518,-1.059113191
213.325,-0.571935764,1.85232203,1.85232203,-1.093755153
213.35,-0.5385129879,1.824557986,1.824557986,-1.127169809
213.375,-0.5042282545,1.795973179,1.795973179,-1.159427608
213.4,-0.4691374874,1.766595695,1.766595695,-1.190594583
213.425,-0.4332978474,1.736452025,1.736452025,-1.220732413
213.45,-0.396767639,1.705567171,1.705567171,-1.249898508
213.475,-0.3596062139,1.673964753,1.673964753,-1.278146102
213.5,-0.3218738741,1.641667109,1.641667109,-1.305524349
213.525,-0.2836317729,1.608695402,1.608695402,-1.332078435
213.55,-0.2449418153,1.57506971,1.57506971,-1.357849675
213.575,-0.2058665568,1.540809128,1.540809128,-1.382875624
213.6,-0.1664691021,1.505931856,1.505931856,-1.407190165
213.625,-0.1268130023,1.470455295,1.470455295,-1.430823608
213.65,-0.08696215229,1.434396127,1.434396127,-1.453802771
213.675,-0.04698068738,1.397770412,1.397770412,-1.476151057
213.7,-0.006932879915,1.360593664,1.360593664,-1.49788852
213.725,0.03311696416,1.322880936,1.322880936,-1.519031922
213.75,0.07310460859,1.284646905,1.284646905,-1.539594787
213.775,0.1129659897,1.245905947,1.245905947,-1.559587433
213.8,0.152637319,1.206672225,1.206672225,-1.579017012
213.825,0.1920551847,1.166959755,1.166959755,-1.597887528
213.85,0.2311566531,1.126782499,1.126782499,-1.616199855
213.875,0.2698793684,1.086154431,1.086154431,-1.63395175
213.9,0.3081616514,1.045089625,1.045089625,-1.651137854
213.925,0.3459425977,1.003602324,1.003602324,-1.667749703
213.95,0.3831621731,0.9617070207,0.9617070207,-1.683775721
213.975,0.4197613089,0.9194185412,0.9194185412,-1.699201225
214,0.4556819943,0.876752111,0.876752111,-1.71400843
214.025,0.4908673675,0.8337234451,0.8337234451,-1.728176455
214.05,0.5252618046,0.7903488138,0.7903488138,-1.741681335
214.075,0.5588110067,0.7466451288,0.7466451288,-1.75449605
214.1,0.5914620837,0.7026300125,0.7026300125,-1.766590557
214.125,0.6231636371,0.6583218768,0.6583218768,-1.777931839
214.15,0.6538658392,0.6137399961,0.6137399961,-1.788483982
214.175,0.6835205098,0.5689045758,0.5689045758,-1.79820825
214.2,0.7120811908,0.523836827,0.523836827,-1.807063214
214.225,0.7395032166,0.4785590253,0.4785590253,-1.815004876
214.25,0.7657437832,0.4330945799,0.4330945799,-1.821986858
214.275,0.7907620125,0.387468084,0.387468084,-1.827960587
214.3,0.8145190147,0.3417053731,0.3417053731,-1.832875546
214.325,0.8369779466,0.2958335644,0.2958335644,-1.836679548
214.35,0.8581040669,0.2498810996,0.2498810996,-1.839319047
214.375,0.8778647881,0.2038777706,0.2038777706,-1.840739511
214.4,0.8962297248,0.1578547421,0.1578547421,-1.840885804
214.425,0.9131707379,0.1118445594,0.1118445594,-1.839702642
214.45,0.9286619763,0.06588114698,0.06588114698,-1.837135072
214.475,0.9426799136,0.0199997938,0.0199997938,-1.833128991
214.5,0.9552033819,-0.02576287532,-0.02576287532,-1.827631712
214.525,0.9662136017,-0.07136894205,-0.07136894205,-1.820592552
214.55,0.9756942072,-0.1167792525,-0.1167792525,-1.811963452
214.575,0.983631269,-0.1619534908,-0.1619534908,-1.801699616
214.6,0.990013312,-0.2068502686,-0.2068502686,-1.789760165
214.625,0.9948313292,-0.2514272316,-0.2514272316,-1.776108796
214.65,0.9980787926,-0.2956411819,-0.2956411819,-1.760714433
214.675,0.9997516591,-0.3394482165,-0.3394482165,-1.743551863
214.7,0.999848373,-0.3828038818,-0.3828038818,-1.72460235
214.725,0.9983698647,-0.4256633432,-0.4256633432,-1.703854205
214.75,0.9953195447,-0.467981567,-0.467981567,-1.681303307
214.775,0.990703295,-0.5097135158,-0.5097135158,-1.656953562
214.8,0.9845294552,-0.5508143548,-0.5508143548,-1.630817288
214.825,0.9768088058,-0.5912396655,-0.5912396655,-1.602915522
214.85,0.9675545475,-0.6309456656,-0.6309456656,-1.573278221
214.875,0.9567822759,-0.669889436,-0.669889436,-1.541944379
214.9,0.9445099537,-0.7080291446,-0.7080291446,-1.508962023
214.925,0.9307578788,-0.7453242716,-0.7453242716,-1.474388107
214.95,0.915548648,-0.7817358318,-0.7817358318,-1.43828829
214.975,0.8989071186,-0.8172265852,-0.8172265852,-1.400736609
215,0.8808603651,-0.8517612441,-0.8517612441,-1.361815034
215.025,0.8614376339,-0.8853066641,-0.8853066641,-1.321612928
215.05,0.8406702931,-0.9178320189,-0.9178320189,-1.280226421
215.075,0.818591781,-0.9493089649,-0.9493089649,-1.237757671
215.1,0.7952375493,-0.9797117777,-0.9797117777,-1.194314097
215.125,0.7706450051,-1.009017477,-1.009017477,-1.15000751
215.15,0.7448534492,-1.037205922,-1.037205922,-1.104953228
215.175,0.7179040111,-1.06425989,-1.06425989,-1.059269157
215.2,0.6898395824,-1.090165127,-1.090165127,-1.013074841
215.225,0.6607047464,-1.114910382,-1.114910382,-0.9664905545
215.25,0.630545706,-1.138487406,-1.138487406,-0.9196363525
215.275,0.5994102092,-1.160890942,-1.160890942,-0.8726312184
215.3,0.5673474716,-1.182118685,-1.182118685,-0.8255921932
215.325,0.5344080976,-1.202171223,-1.202171223,-0.7786336096
215.35,0.5006439994,-1.221051961,-1.221051961,-0.7318663503
215.375,0.4661083135,-1.238767026,-1.238767026,-0.6853972076
215.4,0.4308553167,-1.255325158,-1.255325158,-0.6393282949
215.425,0.3949403391,-1.270737586,-1.270737586,-0.593756561
215.45,0.3584196766,-1.285017892,-1.285017892,-0.5487733631
215.475,0.3213505019,-1.298181872,-1.298181872,-0.5044641449
215.5,0.2837907739,-1.310247378,-1.310247378,-0.4609081737
215.525,0.2457991466,-1.321234167,-1.321234167,-0.4181783717
215.55,0.2074348769,-1.331163737,-1.331163737,-0.3763412089
215.575,0.1687577316,-1.340059168,-1.340059168,-0.3354566713
215.6,0.1298278935,-1.347944958,-1.347944958,-0.2955782865
215.625,0.09070586805,-1.354846862,-1.354846862,-0.2567532096
215.65,0.05145238839,-1.360791738,-1.360791738,-0.2190223528
215.675,0.01212832126,-1.36580739,-1.36580739,-0.1824205638
215.7,-0.02720542764,-1.369922418,-1.369922418,-0.1469768347
215.725,-0.06648800796,-1.373166078,-1.373166078,-0.1127145413
215.75,-0.1056587188,-1.375568142,-1.375568142,-0.07965170792
215.775,-0.1446571023,-1.377158769,-1.377158769,-0.04780128483
215.8,-0.1834230369,-1.377968379,-1.377968379,-0.01717143941
215.825,-0.2218968293,-1.378027544,-1.378027544,0.01223414509
215.85,-0.2600193064,-1.377366871,-1.377366871,0.04041597144
215.875,-0.2977319056,-1.376016908,-1.376016908,0.0673784299
215.9,-0.3349767643,-1.374008045,-1.374008045,0.0931295052
215.925,-0.3716968077,-1.371370434,-1.371370434,0.1176804921
215.95,-0.4078358361,-1.368133903,-1.368133903,0.1410457192
215.975,-0.4433386093,-1.364327888,-1.364327888,0.1632422854
216,-0.4781509309,-1.359981365,-1.359981365,0.1842898116
216.025,-0.5122197296,-1.35512279,-1.35512279,0.2042102009
216.05,-0.5454931392,-1.349780048,-1.349780048,0.2230274201
216.075,-0.5779205764,-1.343980398,-1.343980398,0.2407672911
216.1,-0.6094528163,-1.337750433,-1.337750433,0.2574572991
216.125,-0.6400420662,-1.331116041,-1.331116041,0.2731264171
216.15,-0.6696420364,-1.324102367,-1.324102367,0.2878049406
216.175,-0.6982080091,-1.316733786,-1.316733786,0.3015243409
216.2,-0.725696904,-1.309033872,-1.309033872,0.3143171288
216.225,-0.7520673423,-1.301025373,-1.301025373,0.3262167283
216.25,-0.7772797069,-1.292730194,-1.292730194,0.3372573728
216.275,-0.8012962007,-1.284169372,-1.284169372,0.3474739901
216.3,-0.824080901,-1.275363065,-1.275363065,0.3569021272
216.325,-0.8455998118,-1.266330536,-1.266330536,0.3655778564
216.35,-0.8658209129,-1.257090138,-1.257090138,0.3735377027
216.375,-0.8847142051,-1.247659309,-1.247659309,0.3808185842
216.4,-0.9022517532,-1.238054557,-1.238054557,0.3874577391
216.425,-0.9184077252,-1.228291457,-1.228291457,0.3934926801
216.45,-0.9331584283,-1.218384643,-1.218384643,0.3989611418
216.475,-0.9464823418,-1.208347805,-1.208347805,0.4039010281
216.5,-0.958360146,-1.19819368,-1.19819368,0.4083503783
216.525,-0.9687747486,-1.187934056,-1.187934056,0.4123473212
216.55,-0.9777113066,-1.177579766,-1.177579766,0.4159300359
216.575,-0.9851572457,-1.167140688,-1.167140688,0.4191367217
216.6,-0.9911022756,-1.156625745,-1.156625745,0.4220055559
216.625,-0.9955384018,-1.146042908,-1.146042908,0.4245746641
216.65,-0.9984599342,-1.135399192,-1.135399192,0.4268820877
216.675,-0.999863492,-1.124700668,-1.124700668,0.4289657446
216.7,-0.9997480049,-1.113952455,-1.113952455,0.4308634029
216.725,-0.9981147113,-1.103158734,-1.103158734,0.432612646
216.75,-0.9949671521,-1.092322748,-1.092322748,0.4342508327
216.775,-0.9903111621,-1.081446809,-1.081446809,0.4358150725
216.8,-0.9841548573,-1.070532304,-1.070532304,0.4373421873
216.825,-0.9765086185,-1.059579705,-1.059579705,0.4388686696
216.85,-0.9673850724,-1.048588575,-1.048588575,0.4404306583
216.875,-0.9567990682,-1.037557578,-1.037557578,0.442063898
216.9,-0.9447676522,-1.026484492,-1.026484492,0.4438036938
216.925,-0.9313100376,-1.015366215,-1.015366215,0.4456848872
216.95,-0.9164475726,-1.004198783,-1.004198783,0.4477418145
216.975,-0.9002037041,-0.9929773778,-0.9929773778,0.4500082607
217,-0.882603939,-0.981696347,-0.981696347,0.4525174305
217.025,-0.8636758025,-0.9703492121,-0.9703492121,0.4553019113
217.05,-0.8434487929,-0.9589286904,-0.9589286904,0.4583936269
217.075,-0.8219543339,-0.9474267102,-0.9474267102,0.4618238037
217.1,-0.7992257242,-0.9358344258,-0.9358344258,0.4656229382
217.125,-0.775298084,-0.9241422403,-0.9241422403,0.4698207517
217.15,-0.7502082992,-0.9123398248,-0.9123398248,0.4744461567
217.175,-0.7239949629,-0.9004161353,-0.9004161353,0.4795272256
217.2,-0.6966983144,-0.8883594392,-0.8883594392,0.4850911474
217.225,-0.668360176,-0.8761573352,-0.8761573352,0.4911641989
217.25,-0.6390238874,-0.8637967751,-0.8637967751,0.4977717111
217.275,-0.6087342381,-0.8512640923,-0.8512640923,0.5049380316
217.3,-0.5775373977,-0.8385450223,-0.8385450223,0.5126864989
217.325,-0.545480844,-0.8256247299,-0.8256247299,0.5210394079
217.35,-0.51261329,-0.8124878378,-0.8124878378,0.5300179784
217.375,-0.4789846082,-0.7991184493,-0.7991184493,0.5396423299
217.4,-0.4446457545,-0.785500181,-0.785500181,0.5499314471
217.425,-0.4096486893,-0.7716161886,-0.7716161886,0.5609031551
217.45,-0.3740462983,-0.7574491959,-0.7574491959,0.5725740891
217.475,-0.337892312,-0.7429815285,-0.7429815285,0.5849596638
217.5,-0.3012412232,-0.728195139,-0.728195139,0.5980740477
217.525,-0.2641482046,-0.7130716447,-0.7130716447,0.6119301281
217.55,-0.2266690252,-0.6975923551,-0.6975923551,0.626539483
217.575,-0.1888599655,-0.6817383075,-0.6817383075,0.6419123458
217.6,-0.150777733,-0.6654903012,-0.6654903012,0.658057569
217.625,-0.1124793762,-0.6488289303,-0.6488289303,0.6749825873
217.65,-0.07402219931,-0.6317346234,-0.6317346234,0.6926933713
217.675,-0.03546367621,-0.6141876761,-0.6141876761,0.7111943864
217.7,0.003138635841,-0.5961682941,-0.5961682941,0.7304885339
217.725,0.04172718198,-0.5776566288,-0.5776566288,0.7505771004
217.75,0.08024449562,-0.5586328216,-0.5586328216,0.7714596877
217.775,0.1186332839,-0.5390770451,-0.5390770451,0.7931341442
217.8,0.1568365127,-0.5189695482,-0.5189695482,0.8155964837
217.825,0.1947974913,-0.498290704,-0.498290704,0.8388407937
217.85,0.2324599558,-0.4770210575,-0.4770210575,0.8628591392
217.875,0.2697681526,-0.4551413801,-0.4551413801,0.887641445
217.9,0.3066669199,-0.432632721,-0.432632721,0.9131753798
217.925,0.3431017692,-0.4094764696,-0.4094764696,0.9394462097
217.95,0.3790189647,-0.3856544129,-0.3856544129,0.966436658
217.975,0.4143656022,-0.3611488057,-0.3611488057,0.9941267278
218,0.4490896857,-0.3359424362,-0.3359424362,1.022493533
218.025,0.4831402037,-0.3100187052,-0.3100187052,1.051511091
218.05,0.5164672026,-0.2833617019,-0.2833617019,1.081150117
218.075,0.5490218593,-0.2559562928,-0.2559562928,1.111377792
218.1,0.5807565516,-0.2277882108,-0.2277882108,1.142157519
218.125,0.6116249265,-0.1988441537,-0.1988441537,1.173448663
218.15,0.641581967,-0.1691118892,-0.1691118892,1.205206277
218.175,0.6705840561,-0.1385803641,-0.1385803641,1.237380821
218.2,0.6985890394,-0.1072398258,-0.1072398258,1.269917858
218.225,0.7255562846,-0.07508194592,-0.07508194592,1.302757757
218.25,0.7514467391,-0.04209995521,-0.04209995521,1.335835386
218.275,0.7762229852,-0.008288784977,-0.008288784977,1.369079802
218.3,0.7998492923,0.0263547845,0.0263547845,1.40241396
218.325,0.8222916669,0.06183196735,0.06183196735,1.435754419
218.35,0.8435179,0.09814180901,0.09814180901,1.469011083
218.375,0.8634976115,0.1352810169,0.1352810169,1.50208696
218.4,0.8822022918,0.1732437852,0.1732437852,1.534877966
218.425,0.8996053407,0.2120216157,0.2120216157,1.567272781
218.45,0.9156821036,0.2516031358,0.2516031358,1.599152757
218.475,0.9304099041,0.2919739156,0.2919739156,1.630391913
218.5,0.9437680746,0.3331162829,0.3331162829,1.660857009
218.525,0.9557379827,0.375009148,0.375009148,1.690407728
218.55,0.9663030557,0.4176278257,0.4176278257,1.718896981
218.575,0.9754488013,0.4609438745,0.4609438745,1.746171316
218.6,0.9831628253,0.5049249421,0.5049249421,1.772071535
218.625,0.9894348467,0.5495346324,0.5495346324,1.796433372
218.65,0.9942567087,0.5947323887,0.5947323887,1.81908846
218.675,0.9976223874,0.6404734041,0.6404734041,1.839865352
218.7,0.9995279973,0.6867085614,0.6867085614,1.85859083
218.725,0.9999717929,0.7333844037,0.7333844037,1.875091319
218.75,0.9989541682,0.7804431489,0.7804431489,1.88919452
218.775,0.9964776524,0.827822741,0.827822741,1.900731203
218.8,0.9925469023,0.8754569506,0.8754569506,1.90953712
218.825,0.9871686927,0.9232755281,0.9232755281,1.915455104
218.85,0.9803519023,0.9712044038,0.9712044038,1.918337197
218.875,0.9721074975,1.019165947,1.019165947,1.918046874
218.9,0.962448513,1.067079282,1.067079282,1.91446128
218.925,0.9513900293,1.114860654,1.114860654,1.90747341
218.95,0.9389491472,1.162423853,1.162423853,1.896994208
218.975,0.9251449595,1.209680687,1.209680687,1.882954527
219,0.9099985204,1.256541506,1.256541506,1.865306865
219.025,0.8935328108,1.302915755,1.302915755,1.844026838
219.05,0.8757727022,1.34871257,1.34871257,1.81911435
219.075,0.8567449172,1.393841402,1.393841402,1.790594379
219.1,0.8364779876,1.438212641,1.438212641,1.758517367
219.125,0.8150022101,1.481738254,1.481738254,1.722959184
219.15,0.7923495991,1.524332423,1.524332423,1.684020625
219.175,0.7685538375,1.565912149,1.565912149,1.641826478
219.2,0.743650225,1.60639784,1.60639784,1.596524149
219.225,0.7176756245,1.645713852,1.645713852,1.548281865
219.25,0.6906684056,1.683788986,1.683788986,1.497286516
219.275,0.6626683871,1.720556924,1.720556924,1.443741195
219.3,0.6337167762,1.755956598,1.755956598,1.387862448
219.325,0.6038561072,1.789932492,1.789932492,1.329877357
219.35,0.5731301776,1.822434867,1.822434867,1.270020552
219.375,0.5415839825,1.853419913,1.853419913,1.208531057
219.4,0.5092636476,1.882849819,1.882849819,1.145649396
219.425,0.4762163609,1.910692773,1.910692773,1.081614498
219.45,0.4424903027,1.936922892,1.936922892,1.016661115
219.475,0.4081345742,1.961520077,1.961520077,0.9510171538
219.5,0.3731991258,1.984469822,1.984469822,0.8849014875
219.525,0.3377346827,2.005762956,2.005762956,0.8185219361
219.55,0.3017926714,2.025395349,2.025395349,0.7520736278
219.575,0.2654251441,2.043367578,2.043367578,0.6857376679
219.6,0.2286847026,2.059684557,2.059684557,0.6196801218
219.625,0.191624422,2.074355161,2.074355161,0.554051339
219.65,0.1542977733,2.087391821,2.087391821,0.4889855555
219.675,0.1167585463,2.098810119,2.098810119,0.424600785
219.7,0.07906077111,2.108628388,2.108628388,0.3609989528
219.725,0.0412586409,2.116867313,2.116867313,0.2982662466
219.75,0.003406433363,2.123549539,2.123549539,0.2364736587
219.775,-0.03444156711,2.128699305,2.128699305,0.1756776685
219.8,-0.0722311473,2.132342088,2.132342088,0.1159210534
219.825,-0.1099082427,2.134504272,2.134504272,0.05723379046
219.85,-0.147419015,2.135212842,2.135212842,-0.0003659968956
219.875,-0.1847099281,2.134495098,2.134495098,-0.05687103561
219.9,-0.221727825,2.132378394,2.132378394,-0.1122839014
219.925,-0.2584200029,2.128889911,2.128889911,-0.1666160284
219.95,-0.2947342876,2.12405644,2.12405644,-0.2198867211
219.975,-0.3306191072,2.117904203,2.117904203,-0.2721222246
220,-0.3660235652,2.110458688,2.110458688,-0.3233548327
220.025,-0.4008975115,2.101744508,2.101744508,-0.3736220412
220.05,-0.4351916129,2.091785283,2.091785283,-0.4229657762
220.075,-0.4688574222,2.080603535,2.080603535,-0.4714316735
220.1,-0.5018474456,2.068220609,2.068220609,-0.5190684192
220.125,-0.5341152088,2.054656598,2.054656598,-0.5659271681
220.15,-0.5656153215,2.039930292,2.039930292,-0.6120610033
220.175,-0.5963035404,2.024059135,2.024059135,-0.6575244713
220.2,-0.6261368298,2.007059192,2.007059192,-0.7023731674
220.225,-0.6550734212,1.988945131,1.988945131,-0.7466633681
220.25,-0.68307287,1.969730206,1.969730206,-0.7904517257
220.275,-0.7100961114,1.949426254,1.949426254,-0.833794987
220.3,-0.736105513,1.928043693,1.928043693,-0.8767497741
220.325,-0.7610649261,1.905591533,1.905591533,-0.9193723757
220.35,-0.7849397344,1.882077378,1.882077378,-0.9617185932
220.375,-0.8076969005,1.857507447,1.857507447,-1.003843587
220.4,-0.8293050098,1.831886588,1.831886588,-1.045801771
220.425,-0.849734313,1.805218302,1.805218302,-1.087646692
220.45,-0.8689567644,1.777504759,1.777504759,-1.129430956
220.475,-0.8869460596,1.748746829,1.748746829,-1.171206132
220.5,-0.9036776693,1.718944107,1.718944107,-1.213022677
220.525,-0.9191288712,1.688094939,1.688094939,-1.254929858
220.55,-0.9332787786,1.656196459,1.656196459,-1.296975656
220.575,-0.9461083676,1.623244613,1.623244613,-1.33920669
220.6,-0.9576005002,1.589234203,1.589234203,-1.381668095
220.625,-0.9677399452,1.554158925,1.554158925,-1.42440339
220.65,-0.976513397,1.518011403,1.518011403,-1.467454356
220.675,-0.9839094908,1.480783243,1.480783243,-1.510860839
220.7,-0.9899188152,1.442465084,1.442465084,-1.554660531
220.725,-0.9945339224,1.403046645,1.403046645,-1.598888776
220.75,-0.997749335,1.3625168,1.3625168,-1.643578224
220.775,-0.999561551,1.320863644,1.320863644,-1.688758505
220.8,-0.9999690447,1.278074564,1.278074564,-1.734455902
220.825,-0.9989722657,1.23413635,1.23413635,-1.780692795
220.85,-0.9965736353,1.189035279,1.189035279,-1.827487208
220.875,-0.9927775393,1.142757232,1.142757232,-1.874852244
220.9,-0.9875903185,1.095287847,1.095287847,-1.922795293
220.925,-0.9810202569,1.046612641,1.046612641,-1.971317408
220.95,-0.9730775664,0.9967172003,0.9967172003,-2.020412371
220.975,-0.9637743693,0.9455873677,0.9455873677,-2.070065734
221,-0.9531246782,0.893209454,0.893209454,-2.120253837
221.025,-0.941144373,0.8395705011,0.8395705011,-2.170942536
221.05,-0.9278511756,0.7846585334,0.7846585334,-2.222086062
221.075,-0.9132646219,0.7284628944,0.7284628944,-2.273625522
221.1,-0.8974060315,0.6709745651,0.6709745651,-2.325487546
221.125,-0.8802984749,0.6121865699,0.6121865699,-2.37758262
221.15,-0.8619667379,0.5520943806,0.5520943806,-2.429803538
221.175,-0.8424372848,0.4906963933,0.4906963933,-2.482023645
221.2,-0.8217382179,0.4279944306,0.4279944306,-2.534095159
221.225,-0.7998992358,0.3639942887,0.3639942887,-2.58584746
221.25,-0.7769515894,0.2987063359,0.2987063359,-2.637085437
221.275,-0.7529280356,0.2321461383,0.2321461383,-2.68758798
221.3,-0.7278627888,0.1643351283,0.1643351283,-2.737106633
221.325,-0.7017914715,0.09530130448,0.09530130448,-2.785364537
221.35,-0.6747510616,0.02507994916,0.02507994916,-2.832055733
221.375,-0.646779839,-0.04628564025,-0.04628564025,-2.876844941
221.4,-0.6179173301,-0.1187434204,-0.1187434204,-2.919367918
221.425,-0.5882042509,-0.1922318905,-0.1922318905,-2.959232536
221.45,-0.5576824482,-0.2666794163,-0.2666794163,-2.996020683
221.475,-0.5263948396,-0.3420036154,-0.3420036154,-3.029291101
221.5,-0.4943853524,-0.418110824,-0.418110824,-3.058583317
221.525,-0.4616988605,-0.4948956766,-0.4948956766,-3.083422663
221.55,-0.428381121,-0.5722408276,-0.5722408276,-3.103326482
221.575,-0.3944787091,-0.6500168422,-0.6500168422,-3.117811588
221.6,-0.3600389523,-0.7280822863,-0.7280822863,-3.126402801
221.625,-0.3251098634,-0.8062840458,-0.8062840458,-3.128642547
221.65,-0.2897400731,-0.8844578949,-0.8844578949,-3.124101304
221.675,-0.2539787618,-0.9624293352,-0.9624293352,-3.112388629
221.7,-0.2178755903,-1.040014713,-1.040014713,-3.093164454
221.725,-0.1814806308,-1.11702262,-1.11702262,-3.066150211
221.75,-0.1448442968,-1.193255563,-1.193255563,-3.031139373
221.775,-0.108017273,-1.268511883,-1.268511883,-2.988006888
221.8,-0.0710504451,-1.342587902,-1.342587902,-2.936717053
221.825,-0.03399482888,-1.415280226,-1.415280226,-2.877329337
221.85,0.00309849988,-1.486388176,-1.486388176,-2.810001785
221.875,0.04017847609,-1.555716267,-1.555716267,-2.734991673
221.9,0.07719411559,-1.623076666,-1.623076666,-2.652653271
221.925,0.1140945851,-1.688291556,-1.688291556,-2.563432662
221.95,0.150829272,-1.751195342,-1.751195342,-2.467859751
221.975,0.1873478535,-1.811636617,-1.811636617,-2.366537736
222,0.223600365,-1.869479839,-1.869479839,-2.260130474
222.025,0.2595372685,-1.924606674,-1.924606674,-2.149348241
222.05,0.2951095199,-1.976916968,-1.976916968,-2.03493256
222.075,0.3302686349,-2.026329332,-2.026329332,-1.917640502
222.1,0.364966755,-2.072781338,-2.072781338,-1.798229442
222.125,0.3991567119,-2.116229347,-2.116229347,-1.677442603
222.15,0.4327920909,-2.15664798,-2.15664798,-1.555995761
222.175,0.4658272933,-2.19402929,-2.19402929,-1.434565898
222.2,0.4982175969,-2.22838167,-2.22838167,-1.313781701
222.225,0.5299192166,-2.259728548,-2.259728548,-1.194216197
222.25,0.5608893617,-2.288106923,-2.288106923,-1.076381584
222.275,0.5910862932,-2.313565805,-2.313565805,-0.9607261228
222.3,0.6204693789,-2.336164599,-2.336164599,-0.8476329754
222.325,0.648999147,-2.355971479,-2.355971479,-0.7374207479
222.35,0.6766373377,-2.373061795,-2.373061795,-0.6303454971
222.375,0.7033469538,-2.38751655,-2.38751655,-0.5266039237
222.4,0.7290923083,-2.399420965,-2.399420965,-0.4263374638
222.425,0.7538390716,-2.408863152,-2.408863152,-0.3296370094
222.45,0.7775543151,-2.415932921,-2.415932921,-0.2365480321
222.475,0.800206554,-2.420720704,-2.420720704,-0.1470758898
222.5,0.8217657879,-2.423316619,-2.423316619,-0.06119111772
222.525,0.8422035383,-2.423809669,-2.423809669,0.0211654141
222.55,0.8614928855,-2.422287057,-2.422287057,0.1000776014
222.575,0.8796085019,-2.418833628,-2.418833628,0.1756495437
222.6,0.896526684,-2.413531417,-2.413531417,0.2480013706
222.625,0.9122253816,-2.406459293,-2.406459293,0.3172654849
222.65,0.9266842248,-2.397692698,-2.397692698,0.3835832336
222.675,0.9398845488,-2.387303457,-2.387303457,0.447102002
222.7,0.9518094165,-2.375359665,-2.375359665,0.5079727135
222.725,0.9624436378,-2.361925619,-2.361925619,0.5663477103
222.75,0.9717737879,-2.34706181,-2.34706181,0.6223789865
222.775,0.9797882218,-2.330824948,-2.330824948,0.6762167393
222.8,0.9864770876,-2.313268024,-2.313268024,0.7280082047
222.825,0.9918323361,-2.294440395,-2.294440395,0.7778967436
222.85,0.9958477288,-2.274387887,-2.274387887,0.826021146
222.875,0.9985188432,-2.253152923,-2.253152923,0.8725151215
222.9,0.9998430759,-2.230774647,-2.230774647,0.9175069477
222.925,0.9998196425,-2.20728907,-2.20728907,0.9611192507
222.95,0.9984495756,-2.182729205,-2.182729205,1.003468895
222.975,0.9957357207,-2.15712522,-2.15712522,1.044666959
223,0.9916827285,-2.130504574,-2.130504574,1.084818786
223.025,0.9862970462,-2.102892167,-2.102892167,1.12402408
223.05,0.9795869053,-2.074310472,-2.074310472,1.162377046
223.075,0.9715623077,-2.044779675,-2.044779675,1.199966566
223.1,0.9622350087,-2.014317806,-2.014317806,1.236876374
223.125,0.9516184988,-1.982940863,-1.982940863,1.273185264
223.15,0.9397279821,-1.950662933,-1.950662933,1.308967282
223.175,0.9265803533,-1.917496309,-1.917496309,1.344291922
223.2,0.9121941715,-1.883451604,-1.883451604,1.379224316
223.225,0.896589633,-1.848537853,-1.848537853,1.413825398
223.25,0.8797885413,-1.81276262,-1.81276262,1.448152072
223.275,0.8618142748,-1.776132093,-1.776132093,1.482257334
223.3,0.8426917529,-1.738651187,-1.738651187,1.516190398
223.325,0.8224473999,-1.700323628,-1.700323628,1.549996768
223.35,0.8011091075,-1.661152054,-1.661152054,1.583718308
223.375,0.7787061941,-1.6211381,-1.6211381,1.617393265
223.4,0.7552693639,-1.580282489,-1.580282489,1.651056264
223.425,0.7308306631,-1.538585128,-1.538585128,1.684738272
223.45,0.7054234349,-1.496045189,-1.496045189,1.718466528
223.475,0.6790822724,-1.45266122,-1.45266122,1.752264417
223.5,0.6518429709,-1.408431225,-1.408431225,1.786151342
223.525,0.6237424777,-1.363352783,-1.363352783,1.820142503
223.55,0.5948188408,-1.317423141,-1.317423141,1.854248684
223.575,0.5651111565,-1.270639337,-1.270639337,1.88847597
223.6,0.5346595153,-1.222998323,-1.222998323,1.922825395
223.625,0.5035049472,-1.174497084,-1.174497084,1.95729262
223.65,0.4716893651,-1.125132793,-1.125132793,1.991867455
223.675,0.4392555077,-1.07490295,-1.07490295,2.026533439
223.7,0.4062468813,-1.023805553,-1.023805553,2.061267307
223.725,0.3727077007,-0.9718392731,-0.9718392731,2.096038418
223.75,0.3386828293,-0.9190036404,-0.9190036404,2.130808198
223.775,0.3042177182,-0.8652992652,-0.8652992652,2.165529442
223.8,0.2693583453,-0.8107280403,-0.8107280403,2.200145711
223.825,0.2341511532,-0.755293405,-0.755293405,2.234590572
223.85,0.1986429868,-0.6990005793,-0.6990005793,2.26878695
223.875,0.1628810309,-0.6418568621,-0.6418568621,2.302646365
223.9,0.1269127468,-0.5838719036,-0.5838719036,2.33606828
223.925,0.09078580917,-0.5250580341,-0.5250580341,2.368939403
223.95,0.05454804283,-0.4654305752,-0.4654305752,2.401133101
223.975,0.01824735903,-0.4050081908,-0.4050081908,2.43250886
224,-0.01806830783,-0.3438132347,-0.3438132347,2.462911868
224.025,-0.05435106354,-0.281872111,-0.281872111,2.492172742
224.05,-0.09055311723,-0.219215645,-0.219215645,2.520107427
224.075,-0.1266268442,-0.1558794427,-0.1558794427,2.546517319
224.1,-0.1625248483,-0.09190425467,-0.09190425467,2.571189649
224.125,-0.1982000242,-0.02733632184,-0.02733632184,2.593898162
224.15,-0.2336056186,0.03777230176,0.03777230176,2.61440414
224.175,-0.2686952915,0.103363452,0.103363452,2.632457816
224.2,-0.3034231761,0.1693726006,0.1693726006,2.647800197
224.225,-0.3377439384,0.2357286525,0.2357286525,2.660165325
224.25,-0.3716128359,0.3023538049,0.3023538049,2.669283006
224.275,-0.4049857753,0.3691634799,0.3691634799,2.674882016
224.3,-0.4378193693,0.4360663432,0.4360663432,2.676693722
224.325,-0.4700709919,0.5029644189,0.5029644189,2.674456154
224.35,-0.5016988337,0.5697533118,0.5697533118,2.667918448
224.375,-0.5326619545,0.6363225423,0.6363225423,2.656845559
224.4,-0.5629203359,0.7025560037,0.7025560037,2.641023184
224.425,-0.5924349321,0.7683325428,0.7683325428,2.620262755
224.45,-0.6211677188,0.8335266653,0.8335266653,2.594406374
224.475,-0.6490817418,0.8980093629,0.8980093629,2.563331523
224.5,-0.676141163,0.9616490516,0.9616490516,2.526955378
224.525,-0.7023113054,1.024312613,1.024312613,2.485238581
224.55,-0.7275586962,1.085866522,1.085866522,2.43818828
224.575,-0.7518511089,1.146178033,1.146178033,2.385860311
224.6,-0.7751576023,1.205116423,1.205116423,2.328360379
224.625,-0.7974485596,1.262554236,1.262554236,2.265844153
224.65,-0.8186957237,1.31836852,1.31836852,2.198516223
224.675,-0.8388722323,1.372442032,1.372442032,2.126627904
224.7,-0.8579526502,1.424664358,1.424664358,2.050473946
224.725,-0.8759129999,1.474932954,1.474932954,1.970388187
224.75,-0.8927307901,1.523154058,1.523154058,1.886738332
224.775,-0.9083850426,1.569243461,1.569243461,1.799920001
224.8,-0.9228563167,1.613127126,1.613127126,1.710350253
224.825,-0.9361267316,1.65474164,1.65474164,1.618460701
224.85,-0.9481799872,1.69403449,1.69403449,1.524690653
224.875,-0.9590013824,1.730964172,1.730964172,1.429480275
224.9,-0.9685778311,1.765500125,1.765500125,1.33326401
224.925,-0.9768978764,1.797622518,1.797622518,1.23646463
224.95,-0.9839517028,1.827321882,1.827321882,1.139487749
224.975,-0.9897311457,1.854598632,1.854598632,1.042717202
225,-0.9942296993,1.879462455,1.879462455,0.9465111016
225.025,-0.997442522,1.901931644,1.901931644,0.8511988617
225.05,-0.9993664394,1.922032344,1.922032344,0.7570789691
225.075,-0.9999999462,1.939797756,1.939797756,0.6644176157
225.1,-0.9993432044,1.955267331,1.955267331,0.573448079
225.125,-0.9973980405,1.968485938,1.968485938,0.4843707868
225.15,-0.9941679404,1.97950305,1.97950305,0.3973539968
225.175,-0.9896580416,1.98837196,1.98837196,0.3125349554
225.2,-0.9838751236,1.995149019,1.995149019,0.230021515
225.225,-0.9768275969,1.999892926,1.999892926,0.1498940225
225.25,-0.9685254884,2.002664068,2.002664068,0.07220745673
225.275,-0.9589804263,2.003523912,2.003523912,-0.003006283189
225.3,-0.9482056219,2.002534459,2.002534459,-0.07573603087
225.325,-0.9362158501,1.999757754,1.999757754,-0.1459889866
225.35,-0.9230274274,1.995255459,1.995255459,-0.2137883964
225.375,-0.9086581884,1.989088475,1.989088475,-0.2791713124
225.4,-0.8931274599,1.981316628,1.981316628,-0.3421864699
225.425,-0.8764560339,1.971998398,1.971998398,-0.4028923007
225.45,-0.858666138,1.961190706,1.961190706,-0.4613551025
225.475,-0.8397814044,1.948948732,1.948948732,-0.5176473687
225.5,-0.8198268371,1.935325783,1.935325783,-0.5718462788
225.525,-0.7988287776,1.920373193,1.920373193,-0.6240323578
225.55,-0.7768148687,1.90414025,1.90414025,-0.6742882923
225.575,-0.7538140168,1.886674164,1.886674164,-0.7226978932
225.6,-0.7298563526,1.868020041,1.868020041,-0.7693451975
225.625,-0.7049731908,1.848220894,1.848220894,-0.8143137083
225.65,-0.6791969874,1.827317659,1.827317659,-0.8576857428
225.675,-0.6525612967,1.805349239,1.805349239,-0.899541888
225.7,-0.6251007264,1.782352543,1.782352543,-0.9399605599
225.725,-0.5968508913,1.758362557,1.758362557,-0.9790176299
225.75,-0.5678483666,1.733412399,1.733412399,-1.016786139
225.775,-0.5381306392,1.707533404,1.707533404,-1.053336063
225.8,-0.5077360586,1.680755194,1.680755194,-1.088734139
225.825,-0.4767037861,1.653105766,1.653105766,-1.123043727
225.85,-0.4450737441,1.624611578,1.624611578,-1.156324719
225.875,-0.4128865635,1.595297631,1.595297631,-1.188633469
225.9,-0.3801835313,1.565187566,1.565187566,-1.220022752
225.925,-0.3470065364,1.534303745,1.534303745,-1.250541737
225.95,-0.3133980156,1.50266735,1.50266735,-1.280235977
225.975,-0.2794008989,1.470298469,1.470298469,-1.309147409
226,-0.2450585541,1.437216183,1.437216183,-1.337314355
226.025,-0.2104147308,1.403438665,1.403438665,-1.364771532
226.05,-0.1755135046,1.368983261,1.368983261,-1.391550054
226.075,-0.1403992205,1.333866587,1.333866587,-1.417677445
226.1,-0.1051164364,1.298104615,1.298104615,-1.443177636
226.125,-0.06970986623,1.261712761,1.261712761,-1.468070962
226.15,-0.03422432316,1.224705983,1.224705983,-1.492374159
226.175,0.00129533713,1.18709886,1.18709886,-1.516100348
226.2,0.03680427328,1.148905694,1.148905694,-1.539259011
226.225,0.07225771482,1.11014059,1.11014059,-1.561855972
226.25,0.1076110185,1.070817558,1.070817558,-1.58389336
226.275,0.1428197245,1.030950598,1.030950598,-1.605369572
226.3,0.177839612,0.9905537987,0.9905537987,-1.626279237
226.325,0.2126267545,0.9496414329,0.9496414329,-1.646613162
226.35,0.2471375747,0.9082280459,0.9082280459,-1.6663583
226.375,0.2813288987,0.8663285646,0.8663285646,-1.685497693
226.4,0.3151580095,0.8239583823,0.8239583823,-1.704010439
226.425,0.3485827,0.7811334708,0.7811334708,-1.721871652
226.45,0.3815613251,0.7378704692,0.7378704692,-1.739052437
226.475,0.4140528531,0.6941867923,0.6941867923,-1.755519872
226.5,0.4460169158,0.6501007272,0.6501007272,-1.77123701
226.525,0.4774138584,0.6056315343,0.6056315343,-1.786162894
226.55,0.5082047877,0.5607995496,0.5607995496,-1.800252605
226.575,0.5383516194,0.5156262778,0.5156262778,-1.813457321
226.6,0.5678171246,0.4701344959,0.4701344959,-1.825724432
226.625,0.5965649748,0.4243483376,0.4243483376,-1.83699766
226.65,0.6245597858,0.3782933922,0.3782933922,-1.847217258
226.675,0.65176716,0.3319967794,0.3319967794,-1.856320212
226.7,0.6781537281,0.285487236,0.285487236,-1.864240539
226.725,0.7036871884,0.2387951792,0.2387951792,-1.870909589
226.75,0.7283363459,0.1919527743,0.1919527743,-1.876256453
226.775,0.7520711485,0.1449939807,0.1449939807,-1.880208392
226.8,0.7748627231,0.09795459594,0.09795459594,-1.88269135
226.825,0.7966834091,0.0508722782,0.0508722782,-1.883630521
226.85,0.8175067908,0.003786559315,0.003786559315,-1.88295098
226.875,0.8373077281,-0.04326116155,-0.04326116155,-1.880578373
226.9,0.8560623855,-0.09022764125,-0.09022764125,-1.876439665
226.925,0.8737482593,-0.1370678355,-0.1370678355,-1.870463939
226.95,0.8903442035,-0.1837349623,-0.1837349623,-1.862583236
226.975,0.9058304533,-0.2301805868,-0.2301805868,-1.85273344
227,0.9201886473,-0.2763547289,-0.2763547289,-1.840855171
227.025,0.9334018477,-0.322205992,-0.322205992,-1.826894708
227.05,0.9454545591,-0.3676817175,-0.3676817175,-1.810804896
227.075,0.9563327446,-0.4127281592,-0.4127281592,-1.792546043
227.1,0.9660238409,-0.4572906805,-0.4572906805,-1.772086775
227.125,0.9745167713,-0.5013139729,-0.5013139729,-1.749404843
227.15,0.9818019565,-0.5447422941,-0.5447422941,-1.724487857
227.175,0.9878713237,-0.5875197218,-0.5875197218,-1.697333934
227.2,0.9927183142,-0.6295904228,-0.6295904228,-1.667952228
227.225,0.9963378884,-0.6708989366,-0.6708989366,-1.636363363
227.25,0.9987265297,-0.7113904645,-0.7113904645,-1.602599699
227.275,0.9998822457,-0.7510111637,-0.7510111637,-1.56670548
227.3,0.999804568,-0.7897084478,-0.7897084478,-1.528736809
227.325,0.9984945503,-0.827431279,-0.827431279,-1.488761466
227.35,0.9959547639,-0.8641304553,-0.8641304553,-1.446858578
227.375,0.9921892921,-0.8997588915,-0.8997588915,-1.403118105
227.4,0.9872037224,-0.9342718796,-0.9342718796,-1.357640202
227.425,0.9810051367,-0.9676273336,-0.9676273336,-1.310534421
227.45,0.9736021,-0.9997860164,-0.9997860164,-1.261918785
227.475,0.9650046475,-1.030711735,-1.030711735,-1.211918769
227.5,0.9552242687,-1.060371515,-1.060371515,-1.160666168
227.525,0.9442738916,-1.088735745,-1.088735745,-1.108297899
227.55,0.9321678637,-1.115778286,-1.115778286,-1.054954786
227.575,0.9189219319,-1.141476555,-1.141476555,-1.000780255
227.6,0.9045532207,-1.165811577,-1.165811577,-0.9459191297
227.625,0.8890802086,-1.188767998,-1.188767998,-0.8905163176
227.65,0.872522703,-1.210334078,-1.210334078,-0.8347156953
227.675,0.8549018134,-1.230501648,-1.230501648,-0.7786588889
227.7,0.8362399236,-1.249266043,-1.249266043,-0.7224843012
227.725,0.8165606616,-1.266626001,-1.266626001,-0.666326075
227.75,0.7958888683,-1.28258356,-1.28258356,-0.6103132976
227.775,0.7742505653,-1.297143907,-1.297143907,-0.5545692045
227.8,0.751672921,-1.310315234,-1.310315234,-0.4992105874
227.825,0.7281842146,-1.322108566,-1.322108566,-0.4443472557
227.85,0.7038138004,-1.33253758,-1.33253758,-0.390081661
227.875,0.6785920697,-1.341618422,-1.341618422,-0.3365086075
227.9,0.6525504116,-1.349369509,-1.349369509,-0.2837150877
227.925,0.6257211732,-1.355811334,-1.355811334,-0.231780212
227.95,0.5981376185,-1.360966271,-1.360966271,-0.1807752372
227.975,0.5698338859,-1.364858376,-1.364858376,-0.1307636754
228,0.5408449452,-1.367513201,-1.367513201,-0.08180148016
228.025,0.5112065539,-1.368957603,-1.368957603,-0.03393729655
228.05,0.4809552116,-1.369219565,-1.369219565,0.01278723658
228.075,0.4501281147,-1.368328031,-1.368328031,0.05833713893
228.1,0.41876311,-1.366312738,-1.366312738,0.1026837076
228.125,0.3868986475,-1.363204065,-1.363204065,0.145804111
228.15,0.3545737324,-1.359032896,-1.359032896,0.1876809668
228.175,0.3218278771,-1.353830484,-1.353830484,0.228301909
228.2,0.2887010521,-1.347628333,-1.347628333,0.2676591543
228.225,0.2552336372,-1.340458088,-1.340458088,0.3057490735
228.25,0.2214663712,-1.33235144,-1.33235144,0.3425717673
228.275,0.1874403024,-1.323340033,-1.323340033,0.3781306574
228.3,0.1531967384,-1.313455387,-1.313455387,0.4124320984
228.325,0.1187771952,-1.302728833,-1.302728833,0.4454849964
228.35,0.08422334747,-1.291191449,-1.291191449,0.4773004634
228.375,0.04957697699,-1.278874014,-1.278874014,0.5078914828
228.4,0.01487992272,-1.265806958,-1.265806958,0.5372726031
228.425,-0.0198259701,-1.252020335,-1.252020335,0.5654596572
228.45,-0.05449890032,-1.237543786,-1.237543786,0.5924694973
228.475,-0.08909716124,-1.222406523,-1.222406523,0.618319767
228.5,-0.1235791906,-1.206637309,-1.206637309,0.6430286798
228.525,-0.1579036206,-1.190264445,-1.190264445,0.6666148369
228.55,-0.1920293268,-1.173315766,-1.173315766,0.6890970526
228.575,-0.2259154776,-1.155818635,-1.155818635,0.7104942077
228.6,-0.2595215829,-1.137799941,-1.137799941,0.7308251244
228.625,-0.2928075416,-1.119286108,-1.119286108,0.7501084461
228.65,-0.3257336893,-1.100303095,-1.100303095,0.7683625576
228.675,-0.3582608452,-1.080876407,-1.080876407,0.7856054946
228.7,-0.3903503583,-1.0610311,-1.0610311,0.8018548886
228.725,-0.4219641522,-1.040791798,-1.040791798,0.8171279193
228.75,-0.4530647705,-1.020182701,-1.020182701,0.8314412711
228.775,-0.4836154199,-0.9992275975,-0.9992275975,0.8448111161
228.8,-0.5135800131,-0.9779498769,-0.9779498769,0.8572530964
228.825,-0.542923211,-0.9563725485,-0.9563725485,0.8687823223
228.85,-0.5716104633,-0.9345182463,-0.9345182463,0.8794133758
228.875,-0.5996080485,-0.912409247,-0.912409247,0.8891603218
228.9,-0.6268831125,-0.8900674843,-0.8900674843,0.8980367324
228.925,-0.6534037062,-0.867514556,-0.867514556,0.9060557128
228.95,-0.6791388225,-0.8447717382,-0.8447717382,0.9132299279
228.975,-0.7040584306,-0.8218599969,-0.8218599969,0.919571649
229,-0.7281335108,-0.7987999941,-0.7987999941,0.9250927924
229.025,-0.751336087,-0.7756120985,-0.7756120985,0.9298049606
229.05,-0.7736392578,-0.752316393,-0.752316393,0.9337195036
229.075,-0.795017227,-0.7289326774,-0.7289326774,0.9368475629
229.1,-0.8154453319,-0.7054804771,-0.7054804771,0.9392001264
229.125,-0.8349000705,-0.6819790429,-0.6819790429,0.9407880962
229.15,-0.8533591276,-0.6584473533,-0.6584473533,0.9416223351
229.175,-0.8708013991,-0.6349041165,-0.6349041165,0.9417137322
229.2,-0.8872070142,-0.6113677657,-0.6113677657,0.9410732683
229.225,-0.9025573576,-0.5878564592,-0.5878564592,0.9397120652
229.25,-0.9168350887,-0.5643880743,-0.5643880743,0.9376414586
229.275,-0.9300241596,-0.5409802013,-0.5409802013,0.9348730503
229.3,-0.9421098326,-0.5176501376,-0.5176501376,0.9314187669
229.325,-0.9530786941,-0.4944148762,-0.4944148762,0.9272909241
229.35,-0.9629186689,-0.4712910982,-0.4712910982,0.9225022717
229.375,-0.9716190317,-0.4482951592,-0.4482951592,0.9170660552
229.4,-0.9791704171,-0.425443077,-0.425443077,0.9109960614
229.425,-0.9855648284,-0.402750518,-0.402750518,0.9043066652
229.45,-0.9907956445,-0.3802327805,-0.3802327805,0.8970128764
229.475,-0.9948576251,-0.3579047804,-0.3579047804,0.8891303741
229.5,-0.9977469142,-0.3357810314,-0.3357810314,0.8806755473
229.525,-0.9994610422,-0.3138756299,-0.3138756299,0.8716655214
229.55,-0.9999989264,-0.2922022332,-0.2922022332,0.8621181867
229.575,-0.9993608695,-0.2707740427,-0.2707740427,0.8520522181
229.6,-0.9975485566,-0.2496037822,-0.2496037822,0.8414870909
229.625,-0.9945650509,-0.2287036789,-0.2287036789,0.8304430916
229.65,-0.9904147875,-0.2080854427,-0.2080854427,0.8189413211
229.675,-0.9851035655,-0.1877602452,-0.1877602452,0.8070036952
229.7,-0.9786385385,-0.1677387009,-0.1677387009,0.7946529359
229.725,-0.9710282044,-0.1480308455,-0.1480308455,0.7819125602
229.75,-0.9622823919,-0.1286461175,-0.1286461175,0.7688068607
229.775,-0.9524122475,-0.1095933383,-0.1095933383,0.755360882
229.8,-0.9414302193,-0.09088069447,-0.09088069447,0.7416003905
229.825,-0.9293500404,-0.07251571948,-0.07251571948,0.7275518402
229.85,-0.91618671,-0.05450527728,-0.05450527728,0.7132423312
229.875,-0.901956474,-0.03685554687,-0.03685554687,0.6986995664
229.9,-0.8866768034,-0.01957200746,-0.01957200746,0.6839517998
229.925,-0.8703663716,-0.002659425743,-0.002659425743,0.6690277841
229.95,-0.8530450305,0.01387815615,0.01387815615,0.6539567117
229.975,-0.8347337848,0.03003743071,0.03003743071,0.6387681536
230,-0.8154547658,0.04581583376,0.04581583376,0.6234919947
230.025,-0.795231203,0.06121155148,0.06121155148,0.6081583661
230.05,-0.7740873954,0.07622352569,0.07622352569,0.5927975754
230.075,-0.752048681,0.09085145734,0.09085145734,0.5774400361
230.1,-0.7291414052,0.1050958083,0.1050958083,0.5621161916
230.125,-0.7053928885,0.1189578011,0.1189578011,0.5468564461
230.15,-0.6808313928,0.1324394171,0.1324394171,0.5316910834
230.175,-0.6554860869,0.1455433928,0.1455433928,0.5166501999
230.2,-0.6293870107,0.1582732131,0.1582732131,0.5017636219
230.225,-0.6025650388,0.1706331055,0.1706331055,0.4870608385
230.25,-0.5750518429,0.1826280291,0.1826280291,0.4725709255
230.275,-0.5468798541,0.1942636641,0.1942636641,0.4583224727
230.3,-0.5180822234,0.2055463988,0.2055463988,0.4443435186
230.325,-0.4886927817,0.2164833144,0.2164833144,0.4306614756
230.35,-0.4587460002,0.2270821698,0.2270821698,0.4173030716
230.375,-0.4282769485,0.2373513817,0.2373513817,0.4042942797
230.4,-0.3973212531,0.2473000071,0.2473000071,0.3916602627
230.425,-0.3659150554,0.2569377206,0.2569377206,0.3794253104
230.45,-0.3340949688,0.2662747931,0.2662747931,0.367612788
230.475,-0.3018980353,0.2753220671,0.2753220671,0.35624508
230.5,-0.2693616822,0.2840909322,0.2840909322,0.3453435436
230.525,-0.2365236783,0.2925932983,0.2925932983,0.3349284596
230.55,-0.2034220891,0.300841569,0.300841569,0.3250189907
230.575,-0.1700952332,0.3088486116,0.3088486116,0.3156331392
230.6,-0.1365816368,0.3166277298,0.3166277298,0.306787711
230.625,-0.1029199897,0.3241926308,0.3241926308,0.2984982791
230.65,-0.06914909997,0.3315573966,0.3315573966,0.2907791531
230.675,-0.03530784922,0.3387364499,0.3387364499,0.2836433489
230.7,-0.001435147818,0.3457445229,0.3457445229,0.2771025633
230.725,0.03243010996,0.3525966232,0.3525966232,0.2711671487
230.75,0.06624909052,0.3593080004,0.3593080004,0.2658460933
230.775,0.09998306546,0.3658941113,0.3658941113,0.2611470007
230.8,0.1335934558,0.3723705855,0.3723705855,0.2570760744
230.825,0.1670418759,0.37875319,0.37875319,0.2536381019
230.85,0.2002901771,0.3850577936,0.3850577936,0.2508364438
230.875,0.2333004911,0.3913003313,0.3913003313,0.2486730223
230.9,0.2660352727,0.3974967677,0.3974967677,0.2471483129
230.925,0.298457342,0.4036630618,0.4036630618,0.2462613383
230.95,0.3305299264,0.4098151292,0.4098151292,0.246009663
230.975,0.3622167021,0.4159688071,0.4159688071,0.24638939
231,0.3934818341,0.4221398161,0.4221398161,0.2473951598
231.025,0.424290017,0.4283437256,0.4283437256,0.2490201499
231.05,0.4546065137,0.4345959151,0.4345959151,0.2512560767
231.075,0.4843971941,0.4409115398,0.4409115398,0.2540931987
231.1,0.513628573,0.4473054921,0.4473054921,0.2575203205
231.125,0.5422678471,0.4537923675,0.4537923675,0.2615247998
231.15,0.5702829306,0.4603864264,0.4603864264,0.2660925543
231.175,0.597642491,0.4671015603,0.4671015603,0.2712080713
231.2,0.6243159828,0.473951254,0.473951254,0.2768544181
231.225,0.650273681,0.4809485524,0.4809485524,0.2830132544
231.25,0.6754867136,0.4881060234,0.4881060234,0.2896648464
231.275,0.699927092,0.4954357255,0.4954357255,0.296788082
231.3,0.7235677418,0.5029491709,0.5029491709,0.3043604891
231.325,0.7463825317,0.5106572949,0.5106572949,0.3123582533
231.35,0.7683463009,0.5185704192,0.5185704192,0.3207562417
231.375,0.7894348864,0.5266982223,0.5266982223,0.3295280236
231.4,0.8096251481,0.5350497049,0.5350497049,0.3386458987
231.425,0.8288949931,0.5436331604,0.5436331604,0.3480809232
231.45,0.8472233986,0.552456143,0.552456143,0.3578029424
231.475,0.8645904342,0.5615254383,0.5615254383,0.3677806227
231.5,0.8809772816,0.5708470344,0.5708470344,0.3779814889
231.525,0.8963662544,0.5804260931,0.5804260931,0.3883719643
231.55,0.9107408155,0.5902669244,0.5902669244,0.3989174116
231.575,0.9240855937,0.6003729583,0.6003729583,0.4095821841
231.6,0.936386399,0.6107467231,0.6107467231,0.4203296697
231.625,0.9476302362,0.6213898188,0.6213898188,0.4311223536
231.65,0.9578053173,0.6323028979,0.6323028979,0.4419218695
231.675,0.9669010723,0.6434856432,0.6434856432,0.4526890694
231.7,0.9749081593,0.65493675,0.65493675,0.463384089
231.725,0.981818472,0.6666539088,0.6666539088,0.4739664207
231.75,0.9876251472,0.6786337899,0.6786337899,0.4843949967
231.775,0.9923225694,0.6908720312,0.6908720312,0.4946282651
231.8,0.9959063754,0.7033632262,0.7033632262,0.5046242912
231.825,0.9983734563,0.7161009168,0.7161009168,0.5143408392
231.85,0.9997219591,0.7290775857,0.7290775857,0.523735486
231.875,0.9999512859,0.7422846544,0.7422846544,0.5327657191
231.9,0.9990620924,0.7557124808,0.7557124808,0.5413890511
231.925,0.9970562851,0.7693503632,0.7693503632,0.5495631426
231.95,0.9939370162,0.7831865435,0.7831865435,0.5572459132
231.975,0.989708678,0.7972082171,0.7972082171,0.5643956861
232,0.9843768958,0.811401543,0.811401543,0.5709713018
232.025,0.977948519,0.8257516598,0.8257516598,0.5769322704
232.05,0.9704316112,0.8402427036,0.8402427036,0.5822389007
232.075,0.9618354388,0.8548578288,0.8548578288,0.586852446
232.1,0.9521704588,0.8695792361,0.8695792361,0.5907352508
232.125,0.9414483042,0.8843881978,0.8843881978,0.5938508882
232.15,0.9296817693,0.899265095,0.899265095,0.5961643158
232.175,0.916884793,0.9141894487,0.9141894487,0.5976420053
232.2,0.9030724414,0.9291399648,0.9291399648,0.5982520986
232.225,0.8882608883,0.9440945726,0.9440945726,0.5979645303
232.25,0.8724673959,0.9590304758,0.9590304758,0.596751173
232.275,0.8557102927,0.9739241985,0.9739241985,0.5945859521
232.3,0.8380089517,0.9887516413,0.9887516413,0.5914449722
232.325,0.8193837669,1.003488135,1.003488135,0.587306619
232.35,0.7998561282,1.0181085,1.0181085,0.5821516622
232.375,0.7794483964,1.032587106,1.032587106,0.575963338
232.4,0.758183876,1.046897936,1.046897936,0.5687274238
232.425,0.736086788,1.06101465,1.06101465,0.560432295
232.45,0.7131822413,1.074910648,1.074910648,0.5510689692
232.475,0.689496203,1.088559143,1.088559143,0.5406311307
232.5,0.6650554679,1.10193322,1.10193322,0.5291151417
232.525,0.6398876281,1.115005907,1.115005907,0.5165200318
232.55,0.6140210398,1.127750242,1.127750242,0.5028474738
232.575,0.5874847917,1.140139337,1.140139337,0.4881017356
232.6,0.5603086706,1.152146441,1.152146441,0.4722896222
232.625,0.5325231278,1.163745008,1.163745008,0.4554203885
232.65,0.5041592438,1.174908748,1.174908748,0.4375056497
232.675,0.4752486933,1.185611693,1.185611693,0.4185592567
232.7,0.4458237089,1.195828246,1.195828246,0.3985971783
232.725,0.4159170444,1.205533236,1.205533236,0.3776373425
232.75,0.3855619384,1.214701963,1.214701963,0.3556994959
232.775,0.3547920761,1.223310239,1.223310239,0.3328050166
232.8,0.3236415518,1.231334432,1.231334432,0.3089767544
232.825,0.2921448308,1.238751496,1.238751496,0.2842388268
232.85,0.2603367104,1.245539002,1.245539002,0.2586164397
232.875,0.2282522816,1.251675164,1.251675164,0.2321356834
232.9,0.1959268899,1.257138856,1.257138856,0.2048233318
232.925,0.1633960957,1.261909628,1.261909628,0.1767066528
232.95,0.1306956357,1.265967716,1.265967716,0.1478131902
232.975,0.09786138261,1.269294045,1.269294045,0.1181705951
233,0.0649293063,1.271870232,1.271870232,0.08780640674
233.025,0.03193543395,1.273678579,1.273678579,0.056747891
233.05,-0.001084189336,1.274702064,1.274702064,0.02502185656
233.075,-0.03409353994,1.274924328,1.274924328,-0.007345520603
233.1,-0.06705665501,1.274329656,1.274329656,-0.04032883238
233.125,-0.09993767157,1.272902957,1.272902957,-0.07390360788
233.15,-0.1327008655,1.270629742,1.270629742,-0.1080464254
233.175,-0.1653106899,1.267496088,1.267496088,-0.1427350398
233.2,-0.1977318141,1.263488616,1.263488616,-0.1779484924
233.225,-0.229929161,1.258594455,1.258594455,-0.2136671866
233.25,-0.2618679451,1.252801199,1.252801199,-0.2498729829
233.275,-0.2935137097,1.246096884,1.246096884,-0.2865492495
233.3,-0.3248323639,1.238469943,1.238469943,-0.3236809069
233.325,-0.3557902185,1.229909158,1.229909158,-0.3612544669
233.35,-0.3863540221,1.220403635,1.220403635,-0.3992580477
233.375,-0.4164909965,1.209942758,1.209942758,-0.4376813739
233.4,-0.4461688708,1.198516142,1.198516142,-0.4765157597
233.425,-0.4753559158,1.186113603,1.186113603,-0.5157540877
233.45,-0.5040209772,1.172725118,1.172725118,-0.5553907682
233.475,-0.5321335083,1.158340781,1.158340781,-0.595421668
233.5,-0.5596636019,1.142950772,1.142950772,-0.6358440443
233.525,-0.586582021,1.126545328,1.126545328,-0.6766564688
233.55,-0.6128602297,1.109114702,1.109114702,-0.7178586995
233.575,-0.6384704224,1.090649138,1.090649138,-0.7594515642
233.6,-0.663385552,1.071138853,1.071138853,-0.8014368485
233.625,-0.6875793586,1.050574005,1.050574005,-0.8438171054
233.65,-0.7110263951,1.02894468,1.02894468,-0.8865954768
233.675,-0.7337020542,1.006240883,1.006240883,-0.9297755425
233.7,-0.7555825923,0.9824525241,0.9824525241,-0.9733610606
233.725,-0.7766451542,0.9575694207,0.9575694207,-1.017355705
233.75,-0.7968677951,0.9315813012,0.9315813012,-1.061762871
233.775,-0.8162295035,0.9044778156,0.9044778156,-1.106585324
233.8,-0.834710221,0.8762485591,0.8762485591,-1.151824849
233.825,-0.8522908625,0.846883093,0.846883093,-1.197481979
233.85,-0.8689533348,0.8163709887,0.8163709887,-1.243555527
233.875,-0.8846805539,0.7847018741,0.7847018741,-1.290042158
233.9,-0.8994564614,0.7518654864,0.7518654864,-1.336935985
233.925,-0.9132660399,0.7178517556,0.7178517556,-1.384227951
233.95,-0.926095327,0.6826508762,0.6826508762,-1.43190536
233.975,-0.9379314279,0.6462534156,0.6462534156,-1.479951218
234,-0.9487625274,0.6086504265,0.6086504265,-1.52834358
234.025,-0.9585779007,0.5698335769,0.5698335769,-1.577054863
234.05,-0.9673679221,0.5297953071,0.5297953071,-1.626051048
234.075,-0.9751240737,0.4885289917,0.4885289917,-1.675290912
234.1,-0.981838952,0.4460291394,0.4460291394,-1.724725125
234.125,-0.9875062737,0.4022915992,0.4022915992,-1.774295384
234.15,-0.9921208805,0.3573138018,0.3573138018,-1.82393344
234.175,-0.9956787421,0.3110950187,0.3110950187,-1.873560139
234.2,-0.9981769582,0.2636366446,0.2636366446,-1.923084429
234.225,-0.9996137598,0.214942513,0.214942513,-1.972402356
234.25,-0.9999885086,0.1650192246,0.1650192246,-2.021396092
234.275,-0.9993016954,0.1138765109,0.1138765109,-2.069932979
234.3,-0.9975549375,0.06152761437,0.06152761437,-2.117864657
234.325,-0.994750975,0.007989690511,0.007989690511,-2.165026284
234.35,-0.9908936652,-0.04671577111,-0.04671577111,-2.211235886
234.375,-0.9859879768,-0.1025625122,-0.1025625122,-2.256293895
234.4,-0.9800399821,-0.1595190625,-0.1595190625,-2.29998291
234.425,-0.9730568487,-0.2175482942,-0.2175482942,-2.34206774
234.45,-0.9650468297,-0.2766069811,-0.2766069811,-2.382295777
234.475,-0.9560192525,-0.3366453706,-0.3366453706,-2.420397773
234.5,-0.9459845075,-0.3976067838,-0.3976067838,-2.456089036
234.525,-0.9349540342,-0.4594272499,-0.4594272499,-2.489071173
234.55,-0.9229403078,-0.522035187,-0.522035187,-2.519034342
234.575,-0.9099568237,-0.585351156,-0.585351156,-2.545660075
234.6,-0.8960180811,-0.6492876828,-0.6492876828,-2.568624791
234.625,-0.8811395659,-0.7137491804,-0.7137491804,-2.587603798
234.65,-0.8653377324,-0.7786319796,-0.7786319796,-2.602275975
234.675,-0.8486299843,-0.8438244819,-0.8438244819,-2.612328977
234.7,-0.8310346538,-0.9092074473,-0.9092074473,-2.617464878
234.725,-0.8125709815,-0.9746544304,-0.9746544304,-2.617406198
234.75,-0.7932590935,-1.04003237,-1.04003237,-2.611902144
234.775,-0.7731199788,-1.105202333,-1.105202333,-2.600734901
234.8,-0.7521754657,-1.17002042,-1.17002042,-2.583725755
234.825,-0.730448197,-1.234338809,-1.234338809,-2.560740861
234.85,-0.7079616048,-1.298006952,-1.298006952,-2.531696413
234.875,-0.6847398842,-1.360872873,-1.360872873,-2.496562991
234.9,-0.6608079666,-1.422784578,-1.422784578,-2.455368875
234.925,-0.6361914917,-1.483591527,-1.483591527,-2.40820213
234.95,-0.6109167801,-1.543146134,-1.543146134,-2.355211334
234.975,-0.5850108033,-1.60130528,-1.60130528,-2.29660483
235,-0.5585011551,-1.657931779,-1.657931779,-2.232648496
235.025,-0.5314160212,-1.712895774,-1.712895774,-2.163662036
235.05,-0.5037841483,-1.766076021,-1.766076021,-2.090013895
235.075,-0.4756348134,-1.817361035,-1.817361035,-2.012114971
235.1,-0.4469977921,-1.866650057,-1.866650057,-1.930411328
235.125,-0.4179033262,-1.913853834,-1.913853834,-1.845376168
235.15,-0.3883820915,-1.958895198,-1.958895198,-1.757501278
235.175,-0.3584651653,-2.001709415,-2.001709415,-1.667288428
235.2,-0.3281839924,-2.042244331,-2.042244331,-1.575240779
235.225,-0.2975703526,-2.080460304,-2.080460304,-1.481854698
235.25,-0.2666563261,-2.116329936,-2.116329936,-1.387612299
235.275,-0.2354742601,-2.149837633,-2.149837633,-1.292974629
235.3,-0.2040567346,-2.180979001,-2.180979001,-1.198375959
235.325,-0.1724365277,-2.209760122,-2.209760122,-1.104219081
235.35,-0.1406465818,-2.236196711,-2.236196711,-1.010871668
235.375,-0.1087199685,-2.260313212,-2.260313212,-0.9186637638
235.4,-0.0766898544,-2.282141831,-2.282141831,-0.8278863031
235.425,-0.04458946632,-2.301721552,-2.301721552,-0.7387905858
235.45,-0.01245205699,-2.319097152,-2.319097152,-0.6515886162
235.475,0.01968912963,-2.334318223,-2.334318223,-0.5664541846
235.5,0.05180089262,-2.347438244,-2.347438244,-0.4835245531
235.525,0.08385010841,-2.35851369,-2.35851369,-0.4029026221
235.55,0.1158037648,-2.367603206,-2.367603206,-0.3246594511
235.575,0.147628995,-2.374766844,-2.374766844,-0.2488370352
235.6,0.179293111,-2.380065369,-2.380065369,-0.175451186
235.625,0.2107636372,-2.383559651,-2.383559651,-0.104494475
235.65,0.2420083433,-2.385310109,-2.385310109,-0.03593914857
235.675,0.2729952774,-2.385376247,-2.385376247,0.03026006425
235.7,0.3036927977,-2.383816243,-2.383816243,0.09416327718
235.725,0.3340696051,-2.380686615,-2.380686615,0.1558429486
235.75,0.3640947744,-2.37604194,-2.37604194,0.215381583
235.775,0.3937377854,-2.369934626,-2.369934626,0.2728696439
235.8,0.4229685536,-2.362414742,-2.362414742,0.3284036839
235.825,0.45175746,-2.353529885,-2.353529885,0.382084691
235.85,0.4800753808,-2.343325084,-2.343325084,0.4340166429
235.875,0.5078937163,-2.331842747,-2.331842747,0.4843052619
235.9,0.535184419,-2.319122628,-2.319122628,0.5330569538
235.925,0.5619200214,-2.305201822,-2.305201822,0.5803779201
235.95,0.5880736629,-2.290114777,-2.290114777,0.6263734241
235.975,0.6136191161,-2.273893331,-2.273893331,0.6711471989
236,0.6385308127,-2.25656675,-2.25656675,0.7148009768
236.025,0.6627838677,-2.238161787,-2.238161787,0.7574341298
236.05,0.6863541039,-2.218702742,-2.218702742,0.7991434037
236.075,0.7092180752,-2.198211532,-2.198211532,0.8400227346
236.1,0.731353089,-2.176707762,-2.176707762,0.8801631333
236.125,0.7527372276,-2.154208799,-2.154208799,0.9196526266
236.15,0.7733493696,-2.130729845,-2.130729845,0.9585762491
236.175,0.7931692092,-2.106284017,-2.106284017,0.9970160712
236.2,0.8121772757,-2.080882413,-2.080882413,1.035051256
236.225,0.8303549514,-2.054534189,-2.054534189,1.072758145
236.25,0.8476844889,-2.027246627,-2.027246627,1.110210352
236.275,0.8641490276,-1.999025202,-1.999025202,1.147478879
236.3,0.8797326089,-1.969873643,-1.969873643,1.184632222
236.325,0.8944201903,-1.939793999,-1.939793999,1.2217365
236.35,0.9081976596,-1.908786694,-1.908786694,1.258855556
236.375,0.9210518467,-1.876850583,-1.876850583,1.296051075
236.4,0.9329705352,-1.843983006,-1.843983006,1.333382672
236.425,0.9439424731,-1.810179835,-1.810179835,1.370907983
236.45,0.9539573822,-1.775435527,-1.775435527,1.408682722
236.475,0.9630059663,-1.739743171,-1.739743171,1.446760736
236.5,0.9710799189,-1.70309453,-1.70309453,1.485194021
236.525,0.9781719296,-1.66548009,-1.66548009,1.524032716
236.55,0.9842756895,-1.626889113,-1.626889113,1.563325067
236.575,0.9893858952,-1.58730967,-1.58730967,1.603117368
236.6,0.9934982529,-1.546728708,-1.546728708,1.643453823
236.625,0.9966094798,-1.505132095,-1.505132095,1.684376408
236.65,0.9987173063,-1.462504673,-1.462504673,1.725924694
236.675,0.9998204754,-1.418830336,-1.418830336,1.768135526
236.7,0.9999187426,-1.374092094,-1.374092094,1.811042737
236.725,0.9990128737,-1.328272142,-1.328272142,1.85467681
236.75,0.9971046422,-1.281351973,-1.281351973,1.899064319
236.775,0.9941968256,-1.233312462,-1.233312462,1.94422746
236.8,0.9902932002,-1.184133989,-1.184133989,1.990183437
236.825,0.9853985357,-1.133796587,-1.133796587,2.036943621
236.85,0.9795185883,-1.082280065,-1.082280065,2.084512876
236.875,0.9726600928,-1.02956422,-1.02956422,2.132888505
236.9,0.9648307541,-0.9756290128,-0.9756290128,2.182059209
236.925,0.9560392375,-0.9204548052,-0.9204548052,2.232003955
236.95,0.9462951577,-0.8640226297,-0.8640226297,2.282690553
236.975,0.9356090681,-0.8063144638,-0.8063144638,2.334074337
237,0.9239924474,-0.747313589,-0.747313589,2.386096443
237.025,0.911457687,-0.6870049398,-0.6870049398,2.438682227
237.05,0.8980180764,-0.6253755442,-0.6253755442,2.491739324
237.075,0.8836877882,-0.5624149733,-0.5624149733,2.545155793
237.1,0.8684818624,-0.4981158658,-0.4981158658,2.598798048
237.125,0.8524161892,-0.4324744932,-0.4324744932,2.652508812
237.15,0.8355074919,-0.3654913723,-0.3654913723,2.706105046
237.175,0.8177733083,-0.2971719434,-0.2971719434,2.759375904
237.2,0.7992319719,-0.2275272846,-0.2275272846,2.812080839
237.225,0.7799025914,-0.1565748752,-0.1565748752,2.863947885
237.25,0.759805031,-0.08433940316,-0.08433940316,2.914672253
237.275,0.7389598885,-0.01085359703,-0.01085359703,2.963915331
237.3,0.7173884736,0.06384092154,0.06384092154,3.011304248
237.325,0.6951127853,0.1396927824,0.1396927824,3.05643211
237.35,0.6721554887,0.2166400285,0.2166400285,3.098859099
237.375,0.648539891,0.294609316,0.294609316,3.138114551
237.4,0.6242899174,0.373515181,0.373515181,3.173700213
237.425,0.5994300859,0.4532594047,0.4532594047,3.205094725
237.45,0.5739854822,0.5337305066,0.5337305066,3.231759611
237.475,0.547981733,0.6148034035,0.6148034035,3.25314661
237.5,0.5214449806,0.6963392754,0.6963392754,3.268706542
237.525,0.4944018551,0.7781856673,0.7781856673,3.277899613
237.55,0.4668794475,0.8601768655,0.8601768655,3.280206955
237.575,0.4389052823,0.9421345763,0.9421345763,3.275143213
237.6,0.4105072889,1.023868929,1.023868929,3.262269836
237.625,0.3817137738,1.105179816,1.105179816,3.24120863
237.65,0.3525533913,1.185858567,1.185858567,3.211655059
237.675,0.3230551154,1.265689952,1.265689952,3.173390703
237.7,0.2932482099,1.344454472,1.344454472,3.126294251
237.725,0.2631621996,1.421930905,1.421930905,3.070350425
237.75,0.2328268402,1.497899042,1.497899042,3.005656245
237.775,0.2022720891,1.572142536,1.572142536,2.932424183
237.8,0.1715280752,1.6444518,1.6444518,2.850981851
237.825,0.1406250694,1.714626837,1.714626837,2.761768064
237.85,0.109593454,1.782479936,1.782479936,2.665325318
237.875,0.07846369348,1.847838134,1.847838134,2.562288897
237.9,0.04726630374,1.910545369,1.910545369,2.453373063
237.925,0.01603182266,1.970464256,1.970464256,2.339354918
237.95,-0.01520922009,2.027477439,2.027477439,2.221056619
237.975,-0.0464263328,2.081488487,2.081488487,2.09932674
238,-0.07758909147,2.132422319,2.132422319,1.975021735
238.025,-0.1086671694,2.180225176,2.180225176,1.848987983
238.05,-0.1396303665,2.224864156,2.224864156,1.722045292
238.075,-0.1704486386,2.26632637,2.26632637,1.594972406
238.1,-0.2010921266,2.304617754,2.304617754,1.468494824
238.125,-0.2315311846,2.339761613,2.339761613,1.343275192
238.15,-0.261736409,2.371796958,2.371796958,1.219906393
238.175,-0.2916786662,2.400776702,2.400776702,1.098907247
238.2,-0.3213291208,2.42676578,2.42676578,0.9807206421
238.225,-0.3506592624,2.449839253,2.449839253,0.8657138527
238.25,-0.3796409333,2.470080439,2.470080439,0.7541807138
238.275,-0.4082463546,2.487579121,2.487579121,0.6463453042
238.3,-0.4364481528,2.502429861,2.502429861,0.5423667857
238.325,-0.4642193852,2.514730449,2.514730449,0.4423450625
238.35,-0.4915335654,2.524580491,2.524580491,0.3463269279
238.375,-0.5183646878,2.53208017,2.53208017,0.2543124321
238.4,-0.544687252,2.53732915,2.53732915,0.1662612748
238.425,-0.5704762861,2.540425648,2.540425648,0.08209898674
238.45,-0.5957073703,2.541465656,2.541465656,0.001722794941
238.475,-0.620356659,2.540542297,2.540542297,-0.07499293876
238.5,-0.6444009027,2.53774532,2.53774532,-0.148191766
238.525,-0.6678174692,2.53316071,2.53316071,-0.2180307228
238.55,-0.6905843644,2.526870396,2.526870396,-0.2846764328
238.575,-0.712680252,2.51895206,2.51895206,-0.3483017304
238.6,-0.7340844728,2.509479012,2.509479012,-0.409082783
238.625,-0.754777063,2.498520146,2.498520146,-0.4671966775
238.65,-0.7747387724,2.486139937,2.486139937,-0.5228194326
238.675,-0.793951081,2.472398489,2.472398489,-0.5761243941
238.7,-0.8123962158,2.457351619,2.457351619,-0.627280968
238.725,-0.8300571657,2.441050971,2.441050971,-0.6764536522
238.75,-0.8469176971,2.423544143,2.423544143,-0.7238013217
238.775,-0.8629623671,2.404874839,2.404874839,-0.769476733
238.8,-0.8781765372,2.385083021,2.385083021,-0.8136262101
238.825,-0.8925463854,2.364205078,2.364205078,-0.8563894819
238.85,-0.9060589179,2.342273988,2.342273988,-0.8978996437
238.875,-0.9187019799,2.319319482,2.319319482,-0.9382832174
238.9,-0.9304642654,2.295368212,2.295368212,-0.9776602892
238.925,-0.9413353262,2.270443905,2.270443905,-1.016144707
238.95,-0.9513055803,2.244567516,2.244567516,-1.05384432
238.975,-0.9603663191,2.217757376,2.217757376,-1.090861254
239,-0.9685097141,2.190029335,2.190029335,-1.127292203
239.025,-0.9757288225,2.161396885,2.161396885,-1.163228727
239.05,-0.9820175918,2.131871294,2.131871294,-1.198757566
239.075,-0.987370864,2.101461718,2.101461718,-1.233960933
239.1,-0.9917843786,2.070175309,2.070175309,-1.268916814
239.125,-0.9952547746,2.038017322,2.038017322,-1.303699249
239.15,-0.9977795922,2.004991205,2.004991205,-1.338378589
239.175,-0.9993572729,1.971098693,1.971098693,-1.373021752
239.2,-0.9999871597,1.936339887,1.936339887,-1.407692432
239.225,-0.9996694949,1.900713336,1.900713336,-1.442451312
239.25,-0.9984054192,1.864216104,1.864216104,-1.477356218
239.275,-0.9961969676,1.826843847,1.826843847,-1.512462276
239.3,-0.9930470666,1.788590875,1.788590875,-1.547822015
239.325,-0.988959529,1.749450215,1.749450215,-1.583485442
239.35,-0.9839390486,1.709413676,1.709413676,-1.61950009
239.375,-0.9779911939,1.668471907,1.668471907,-1.65591102
239.4,-0.9711224014,1.626614467,1.626614467,-1.69276077
239.425,-0.9633399669,1.583829879,1.583829879,-1.730089293
239.45,-0.9546520379,1.5401057,1.5401057,-1.767933816
239.475,-0.9450676031,1.495428602,1.495428602,-1.806328637
239.5,-0.934596483,1.449784423,1.449784423,-1.845304932
239.525,-0.9232493183,1.403158275,1.403158275,-1.884890414
239.55,-0.9110375586,1.355534627,1.355534627,-1.925108956
239.575,-0.8979734497,1.306897387,1.306897387,-1.96598023
239.6,-0.8840700208,1.257230049,1.257230049,-2.007519086
239.625,-0.8693410698,1.206515791,1.206515791,-2.049735021
239.65,-0.8538011498,1.154737623,1.154737623,-2.092631519
239.675,-0.8374655529,1.101878569,1.101878569,-2.136205153
239.7,-0.8203502949,1.047921814,1.047921814,-2.180444856
239.725,-0.8024720986,0.9928509379,0.9928509379,-2.225330826
239.75,-0.7838483766,0.9366501312,0.9366501312,-2.270833486
239.775,-0.7644972136,0.8793044586,0.8793044586,-2.316912291
239.8,-0.7444373479,0.8208001523,0.8208001523,-2.363514382
239.825,-0.7236881529,0.7611249289,0.7611249289,-2.410573243
239.85,-0.7022696171,0.70026836,0.70026836,-2.458007131
239.875,-0.6802023246,0.6382222632,0.6382222632,-2.505717543
239.9,-0.6575074343,0.574981147,0.574981147,-2.553587529
239.925,-0.6342066591,0.5105426935,0.5105426935,-2.601480016
239.95,-0.6103222445,0.4449082763,0.4449082763,-2.64923611
239.975,-0.5858769466,0.3780835372,0.3780835372,-2.696673417
240,-0.56089401,0.310078984,0.310078984,-2.743584487
240.025,-0.5353971448,0.2409106399,0.2409106399,-2.789735375
240.05,-0.5094105041,0.170600722,0.170600722,-2.83486445
240.075,-0.4829586599,0.09917834293,0.09917834293,-2.878681519
240.1,-0.45606658,0.02668023189,0.02668023189,-2.920867358
240.125,-0.4287596034,-0.04684853767,-0.04684853767,-2.961073779
240.15,-0.4010634166,-0.1213538323,-0.1213538323,-2.998924334
240.175,-0.3730040284,-0.1967717686,-0.1967717686,-3.034015782
240.2,-0.3446077455,-0.2730280708,-0.2730280708,-3.065920438
240.225,-0.3159011474,-0.3500374992,-0.3500374992,-3.094189531
240.25,-0.286911061,-0.4277033756,-0.4277033756,-3.118357624
240.275,-0.2576645355,-0.5059172351,-0.5059172351,-3.137948187
240.3,-0.2281888167,-0.584558631,-0.584558631,-3.152480412
240.325,-0.1985113216,-0.6634951231,-0.6634951231,-3.161477107
240.35,-0.1686596122,-0.7425824797,-0.7425824797,-3.164473721
240.375,-0.1386613703,-0.8216651163,-0.8216651163,-3.161028306
240.4,-0.1085443715,-0.9005767933,-0.9005767933,-3.150732198
240.425,-0.07833645912,-0.9791415857,-0.9791415857,-3.133221108
240.45,-0.04806551863,-1.057175132,-1.057175132,-3.108186272
240.475,-0.01775945177,-1.13448616,-1.13448616,-3.075385243
240.5,0.01255384921,-1.210878268,-1.210878268,-3.034651837
240.525,0.04284652717,-1.286151946,-1.286151946,-2.985904757
240.55,0.0730907857,-1.360106785,-1.360106785,-2.929154427
240.575,0.1032589145,-1.432543836,-1.432543836,-2.864507606
240.6,0.1333233148,-1.503268044,-1.503268044,-2.792169423
240.625,0.1632565243,-1.572090709,-1.572090709,-2.71244262
240.65,0.1930312421,-1.638831884,-1.638831884,-2.625723865
240.675,0.2226203538,-1.703322647,-1.703322647,-2.53249722
240.7,0.2519969553,-1.765407179,-1.765407179,-2.433324935
240.725,0.2811343777,-1.824944573,-1.824944573,-2.328835919
240.75,0.3100062107,-1.881810344,-1.881810344,-2.219712384
240.775,0.3385863267,-1.935897572,-1.935897572,-2.106675172
240.8,0.3668489036,-1.987117685,-1.987117685,-1.990468344
240.825,0.3947684481,-2.035400845,-2.035400845,-1.871843935
240.85,0.4223198184,-2.08069595,-2.08069595,-1.751546898
240.875,0.4494782462,-2.122970295,-2.122970295,-1.630301457
240.9,0.4762193584,-2.162208891,-2.162208891,-1.508798803
240.925,0.5025191988,-2.198413504,-2.198413504,-1.387686633
240.95,0.5283542491,-2.231601459,-2.231601459,-1.267560774
240.975,0.553701449,-2.261804261,-2.261804261,-1.148958934
241,0.5785382164,-2.289066086,-2.289066086,-1.032356567
241.025,0.6028424674,-2.313442194,-2.313442194,-0.9181647234
241.05,0.6265926346,-2.334997314,-2.334997314,-0.8067297444
241.075,0.6497676862,-2.35380403,-2.35380403,-0.6983345228
241.1,0.6723471433,-2.369941237,-2.369941237,-0.5932010856
241.125,0.6943110984,-2.383492653,-2.383492653,-0.4914942137
241.15,0.7156402311,-2.394545448,-2.394545448,-0.3933258192
241.175,0.736315825,-2.403188977,-2.403188977,-0.2987598759
241.2,0.7563197834,-2.40951365,-2.40951365,-0.2078175808
241.225,0.7756346441,-2.413609927,-2.413609927,-0.12048264
241.25,0.7942435942,-2.415567446,-2.415567446,-0.03670647957
241.275,0.8121304835,-2.415474281,-2.415474281,0.04358674946
241.3,0.8292798381,-2.413416318,-2.413416318,0.120495457
241.325,0.8456768727,-2.409476745,-2.409476745,0.1941362599
241.35,0.8613075028,-2.40373565,-2.40373565,0.2646400313
241.375,0.8761583554,-2.396269707,-2.396269707,0.3321483687
241.4,0.89021678,-2.387151951,-2.387151951,0.3968104873
241.425,0.9034708583,-2.376451618,-2.376451618,0.4587805251
241.45,0.9159094136,-2.364234053,-2.364234053,0.5182152418
241.475,0.9275220188,-2.350560671,-2.350560671,0.5752720831
241.5,0.9382990047,-2.335488959,-2.335488959,0.6301075792
241.525,0.9482314669,-2.319072516,-2.319072516,0.6828760454
241.55,0.9573112719,-2.301361122,-2.301361122,0.7337285501
241.575,0.9655310633,-2.282400829,-2.282400829,0.782812116
241.6,0.9728842664,-2.262234069,-2.262234069,0.8302691254
241.625,0.9793650925,-2.240899781,-2.240899781,0.8762368969
241.65,0.9849685424,-2.218433534,-2.218433534,0.920847409
241.675,0.9896904092,-2.194867666,-2.194867666,0.9642271444
241.7,0.9935272805,-2.170231424,-2.170231424,1.006497033
241.725,0.9964765398,-2.1445511,-2.1445511,1.047772475
241.75,0.9985363667,-2.117850169,-2.117850169,1.088163425
241.775,0.9997057374,-2.090149426,-2.090149426,1.127774525
241.8,0.9999844237,-2.061467111,-2.061467111,1.166705274
241.825,0.9993729913,-2.031819042,-2.031819042,1.205050213
241.85,0.9978727981,-2.001218733,-2.001218733,1.24289914
241.875,0.9954859906,-1.969677507,-1.969677507,1.280337308
241.9,0.992215501,-1.937204615,-1.937204615,1.317445649
241.925,0.9880650425,-1.903807332,-1.903807332,1.354300969
241.95,0.9830391046,-1.869491066,-1.869491066,1.390976142
241.975,0.9771429471,-1.834259449,-1.834259449,1.427540285
242,0.970382594,-1.79811443,-1.79811443,1.464058913
242.025,0.9627648268,-1.761056365,-1.761056365,1.500594068
242.05,0.9542971761,-1.7230841,-1.7230841,1.537204425
242.075,0.9449879142,-1.684195054,-1.684195054,1.573945357
242.1,0.9348460455,-1.644385309,-1.644385309,1.610868981
242.125,0.9238812974,-1.603649674,-1.603649674,1.648024152
242.15,0.9121041099,-1.561981791,-1.561981791,1.68545642
242.175,0.8995256248,-1.519374192,-1.519374192,1.723207957
242.2,0.8861576747,-1.475818408,-1.475818408,1.761317411
242.225,0.8720127706,-1.431305048,-1.431305048,1.799819721
242.25,0.8571040896,-1.385823888,-1.385823888,1.838745904
242.275,0.841445462,-1.339363996,-1.339363996,1.8781227
242.3,0.8250513574,-1.291913813,-1.291913813,1.917972266
242.325,0.8079368709,-1.243461297,-1.243461297,1.958311724
242.35,0.7901177082,-1.193994048,-1.193994048,1.999152607
242.375,0.7716101704,-1.143499441,-1.143499441,2.040500376
242.4,0.7524311387,-1.091964813,-1.091964813,2.082353642
242.425,0.7325980581,-1.039377619,-1.039377619,2.124703497
242.45,0.7121289208,-0.9857256412,-0.9857256412,2.167532652
242.475,0.6910422493,-0.930997212,-0.930997212,2.210814475
242.5,0.6693570791,-0.8751814493,-0.8751814493,2.254512046
242.525,0.6470929407,-0.8182685451,-0.8182685451,2.298576959
242.55,0.6242698415,-0.7602500446,-0.7602500446,2.342948235
242.575,0.6009082474,-0.7011192003,-0.7011192003,2.387550958
242.6,0.5770290635,-0.6408713145,-0.6408713145,2.432295037
242.625,0.5526536152,-0.5795041544,-0.5795041544,2.477073755
242.65,0.5278036287,-0.5170183721,-0.5170183721,2.521762426
242.675,0.5025012106,-0.4534179779,-0.4534179779,2.566216962
242.7,0.4767688285,-0.3887108429,-0.3887108429,2.61027253
242.725,0.45062929,-0.3229092273,-0.3229092273,2.653742281
242.75,0.4241057226,-0.2560303534,-0.2560303534,2.696416204
242.775,0.3972215523,-0.1880969931,-0.1880969931,2.738060197
242.8,0.3700004828,-0.1191380769,-0.1191380769,2.7784154
242.825,0.3424664744,-0.04918932206,-0.04918932206,2.817197876
242.85,0.3146437224,0.02170614366,0.02170614366,2.854098745
242.875,0.2865566355,0.09349716509,0.09349716509,2.888784836
242.9,0.2582298142,0.1661239668,0.1661239668,2.920899972
242.925,0.2296880292,0.2395176014,0.2395176014,2.950066989
242.95,0.2009561991,0.3135994579,0.3135994579,2.975890534
242.975,0.1720593688,0.3882808533,0.3882808533,2.99796079
243,0.1430226875,0.4634627244,0.4634627244,3.015858106
243.025,0.1138713863,0.5390354511,0.5390354511,3.029158588
243.05,0.08463075671,0.6148788306,0.6148788306,3.037440651
243.075,0.05532612822,0.6908622264,0.6908622264,3.040292476
243.1,0.02598284647,0.7668449129,0.7668449129,3.037320212
243.125,-0.003373748731,0.8426766345,0.8426766345,3.028156826
243.15,-0.0327183453,0.9181983909,0.9181983909,3.012471328
243.175,-0.06202568066,0.9932434551,0.9932434551,2.989978128
243.2,-0.09127056344,1.067638623,1.067638623,2.960446171
243.225,-0.1204278951,1.141205688,1.141205688,2.923707497
243.25,-0.1494726912,1.21376311,1.21376311,2.87966485
243.275,-0.1783801028,1.285127872,1.285127872,2.828297942
243.3,-0.2071254378,1.355117459,1.355117459,2.769668037
243.325,-0.2356841813,1.423551937,1.423551937,2.703920533
243.35,-0.2640320167,1.490256065,1.490256065,2.631285337
243.375,-0.2921448461,1.555061389,1.555061389,2.552074887
243.4,-0.3199988104,1.617808251,1.617808251,2.466679814
243.425,-0.3475703093,1.678347675,1.678347675,2.375562339
243.45,-0.3748360212,1.736543043,1.736543043,2.279247623
243.475,-0.4017729222,1.792271548,1.792271548,2.178313388
243.5,-0.4283583054,1.845425364,1.845425364,2.073378244
243.525,-0.4545697999,1.895912506,1.895912506,1.965089127
243.55,-0.4803853885,1.943657388,1.943657388,1.854108325
243.575,-0.5057834266,1.988601036,1.988601036,1.741100826
243.6,-0.5307426592,2.030701008,2.030701008,1.626721972
243.625,-0.5552422386,2.069931003,2.069931003,1.51160631
243.65,-0.5792617413,2.106280226,2.106280226,1.3963577
243.675,-0.6027811841,2.1397525,2.1397525,1.2815409
243.7,-0.6257810409,2.170365209,2.170365209,1.167674915
243.725,-0.6482422574,2.198148086,2.198148086,1.055228055
243.75,-0.6701462672,2.223141906,2.223141906,0.9446147081
243.775,-0.691475006,2.245397107,2.245397107,0.8361937218
243.8,-0.7122109259,2.264972404,2.264972404,0.7302682535
243.825,-0.7323370093,2.281933402,2.281933402,0.6270868908
243.85,-0.7518367825,2.296351264,2.296351264,0.5268458297
243.875,-0.7706943276,2.308301432,2.308301432,0.4296918923
243.9,-0.788894296,2.31786244,2.31786244,0.3357261926
243.925,-0.8064219189,2.325114816,2.325114816,0.2450082019
243.95,-0.8232630197,2.330140107,2.330140107,0.1575600586
243.975,-0.8394040239,2.333019986,2.333019986,0.07337099762
244,-0.8548319696,2.333835495,2.333835495,-0.007598298602
244.025,-0.8695345171,2.332666378,2.332666378,-0.08541147911
244.05,-0.883499958,2.329590527,2.329590527,-0.1601525339
244.075,-0.8967172234,2.324683517,2.324683517,-0.2319220873
244.1,-0.9091758923,2.318018239,2.318018239,-0.30083401
244.125,-0.9208661988,2.309664599,2.309664599,-0.3670123706
244.15,-0.9317790387,2.299689305,2.299689305,-0.4305887321
244.175,-0.9419059759,2.288155707,2.288155707,-0.4916997861
244.2,-0.9512392482,2.275123695,2.275123695,-0.5504853133
244.225,-0.9597717719,2.260649645,2.260649645,-0.6070864484
244.25,-0.9674971467,2.244786401,2.244786401,-0.6616442277
244.275,-0.9744096593,2.227583296,2.227583296,-0.7142983919
244.3,-0.9805042869,2.209086198,2.209086198,-0.7651864172
244.325,-0.9857766999,2.189337572,2.189337572,-0.8144427507
244.35,-0.9902232636,2.168376567,2.168376567,-0.8621982204
244.375,-0.9938410403,2.14623911,2.14623911,-0.9085796
244.4,-0.9966277899,2.122958016,2.122958016,-0.9537092999
244.425,-0.9985819703,2.098563093,2.098563093,-0.9977051689
244.45,-0.9997027372,2.073081262,2.073081262,-1.040680384
244.475,-0.999989943,2.046536674,2.046536674,-1.082743417
244.5,-0.999444136,2.018950826,2.018950826,-1.12399805
244.525,-0.9980665577,1.99034268,1.99034268,-1.164543446
244.55,-0.9958591408,1.960728774,1.960728774,-1.204474247
244.575,-0.9928245057,1.930123336,1.930123336,-1.243880689
244.6,-0.988965957,1.898538392,1.898538392,-1.282848745
244.625,-0.9842874792,1.865983869,1.865983869,-1.321460256
244.65,-0.9787937318,1.8324677,1.8324677,-1.359793079
244.675,-0.9724900439,1.79799592,1.79799592,-1.397921212
244.7,-0.9653824087,1.762572759,1.762572759,-1.435914915
244.725,-0.9574774765,1.726200738,1.726200738,-1.473840812
244.75,-0.9487825481,1.688880757,1.688880757,-1.511761975
244.775,-0.9393055669,1.650612181,1.650612181,-1.549737968
244.8,-0.9290551116,1.611392934,1.611392934,-1.587824877
244.825,-0.9180403869,1.571219573,1.571219573,-1.6260753
244.85,-0.9062712151,1.530087396,1.530087396,-1.664538286
244.875,-0.8937580262,1.487990508,1.487990508,-1.703259262
244.9,-0.8805118481,1.444921934,1.444921934,-1.742279873
244.925,-0.8665442963,1.400873704,1.400873704,-1.781637809
244.95,-0.8518675626,1.355836952,1.355836952,-1.821366565
244.975,-0.8364944041,1.309802042,1.309802042,-1.861495102
245,-0.8204381315,1.262758663,1.262758663,-1.90204754
245.025,-0.8037125965,1.214695974,1.214695974,-1.94304267
245.05,-0.7863321794,1.165602732,1.165602732,-1.984493461
245.075,-0.7683117764,1.115467445,1.115467445,-2.026406513
245.1,-0.7496667854,1.064278556,1.064278556,-2.0687813
245.125,-0.7304130933,1.0120246,1.0120246,-2.111609538
245.15,-0.7105670607,0.958694439,0.958694439,-2.154874242
245.175,-0.6901455083,0.9042774693,0.9042774693,-2.198548866
245.2,-0.6691657018,0.8487638859,0.8487638859,-2.242596264
245.225,-0.6476453364,0.7921449532,0.7921449532,-2.286967592
245.25,-0.6256025219,0.7344133172,0.7344133172,-2.331601139
245.275,-0.6030557665,0.6755633387,0.6755633387,-2.376421061
245.3,-0.5800239609,0.6155914671,0.6155914671,-2.421336086
245.325,-0.5565263623,0.5544966371,0.5544966371,-2.466238156
245.35,-0.5325825772,0.4922807139,0.4922807139,-2.51100105
245.375,-0.5082125451,0.4289489533,0.4289489533,-2.555479043
245.4,-0.4834365214,0.3645105173,0.3645105173,-2.59950557
245.425,-0.4582750598,0.2989790027,0.2989790027,-2.642892033
245.45,-0.4327489954,0.2323730073,0.2323730073,-2.685426716
245.475,-0.4068794267,0.1647167219,0.1647167219,-2.72687393
245.5,-0.3806876981,0.09604053487,0.09604053487,-2.766973442
245.525,-0.3541953817,0.02638164908,0.02638164908,-2.805440253
245.55,-0.3274242593,-0.04421529923,-0.04421529923,-2.841964844
245.575,-0.3003963043,-0.115697637,-0.115697637,-2.87621395
245.6,-0.2731336637,-0.1880040767,-0.1880040767,-2.907831974
245.625,-0.2456586389,-0.2610641837,-0.2610641837,-2.936443129
245.65,-0.2179936681,-0.3347979047,-0.3347979047,-2.961654395
245.675,-0.1901613075,-0.409115186,-0.409115186,-2.98305932
245.7,-0.1621842126,-0.4839156928,-0.4839156928,-3.000242804
245.725,-0.1340851196,-0.5590886628,-0.5590886628,-3.012786778
245.75,-0.1058868273,-0.6345129126,-0.6345129126,-3.020276803
245.775,-0.07761217774,-0.7100570201,-0.7100570201,-3.022309549
245.8,-0.0492840384,-0.7855797045,-0.7855797045,-3.018501006
245.825,-0.02092528316,-0.8609304165,-0.8609304165,-3.008495244
245.85,0.007441226008,-0.9359501542,-0.9359501542,-2.99197352
245.875,0.03579265748,-1.010472508,-1.010472508,-2.968663442
245.9,0.06410622834,-1.08432493,-1.08432493,-2.938347854
245.925,0.09235922262,-1.157330221,-1.157330221,-2.900873103
245.95,0.1205290095,-1.229308213,-1.229308213,-2.856156286
245.975,0.1485930611,-1.30007761,-1.30007761,-2.804191138
246,0.176528971,-1.369457965,-1.369457965,-2.745052201
246.025,0.204314471,-1.437271728,-1.437271728,-2.678897002
246.05,0.2319274496,-1.503346328,-1.503346328,-2.60596604
246.075,0.2593459691,-1.56751622,-1.56751622,-2.526580454
246.1,0.2865482825,-1.629624853,-1.629624853,-2.441137404
246.125,0.3135128509,-1.689526481,-1.689526481,-2.350103256
246.15,0.3402183602,-1.747087799,-1.747087799,-2.254004798
246.175,0.3666437377,-1.802189314,-1.802189314,-2.153418837
246.2,0.3927681683,-1.854726464,-1.854726464,-2.048960562
246.225,0.4185711105,-1.904610413,-1.904610413,-1.941271202
246.25,0.4440323126,-1.951768552,-1.951768552,-1.831005234
246.275,0.4691318277,-1.996144667,-1.996144667,-1.718817977
246.3,0.4938500294,-2.037698816,-2.037698816,-1.605353743
246.325,0.5181676265,-2.076406908,-2.076406908,-1.491234908
246.35,0.5420656776,-2.112260041,-2.112260041,-1.377052452
246.375,0.5655256055,-2.14526361,-2.14526361,-1.26335795
246.4,0.5885292111,-2.175436235,-2.175436235,-1.150657207
246.425,0.6110586872,-2.202808562,-2.202808562,-1.039405655
246.45,0.6330966316,-2.22742196,-2.22742196,-0.9300053794
246.475,0.6546260601,-2.249327167,-2.249327167,-0.8228037082
246.5,0.6756304189,-2.26858292,-2.26858292,-0.7180932223
246.525,0.6960935969,-2.285254595,-2.285254595,-0.616112983
246.55,0.7159999376,-2.299412899,-2.299412899,-0.517050774
246.575,0.7353342503,-2.311132626,-2.311132626,-0.421046133
246.6,0.7540818212,-2.320491489,-2.320491489,-0.3281939931
246.625,0.7722284236,-2.32756906,-2.32756906,-0.2385487265
246.65,0.7897603288,-2.332445808,-2.332445808,-0.1521283624
246.675,0.806664315,-2.335202243,-2.335202243,-0.06891894268
246.7,0.8229276773,-2.335918172,-2.335918172,0.01112121835
246.725,0.838538236,-2.334672054,-2.334672054,0.08805741369
246.75,0.8534843455,-2.331540464,-2.331540464,0.1619746525
246.775,0.8677549019,-2.32659764,-2.32659764,0.2329740492
246.8,0.8813393507,-2.31991513,-2.31991513,0.3011695287
246.825,0.8942276939,-2.311561501,-2.311561501,0.3666848634
246.85,0.9064104966,-2.301602131,-2.301602131,0.429651048
246.875,0.9178788929,-2.290099059,-2.290099059,0.4902040048
246.9,0.928624592,-2.277110884,-2.277110884,0.5484826063
246.925,0.938639883,-2.262692714,-2.262692714,0.6046269944
246.95,0.94791764,-2.246896153,-2.246896153,0.6587771748
246.975,0.9564513261,-2.229769317,-2.229769317,0.7110718597
247,0.9642349972,-2.211356884,-2.211356884,0.7616475333
247.025,0.9712633056,-2.191700152,-2.191700152,0.8106377135
247.05,0.9775315024,-2.170837126,-2.170837126,0.8581723857
247.075,0.9830354402,-2.14880261,-2.14880261,0.9043775848
247.1,0.9877715747,-2.12562831,-2.12562831,0.949375103
247.125,0.9917369666,-2.10134294,-2.10134294,0.9932823015
247.15,0.9949292817,-2.075972339,-2.075972339,1.036212011
247.175,0.9973467922,-2.049539582,-2.049539582,1.078272501
247.2,0.998988376,-2.022065092,-2.022065092,1.11956751
247.225,0.9998535167,-1.993566757,-1.993566757,1.16019631
247.25,0.9999423023,-1.964060036,-1.964060036,1.200253812
247.275,0.9992554238,-1.93355807,-1.93355807,1.239830688
247.3,0.9977941734,-1.902071784,-1.902071784,1.279013506
247.325,0.995560442,-1.869609989,-1.869609989,1.317884873
247.35,0.9925567165,-1.836179478,-1.836179478,1.356523573
247.375,0.9887860765,-1.801785123,-1.801785123,1.395004705
247.4,0.9842521904,-1.766429959,-1.766429959,1.433399794
247.425,0.9789593112,-1.730115282,-1.730115282,1.471776901
247.45,0.9729122721,-1.692840724,-1.692840724,1.510200698
247.475,0.9661164814,-1.654604346,-1.654604346,1.548732521
247.5,0.9585779167,-1.615402714,-1.615402714,1.587430396
247.525,0.9503031193,-1.575230985,-1.575230985,1.62634902
247.55,0.9412991876,-1.534082995,-1.534082995,1.665539705
247.575,0.9315737708,-1.491951332,-1.491951332,1.705050301
247.6,0.9211350609,-1.448827444,-1.448827444,1.744925016
247.625,0.9099917861,-1.40470171,-1.40470171,1.785204254
247.65,0.8981532021,-1.359563555,-1.359563555,1.825924346
247.675,0.8856290843,-1.313401553,-1.313401553,1.867117204
247.7,0.8724297185,-1.266203527,-1.266203527,1.908810005
247.725,0.8585658925,-1.217956701,-1.217956701,1.951024642
247.75,0.844048886,-1.168647812,-1.168647812,1.993777256
247.775,0.8288904613,-1.118263271,-1.118263271,2.037077602
247.8,0.8131028528,-1.066789344,-1.066789344,2.080928279
247.825,0.7966987568,-1.014212312,-1.014212312,2.125324038
247.85,0.7796913206,-0.9605187139,-0.9605187139,2.170250755
247.875,0.7620941313,-0.9056955463,-0.9056955463,2.215684539
247.9,0.7439212044,-0.8497305482,-0.8497305482,2.261590557
247.925,0.7251869724,-0.7926124708,-0.7926124708,2.307921879
247.95,0.7059062722,-0.7343314088,-0.7343314088,2.354618158
247.975,0.6860943334,-0.674879143,-0.674879143,2.401604265
248,0.6657667655,-0.6142495372,-0.6142495372,2.448788817
248.025,0.6449395451,-0.5524389525,-0.5524389525,2.49606268
248.05,0.6236290029,-0.4894467236,-0.4894467236,2.543297397
248.075,0.6018518105,-0.4252756475,-0.4252756475,2.590343662
248.1,0.5796249667,-0.3599325345,-0.3599325345,2.637029778
248.125,0.5569657841,-0.2934287823,-0.2934287823,2.683160241
248.15,0.5338918751,-0.2257809843,-0.2257809843,2.728514451
248.175,0.5104211375,-0.157011577,-0.157011577,2.772845631
248.2,0.4865717408,-0.0871495014,-0.0871495014,2.815880051
248.225,0.4623621112,-0.01623088246,-0.01623088246,2.857316632
248.25,0.4378109177,0.05570028601,0.05570028601,2.896827033
248.275,0.4129370566,0.128591467,0.128591467,2.934056328
248.3,0.3877596371,0.2023809317,0.2023809317,2.968624379
248.325,0.3622979665,0.2769971547,0.2769971547,3.00012802
248.35,0.3365715345,0.3523582753,0.3523582753,3.028144152
248.375,0.3105999989,0.428371645,0.428371645,3.052233817
248.4,0.2844031695,0.5049334986,0.5049334986,3.07194731
248.425,0.2580009933,0.5819287567,0.5819287567,3.086830438
248.45,0.231413539,0.6592310027,0.6592310027,3.096431755
248.475,0.2046609815,0.7367026537,0.7367026537,3.100310839
248.5,0.1777635865,0.8141953488,0.8141953488,3.09804745
248.525,0.150741695,0.8915505754,0.8915505754,3.089251345
248.55,0.123615708,0.9686005457,0.9686005457,3.073572503
248.575,0.09640607054,1.045169332,1.045169332,3.050711462
248.6,0.06913325677,1.121074257,1.121074257,3.020429354
248.625,0.04181775411,1.196127528,1.196127528,2.982557246
248.65,0.014480048,1.27013809,1.27013809,2.937004339
248.675,-0.01285939351,1.342913663,1.342913663,2.883764592
248.7,-0.04018013506,1.414262931,1.414262931,2.822921385
248.725,-0.06746178925,1.483997804,1.483997804,2.754649886
248.75,-0.09468403176,1.551935721,1.551935721,2.679216888
248.775,-0.1218266165,1.617901909,1.617901909,2.596977999
248.8,-0.1488693903,1.681731542,1.681731542,2.508372191
248.825,-0.1757923083,1.74327173,1.74327173,2.413913867
248.85,-0.2025754481,1.802383281,1.802383281,2.314182721
248.875,-0.2291990246,1.85894219,1.85894219,2.209811782
248.9,-0.2556434047,1.912840806,1.912840806,2.101474116
248.925,-0.2818891209,1.963988661,1.963988661,1.989868757
248.95,-0.3079168861,2.012312939,2.012312939,1.875706586
248.975,-0.3337076074,2.057758592,2.057758592,1.759696033
249,-0.3592423994,2.100288122,2.100288122,1.64253036
249.025,-0.3845025983,2.139881045,2.139881045,1.524875566
249.05,-0.409469775,2.176533075,2.176533075,1.407360179
249.075,-0.4341257484,2.210255085,2.210255085,1.290566823
249.1,-0.458452598,2.241071867,2.241071867,1.175025689
249.125,-0.4824326769,2.269020764,2.269020764,1.061209956
249.15,-0.506048624,2.294150206,2.294150206,0.9495331036
249.175,-0.5292833767,2.316518201,2.316518201,0.8403479529
249.2,-0.5521201818,2.336190823,2.336190823,0.7339472471
249.225,-0.5745426085,2.353240736,2.353240736,0.6305655351
249.25,-0.5965345585,2.367745767,2.367745767,0.5303821203
249.275,-0.6180802782,2.379787574,2.379787574,0.4335248254
249.3,-0.6391643687,2.38945041,2.38945041,0.3400743233
249.325,-0.6597717969,2.396820008,2.396820008,0.2500688114
249.35,-0.6798879053,2.401982573,2.401982573,0.1635088912
249.375,-0.6994984223,2.405023906,2.405023906,0.08036241246
249.4,-0.7185894716,2.406028644,2.406028644,0.0005692098491
249.425,-0.7371475813,2.405079618,2.405079618,-0.07595438909
249.45,-0.7551596932,2.402257318,2.402257318,-0.1493113575
249.475,-0.7726131714,2.397639456,2.397639456,-0.2196201116
249.5,-0.7894958103,2.39130063,2.39130063,-0.2870110285
249.525,-0.8057958427,2.383312061,2.383312061,-0.3516233525
249.55,-0.8215019475,2.373741406,2.373741406,-0.413602485
249.575,-0.8366032569,2.362652637,2.362652637,-0.4730976455
249.6,-0.8510893632,2.350105965,2.350105965,-0.5302598828
249.625,-0.8649503254,2.336157823,2.336157823,-0.5852404088
249.65,-0.8781766753,2.320860875,2.320860875,-0.6381892285
249.675,-0.8907594235,2.304264061,2.304264061,-0.6892540337
249.7,-0.9026900646,2.286412668,2.286412668,-0.738579331
249.725,-0.9139605824,2.267348417,2.267348417,-0.7863057742
249.75,-0.9245634547,2.247109566,2.247109566,-0.8325696732
249.775,-0.9344916573,2.225731023,2.225731023,-0.8775026531
249.8,-0.9437386683,2.203244467,2.203244467,-0.9212314398
249.825,-0.9522984714,2.17967847,2.17967847,-0.9638777506
249.85,-0.9601655592,2.155058626,2.155058626,-1.005558271
249.875,-0.9673349361,2.129407673,2.129407673,-1.046384698
249.9,-0.9738021205,2.102745617,2.102745617,-1.086463841
249.925,-0.9795631469,2.075089856,2.075089856,-1.125897758
249.95,-0.9846145678,2.046455293,2.046455293,-1.164783926
249.975,-0.9889534545,2.016854448,2.016854448,-1.203215426
250,-0.9925773987,1.986297569,1.986297569,-1.241281147
250.025,-0.9954845121,1.95479273,1.95479273,-1.279065983
250.05,-0.9976734274,1.922345933,1.922345933,-1.316651038
250.075,-0.9991432976,1.888961196,1.888961196,-1.354113814
250.1,-0.9998937953,1.854640643,1.854640643,-1.391528395
250.125,-0.9999251122,1.819384587,1.819384587,-1.428965604
250.15,-0.9992379571,1.78319161,1.78319161,-1.466493151
250.175,-0.9978335546,1.746058636,1.746058636,-1.504175737
250.2,-0.995713643,1.707981015,1.707981015,-1.542075156
250.225,-0.9928804713,1.66895258,1.66895258,-1.580250337
250.25,-0.9893367973,1.628965732,1.628965732,-1.618757365
250.275,-0.9850858835,1.588011503,1.588011503,-1.657649464
250.3,-0.980131494,1.546079629,1.546079629,-1.696976927
250.325,-0.9744778907,1.503158634,1.503158634,-1.736786992
250.35,-0.9681298288,1.45923589,1.45923589,-1.777123698
250.375,-0.9610925522,1.41429772,1.41429772,-1.818027629
250.4,-0.953371789,1.368329475,1.368329475,-1.859535627
250.425,-0.9449737456,1.321315629,1.321315629,-1.901680481
250.45,-0.9359051018,1.273239906,1.273239906,-1.944490389
250.475,-0.9261730043,1.224085375,1.224085375,-1.987988538
250.5,-0.9157850609,1.173834594,1.173834594,-2.032192469
250.525,-0.9047493337,1.122469775,1.122469775,-2.077113295
250.55,-0.8930743326,1.06997292,1.06997292,-2.122755034
250.575,-0.8807690076,1.016326047,1.016326047,-2.169113562
250.6,-0.867842742,0.9615113774,0.9615113774,-2.21617566
250.625,-0.8543053443,0.9055115932,0.9055115932,-2.263917848
250.65,-0.8401670403,0.8483101064,0.8483101064,-2.312305085
250.675,-0.8254384647,0.7898913589,0.7898913589,-2.361289437
250.7,-0.810130653,0.730241174,0.730241174,-2.410808496
250.725,-0.794255032,0.6693471273,0.6693471273,-2.460783824
250.75,-0.7778234115,0.6071989766,0.6071989766,-2.511119181
250.775,-0.7608479744,0.5437891275,0.5437891275,-2.56169875
250.8,-0.7433412676,0.4791131412,0.4791131412,-2.612385269
250.825,-0.7253161919,0.413170304,0.413170304,-2.66301814
250.85,-0.7067859924,0.3459642225,0.3459642225,-2.71341159
250.875,-0.6877642479,0.2775034842,0.2775034842,-2.763352874
250.9,-0.6682648607,0.2078023495,0.2078023495,-2.812600659
250.925,-0.6483020461,0.1368814832,0.1368814832,-2.860883626
250.95,-0.6278903214,0.06476871945,0.06476871945,-2.907899402
250.975,-0.6070444952,-0.008500152178,-0.008500152178,-2.953313938
251,-0.5857796558,-0.08288059425,-0.08288059425,-2.99676145
251.025,-0.5641111605,-0.1583185337,-0.1583185337,-3.037845051
251.05,-0.5420546236,-0.2347496009,-0.2347496009,-3.076138222
251.075,-0.5196259052,-0.3120984174,-0.3120984174,-3.111187253
251.1,-0.4968410992,-0.3902779564,-0.3902779564,-3.142514784
251.125,-0.4737165214,-0.4691890115,-0.4691890115,-3.169624531
251.15,-0.4502686979,-0.5487197936,-0.5487197936,-3.192007361
251.175,-0.4265143524,-0.6287456994,-0.6287456994,-3.209148635
251.2,-0.4024703945,-0.7091292799,-0.7091292799,-3.220536875
251.225,-0.3781539073,-0.789720441,-0.789720441,-3.225673679
251.25,-0.3535821347,-0.8703569054,-0.8703569054,-3.224084696
251.275,-0.3287724693,-0.9508649596,-0.9508649596,-3.215331398
251.3,-0.3037424397,-1.031060502,-1.031060502,-3.199023344
251.325,-0.278509698,-1.1107504,-1.1107504,-3.174830517
251.35,-0.2530920073,-1.189734151,-1.189734151,-3.14249523
251.375,-0.2275072285,-1.267805829,-1.267805829,-3.101843081
251.4,-0.2017733084,-1.34475629,-1.34475629,-3.052792405
251.425,-0.1759082664,-1.420375586,-1.420375586,-2.995361675
251.45,-0.1499301818,-1.494455539,-1.494455539,-2.929674382
251.475,-0.1238571814,-1.566792392,-1.566792392,-2.855960995
251.5,-0.09770742653,-1.637189478,-1.637189478,-2.774557759
251.525,-0.07149910039,-1.705459817,-1.705459817,-2.685902211
251.55,-0.04525039538,-1.771428556,-1.771428556,-2.590525522
251.575,-0.01897950044,-1.834935183,-1.834935183,-2.489041876
251.6,0.007295411558,-1.895835444,-1.895835444,-2.382135345
251.625,0.03355619636,-1.954002906,-1.954002906,-2.270544805
251.65,0.05978475085,-2.009330122,-2.009330122,-2.155047491
251.675,0.08596302547,-2.061729377,-2.061729377,-2.036441955
251.7,0.1120730366,-2.111133013,-2.111133013,-1.915531232
251.725,0.1380968787,-2.157493331,-2.157493331,-1.793106591
251.75,0.1640167369,-2.20078211,-2.20078211,-1.66993273
251.775,0.1898148983,-2.24098978,-2.24098978,-1.546734825
251.8,0.215473765,-2.27812429,-2.27812429,-1.424187646
251.825,0.2409758648,-2.312209736,-2.312209736,-1.302907038
251.85,0.2663038641,-2.343284807,-2.343284807,-1.183443828
251.875,0.2914405784,-2.371401109,-2.371401109,-1.066280052
251.9,0.3163689846,-2.396621421,-2.396621421,-0.9518273724
251.925,0.3410722319,-2.419017936,-2.419017936,-0.8404274346
251.95,0.365533653,-2.438670531,-2.438670531,-0.7323538922
251.975,0.3897367753,-2.455665109,-2.455665109,-0.627815784
252,0.4136653312,-2.470092038,-2.470092038,-0.5269619446
252.025,0.4373032697,-2.482044704,-2.482044704,-0.4298861517
252.05,0.4606347658,-2.49161821,-2.49161821,-0.3366327094
252.075,0.4836442316,-2.498908208,-2.498908208,-0.2472022843
252.1,0.506316326,-2.504009882,-2.504009882,-0.1615577111
252.125,0.5286359645,-2.507017072,-2.507017072,-0.07962965658
252.15,0.5505883294,-2.508021541,-2.508021541,-0.001321998624
252.175,0.5721588786,-2.507112364,-2.507112364,0.07348317071
252.2,0.5933333554,-2.504375447,-2.504375447,0.1449209779
252.225,0.6140977972,-2.499893144,-2.499893144,0.2131396653
252.25,0.6344385443,-2.493743977,-2.493743977,0.2782969673
252.275,0.6543422488,-2.486002441,-2.486002441,0.3405569586
252.3,0.6737958825,-2.476738876,-2.476738876,0.4000873532
252.325,0.6927867453,-2.466019411,-2.466019411,0.4570572283
252.35,0.7113024727,-2.453905948,-2.453905948,0.5116351373
252.375,0.7293310437,-2.440456199,-2.440456199,0.5639875767
252.4,0.7468607881,-2.425723753,-2.425723753,0.6142777657
252.425,0.7638803932,-2.409758169,-2.409758169,0.6626647023
252.45,0.7803789111,-2.392605093,-2.392605093,0.7093024586
252.475,0.7963457648,-2.374306383,-2.374306383,0.7543396809
252.5,0.8117707546,-2.354900254,-2.354900254,0.7979192631
252.525,0.8266440641,-2.334421424,-2.334421424,0.840178164
252.55,0.840956266,-2.312901259,-2.312901259,0.881247344
252.575,0.8546983273,-2.290367928,-2.290367928,0.9212517977
252.6,0.8678616146,-2.266846547,-2.266846547,0.9603106627
252.625,0.8804378988,-2.242359327,-2.242359327,0.9985373894
252.65,0.8924193596,-2.216925711,-2.216925711,1.036039953
252.675,0.9037985903,-2.190562507,-2.190562507,1.072921099
252.7,0.9145686009,-2.163284018,-2.163284018,1.109278612
252.725,0.9247228225,-2.135102163,-2.135102163,1.145205594
252.75,0.9342551104,-2.106026586,-2.106026586,1.18079075
252.775,0.9431597472,-2.076064768,-2.076064768,1.216118678
252.8,0.9514314455,-2.045222121,-2.045222121,1.251270137
252.825,0.9590653506,-2.013502087,-2.013502087,1.286322328
252.85,0.9660570425,-1.980906216,-1.980906216,1.321349138
252.875,0.9724025379,-1.947434251,-1.947434251,1.356421388
252.9,0.9780982917,-1.913084201,-1.913084201,1.391607037
252.925,0.9831411986,-1.877852409,-1.877852409,1.42697139
252.95,0.9875285934,-1.841733618,-1.841733618,1.462577251
252.975,0.9912582526,-1.80472103,-1.80472103,1.498485083
253,0.9943283941,-1.766806361,-1.766806361,1.534753101
253.025,0.9967376775,-1.727979905,-1.727979905,1.571437362
253.05,0.998485204,-1.688230575,-1.688230575,1.608591799
253.075,0.999570516,-1.647545964,-1.647545964,1.646268232
253.1,0.999993596,-1.605912399,-1.605912399,1.68451631
253.125,0.9997548657,-1.56331499,-1.56331499,1.723383447
253.15,0.9988551847,-1.51973769,-1.51973769,1.762914682
253.175,0.9972958488,-1.475163367,-1.475163367,1.803152434
253.2,0.995078588,-1.429573851,-1.429573851,1.844136331
253.225,0.9922055642,-1.382950026,-1.382950026,1.885902831
253.25,0.9886793691,-1.335271914,-1.335271914,1.928484793
253.275,0.984503021,-1.28651875,-1.28651875,1.971911091
253.3,0.9796799619,-1.236669118,-1.236669118,2.016205955
253.325,0.9742140541,-1.185701056,-1.185701056,2.06138831
253.35,0.9681095768,-1.133592196,-1.133592196,2.1074711
253.375,0.9613712221,-1.080319946,-1.080319946,2.154460232
253.4,0.9540040909,-1.025861647,-1.025861647,2.202353721
253.425,0.9460136884,-0.9701948126,-0.9701948126,2.251140458
253.45,0.9374059197,-0.9132973568,-0.9132973568,2.300798943
253.475,0.928187085,-0.8551478741,-0.8551478741,2.351295902
253.5,0.9183638738,-0.7957259594,-0.7957259594,2.402584646
253.525,0.9079433606,-0.7350125535,-0.7350125535,2.454603445
253.55,0.8969329984,-0.6729903535,-0.6729903535,2.507273597
253.575,0.8853406132,-0.6096442535,-0.6096442535,2.5604975
253.6,0.8731743979,-0.5449618455,-0.5449618455,2.61415653
253.625,0.8604429062,-0.4789339761,-0.4789339761,2.668108857
253.65,0.8471550459,-0.411555345,-0.411555345,2.72218724
253.675,0.8333200722,-0.342825179,-0.342825179,2.776196758
253.7,0.8189475806,-0.2727479454,-0.2727479454,2.829912658
253.725,0.8040475004,-0.2013341225,-0.2013341225,2.883078317
253.75,0.7886300866,-0.128601024,-0.128601024,2.93540343
253.775,0.7727059131,-0.0545736572,-0.0545736572,2.986562564
253.8,0.7562858642,0.02071438487,0.02071438487,3.036194169
253.825,0.7393811278,0.0972200149,0.0972200149,3.083900227
253.85,0.7220031861,0.1748897424,0.1748897424,3.129246672
253.875,0.7041638087,0.2536587881,0.2536587881,3.171764769
253.9,0.685875043,0.3334502454,0.3334502454,3.21095362
253.925,0.6671492066,0.414174321,0.414174321,3.246283941
253.95,0.6479988781,0.4957276885,0.4957276885,3.277203282
253.975,0.6284368884,0.5779929892,0.5779929892,3.303142807
254,0.6084763121,0.660838523,0.660838523,3.323525639
254.025,0.5881304577,0.7441181702,0.7441181702,3.337776805
254.05,0.567412859,0.8276715787,0.8276715787,3.345334735
254.075,0.5463372655,0.9113246569,0.9113246569,3.345664032
254.1,0.5249176332,0.994890398,0.994890398,3.338269276
254.125,0.5031681148,1.078170059,1.078170059,3.322709468
254.15,0.4811030499,1.160954706,1.160954706,3.298612563
254.175,0.458736956,1.24302711,1.24302711,3.265689525
254.2,0.4360845179,1.324163992,1.324163992,3.22374723
254.225,0.4131605782,1.404138561,1.404138561,3.172699531
254.25,0.3899801273,1.482723302,1.482723302,3.112575825
254.275,0.3665582934,1.559692938,1.559692938,3.043526519
254.3,0.3429103323,1.634827492,1.634827492,2.965824944
254.325,0.3190516173,1.707915337,1.707915337,2.879865409
254.35,0.2949976294,1.778756161,1.778756161,2.786157294
254.375,0.2707639464,1.847163727,1.847163727,2.685315332
254.4,0.2463662331,1.912968348,1.912968348,2.57804642
254.425,0.2218202311,1.976018998,1.976018998,2.465133516
254.45,0.1971417484,2.036184986,2.036184986,2.347417351
254.475,0.172346649,2.093357158,2.093357158,2.225776842
254.5,0.1474508428,2.1474486,2.1474486,2.101108849
254.525,0.1224702752,2.198394837,2.198394837,1.974308581
254.55,0.09742091688,2.246153562,2.246153562,1.846251047
254.575,0.07231875352,2.290703911,2.290703911,1.71777435
254.6,0.04717977559,2.332045362,2.332045362,1.58966543
254.625,0.02201996809,2.370196303,2.370196303,1.462648505
254.65,-0.003144699547,2.405192349,2.405192349,1.337376383
254.675,-0.02829828363,2.437084481,2.437084481,1.214424674
254.7,-0.05342487628,2.465937069,2.465937069,1.094288742
254.725,-0.07850861541,2.491825859,2.491825859,0.9773831533
254.75,-0.1035336947,2.514835963,2.514835963,0.8640432945
254.775,-0.1284843737,2.535059922,2.535059922,0.7545287772
254.8,-0.1533449871,2.55259587,2.55259587,0.6490282423
254.825,-0.178099955,2.567545829,2.567545829,0.5476651786
254.85,-0.2027337925,2.580014162,2.580014162,0.4505043865
254.875,-0.2272311189,2.590106188,2.590106188,0.3575588243
254.9,-0.2515766676,2.597926974,2.597926974,0.2687964722
254.925,-0.2757552952,2.603580295,2.603580295,0.1841470885
254.95,-0.2997519906,2.60716776,2.60716776,0.1035086397
254.975,-0.3235518848,2.608788092,2.608788092,0.02675329608
255,-0.3471402589,2.608536554,2.608536554,-0.04626708896
255.025,-0.3705025541,2.606504502,2.606504502,-0.1157160609
255.05,-0.3936243796,2.602779059,2.602779059,-0.181768225
255.075,-0.4164915215,2.597442883,2.597442883,-0.2446054788
255.1,-0.4390899516,2.590574027,2.590574027,-0.3044137963
255.125,-0.4614058354,2.582245873,2.582245873,-0.3613805253
255.15,-0.4834255401,2.572527126,2.572527126,-0.4156921594
255.175,-0.5051356432,2.561481858,2.561481858,-0.4675325366
255.2,-0.5265229402,2.549169593,2.549169593,-0.5170814166
255.225,-0.5475744518,2.535645426,2.535645426,-0.56451339
255.25,-0.5682774323,2.520960158,2.520960158,-0.6099970737
255.275,-0.5886193763,2.505160456,2.505160456,-0.6536945502
255.3,-0.6085880262,2.48828902,2.48828902,-0.6957610121
255.325,-0.6281713792,2.47038476,2.47038476,-0.7363445765
255.35,-0.6473576941,2.451482972,2.451482972,-0.775586239
255.375,-0.6661354981,2.431615513,2.431615513,-0.8136199389
255.4,-0.6844935931,2.410810981,2.410810981,-0.8505727131
255.425,-0.7024210618,2.38909488,2.38909488,-0.8865649182
255.45,-0.7199072744,2.366489788,2.366489788,-0.9217105038
255.475,-0.7369418937,2.34301551,2.34301551,-0.9561173229
255.5,-0.7535148815,2.318689226,2.318689226,-0.989887465
255.525,-0.7696165036,2.293525635,2.293525635,-1.023117606
255.55,-0.7852373351,2.267537081,2.267537081,-1.055899368
255.575,-0.8003682658,2.240733678,2.240733678,-1.088319669
255.6,-0.8150005044,2.21312342,2.21312342,-1.120461081
255.625,-0.829125584,2.184712292,2.184712292,-1.152402173
255.65,-0.8427353657,2.155504356,2.155504356,-1.184217833
255.675,-0.8558220433,2.125501849,2.125501849,-1.215979595
255.7,-0.868378147,2.094705254,2.094705254,-1.247755928
255.725,-0.8803965474,2.063113383,2.063113383,-1.279612521
255.75,-0.8918704588,2.030723432,2.030723432,-1.311612536
255.775,-0.9027934425,1.997531053,1.997531053,-1.343816857
255.8,-0.9131594101,1.963530396,1.963530396,-1.376284288
255.825,-0.9229626262,1.928714171,1.928714171,-1.409071765
255.85,-0.932197711,1.89307368,1.89307368,-1.442234497
255.875,-0.9408596428,1.856598871,1.856598871,-1.475826132
255.9,-0.94894376,1.819278365,1.819278365,-1.509898851
255.925,-0.9564457632,1.781099495,1.781099495,-1.544503454
255.95,-0.9633617169,1.742048347,1.742048347,-1.579689411
255.975,-0.9696880508,1.70210978,1.70210978,-1.615504877
256,-0.9754215613,1.661267465,1.661267465,-1.651996686
256.025,-0.9805594124,1.619503927,1.619503927,-1.689210246
256.05,-0.9850991363,1.576800573,1.576800573,-1.727189452
256.075,-0.9890386344,1.533137724,1.533137724,-1.765976569
256.1,-0.9923761771,1.488494674,1.488494674,-1.805611966
256.125,-0.9951104045,1.442849738,1.442849738,-1.846133829
256.15,-0.9972403257,1.396180298,1.396180298,-1.887577896
256.175,-0.9987653188,1.348462882,1.348462882,-1.929976989
256.2,-0.9996851303,1.299673245,1.299673245,-1.973360469
256.225,-0.9999998741,1.249786442,1.249786442,-2.017753788
256.25,-0.9997100307,1.198776965,1.198776965,-2.063177659
256.275,-0.998816446,1.146618845,1.146618845,-2.109647307
256.3,-0.9973203295,1.093285807,1.093285807,-2.157171619
256.325,-0.9952232532,1.038751461,1.038751461,-2.205751944
256.35,-0.9925271489,0.9829894678,0.9829894678,-2.255381079
256.375,-0.989234307,0.925973807,0.925973807,-2.306041792
256.4,-0.9853473735,0.8676790175,0.8676790175,-2.357705417
256.425,-0.9808693479,0.8080805227,0.8080805227,-2.41033016
256.45,-0.9758035801,0.7471549681,0.7471549681,-2.463859295
256.475,-0.970153768,0.68488063,0.68488063,-2.518219174
256.5,-0.9639239537,0.6212378529,0.6212378529,-2.573317111
256.525,-0.9571185207,0.556209568,0.556209568,-2.629039067
256.55,-0.9497421901,0.4897818404,0.4897818404,-2.685247309
256.575,-0.941800017,0.4219445078,0.4219445078,-2.741777867
256.6,-0.9332973867,0.3526918586,0.3526918586,-2.798438055
256.625,-0.9242400102,0.2820233817,0.2820233817,-2.855003962
256.65,-0.9146339204,0.2099445818,0.2099445818,-2.911218047
256.675,-0.9044854673,0.1364678453,0.1364678453,-2.966786951
256.7,-0.8938013135,0.06161335902,0.06161335902,-3.021379617
256.725,-0.8825884295,-0.0145899264,-0.0145899264,-3.074625863
256.75,-0.8708540886,-0.09210330754,-0.09210330754,-3.126115581
256.775,-0.8586058614,-0.1708773283,-0.1708773283,-3.175398725
256.8,-0.8458516114,-0.2508507909,-0.2508507909,-3.221986286
256.825,-0.8325994887,-0.3319498067,-0.3319498067,-3.265352453
256.85,-0.8188579247,-0.4140869173,-0.4140869173,-3.304938142
256.875,-0.8046356263,-0.4971603226,-0.4971603226,-3.340156119
256.9,-0.7899415702,-0.581053258,-0.581053258,-3.370397785
256.925,-0.7747849962,-0.6656335648,-0.6656335648,-3.395041763
256.95,-0.759175402,-0.7507534983,-0.7507534983,-3.413464382
256.975,-0.743122536,-0.8362498176,-0.8362498176,-3.425051848
257,-0.7266363913,-0.9219442029,-0.9219442029,-3.429214052
257.025,-0.7097271988,-1.007644034,-1.007644034,-3.425399659
257.05,-0.6924054209,-1.093143556,-1.093143556,-3.41311208
257.075,-0.6746817446,-1.178225457,-1.178225457,-3.391925761
257.1,-0.656567074,-1.262662839,-1.262662839,-3.361502123
257.125,-0.6380725243,-1.346221581,-1.346221581,-3.321604412
257.15,-0.6192094137,-1.428663057,-1.428663057,-3.272110658
257.175,-0.5999892567,-1.509747136,-1.509747136,-3.213023972
257.2,-0.5804237566,-1.589235403,-1.589235403,-3.144479466
257.225,-0.5605247982,-1.666894507,-1.666894507,-3.066747213
257.25,-0.5403044401,-1.742499527,-1.742499527,-2.980230875
257.275,-0.5197749075,-1.815837245,-1.815837245,-2.885461829
257.3,-0.4989485842,-1.886709224,-1.886709224,-2.783088906
257.325,-0.4778380049,-1.954934568,-1.954934568,-2.673864121
257.35,-0.4564558477,-2.020352292,-2.020352292,-2.558624998
257.375,-0.4348149261,-2.08282321,-2.08282321,-2.438274332
257.4,-0.4129281809,-2.142231292,-2.142231292,-2.313758337
257.425,-0.3908086728,-2.198484474,-2.198484474,-2.186044061
257.45,-0.3684695739,-2.251514898,-2.251514898,-2.056097444
257.475,-0.3459241599,-2.301278622,-2.301278622,-1.92486252
257.5,-0.3231858021,-2.347754833,-2.347754833,-1.793242734
257.525,-0.300267959,-2.390944629,-2.390944629,-1.66208506
257.55,-0.2771841688,-2.43086944,-2.43086944,-1.532167154
257.575,-0.2539480407,-2.467569165,-2.467569165,-1.404187809
257.6,-0.2305732469,-2.501100123,-2.501100123,-1.27876069
257.625,-0.2070735147,-2.531532871,-2.531532871,-1.156411173
257.65,-0.1834626181,-2.558949992,-2.558949992,-1.037575999
257.675,-0.1597543696,-2.583443898,-2.583443898,-0.9226053483
257.7,-0.1359626123,-2.605114716,-2.605114716,-0.8117668895
257.725,-0.1121012115,-2.624068287,-2.624068287,-0.7052513651
257.75,-0.08818404683,-2.64041433,-2.64041433,-0.6031792639
257.775,-0.06422500393,-2.654264774,-2.654264774,-0.5056081505
257.8,-0.04023796645,-2.665732279,-2.665732279,-0.4125403672
257.825,-0.016236808,-2.674928954,-2.674928954,-0.323930713
257.85,0.007764615903,-2.681965264,-2.681965264,-0.2396939323
257.875,0.03175247576,-2.686949114,-2.686949114,-0.1597117997
257.9,0.05571297607,-2.68998511,-2.68998511,-0.08383968178
257.925,0.07963236324,-2.691173976,-2.691173976,-0.01191249135
257.95,0.1034969334,-2.69061211,-2.69061211,0.05625000688
257.975,0.1272930402,-2.688391261,-2.688391261,0.1208385506
258,0.1510071024,-2.684598322,-2.684598322,0.1820503785
258.025,0.174625612,-2.679315211,-2.679315211,0.2400858432
258.05,0.1981351412,-2.672618827,-2.672618827,0.2951455942
258.075,0.2215223503,-2.664581073,-2.664581073,0.3474282796
258.1,0.2447739951,-2.655268931,-2.655268931,0.3971287118
258.125,0.2678769343,-2.644744575,-2.644744575,0.4444364419
258.15,0.2908181367,-2.633065519,-2.633065519,0.4895346883
258.175,0.3135846882,-2.620284783,-2.620284783,0.5325995693
258.2,0.3361637994,-2.606451079,-2.606451079,0.5737995911
258.225,0.3585428123,-2.591609003,-2.591609003,0.6132953497
258.25,0.380709207,-2.57579924,-2.57579924,0.6512394073
258.275,0.4026506089,-2.559058757,-2.559058757,0.6877763109
258.3,0.4243547951,-2.541421009,-2.541421009,0.7230427222
258.325,0.4458097014,-2.522916131,-2.522916131,0.7571676358
258.35,0.4670034281,-2.503571125,-2.503571125,0.7902726629
258.375,0.4879242471,-2.483410041,-2.483410041,0.8224723634
258.4,0.5085606073,-2.46245415,-2.46245415,0.8538746122
258.425,0.5289011418,-2.440722107,-2.440722107,0.8845809866
258.45,0.5489346726,-2.418230101,-2.418230101,0.9146871648
258.475,0.5686502178,-2.394991998,-2.394991998,0.9442833279
258.5,0.5880369961,-2.371019474,-2.371019474,0.9734545625
258.525,0.6070844332,-2.34632214,-2.34632214,1.002281253
258.55,0.625782167,-2.320907648,-2.320907648,1.03083946
258.575,0.6441200529,-2.294781802,-2.294781802,1.059201296
258.6,0.6620881689,-2.267948648,-2.267948648,1.087435272
258.625,0.6796768208,-2.24041056,-2.24041056,1.115606632
258.65,0.696876547,-2.212168318,-2.212168318,1.14377768
258.675,0.7136781232,-2.18322118,-2.18322118,1.172008062
258.7,0.7300725669,-2.153566943,-2.153566943,1.200355065
258.725,0.7460511422,-2.123201995,-2.123201995,1.228873854
258.75,0.7616053635,-2.092121374,-2.092121374,1.257617737
258.775,0.776727,-2.060318802,-2.060318802,1.28663836
258.8,0.7914080798,-2.027786731,-2.027786731,1.315985932
258.825,0.8056408932,-1.994516373,-1.994516373,1.345709387
258.85,0.8194179968,-1.96049773,-1.96049773,1.375856543
258.875,0.8327322166,-1.925719624,-1.925719624,1.406474266
258.9,0.8455766516,-1.890169712,-1.890169712,1.437608554
258.925,0.8579446769,-1.853834513,-1.853834513,1.469304641
258.95,0.8698299464,-1.816699426,-1.816699426,1.501607087
258.975,0.8812263961,-1.778748741,-1.778748741,1.534559794
259,0.8921282462,-1.739965656,-1.739965656,1.568206039
259.025,0.9025300039,-1.700332302,-1.700332302,1.602588449
259.05,0.9124264658,-1.659829751,-1.659829751,1.63774895
259.075,0.9218127196,-1.618438029,-1.618438029,1.6737287
259.1,0.9306841465,-1.576136151,-1.576136151,1.710567971
259.125,0.9390364227,-1.532902141,-1.532902141,1.748305905
259.15,0.9468655212,-1.488713053,-1.488713053,1.786980392
259.175,0.9541677131,-1.443545013,-1.443545013,1.826627752
259.2,0.960939569,-1.397373271,-1.397373271,1.867282342
259.225,0.96717796,-1.350172235,-1.350172235,1.908976227
259.25,0.9728800588,-1.301915552,-1.301915552,1.951738664
259.275,0.9780433401,-1.252576182,-1.252576182,1.995595446
259.3,0.9826655816,-1.202126478,-1.202126478,2.040568368
259.325,0.9867448641,-1.150538319,-1.150538319,2.086674324
259.35,0.990279572,-1.097783227,-1.097783227,2.133924445
259.375,0.9932683931,-1.043832522,-1.043832522,2.182323123
259.4,0.9957103189,-0.9886575271,-0.9886575271,2.231866713
259.425,0.9976046437,-0.9322297496,-0.9322297496,2.282542387
259.45,0.9989509649,-0.8745211673,-0.8745211673,2.334326483
259.475,0.999749182,-0.8155044848,-0.8155044848,2.387183011
259.5,0.9999994958,-0.7551534941,-0.7551534941,2.441061718
259.525,0.9997024076,-0.6934434291,-0.6934434291,2.495896203
259.55,0.9988587181,-0.6303514202,-0.6303514202,2.551601668
259.575,0.9974695261,-0.5658569601,-0.5658569601,2.608072692
259.6,0.9955362272,-0.4999424697,-0.4999424697,2.665180698
259.625,0.9930605121,-0.4325938951,-0.4325938951,2.722771442
259.65,0.9900443648,-0.3638013874,-0.3638013874,2.780662352
259.675,0.986490061,-0.293560046,-0.293560046,2.838639875
259.7,0.9824001659,-0.2218707216,-0.2218707216,2.896456898
259.725,0.9777775317,-0.1487408876,-0.1487408876,2.953830297
259.75,0.9726252959,-0.07418556991,-0.07418556991,3.010438763
259.775,0.9669468784,0.001771677091,0.001771677091,3.065921032
259.8,0.9607459787,0.07909775468,0.07909775468,3.119874669
259.825,0.9540265735,0.1577489827,0.1577489827,3.171855594
259.85,0.9467929137,0.2376700623,0.2376700623,3.221378546
259.875,0.9390495211,0.3187930636,0.3187930636,3.26791869
259.9,0.9308011853,0.4010364709,0.4010364709,3.31091458
259.925,0.9220529606,0.4843043184,0.4843043184,3.349772688
259.95,0.9128101623,0.5684854665,0.5684854665,3.383873622
259.975,0.903078363,0.6534530495,0.6534530495,3.412580291
260,0.892863389,0.739064155,0.739064155,3.435247923
260.025,0.8821713166,0.825159778,0.825159778,3.451236011
260.05,0.8710084679,0.911565096,0.911565096,3.459922062
260.075,0.8593814068,0.9980901068,0.9980901068,3.460716864
260.1,0.8472969345,1.084530664,1.084530664,3.453080882
260.125,0.8347620859,1.17066993,1.17066993,3.436541257
260.15,0.8217841241,1.256280258,1.256280258,3.410708764
260.175,0.808370537,1.341125484,1.341125484,3.375293939
260.2,0.7945290317,1.424963607,1.424963607,3.330121573
260.225,0.7802675302,1.507549804,1.507549804,3.275142704
260.25,0.7655941645,1.588639699,1.588639699,3.210443339
260.275,0.7505172714,1.667992809,1.667992809,3.136249208
260.3,0.735045388,1.745376047,1.745376047,3.05292607
260.325,0.7191872459,1.82056718,1.82056718,2.960975299
260.35,0.7029517663,1.893358116,1.893358116,2.861024765
260.375,0.6863480548,1.963557901,1.963557901,2.75381531
260.4,0.6693853957,2.03099534,2.03099534,2.640183383
260.425,0.652073247,2.095521132,2.095521132,2.521040629
260.45,0.6344212341,2.157009475,2.157009475,2.397351403
260.475,0.6164391451,2.215359093,2.215359093,2.270109307
260.5,0.5981369243,2.270493668,2.270493668,2.140313876
260.525,0.579524667,2.322361712,2.322361712,2.008948202
260.55,0.5606126134,2.370935895,2.370935895,1.876958731
260.575,0.5414111429,2.416211904,2.416211904,1.745237666
260.6,0.5219307681,2.4582069,2.4582069,1.614608563
260.625,0.5021821289,2.496957655,2.496957655,1.485815348
260.65,0.4821759864,2.532518465,2.532518465,1.359514836
260.675,0.4619232167,2.564958909,2.564958909,1.23627259
260.7,0.4414348052,2.594361549,2.594361549,1.116561836
260.725,0.4207218401,2.620819641,2.620819641,1.000765051
260.75,0.3997955064,2.644434904,2.644434904,0.8891777535
260.775,0.3786670797,2.665315413,2.665315413,0.7820140286
260.8,0.35734792,2.683573648,2.683573648,0.6794133064
260.825,0.335849465,2.699324722,2.699324722,0.5814479262
260.85,0.3141832248,2.712684798,2.712684798,0.4881311866
260.875,0.2923607745,2.723769718,2.723769718,0.3994253969
260.9,0.2703937487,2.732693829,2.732693829,0.315249809
260.925,0.2482938349,2.739568999,2.739568999,0.235488136
260.95,0.2260727673,2.744503818,2.744503818,0.159995546
260.975,0.2037423201,2.747602965,2.747602965,0.08860502458
261,0.1813143018,2.748966727,2.748966727,0.02113305709
261.025,0.1588005485,2.748690649,2.748690649,-0.04261538534
261.05,0.1362129174,2.746865303,2.746865303,-0.1028425463
261.075,0.1135632812,2.743576151,2.743576151,-0.159754238
261.1,0.09086352115,2.7389035,2.7389035,-0.2135568051
261.125,0.06812552111,2.732922516,2.732922516,-0.2644546449
261.15,0.04536116127,2.725703301,2.725703301,-0.3126482237
261.175,0.02258231188,2.717311013,2.717311013,-0.3583325334
261.2,-0.0001991728663,2.707806013,2.707806013,-0.4016959286
261.225,-0.02297146102,2.697244048,2.697244048,-0.4429192887
261.25,-0.04572274902,2.68567644,2.68567644,-0.4821754566
261.275,-0.06844126773,2.673150295,2.673150295,-0.5196289052
261.3,-0.09111528851,2.659708715,2.659708715,-0.555435593
261.325,-0.1137331292,2.645391008,2.645391008,-0.5897429707
261.35,-0.1362831602,2.6302329,2.6302329,-0.6226901089
261.375,-0.1587538101,2.614266744,2.614266744,-0.6544079189
261.4,-0.1811335719,2.597521721,2.597521721,-0.6850194448
261.425,-0.2034110084,2.580024027,2.580024027,-0.714640207
261.45,-0.2255747583,2.561797062,2.561797062,-0.7433785818
261.475,-0.2476135417,2.542861602,2.542861602,-0.7713362041
261.5,-0.2695161659,2.523235962,2.523235962,-0.7986083833
261.525,-0.2912715307,2.502936148,2.502936148,-0.8252845218
261.55,-0.3128686339,2.481976002,2.481976002,-0.8514485321
261.575,-0.334296577,2.460367331,2.460367331,-0.8771792476
261.6,-0.3555445704,2.438120032,2.438120032,-0.9025508217
261.625,-0.3766019386,2.4152422,2.4152422,-0.9276331107
261.65,-0.3974581253,2.391740236,2.391740236,-0.9524920435
261.675,-0.4181026987,2.367618938,2.367618938,-0.977189976
261.7,-0.4385253566,2.342881586,2.342881586,-1.001786019
261.725,-0.458715931,2.317530018,2.317530018,-1.02633636
261.75,-0.4786643934,2.291564702,2.291564702,-1.050894556
261.775,-0.498360859,2.264984797,2.264984797,-1.075511814
261.8,-0.5177955921,2.237788209,2.237788209,-1.100237254
261.825,-0.5369590099,2.209971638,2.209971638,-1.125118147
261.85,-0.5558416876,2.181530625,2.181530625,-1.150200149
261.875,-0.5744343625,2.152459586,2.152459586,-1.175527505
261.9,-0.5927279381,2.122751846,2.122751846,-1.201143242
261.925,-0.6107134889,2.092399671,2.092399671,-1.227089361
261.95,-0.6283822638,2.061394282,2.061394282,-1.253406974
261.975,-0.6457256905,2.029725889,2.029725889,-1.280136473
262,-0.6627353793,1.997383695,1.997383695,-1.307317663
262.025,-0.6794031266,1.964355914,1.964355914,-1.334989854
262.05,-0.6957209191,1.930629785,1.930629785,-1.363191985
262.075,-0.7116809367,1.896191577,1.896191577,-1.391962702
262.1,-0.7272755563,1.861026592,1.861026592,-1.421340416
262.125,-0.7424973553,1.825119179,1.825119179,-1.451363359
262.15,-0.7573391144,1.78845273,1.78845273,-1.482069609
262.175,-0.7717938207,1.751009688,1.751009688,-1.513497096
262.2,-0.785854671,1.71277155,1.71277155,-1.545683586
262.225,-0.7995150746,1.673718871,1.673718871,-1.578666629
262.25,-0.8127686558,1.633831269,1.633831269,-1.612483504
262.275,-0.8256092566,1.593087439,1.593087439,-1.647171098
262.3,-0.8380309391,1.551465156,1.551465156,-1.682765752
262.325,-0.8500279885,1.508941295,1.508941295,-1.719303125
262.35,-0.8615949143,1.465491854,1.465491854,-1.756817911
262.375,-0.8727264534,1.421091976,1.421091976,-1.795343565
262.4,-0.8834175714,1.375715984,1.375715984,-1.834912024
262.425,-0.8936634651,1.329337434,1.329337434,-1.87555321
262.45,-0.9034595638,1.281929156,1.281929156,-1.9172946
262.475,-0.912801531,1.233463329,1.233463329,-1.960160706
262.5,-0.9216852661,1.183911574,1.183911574,-2.004172303
262.525,-0.9301069057,1.133245031,1.133245031,-2.049345806
262.55,-0.9380628248,1.081434505,1.081434505,-2.095692336
262.575,-0.9455496382,1.028450598,1.028450598,-2.14321671
262.6,-0.952564201,0.9742638724,0.9742638724,-2.191916421
262.625,-0.9591036099,0.9188450734,0.9188450734,-2.241780226
262.65,-0.965165204,0.8621653339,0.8621653339,-2.292786903
262.675,-0.9707465652,0.8041964751,0.8041964751,-2.344903513
262.7,-0.9758455187,0.7449112902,0.7449112902,-2.3980838
262.725,-0.9804601338,0.6842839297,0.6842839297,-2.452266165
262.75,-0.9845887235,0.6222902837,0.6222902837,-2.5073717
262.775,-0.9882298453,0.5589084665,0.5589084665,-2.563301858
262.8,-0.9913823008,0.4941193168,0.4941193168,-2.619936164
262.825,-0.9940451359,0.4279069901,0.4279069901,-2.677129666
262.85,-0.9962176402,0.3602595986,0.3602595986,-2.73471039
262.875,-0.9978993469,0.2911699152,0.2911699152,-2.792476741
262.9,-0.9990900325,0.2206361529,0.2206361529,-2.850194923
262.925,-0.9997897158,0.148662797,0.148662797,-2.907596498
262.95,-0.9999986575,0.0752614999,0.0752614999,-2.964376173
262.975,-0.9997173594,0.0004520267681,0.0004520267681,-3.020189919
263,-0.9989465631,-0.07573675692,-0.07573675692,-3.074653605
263.025,-0.9976872494,-0.1532658731,-0.1532658731,-3.127342289
263.05,-0.995940637,-0.2320852108,-0.2320852108,-3.177790372
263.075,-0.993708181,-0.3121325218,-0.3121325218,-3.225492798
263.1,-0.9909915717,-0.3933324623,-0.3933324623,-3.269907522
263.125,-0.987792733,-0.4755957149,-0.4755957149,-3.310459406
263.15,-0.984113821,-0.5588182263,-0.5588182263,-3.34654582
263.175,-0.9799572219,-0.6428806072,-0.6428806072,-3.377543955
263.2,-0.9753255506,-0.7276477401,-0.7276477401,-3.402820025
263.225,-0.9702216484,-0.81296864,-0.81296864,-3.421740374
263.25,-0.964648581,-0.8986766146,-0.8986766146,-3.433684367
263.275,-0.9586096366,-0.9845897669,-0.9845897669,-3.438058831
263.3,-0.9521083235,-1.070511877,-1.070511877,-3.434313788
263.325,-0.9451483677,-1.156233687,-1.156233687,-3.421958948
263.35,-0.9377337105,-1.241534601,-1.241534601,-3.400580384
263.375,-0.929868506,-1.3261848,-1.3261848,-3.36985669
263.4,-0.9215571182,-1.409947742,-1.409947742,-3.3295738
263.425,-0.9128041188,-1.492583011,-1.492583011,-3.279637684
263.45,-0.9036142838,-1.573849443,-1.573849443,-3.220084103
263.475,-0.8939925911,-1.653508463,-1.653508463,-3.151084721
263.5,-0.883944217,-1.731327506,-1.731327506,-3.072949033
263.525,-0.8734745334,-1.807083449,-1.807083449,-2.986121757
263.55,-0.8625891047,-1.880565904,-1.880565904,-2.891175597
263.575,-0.8512936842,-1.951580284,-1.951580284,-2.788799571
263.6,-0.8395942113,-2.019950524,-2.019950524,-2.679783368
263.625,-0.8274968076,-2.085521362,-2.085521362,-2.564998397
263.65,-0.8150077734,-2.148160125,-2.148160125,-2.445376469
263.675,-0.8021335847,-2.207757954,-2.207757954,-2.321887165
263.7,-0.7888808888,-2.264230459,-2.264230459,-2.195514633
263.725,-0.7752565013,-2.317517805,-2.317517805,-2.067235451
263.75,-0.7612674018,-2.367584258,-2.367584258,-1.937997869
263.775,-0.7469207304,-2.414417242,-2.414417242,-1.808703471
263.8,-0.7322237834,-2.458025975,-2.458025975,-1.680191798
263.825,-0.7171840099,-2.498439757,-2.498439757,-1.553228251
263.85,-0.7018090072,-2.535706001,-2.535706001,-1.428495367
263.875,-0.6861065173,-2.569888092,-2.569888092,-1.306587447
263.9,-0.6700844222,-2.601063139,-2.601063139,-1.188008297
263.925,-0.65375074,-2.629319719,-2.629319719,-1.073171732
263.95,-0.6371136207,-2.654755658,-2.654755658,-0.9624044386
263.975,-0.6201813417,-2.677475908,-2.677475908,-0.8559507125
264,-0.6029623039,-2.69759056,-2.69759056,-0.7539786189
264.025,-0.5854650266,-2.715213029,-2.715213029,-0.6565871283
264.05,-0.5676981439,-2.730458417,-2.730458417,-0.5638138224
264.075,-0.5496703997,-2.743442084,-2.743442084,-0.4756427847
264.1,-0.5313906434,-2.754278406,-2.754278406,-0.3920124811
264.125,-0.5128678253,-2.763079726,-2.763079726,-0.3128233017
264.15,-0.4941109921,-2.769955499,-2.769955499,-0.2379446537
264.175,-0.4751292824,-2.775011593,-2.775011593,-0.1672214762
264.2,-0.4559319218,-2.778349758,-2.778349758,-0.1004801111
264.225,-0.4365282188,-2.780067224,-2.780067224,-0.03753349627
264.25,-0.4169275595,-2.780256424,-2.780256424,0.02181431678
264.275,-0.3971394032,-2.779004824,-2.779004824,0.07776429919
264.3,-0.377173278,-2.776394835,-2.776394835,0.1305191983
264.325,-0.3570387756,-2.772503807,-2.772503807,0.180280858
264.35,-0.3367455468,-2.767404078,-2.767404078,0.2272480514
264.375,-0.3163032968,-2.761163073,-2.761163073,0.2716147694
264.4,-0.2957217805,-2.753843442,-2.753843442,0.3135689069
264.425,-0.2750107976,-2.745503223,-2.745503223,0.3532912925
264.45,-0.2541801878,-2.736196031,-2.736196031,0.3909550104
264.475,-0.2332398264,-2.725971252,-2.725971252,0.4267249666
264.5,-0.212199619,-2.714874257,-2.714874257,0.4607576581
264.525,-0.1910694975,-2.70294661,-2.70294661,0.4932011069
264.55,-0.1698594145,-2.69022628,-2.69022628,0.5241949256
264.575,-0.1485793392,-2.676747847,-2.676747847,0.5538704879
264.6,-0.1272392524,-2.662542711,-2.662542711,0.5823511779
264.625,-0.1058491419,-2.647639279,-2.647639279,0.6097526993
264.65,-0.08441899773,-2.632063164,-2.632063164,0.6361834275
264.675,-0.06295880748,-2.615837351,-2.615837351,0.661744789
264.7,-0.04147855166,-2.598982377,-2.598982377,0.6865316595
264.725,-0.01998819902,-2.581516481,-2.581516481,0.7106327695
264.75,0.001502298005,-2.56345576,-2.56345576,0.7341311099
264.775,0.02298300795,-2.5448143,-2.5448143,0.7571043343
264.8,0.04444402485,-2.525604312,-2.525604312,0.7796251504
264.825,0.06587547279,-2.505836244,-2.505836244,0.8017617021
264.85,0.08726751042,-2.485518895,-2.485518895,0.8235779343
264.875,0.1086103354,-2.464659515,-2.464659515,0.8451339412
264.9,0.1298941889,-2.443263894,-2.443263894,0.866486302
264.925,0.1511093598,-2.421336451,-2.421336451,0.8876883951
264.95,0.1722461895,-2.398880305,-2.398880305,0.9087906931
264.975,0.1932950757,-2.375897348,-2.375897348,0.9298410499
265,0.214246477,-2.352388306,-2.352388306,0.9508849561
265.025,0.235090917,-2.328352792,-2.328352792,0.9719657935
265.05,0.2558189886,-2.303789362,-2.303789362,0.9931250604
265.075,0.2764213583,-2.278695553,-2.278695553,1.014402593
265.1,0.2968887696,-2.253067927,-2.253067927,1.035836759
265.125,0.3172120478,-2.226902101,-2.226902101,1.057464658
265.15,0.3373821039,-2.200192779,-2.200192779,1.079322279
265.175,0.3573899378,-2.17293378,-2.17293378,1.101444684
265.2,0.3772266431,-2.145118053,-2.145118053,1.123866135
265.225,0.3968834105,-2.1167377,-2.1167377,1.14662024
265.25,0.4163515313,-2.087783993,-2.087783993,1.169740108
265.275,0.4356224016,-2.058247375,-2.058247375,1.193258415
265.3,0.4546875256,-2.028117481,-2.028117481,1.217207543
265.325,0.4735385194,-1.997383139,-1.997383139,1.241619681
265.35,0.4921671141,-1.966032372,-1.966032372,1.266526883
265.375,0.5105651596,-1.934052403,-1.934052403,1.291961158
265.4,0.5287246282,-1.901429655,-1.901429655,1.317954535
265.425,0.5466376171,-1.868149749,-1.868149749,1.344539102
265.45,0.5642963523,-1.834197505,-1.834197505,1.37174705
265.475,0.5816931916,-1.799556933,-1.799556933,1.399610693
265.5,0.5988206277,-1.764211236,-1.764211236,1.428162478
265.525,0.615671291,-1.728142803,-1.728142803,1.457434974
265.55,0.6322379528,-1.691333209,-1.691333209,1.487460844
265.575,0.6485135279,-1.65376321,-1.65376321,1.518272806
265.6,0.6644910779,-1.615412746,-1.615412746,1.549903541
265.625,0.6801638132,-1.576260939,-1.576260939,1.582385613
265.65,0.6955250962,-1.5362861,-1.5362861,1.615751347
265.675,0.7105684434,-1.495465742,-1.495465742,1.650032632
265.7,0.7252875284,-1.453776579,-1.453776579,1.685260762
265.725,0.7396761837,-1.411194558,-1.411194558,1.721466196
265.75,0.7537284036,-1.367694881,-1.367694881,1.758678203
265.775,0.7674383458,-1.323252028,-1.323252028,1.796924607
265.8,0.7808003342,-1.277839812,-1.277839812,1.836231346
265.825,0.7938088603,-1.231431428,-1.231431428,1.87662194
265.85,0.8064585858,-1.18399951,-1.18399951,1.91811706
265.875,0.8187443439,-1.135516227,-1.135516227,1.960733795
265.9,0.8306611415,-1.085953367,-1.085953367,2.004484952
265.925,0.842204161,-1.035282458,-1.035282458,2.049378285
265.95,0.8533687615,-0.983474919,-0.983474919,2.095415428
265.975,0.8641504807,-0.930502198,-0.930502198,2.142590991
266,0.8745450363,-0.8763359942,-0.8763359942,2.190891222
266.025,0.8845483271,-0.8209484564,-0.8209484564,2.240292789
266.05,0.8941564348,-0.7643124605,-0.7643124605,2.290761237
266.075,0.9033656247,-0.7064018929,-0.7064018929,2.342249403
266.1,0.9121723472,-0.6471920022,-0.6471920022,2.394695627
266.125,0.9205732385,-0.586659773,-0.586659773,2.448021854
266.15,0.9285651218,-0.5247843751,-0.5247843751,2.50213155
266.175,0.9361450079,-0.4615476369,-0.4615476369,2.556907569
266.2,0.9433100963,-0.3969346037,-0.3969346037,2.612209826
266.225,0.9500577756,-0.3309341307,-0.3309341307,2.667873002
266.25,0.9563856239,-0.2635395455,-0.2635395455,2.723704165
266.275,0.9622914099,-0.1947493703,-0.1947493703,2.779480454
266.3,0.967773093,-0.1245680954,-0.1245680954,2.834946897
266.325,0.9728288232,-0.0530070068,-0.0530070068,2.889814424
266.35,0.9774569422,0.01991493822,0.01991493822,2.943758216
266.375,0.9816559829,0.09417020201,0.09417020201,2.996416513
266.4,0.9854246695,0.1697217345,0.1697217345,3.04739003
266.425,0.988761918,0.2465220352,0.2465220352,3.096242147
266.45,0.9916668354,0.3245122327,0.3245122327,3.142500052
266.475,0.9941387202,0.403621205,0.403621205,3.185657003
266.5,0.9961770614,0.4837647738,0.4837647738,3.225175919
266.525,0.9977815389,0.5648450028,0.5648450028,3.260494412
266.55,0.9989520225,0.6467496506,0.6467496506,3.291031397
266.575,0.9996885715,0.7293517981,0.7293517981,3.316195422
266.6,0.9999914344,0.8125097121,0.8125097121,3.335394618
266.625,0.9998610477,0.8960669764,0.8960669764,3.348048266
266.65,0.9992980358,0.9798529306,0.9798529306,3.353599812
266.675,0.9983032094,1.063683449,1.063683449,3.351531016
266.7,0.9968775653,1.147362084,1.147362084,3.341376835
266.725,0.9950222846,1.230681583,1.230681583,3.322740538
266.75,0.9927387326,1.313425785,1.313425785,3.295308429
266.775,0.9900284569,1.395371867,1.395371867,3.258863496
266.8,0.9868931862,1.476292916,1.476292916,3.213297265
266.825,0.9833348294,1.555960764,1.555960764,3.15861916
266.85,0.979355474,1.63414902,1.63414902,3.094962718
266.875,0.9749573847,1.710636214,1.710636214,3.022588151
266.9,0.9701430016,1.785208955,1.785208955,2.941880924
266.925,0.9649149391,1.857665,1.857665,2.853346191
266.95,0.9592759838,1.927816136,1.927816136,2.757599227
266.975,0.9532290931,1.995490772,1.995490772,2.655352168
267,0.9467773929,2.060536165,2.060536165,2.547397634
267.025,0.9399241765,2.122820199,2.122820199,2.434589978
267.05,0.9326729019,2.18223268,2.18223268,2.317825005
267.075,0.9250271904,2.238686109,2.238686109,2.1980192
267.1,0.9169908239,2.292115943,2.292115943,2.076089055
267.125,0.9085677436,2.342480347,2.342480347,1.952931837
267.15,0.899762047,2.389759494,2.389759494,1.829408085
267.175,0.8905779862,2.433954454,2.433954454,1.706326602
267.2,0.8810199655,2.475085738,2.475085738,1.584432249
267.225,0.8710925387,2.51319158,2.51319158,1.464396768
267.25,0.8608004072,2.548326027,2.548326027,1.346812621
267.275,0.8501484171,2.580556911,2.580556911,1.232189698
267.3,0.8391415571,2.609963767,2.609963767,1.120954653
267.325,0.8277849553,2.636635773,2.636635773,1.013452519
267.35,0.8160838775,2.660669745,2.660669745,0.9099502075
267.375,0.8040437234,2.682168248,2.682168248,0.8106414773
267.4,0.791670025,2.701237838,2.701237838,0.7156529738
267.425,0.7789684429,2.717987466,2.717987466,0.6250509758
267.45,0.7659447643,2.732527062,2.732527062,0.5388484823
267.475,0.7526048994,2.744966288,2.744966288,0.4570123772
267.5,0.738954879,2.755413475,2.755413475,0.3794704605
267.525,0.7250008514,2.763974731,2.763974731,0.3061181339
267.55,0.7107490795,2.770753211,2.770753211,0.2368246341
267.575,0.6962059377,2.77584853,2.77584853,0.1714387238
267.6,0.6813779089,2.779356325,2.779356325,0.109793795
267.625,0.6662715814,2.781367918,2.781367918,0.05171236662
267.65,0.6508936458,2.781970103,2.781970103,-0.002990015492
267.675,0.6352508918,2.781245008,2.781245008,-0.05450145324
267.7,0.6193502052,2.779270046,2.779270046,-0.1030109078
267.725,0.6031985645,2.776117916,2.776117916,-0.1487059033
267.75,0.5868030378,2.771856668,2.771856668,-0.191770674
267.775,0.5701707793,2.766549803,2.766549803,-0.2323847044
267.8,0.5533090264,2.760256407,2.760256407,-0.2707216122
267.825,0.5362250963,2.753031306,2.753031306,-0.3069483269
267.85,0.5189263824,2.744925243,2.744925243,-0.3412245203
267.875,0.5014203511,2.735985065,2.735985065,-0.3737022469
267.9,0.4837145387,2.726253913,2.726253913,-0.4045257586
267.925,0.4658165477,2.715771423,2.715771423,-0.4338314623
267.95,0.4477340436,2.704573915,2.704573915,-0.4617479904
267.975,0.4294747513,2.692694589,2.692694589,-0.4883963615
268,0.4110464518,2.680163716,2.680163716,-0.5138902098
268.025,0.3924569791,2.66700881,2.66700881,-0.5383360658
268.05,0.373714216,2.653254813,2.653254813,-0.5618336738
268.075,0.3548260914,2.63892425,2.63892425,-0.5844763338
268.1,0.3358005766,2.624037392,2.624037392,-0.6063512585
268.125,0.3166456817,2.608612404,2.608612404,-0.6275399375
268.15,0.2973694522,2.592665478,2.592665478,-0.6481185013
268.175,0.2779799659,2.576210969,2.576210969,-0.6681580816
268.2,0.2584853288,2.559261511,2.559261511,-0.6877251625
268.225,0.2388936724,2.541828129,2.541828129,-0.7068819223
268.25,0.2192131495,2.523920348,2.523920348,-0.7256865625
268.275,0.1994519313,2.50554628,2.50554628,-0.7441936203
268.3,0.1796182039,2.486712719,2.486712719,-0.7624542668
268.325,0.1597201646,2.467425218,2.467425218,-0.7805165938
268.35,0.1397660186,2.447688164,2.447688164,-0.7984258778
268.375,0.1197639759,2.427504843,2.427504843,-0.8162248335
268.4,0.09972224728,2.406877505,2.406877505,-0.8339538534
268.425,0.07964904151,2.385807414,2.385807414,-0.8516512246
268.45,0.05955256168,2.364294903,2.364294903,-0.8693533458
268.475,0.03944100187,2.342339417,2.342339417,-0.8870949119
268.5,0.0193225439,2.319939552,2.319939552,-0.9049091087
268.525,-0.000794646079,2.297093091,2.297093091,-0.922827769
268.55,-0.02090242082,2.273797037,2.273797037,-0.9408815484
268.575,-0.04099265528,2.250047641,2.250047641,-0.9591000547
268.6,-0.0610572499,2.225840422,2.225840422,-0.9775120048
268.625,-0.08108813379,2.201170195,2.201170195,-0.9961453428
268.65,-0.101077268,2.176031082,2.176031082,-1.015027351
268.675,-0.1210166485,2.150416532,2.150416532,-1.034184792
268.7,-0.1408983097,2.124319329,2.124319329,-1.053643983
268.725,-0.1607143273,2.097731602,2.097731602,-1.073430895
268.75,-0.1804568214,2.070644838,2.070644838,-1.09357126
268.775,-0.2001179597,2.043049881,2.043049881,-1.114090636
268.8,-0.2196899603,2.014936936,2.014936936,-1.135014481
268.825,-0.239165095,1.986295574,1.986295574,-1.156368235
268.85,-0.258535692,1.957114729,1.957114729,-1.178177368
268.875,-0.277794139,1.927382698,1.927382698,-1.200467432
268.9,-0.2969328861,1.897087136,1.897087136,-1.223264121
268.925,-0.3159444485,1.866215054,1.866215054,-1.246593294
268.95,-0.3348214094,1.834752817,1.834752817,-1.270481014
268.975,-0.3535564228,1.80268613,1.80268613,-1.294953567
269,-0.3721422164,1.770000044,1.770000044,-1.320037468
269.025,-0.3905715938,1.736678939,1.736678939,-1.345759473
269.05,-0.4088374379,1.702706528,1.702706528,-1.372146553
269.075,-0.4269327127,1.668065843,1.668065843,-1.399225881
269.1,-0.4448504666,1.632739237,1.632739237,-1.427024786
269.125,-0.4625838343,1.596708379,1.596708379,-1.455570692
269.15,-0.4801260397,1.559954249,1.559954249,-1.484891056
269.175,-0.4974703984,1.522457144,1.522457144,-1.515013254
269.2,-0.5146103196,1.484196678,1.484196678,-1.54596446
269.225,-0.5315393089,1.445151788,1.445151788,-1.577771522
269.25,-0.5482509703,1.40530075,1.40530075,-1.610460741
269.275,-0.5647390088,1.364621187,1.364621187,-1.644057674
269.3,-0.580997232,1.323090096,1.323090096,-1.67858691
269.325,-0.597019553,1.280683878,1.280683878,-1.714071702
269.35,-0.6127999918,1.237378369,1.237378369,-1.750533668
269.375,-0.6283326778,1.193148887,1.193148887,-1.787992408
269.4,-0.6436118514,1.147970299,1.147970299,-1.826464942
269.425,-0.6586318664,1.101817074,1.101817074,-1.865965289
269.45,-0.6733871914,1.054663381,1.054663381,-1.906503801
269.475,-0.6878724122,1.006483183,1.006483183,-1.948086439
269.5,-0.7020822328,0.9572503484,0.9572503484,-1.990714097
269.525,-0.7160114778,0.9069388102,0.9069388102,-2.03438159
269.55,-0.7296550937,0.8555227028,0.8555227028,-2.079076799
269.575,-0.7430081508,0.8029765718,0.8029765718,-2.124779494
269.6,-0.7560658443,0.7492755756,0.7492755756,-2.171460174
269.625,-0.7688234962,0.694395744,0.694395744,-2.219078734
269.65,-0.7812765567,0.6383142541,0.6383142541,-2.267583019
269.675,-0.7934206053,0.5810097559,0.5810097559,-2.316907275
269.7,-0.8052513523,0.5224627274,0.5224627274,-2.366970481
269.725,-0.8167646402,0.4626558862,0.4626558862,-2.417674566
269.75,-0.8279564448,0.4015746275,0.4015746275,-2.468902588
269.775,-0.838822876,0.3392075319,0.3392075319,-2.520516782
269.8,-0.8493601798,0.2755469013,0.2755469013,-2.57235666
269.825,-0.8595647381,0.2105893538,0.2105893538,-2.624237076
269.85,-0.8694330708,0.1443364652,0.1443364652,-2.675946378
269.875,-0.8789618361,0.0767954514,0.0767954514,-2.72724471
269.9,-0.8881478315,0.007979892259,0.007979892259,-2.77786253
269.925,-0.8969879947,-0.06208950966,-0.06208950966,-2.827499445
269.95,-0.905479404,-0.1333841482,-0.1333841482,-2.875823473
269.975,-0.9136192796,-0.2058667201,-0.2058667201,-2.922470861
270,-0.9214049835,-0.2794904357,-0.2794904357,-2.967046581
270.025,-0.9288340207,-0.3541982512,-0.3541982512,-3.00912565
270.05,-0.9359040394,-0.4299221473,-0.4299221473,-3.048255397
270.075,-0.9426128314,-0.5065824748,-0.5065824748,-3.083958854
270.1,-0.9489583325,-0.5840874023,-0.5840874023,-3.11573931
270.125,-0.9549386232,-0.6623324949,-0.6623324949,-3.14308616
270.15,-0.9605519284,-0.7412004527,-0.7412004527,-3.165482156
270.175,-0.965796618,-0.8205610477,-0.8205610477,-3.182411892
270.2,-0.9706712071,-0.9002712908,-0.9002712908,-3.193371589
270.225,-0.9751743558,-0.9801758565,-0.9801758565,-3.197879993
270.25,-0.9793048695,-1.060107791,-1.060107791,-3.195490116
270.275,-0.9830616988,-1.139889523,-1.139889523,-3.185801507
270.3,-0.9864439394,-1.219334178,-1.219334178,-3.168472668
270.325,-0.9894508321,-1.298247211,-1.298247211,-3.143233102
270.35,-0.9920817625,-1.376428316,-1.376428316,-3.10989448
270.375,-0.9943362607,-1.453673612,-1.453673612,-3.068360366
270.4,-0.9962140012,-1.529778036,-1.529778036,-3.018633946
270.425,-0.9977148026,-1.60453791,-1.60453791,-2.960823277
270.45,-0.9988386268,-1.677753596,-1.677753596,-2.895143646
270.475,-0.999585579,-1.74923217,-1.74923217,-2.821916762
270.5,-0.999955907,-1.818790047,-1.818790047,-2.741566664
270.525,-0.9999500007,-1.886255445,-1.886255445,-2.654612403
270.55,-0.9995683912,-1.951470643,-1.951470643,-2.561657714
270.575,-0.9988117505,-2.01429394,-2.01429394,-2.463378104
270.6,-0.9976808909,-2.074601266,-2.074601266,-2.360505905
270.625,-0.9961767636,-2.132287397,-2.132287397,-2.253813892
270.65,-0.9943004586,-2.187266761,-2.187266761,-2.14409818
270.675,-0.9920532033,-2.239473799,-2.239473799,-2.032161271
270.7,-0.9894363619,-2.288862926,-2.288862926,-1.918795667
270.725,-0.9864514342,-2.335408083,-2.335408083,-1.804768789
270.75,-0.9831000549,-2.379101944,-2.379101944,-1.690809775
270.775,-0.9793839923,-2.419954817,-2.419954817,-1.577598323
270.8,-0.9753051472,-2.457993287,-2.457993287,-1.465755896
270.825,-0.9708655518,-2.49325868,-2.49325868,-1.355839355
270.85,-0.9660673686,-2.525805393,-2.525805393,-1.24833696
270.875,-0.9609128889,-2.555699148,-2.555699148,-1.143666582
270.9,-0.9554045317,-2.583015238,-2.583015238,-1.042175904
270.925,-0.9495448426,-2.607836787,-2.607836787,-0.9441443279
270.95,-0.9433364918,-2.630253084,-2.630253084,-0.8497862685
270.975,-0.9367822734,-2.65035801,-2.65035801,-0.7592555239
271,-0.9298851032,-2.668248588,-2.668248588,-0.6726504149
271.025,-0.922648018,-2.684023661,-2.684023661,-0.5900194102
271.05,-0.9150741735,-2.697782724,-2.697782724,-0.5113669703
271.075,-0.9071668429,-2.709624893,-2.709624893,-0.4366594309
271.1,-0.8989294152,-2.719648026,-2.719648026,-0.3658307415
271.125,-0.8903653939,-2.727947985,-2.727947985,-0.2987879186
271.15,-0.8814783947,-2.734618019,-2.734618019,-0.2354161291
271.175,-0.8722721444,-2.739748286,-2.739748286,-0.1755833421
271.2,-0.8627504789,-2.743425472,-2.743425472,-0.1191445098
271.225,-0.8529173412,-2.74573251,-2.74573251,-0.06594526764
271.25,-0.8427767798,-2.746748395,-2.746748395,-0.01582515659
271.275,-0.8323329471,-2.746548063,-2.746548063,0.0313796117
271.3,-0.8215900968,-2.745202336,-2.745202336,0.07583381997
271.325,-0.8105525827,-2.742777927,-2.742777927,0.1177013071
271.35,-0.7992248565,-2.739337481,-2.739337481,0.1571433882
271.375,-0.7876114656,-2.734939655,-2.734939655,0.1943175944
271.4,-0.7757170515,-2.729639226,-2.729639226,0.2293766938
271.425,-0.7635463475,-2.723487217,-2.723487217,0.2624679566
271.45,-0.7511041766,-2.716531048,-2.716531048,0.2937326291
271.475,-0.7383954499,-2.708814682,-2.708814682,0.3233055847
271.5,-0.7254251637,-2.700378795,-2.700378795,0.3513151227
271.525,-0.7121983982,-2.691260939,-2.691260939,0.3778828895
271.55,-0.6987203148,-2.681495705,-2.681495705,0.4031238976
271.575,-0.684996154,-2.671114894,-2.671114894,0.4271466251
271.6,-0.6710312336,-2.660147674,-2.660147674,0.4500531761
271.625,-0.6568309461,-2.648620736,-2.648620736,0.4719394889
271.65,-0.6424007564,-2.63655845,-2.63655845,0.4928955787
271.675,-0.6277461999,-2.623983004,-2.623983004,0.5130058052
271.7,-0.6128728803,-2.610914549,-2.610914549,0.5323491562
271.725,-0.5977864667,-2.59737132,-2.59737132,0.5509995404
271.75,-0.5824926921,-2.583369769,-2.583369769,0.5690260837
271.775,-0.5669973504,-2.568924675,-2.568924675,0.586493425
271.8,-0.5513062946,-2.554049253,-2.554049253,0.6034620061
271.825,-0.5354254344,-2.538755259,-2.538755259,0.619988356
271.85,-0.5193607333,-2.523053079,-2.523053079,0.6361253656
271.875,-0.5031182071,-2.506951821,-2.506951821,0.6519225528
271.9,-0.4867039211,-2.490459395,-2.490459395,0.6674263131
271.925,-0.4701239875,-2.473582587,-2.473582587,0.6826801618
271.95,-0.4533845634,-2.456327129,-2.456327129,0.697724963
271.975,-0.4364918486,-2.43869776,-2.43869776,0.7125991422
272,-0.4194520824,-2.420698291,-2.420698291,0.7273388943
272.025,-0.4022715423,-2.402331651,-2.402331651,0.7419783718
272.05,-0.3849565406,-2.383599939,-2.383599939,0.7565498654
272.075,-0.3675134227,-2.364504469,-2.364504469,0.7710839752
272.1,-0.3499485644,-2.345045809,-2.345045809,0.7856097639
272.125,-0.3322683695,-2.325223819,-2.325223819,0.8001549114
272.15,-0.3144792674,-2.305037681,-2.305037681,0.8147458459
272.175,-0.296587711,-2.284485934,-2.284485934,0.8294078802
272.2,-0.2786001739,-2.263566492,-2.263566492,0.8441653278
272.225,-0.2605231481,-2.242276677,-2.242276677,0.8590416155
272.25,-0.2423631418,-2.220613232,-2.220613232,0.8740593977
272.275,-0.224126677,-2.198572344,-2.198572344,0.8892406375
272.3,-0.2058202867,-2.176149659,-2.176149659,0.9046067171
272.325,-0.1874505131,-2.153340294,-2.153340294,0.9201785184
272.35,-0.169023905,-2.130138848,-2.130138848,0.935976489
272.375,-0.1505470153,-2.106539417,-2.106539417,0.9520207366
272.4,-0.1320263988,-2.082535594,-2.082535594,0.9683310946
272.425,-0.1134686098,-2.058120481,-2.058120481,0.9849271709
272.45,-0.0948802,-2.033286692,-2.033286692,1.001828426
272.475,-0.07626771569,-2.008026356,-2.008026356,1.019054228
272.5,-0.05763769594,-1.982331115,-1.982331115,1.036623885
272.525,-0.03899667003,-1.956192135,-1.956192135,1.054556713
272.55,-0.02035115526,-1.929600092,-1.929600092,1.072872072
272.575,-0.001707654656,-1.902545181,-1.902545181,1.091589394
272.6,0.01692734526,-1.87501711,-1.87501711,1.110728228
272.625,0.03554737675,-1.847005094,-1.847005094,1.130308267
272.65,0.054145993,-1.818497854,-1.818497854,1.150349364
272.675,0.07271677043,-1.789483616,-1.789483616,1.170871559
272.7,0.09125331078,-1.759950099,-1.759950099,1.191895086
272.725,0.1097492433,-1.729884514,-1.729884514,1.213440379
272.75,0.1281982271,-1.69927356,-1.69927356,1.235528075
272.775,0.1465939527,-1.668103417,-1.668103417,1.258178999
272.8,0.1649301449,-1.636359741,-1.636359741,1.281414151
272.825,0.1832005644,-1.604027664,-1.604027664,1.305254681
272.85,0.2013990099,-1.571091786,-1.571091786,1.329721836
272.875,0.2195193201,-1.537536173,-1.537536173,1.354836932
272.9,0.2375553761,-1.503344362,-1.503344362,1.380621281
272.925,0.2555011029,-1.468499355,-1.468499355,1.407096093
272.95,0.2733504716,-1.432983628,-1.432983628,1.434282409
272.975,0.2910975014,-1.396779132,-1.396779132,1.462200982
273,0.3087362614,-1.359867308,-1.359867308,1.490872097
273.025,0.3262608725,-1.322229092,-1.322229092,1.520315467
273.05,0.3436655095,-1.28384494,-1.28384494,1.550550022
273.075,0.3609444025,-1.244694848,-1.244694848,1.581593647
273.1,0.3780918391,-1.204758377,-1.204758377,1.613462997
273.125,0.3951021661,-1.16401469,-1.16401469,1.646173178
273.15,0.4119697909,-1.122442601,-1.122442601,1.679737362
273.175,0.428689184,-1.080020614,-1.080020614,1.7141665
273.2,0.4452548799,-1.036726998,-1.036726998,1.749468832
273.225,0.4616614791,-0.9925398536,-0.9925398536,1.785649387
273.25,0.4779036499,-0.9474371968,-0.9474371968,1.822709521
273.275,0.4939761297,-0.9013970712,-0.9013970712,1.860646194
273.3,0.5098737268,-0.8543976485,-0.8543976485,1.899451396
273.325,0.5255913218,-0.8064173764,-0.8064173764,1.939111343
273.35,0.5411238692,-0.7574351268,-0.7574351268,1.979605648
273.375,0.5564663988,-0.7074303704,-0.7074303704,2.020906462
273.4,0.5716140172,-0.6563833833,-0.6563833833,2.06297742
273.425,0.5865619093,-0.6042754608,-0.6042754608,2.105772654
273.45,0.6013053395,-0.5510891831,-0.5510891831,2.149235577
273.475,0.6158396531,-0.496808685,-0.496808685,2.193297731
273.5,0.6301602778,-0.441419979,-0.441419979,2.23787746
273.525,0.6442627246,-0.384911296,-0.384911296,2.282878605
273.55,0.6581425895,-0.3272734656,-0.3272734656,2.328189128
273.575,0.6717955543,-0.2685003338,-0.2685003338,2.373679726
273.6,0.685217388,-0.2085892062,-0.2085892062,2.419202484
273.625,0.698403948,-0.1475413343,-0.1475413343,2.464589542
273.65,0.7113511809,-0.08536242857,-0.08536242857,2.509651893
273.675,0.7240551238,-0.0220631995,-0.0220631995,2.554178311
273.7,0.7365119055,0.04234007482,0.04234007482,2.597934493
273.725,0.748717747,0.1078249636,0.1078249636,2.640662483
273.75,0.7606689629,0.1743622886,0.1743622886,2.682080445
273.775,0.7723619621,0.2419155293,0.2419155293,2.721882883
273.8,0.7837932489,0.3104402393,0.3104402393,2.759741387
273.825,0.7949594234,0.3798834889,0.3798834889,2.795305997
273.85,0.805857183,0.4501833494,0.4501833494,2.828207277
273.875,0.8164833224,0.5212684441,0.5212684441,2.858059137
273.9,0.8268347351,0.5930575724,0.5930575724,2.884462591
273.925,0.8369084136,0.6654594433,0.6654594433,2.907010295
273.95,0.8467014499,0.7383725362,0.7383725362,2.925292065
273.975,0.856211037,0.8116851056,0.8116851056,2.938901291
274,0.8654344684,0.8852753592,0.8852753592,2.947442118
274.025,0.8743691394,0.9590118244,0.9590118244,2.950537376
274.05,0.8830125476,1.032753921,1.032753921,2.94783706
274.075,0.8913622927,1.106352751,1.106352751,2.939027124
274.1,0.8994160779,1.179652105,1.179652105,2.923838325
274.125,0.9071717095,1.252489695,1.252489695,2.902054825
274.15,0.9146270977,1.324698585,1.324698585,2.873522186
274.175,0.9217802568,1.396108824,1.396108824,2.838154411
274.2,0.9286293057,1.466549226,1.466549226,2.795939673
274.225,0.9351724678,1.535849281,1.535849281,2.746944409
274.25,0.9414080714,1.603841143,1.603841143,2.69131551
274.275,0.94733455,1.670361649,1.670361649,2.629280394
274.3,0.9529504423,1.735254305,1.735254305,2.561144879
274.325,0.9582543925,1.798371203,1.798371203,2.487288828
274.35,0.96324515,1.859574788,1.859574788,2.408159691
274.375,0.9679215699,1.918739454,1.918739454,2.324264142
274.4,0.9722826126,1.975752897,1.975752897,2.236158119
274.425,0.9763273442,2.030517215,2.030517215,2.144435667
274.45,0.9800549361,2.082949709,2.082949709,2.049717049
274.475,0.9834646649,2.132983384,2.132983384,1.95263648
274.5,0.9865559126,2.180567152,2.180567152,1.853830001
274.525,0.9893281661,2.225665728,2.225665728,1.753924097
274.55,0.991781017,2.268259256,2.268259256,1.653525005
274.575,0.9939141616,2.308342685,2.308342685,1.553209449
274.6,0.9957274005,2.345924931,2.345924931,1.453516785
274.625,0.9972206384,2.381027859,2.381027859,1.354942715
274.65,0.9983938834,2.413685131,2.413685131,1.257934653
274.675,0.9992472471,2.443940958,2.443940958,1.162888709
274.7,0.9997809441,2.471848794,2.471848794,1.07014818
274.725,0.9999952912,2.497470013,2.497470013,0.9800034248
274.75,0.9998907073,2.520872597,2.520872597,0.8926929273
274.775,0.9994677129,2.542129863,2.542129863,0.8084053724
274.8,0.9987269295,2.561319251,2.561319251,0.7272825169
274.825,0.9976690788,2.578521192,2.578521192,0.6494226538
274.85,0.9962949825,2.593818074,2.593818074,0.5748844846
274.875,0.9946055614,2.607293299,2.607293299,0.5036912172
274.9,0.992601835,2.619030449,2.619030449,0.4358347957
274.925,0.9902849207,2.629112559,2.629112559,0.3712800326
274.95,0.9876560328,2.637621484,2.637621484,0.3099686518
274.975,0.9847164823,2.644637378,2.644637378,0.2518231087
275,0.9814676758,2.650238248,2.650238248,0.1967501453
275.025,0.9779111147,2.654499611,2.654499611,0.1446440451
275.05,0.9740483946,2.657494216,2.657494216,0.09538956929
275.075,0.9698812042,2.659291837,2.659291837,0.04886456768
275.1,0.9654113245,2.659959134,2.659959134,0.004942267581
275.125,0.9606406281,2.659559561,2.659559561,-0.03650674718
275.15,0.9555710779,2.658153321,2.658153321,-0.07561284791
275.175,0.9502047265,2.65579736,2.65579736,-0.1125059438
275.2,0.9445437151,2.652545396,2.652545396,-0.1473143101
275.225,0.9385902723,2.648447969,2.648447969,-0.1801636378
275.25,0.9323467135,2.643552518,2.643552518,-0.2111762803
275.275,0.9258154394,2.637903472,2.637903472,-0.2404706713
275.3,0.9189989353,2.631542352,2.631542352,-0.2681608929
275.325,0.9118997698,2.624507883,2.624507883,-0.2943563719
275.35,0.9045205936,2.616836116,2.616836116,-0.3191616842
275.375,0.8968641386,2.608560552,2.608560552,-0.3426764505
275.4,0.8889332168,2.599712258,2.599712258,-0.3649953079
275.425,0.8807307186,2.590320003,2.590320003,-0.3862079418
275.45,0.8722596122,2.580410372,2.580410372,-0.406399168
275.475,0.8635229422,2.570007888,2.570007888,-0.4256490541
275.5,0.8545238281,2.559135133,2.559135133,-0.4440330695
275.525,0.8452654634,2.547812857,2.547812857,-0.4616222588
275.55,0.8357511141,2.536060086,2.536060086,-0.4784834314
275.575,0.8259841175,2.523894228,2.523894228,-0.4946793601
275.6,0.8159678809,2.51133117,2.51133117,-0.5102689874
275.625,0.8057058803,2.498385369,2.498385369,-0.5253076334
275.65,0.7952016589,2.485069946,2.485069946,-0.5398472042
275.675,0.784458826,2.471396761,2.471396761,-0.5539363972
275.7,0.7734810554,2.457376498,2.457376498,-0.5676209009
275.725,0.7622720841,2.443018731,2.443018731,-0.5809435911
275.75,0.7508357109,2.428331997,2.428331997,-0.5939447195
275.775,0.7391757952,2.413323859,2.413323859,-0.6066620921
275.8,0.727296255,2.398000961,2.398000961,-0.619131245
275.825,0.7152010662,2.382369086,2.382369086,-0.6313856074
275.85,0.7028942606,2.366433207,2.366433207,-0.6434566564
275.875,0.6903799246,2.350197533,2.350197533,-0.6553740692
275.9,0.6776621979,2.33366555,2.33366555,-0.6671658565
275.925,0.6647452718,2.316840066,2.316840066,-0.6788585014
275.95,0.6516333877,2.299723242,2.299723242,-0.6904770757
275.975,0.638330836,2.282316631,2.282316631,-0.7020453644
276,0.624841954,2.264621204,2.264621204,-0.7135859663
276.025,0.6111711247,2.246637384,2.246637384,-0.7251204064
276.05,0.5973227753,2.228365064,2.228365064,-0.7366692213
276.075,0.5833013758,2.209803639,2.209803639,-0.7482520598
276.1,0.5691114369,2.19095202,2.19095202,-0.7598877591
276.125,0.5547575092,2.171808659,2.171808659,-0.7715944258
276.15,0.5402441812,2.152371562,2.152371562,-0.7833895164
276.175,0.5255760778,2.132638306,2.132638306,-0.7952898921
276.2,0.5107578588,2.112606053,2.112606053,-0.8073118975
276.225,0.4957942173,2.092271565,2.092271565,-0.8194714182
276.25,0.4806898783,2.071631207,2.071631207,-0.8317839262
276.275,0.4654495969,2.050680967,2.050680967,-0.84426454
276.3,0.450078157,2.029416456,2.029416456,-0.8569280903
276.325,0.4345803692,2.007832917,2.007832917,-0.8697891349
276.35,0.4189610701,1.985925233,1.985925233,-0.8828620161
276.375,0.4032251199,1.963687932,1.963687932,-0.8961609051
276.4,0.3873774013,1.941115188,1.941115188,-0.9096998424
276.425,0.3714228177,1.918200824,1.918200824,-0.9234927494
276.45,0.3553662918,1.894938318,1.894938318,-0.9375534784
276.475,0.3392127639,1.871320803,1.871320803,-0.9518958404
276.5,0.3229671905,1.847341065,1.847341065,-0.9665336249
276.525,0.3066345424,1.822991545,1.822991545,-0.9814806204
276.55,0.2902198038,1.798264342,1.798264342,-0.9967506419
276.575,0.2737279697,1.773151206,1.773151206,-1.012357546
276.6,0.2571640455,1.747643541,1.747643541,-1.028315239
276.625,0.2405330447,1.721732404,1.721732404,-1.044637695
276.65,0.2238399874,1.6954085,1.6954085,-1.06133896
276.675,0.2070898992,1.668662182,1.668662182,-1.078433154
276.7,0.1902878091,1.641483449,1.641483449,-1.095934473
276.725,0.1734387486,1.613861947,1.613861947,-1.113857187
276.75,0.1565477495,1.58578696,1.58578696,-1.132215619
276.775,0.139619843,1.557247415,1.557247415,-1.151024143
276.8,0.1226600577,1.528231881,1.528231881,-1.170297161
276.825,0.1056734184,1.498728566,1.498728566,-1.190049066
276.85,0.08866494456,1.468725318,1.468725318,-1.210294212
276.875,0.07163964872,1.438209626,1.438209626,-1.231046887
276.9,0.05460253512,1.407168626,1.407168626,-1.252321238
276.925,0.03755859819,1.375589101,1.375589101,-1.274131216
276.95,0.02051282112,1.343457488,1.343457488,-1.296490517
276.975,0.0034701744,1.310759885,1.310759885,-1.319412498
277,-0.01356438562,1.277482066,1.277482066,-1.342910044
277.025,-0.03058591813,1.243609484,1.243609484,-1.366995504
277.05,-0.04758949929,1.209127294,1.209127294,-1.391680548
277.075,-0.06457022361,1.17402037,1.17402037,-1.416975986
277.1,-0.08152320536,1.138273326,1.138273326,-1.442891648
277.125,-0.09844357993,1.101870546,1.101870546,-1.469436192
277.15,-0.1153265052,1.064796215,1.064796215,-1.496616843
277.175,-0.1321671629,1.027034356,1.027034356,-1.524439217
277.2,-0.1489607598,0.988568874,0.988568874,-1.552907042
277.225,-0.1657025294,0.9493836121,0.9493836121,-1.582021812
277.25,-0.1823877329,0.9094624005,0.9094624005,-1.611782541
277.275,-0.1990116604,0.8687891328,0.8687891328,-1.642185349
277.3,-0.2155696325,0.8273478417,0.8273478417,-1.673223059
277.325,-0.2320570016,0.785122778,0.785122778,-1.704884821
277.35,-0.2484691528,0.7420985242,0.7420985242,-1.737155553
277.375,-0.2648015053,0.6982600892,0.6982600892,-1.770015501
277.4,-0.2810495136,0.6535930458,0.6535930458,-1.803439639
277.425,-0.2972086689,0.6080836616,0.6080836616,-1.837397082
277.45,-0.3132744998,0.5617190568,0.5617190568,-1.87185046
277.475,-0.3292425742,0.5144873749,0.5144873749,-1.90675522
277.5,-0.3451084995,0.4663779688,0.4663779688,-1.942058942
277.525,-0.3608679247,0.4173816091,0.4173816091,-1.97770058
277.55,-0.3765165407,0.3674907079,0.3674907079,-2.013609715
277.575,-0.3920500822,0.3166995624,0.3166995624,-2.049705775
277.6,-0.4074643278,0.2650046208,0.2650046208,-2.085897264
277.625,-0.422755102,0.2124047604,0.2124047604,-2.12208101
277.65,-0.4379182757,0.1589015942,0.1589015942,-2.158141426
277.675,-0.4529497673,0.1044997855,0.1044997855,-2.193949853
277.7,-0.4678455438,0.0492073837,0.0492073837,-2.229363958
277.725,-0.4826016218,-0.006963826517,-0.006963826517,-2.264227256
277.75,-0.4972140684,-0.06399796827,-0.06399796827,-2.298368764
277.775,-0.5116790021,-0.1218747069,-0.1218747069,-2.331602838
277.8,-0.5259925937,-0.1805688835,-0.1805688835,-2.363729223
277.825,-0.5401510675,-0.240050153,-0.240050153,-2.394533362
277.85,-0.5541507017,-0.3002826342,-0.3002826342,-2.423786995
277.875,-0.5679878299,-0.3612245771,-0.3612245771,-2.451249125
277.9,-0.5816588412,-0.4228280602,-0.4228280602,-2.476667319
277.925,-0.5951601817,-0.4850387283,-0.4850387283,-2.499779483
277.95,-0.6084883548,-0.5477955725,-0.5477955725,-2.520316033
277.975,-0.6216399223,-0.6110307796,-0.6110307796,-2.538002529
278,-0.634611505,-0.6746696471,-0.6746696471,-2.552562844
278.025,-0.6473997836,-0.7386305831,-0.7386305831,-2.563722683
278.05,-0.6600014992,-0.8028252039,-0.8028252039,-2.571213619
278.075,-0.6724134543,-0.8671585341,-0.8671585341,-2.574777476
278.1,-0.6846325131,-0.9315293199,-0.9315293199,-2.574171014
278.125,-0.6966556024,-0.9958304635,-0.9958304635,-2.569170817
278.15,-0.7084797122,-1.059949583,-1.059949583,-2.559578311
278.175,-0.7201018965,-1.123769693,-1.123769693,-2.545224696
278.2,-0.7315192734,-1.187170012,-1.187170012,-2.525975701
278.225,-0.7427290262,-1.250026877,-1.250026877,-2.501735956
278.25,-0.7537284036,-1.312214769,-1.312214769,-2.472452846
278.275,-0.7645147204,-1.373607422,-1.373607422,-2.438119659
278.3,-0.7750853579,-1.434079,-1.434079,-2.398777874
278.325,-0.7854377646,-1.493505322,-1.493505322,-2.35451848
278.35,-0.7955694564,-1.551765103,-1.551765103,-2.305482208
278.375,-0.8054780172,-1.608741192,-1.608741192,-2.251858643
278.4,-0.8151610991,-1.664321765,-1.664321765,-2.193884163
278.425,-0.8246164233,-1.718401464,-1.718401464,-2.131838786
278.45,-0.8338417798,-1.770882433,-1.770882433,-2.06604197
278.475,-0.8428350284,-1.821675241,-1.821675241,-1.99684751
278.5,-0.8515940985,-1.870699674,-1.870699674,-1.924637654
278.525,-0.8601169899,-1.917885361,-1.917885361,-1.849816698
278.55,-0.8684017727,-1.963172244,-1.963172244,-1.772804255
278.575,-0.8764465876,-2.006510876,-2.006510876,-1.694028273
278.6,-0.8842496466,-2.047862543,-2.047862543,-1.613918316
278.625,-0.8918092325,-2.087199217,-2.087199217,-1.532898973
278.65,-0.8991236998,-2.124503364,-2.124503364,-1.451383809
278.675,-0.9061914744,-2.159767591,-2.159767591,-1.369769949
278.7,-0.913011054,-2.192994179,-2.192994179,-1.288433283
278.725,-0.9195810083,-2.224194496,-2.224194496,-1.207724582
278.75,-0.9258999787,-2.253388337,-2.253388337,-1.127966391
278.775,-0.9319666791,-2.28060318,-2.28060318,-1.049450766
278.8,-0.9377798953,-2.305873407,-2.305873407,-0.972437849
278.825,-0.9433384854,-2.3292395,-2.3292395,-0.8971551916
278.85,-0.9486413798,-2.350747219,-2.350747219,-0.8237977749
278.875,-0.9536875813,-2.3704468,-2.3704468,-0.7525286419
278.9,-0.9584761647,-2.388392164,-2.388392164,-0.6834800405
278.925,-0.9630062775,-2.404640172,-2.404640172,-0.6167549847
278.95,-0.9672771391,-2.419249914,-2.419249914,-0.5524291383
278.975,-0.9712880412,-2.432282049,-2.432282049,-0.490552943
279,-0.9750383474,-2.443798209,-2.443798209,-0.4311538821
279.025,-0.9785274935,-2.453860449,-2.453860449,-0.374238804
279.05,-0.9817549871,-2.462530759,-2.462530759,-0.3197963371
279.075,-0.9847204075,-2.469870646,-2.469870646,-0.2677991363
279.1,-0.9874234054,-2.475940754,-2.475940754,-0.2182061683
279.125,-0.989863703,-2.480800554,-2.480800554,-0.1709648139
279.15,-0.9920410937,-2.484508075,-2.484508075,-0.1260128489
279.175,-0.9939554418,-2.487119693,-2.487119693,-0.08328027084
279.2,-0.9956066822,-2.488689951,-2.488689951,-0.04269096258
279.225,-0.9969948205,-2.48927143,-2.48927143,-0.004164186648
279.25,-0.9981199323,-2.488914648,-2.488914648,0.03238408524
279.275,-0.998982163,-2.487667995,-2.487667995,0.06704000341
279.3,-0.9995817278,-2.485577691,-2.485577691,0.09989082456
279.325,-0.9999189111,-2.482687767,-2.482687767,0.1310240398
279.35,-0.999994066,-2.479040077,-2.479040077,0.1605266355
279.375,-0.9998076143,-2.474674308,-2.474674308,0.1884844758
279.4,-0.999360046,-2.469628023,-2.469628023,0.2149817945
279.425,-0.9986519188,-2.463936704,-2.463936704,0.240100785
279.45,-0.9976838577,-2.457633804,-2.457633804,0.2639212778
279.475,-0.9964565546,-2.450750816,-2.450750816,0.2865204931
279.5,-0.9949707681,-2.443317336,-2.443317336,0.3079728609
279.525,-0.9932273224,-2.435361134,-2.435361134,0.3283498976
279.55,-0.9912271077,-2.42690823,-2.42690823,0.3477201305
279.575,-0.9889710789,-2.41798297,-2.41798297,0.3661490652
279.6,-0.9864602555,-2.4086081,-2.4086081,0.3836991854
279.625,-0.9836957211,-2.398804838,-2.398804838,0.400429982
279.65,-0.9806786226,-2.388592956,-2.388592956,0.4163980054
279.675,-0.9774101699,-2.377990846,-2.377990846,0.4316569354
279.7,-0.9738916354,-2.367015594,-2.367015594,0.4462576654
279.725,-0.9701243529,-2.355683045,-2.355683045,0.4602483989
279.75,-0.9661097177,-2.344007876,-2.344007876,0.4736747527
279.775,-0.9618491854,-2.332003651,-2.332003651,0.486579865
279.8,-0.9573442717,-2.319682886,-2.319682886,0.4990045098
279.825,-0.9525965515,-2.307057108,-2.307057108,0.5109872095
279.85,-0.9476076584,-2.294136905,-2.294136905,0.5225643495
279.875,-0.942379284,-2.280931983,-2.280931983,0.5337702934
279.9,-0.9369131771,-2.267451212,-2.267451212,0.5446374921
279.925,-0.9312111431,-2.253702675,-2.253702675,0.5551965958
279.95,-0.9252750435,-2.239693708,-2.239693708,0.565476558
279.975,-0.919106795,-2.225430945,-2.225430945,0.5755047389
280,-0.9127083684,-2.210920354,-2.210920354,0.5853070047
280.025,-0.9060817889,-2.196167273,-2.196167273,0.5949078204
280.05,-0.8992291341,-2.181176448,-2.181176448,0.6043303432
280.075,-0.8921525343,-2.165952059,-2.165952059,0.6135965053
280.1,-0.8848541711,-2.150497752,-2.150497752,0.622727099
280.125,-0.8773362767,-2.134816669,-2.134816669,0.6317418527
280.15,-0.8696011336,-2.118911468,-2.118911468,0.6406595042
280.175,-0.8616510731,-2.102784354,-2.102784354,0.6494978736
280.2,-0.8534884751,-2.086437094,-2.086437094,0.6582739228
280.225,-0.8451157668,-2.069871042,-2.069871042,0.6670038265
280.25,-0.8365354223,-2.053087158,-2.053087158,0.6757030209
280.275,-0.8277499614,-2.036086024,-2.036086024,0.6843862651
280.3,-0.8187619492,-2.01886786,-2.01886786,0.693067693
280.325,-0.8095739949,-2.001432541,-2.001432541,0.7017608542
280.35,-0.8001887509,-1.983779611,-1.983779611,0.7104787704
280.375,-0.7906089122,-1.965908292,-1.965908292,0.7192339711
280.4,-0.7808372156,-1.947817501,-1.947817501,0.7280385308
280.425,-0.7708764385,-1.929505857,-1.929505857,0.7369041149
280.45,-0.7607293982,-1.910971693,-1.910971693,0.745842011
280.475,-0.7503989509,-1.892213063,-1.892213063,0.7548631553
280.5,-0.739887991,-1.873227752,-1.873227752,0.7639781675
280.525,-0.7291994503,-1.854013285,-1.854013285,0.7731973882
280.55,-0.7183362966,-1.834566931,-1.834566931,0.7825308885
280.575,-0.7073015332,-1.814885707,-1.814885707,0.7919885008
280.6,-0.696098198,-1.79496639,-1.79496639,0.8015798425
280.625,-0.6847293623,-1.774805521,-1.774805521,0.8113143437
280.65,-0.6731981303,-1.754399404,-1.754399404,0.8212012508
280.675,-0.6615076378,-1.733744113,-1.733744113,0.8312496487
280.7,-0.6496610513,-1.7128355,-1.7128355,0.8414684797
280.725,-0.6376615674,-1.691669195,-1.691669195,0.8518665591
280.75,-0.6255124115,-1.670240607,-1.670240607,0.8624525802
280.775,-0.613216837,-1.648544929,-1.648544929,0.8732351227
280.8,-0.6007781245,-1.626577142,-1.626577142,0.8842226693
280.825,-0.5881995806,-1.604332017,-1.604332017,0.8954236077
280.85,-0.5754845371,-1.581804115,-1.581804115,0.9068462344
280.875,-0.5626363502,-1.55898779,-1.55898779,0.9184987566
280.9,-0.5496583992,-1.535877193,-1.535877193,0.9303892976
280.925,-0.5365540858,-1.512466274,-1.512466274,0.9425258902
280.95,-0.5233268332,-1.488748782,-1.488748782,0.9549164743
280.975,-0.5099800849,-1.464718268,-1.464718268,0.9675688926
281,-0.4965173041,-1.440368091,-1.440368091,0.980490883
281.025,-0.4829419723,-1.415691414,-1.415691414,0.9936900599
281.05,-0.4692575889,-1.390681216,-1.390681216,1.007173908
281.075,-0.4554676696,-1.365330285,-1.365330285,1.020949766
281.1,-0.4415757462,-1.339631234,-1.339631234,1.035024798
281.125,-0.427585365,-1.313576494,-1.313576494,1.04940597
281.15,-0.4135000861,-1.287158328,-1.287158328,1.064100033
281.175,-0.3993234826,-1.260368831,-1.260368831,1.079113482
281.2,-0.3850591395,-1.233199941,-1.233199941,1.094452511
281.225,-0.3707106527,-1.205643444,-1.205643444,1.110122989
281.25,-0.3562816282,-1.177690983,-1.177690983,1.126130405
281.275,-0.341775681,-1.149334073,-1.149334073,1.142479806
281.3,-0.3271964344,-1.120564105,-1.120564105,1.159175746
281.325,-0.312547519,-1.091372364,-1.091372364,1.176222232
281.35,-0.2978325714,-1.061750044,-1.061750044,1.193622629
281.375,-0.2830552339,-1.031688262,-1.031688262,1.211379586
281.4,-0.2682191531,-1.001178078,-1.001178078,1.229494965
281.425,-0.2533279792,-0.9702105176,-0.9702105176,1.247969722
281.45,-0.2383853649,-0.9387765971,-0.9387765971,1.266803803
281.475,-0.2233949646,-0.9068673429,-0.9068673429,1.285996047
281.5,-0.2083604338,-0.874473829,-0.874473829,1.305544041
281.525,-0.1932854276,-0.8415872079,-0.8415872079,1.325443979
281.55,-0.1781736002,-0.8081987413,-0.8081987413,1.345690543
281.575,-0.1630286038,-0.7742998497,-0.7742998497,1.366276708
281.6,-0.147854088,-0.73988215,-0.73988215,1.387193591
281.625,-0.1326536987,-0.7049375041,-0.7049375041,1.408430276
281.65,-0.1174310771,-0.6694580799,-0.6694580799,1.429973588
281.675,-0.1021898591,-0.6334363993,-0.6334363993,1.45180792
281.7,-0.08693367436,-0.5968654099,-0.5968654099,1.473914999
281.725,-0.07166614537,-0.5597385524,-0.5597385524,1.496273649
281.75,-0.0563908866,-0.5220498323,-0.5220498323,1.518859578
281.775,-0.04111150369,-0.4837939092,-0.4837939092,1.541645094
281.8,-0.02583159261,-0.4449661743,-0.4449661743,1.564598886
281.825,-0.01055473882,-0.4055628549,-0.4055628549,1.587685735
281.85,0.004715483581,-0.3655811056,-0.3655811056,1.610866272
281.875,0.01997551263,-0.3250191242,-0.3250191242,1.634096698
281.9,0.03522179934,-0.2838762576,-0.2838762576,1.657328538
281.925,0.0504508085,-0.2421531292,-0.2421531292,1.680508382
281.95,0.0656590195,-0.1998517585,-0.1998517585,1.703577655
281.975,0.08084292705,-0.1569756994,-0.1569756994,1.726472392
282,0.09599904204,-0.1135301714,-0.1135301714,1.749123054
282.025,0.1111238923,-0.0695222062,-0.0695222062,1.771454359
282.05,0.1262140232,-0.02496078929,-0.02496078929,1.793385176
282.075,0.1412659987,0.02014299135,0.02014299135,1.814828448
282.1,0.156276402,0.06577579702,0.06577579702,1.835691188
282.125,0.171241836,0.1119218908,0.1119218908,1.855874543
282.15,0.1861589245,0.1585629925,0.1585629925,1.875273929
282.175,0.2010243126,0.2056781385,0.2056781385,1.893779267
282.2,0.2158346673,0.2532435465,0.2532435465,1.911275322
282.225,0.2305866788,0.3012324956,0.3012324956,1.927642116
282.25,0.2452770604,0.3496152087,0.3496152087,1.942755544
282.275,0.2599025497,0.398358765,0.398358765,1.956487996
282.3,0.2744599094,0.4474270157,0.4474270157,1.968709238
282.325,0.2889459273,0.4967805338,0.4967805338,1.979287312
282.35,0.3033574177,0.5463765838,0.5463765838,1.988089687
282.375,0.3176912217,0.5961691205,0.5961691205,1.994984424
282.4,0.3319442076,0.6461088241,0.6461088241,1.99984158
282.425,0.346113272,0.6961431642,0.6961431642,2.002534641
282.45,0.3601953402,0.7462165073,0.7462165073,2.002942093
282.475,0.3741873667,0.7962702627,0.7962702627,2.000949086
282.5,0.3880863361,0.8462430675,0.8462430675,1.996449102
282.525,0.4018892633,0.896071019,0.896071019,1.989345696
282.55,0.4155931943,0.9456879479,0.9456879479,1.9795542
282.575,0.4291952068,0.9950257307,0.9950257307,1.967003373
282.6,0.4426924106,1.044014649,1.044014649,1.95163698
282.625,0.4560819482,1.09258378,1.09258378,1.933415226
282.65,0.4693609956,1.140661426,1.140661426,1.912316017
282.675,0.4825267622,1.188175569,1.188175569,1.888336014
282.7,0.495576492,1.23505435,1.23505435,1.861491432
282.725,0.5085074637,1.281226566,1.281226566,1.831818558
282.75,0.5213169912,1.326622174,1.326622174,1.79937396
282.775,0.5340024242,1.3711728,1.3711728,1.764234369
282.8,0.5465611488,1.414812233,1.414812233,1.72649623
282.825,0.5589905874,1.457476913,1.457476913,1.686274921
282.85,0.5712881998,1.499106391,1.499106391,1.643703632
282.875,0.5834514833,1.539643754,1.539643754,1.598931963
282.9,0.5954779733,1.579036018,1.579036018,1.552124244
282.925,0.6073652433,1.617234472,1.617234472,1.503457588
282.95,0.6191109058,1.65419497,1.65419497,1.453119812
282.975,0.6307126123,1.68987817,1.68987817,1.401307165
283,0.6421680542,1.724249722,1.724249722,1.348221971
283.025,0.6534749624,1.757280382,1.757280382,1.29407031
283.05,0.6646311083,1.788946078,1.788946078,1.239059566
283.075,0.6756343039,1.819227923,1.819227923,1.183396263
283.1,0.686482402,1.848112149,1.848112149,1.127283746
283.125,0.6971732969,1.875590022,1.875590022,1.070920327
283.15,0.7077049242,1.901657671,1.901657671,1.014497285
283.175,0.7180752615,1.926315915,1.926315915,0.9581974106
283.2,0.7282823287,1.949570011,1.949570011,0.9021935005
283.225,0.7383241879,1.971429408,1.971429408,0.8466473023
283.25,0.7481989438,1.991907442,1.991907442,0.791708569
283.275,0.7579047444,2.011021045,2.011021045,0.7375144399
283.3,0.7674397806,2.028790407,2.028790407,0.6841890054
283.325,0.7768022866,2.045238661,2.045238661,0.6318431165
283.35,0.7859905406,2.060391543,2.060391543,0.5805743805
283.375,0.7950028644,2.074277065,2.074277065,0.5304673469
283.4,0.8038376237,2.086925193,2.086925193,0.4815938358
283.425,0.8124932285,2.098367536,2.098367536,0.4340134162
283.45,0.8209681334,2.108637042,2.108637042,0.3877739794
283.475,0.8292608371,2.11776772,2.11776772,0.3429124004
283.5,0.8373698834,2.125794368,2.125794368,0.2994552793
283.525,0.8452938605,2.132752332,2.132752332,0.2574196922
283.55,0.853031402,2.138677271,2.138677271,0.2168140167
283.575,0.8605811862,2.143604955,2.143604955,0.1776387087
283.6,0.8679419366,2.147571073,2.147571073,0.1398871365
283.625,0.8751124222,2.150611069,2.150611069,0.1035463391
283.65,0.8820914571,2.152759993,2.152759993,0.06859780538
283.675,0.8888779008,2.154052369,2.154052369,0.03501819236
283.7,0.8954706585,2.154522082,2.154522082,0.002780011602
283.725,0.9018686807,2.15420229,2.15420229,-0.02814772466
283.75,0.9080709635,2.153125335,2.153125335,-0.05779890896
283.775,0.9140765486,2.151322681,2.151322681,-0.08620978972
283.8,0.9198845234,2.148824864,2.148824864,-0.1134184706
283.825,0.9254940208,2.145661447,2.145661447,-0.139464458
283.85,0.9309042192,2.141860993,2.141860993,-0.1643882551
283.875,0.9361143428,2.137451043,2.137451043,-0.1882309993
283.9,0.9411236614,2.132458106,2.132458106,-0.2110341432
283.925,0.94593149,2.126907654,2.126907654,-0.2328391758
283.95,0.9505371894,2.120824121,2.120824121,-0.2536873794
283.975,0.9549401658,2.114230917,2.114230917,-0.273619621
284,0.9591398706,2.107150437,2.107150437,-0.2926761776
284.025,0.9631358007,2.099604076,2.099604076,-0.3108965856
284.05,0.966927498,2.091612253,2.091612253,-0.3283195205
284.075,0.9705145496,2.083194431,2.083194431,-0.3449826975
284.1,0.9738965878,2.074369144,2.074369144,-0.3609227926
284.125,0.9770732894,2.06515402,2.06515402,-0.3761753838
284.15,0.9800443764,2.055565816,2.055565816,-0.3907749061
284.175,0.9828096151,2.04562044,2.04562044,-0.4047546228
284.2,0.9853688164,2.035332983,2.035332983,-0.4181466076
284.225,0.9877218356,2.02471775,2.02471775,-0.4309817379
284.25,0.9898685721,2.013788289,2.013788289,-0.443289697
284.275,0.9918089695,2.00255742,2.00255742,-0.4550989834
284.3,0.9935430151,1.991037267,1.991037267,-0.4664369281
284.325,0.9950707396,1.979239283,1.979239283,-0.4773297141
284.35,0.9963922177,1.967174282,1.967174282,-0.4878024045
284.375,0.9975075668,1.954852463,1.954852463,-0.497878969
284.4,0.9984169477,1.942283443,1.942283443,-0.5075823187
284.425,0.9991205638,1.929476275,1.929476275,-0.5169343371
284.45,0.9996186613,1.91643948,1.91643948,-0.525955917
284.475,0.9999115284,1.903181067,1.903181067,-0.5346669976
284.5,0.9999994958,1.889708558,1.889708558,-0.5430865975
284.525,0.9998829357,1.876029014,1.876029014,-0.5512328578
284.55,0.999562262,1.862149049,1.862149049,-0.5591230733
284.575,0.99903793,1.848074856,1.848074856,-0.56677373
284.6,0.9983104359,1.833812228,1.833812228,-0.5742005466
284.625,0.9973803166,1.81936657,1.81936657,-0.5814185006
284.65,0.9962481497,1.804742924,1.804742924,-0.5884418677
284.675,0.9949145526,1.789945984,1.789945984,-0.5952842587
284.7,0.9933801829,1.774980111,1.774980111,-0.6019586428
284.725,0.9916457374,1.759849349,1.759849349,-0.6084773819
284.75,0.9897119523,1.74455744,1.74455744,-0.6148522685
284.775,0.9875796026,1.729107841,1.729107841,-0.6210945418
284.8,0.9852495019,1.713503729,1.713503729,-0.6272149186
284.825,0.9827225019,1.697748024,1.697748024,-0.6332236259
284.85,0.9799994923,1.681843397,1.681843397,-0.6391304215
284.875,0.9770814001,1.665792276,1.665792276,-0.6449446121
284.9,0.9739691896,1.649596863,1.649596863,-0.6506750796
284.925,0.9706638618,1.633259148,1.633259148,-0.6563303095
284.95,0.967166454,1.616780908,1.616780908,-0.6619184009
284.975,0.9634780398,1.600163724,1.600163724,-0.6674470855
285,0.959599728,1.583408986,1.583408986,-0.6729237473
285.025,0.955532663,1.56651791,1.56651791,-0.6783554462
285.05,0.9512780239,1.549491533,1.549491533,-0.6837489232
285.075,0.9468370243,1.53233073,1.53233073,-0.6891106159
285.1,0.9422109117,1.515036215,1.515036215,-0.6944466735
285.125,0.9374009674,1.497608559,1.497608559,-0.6997629745
285.15,0.9324085057,1.480048185,1.480048185,-0.7050651327
285.175,0.9272348739,1.462355377,1.462355377,-0.7103585031
285.2,0.9218814516,1.44453029,1.44453029,-0.7156481979
285.225,0.9163496502,1.426572956,1.426572956,-0.720939094
285.25,0.9106409126,1.408483286,1.408483286,-0.726235843
285.275,0.904756713,1.390261079,1.390261079,-0.731542871
285.3,0.898698556,1.371906023,1.371906023,-0.7368643886
285.325,0.8924679764,1.353417705,1.353417705,-0.7422043966
285.35,0.8860665386,1.334795616,1.334795616,-0.7475666913
285.375,0.8794958364,1.316039155,1.316039155,-0.7529548661
285.4,0.8727574925,1.29714763,1.29714763,-0.758372313
285.425,0.8658531576,1.278120269,1.278120269,-0.7638222282
285.45,0.8587845105,1.258956222,1.258956222,-0.7693076115
285.475,0.8515532574,1.239654569,1.239654569,-0.7748312667
285.5,0.8441611312,1.220214319,1.220214319,-0.7803958015
285.525,0.8366098916,1.200634418,1.200634418,-0.7860036278
285.55,0.828901324,1.180913757,1.180913757,-0.7916569588
285.575,0.8210372393,1.161051174,1.161051174,-0.7973578062
285.6,0.8130194734,1.141045457,1.141045457,-0.8031079782
285.625,0.8048498869,1.120895351,1.120895351,-0.8089090764
285.65,0.7965303642,1.100599566,1.100599566,-0.8147624898
285.675,0.7880628132,1.08015678,1.08015678,-0.820669388
285.7,0.7794491652,1.059565644,1.059565644,-0.826630719
285.725,0.7706913735,1.038824785,1.038824785,-0.8326472011
285.75,0.7617914139,1.017932819,1.017932819,-0.8387193139
285.775,0.7527512835,0.9968883536,0.9968883536,-0.8448472893
285.8,0.7435730005,0.9756899901,0.9756899901,-0.8510311069
285.825,0.7342586037,0.9543363351,0.9543363351,-0.8572704825
285.85,0.7248101517,0.9328260069,0.9328260069,-0.8635648541
285.875,0.7152297229,0.9111576412,0.9111576412,-0.8699133741
285.9,0.7055194146,0.889329897,0.889329897,-0.8763148989
285.925,0.6956813426,0.8673414662,0.8673414662,-0.8827679752
285.95,0.6857176407,0.845191083,0.845191083,-0.889270822
285.975,0.6756304602,0.8228775285,0.8228775285,-0.8958213239
286,0.6654219694,0.8003996403,0.8003996403,-0.902417015
286.025,0.655094353,0.777756324,0.777756324,-0.90905506
286.05,0.6446498117,0.7549465611,0.7549465611,-0.91573224
286.075,0.6340905617,0.7319694165,0.7319694165,-0.9224449401
286.1,0.6234188339,0.7088240511,0.7088240511,-0.9291891304
286.125,0.6126368739,0.6855097343,0.6855097343,-0.935960344
286.15,0.6017469411,0.6620258502,0.6620258502,-0.9427536676
286.175,0.5907513082,0.6383719113,0.6383719113,-0.9495637209
286.2,0.5796522608,0.614547573,0.614547573,-0.956384635
286.225,0.568452097,0.5905526424,0.5905526424,-0.9632100383
286.25,0.5571531266,0.5663870911,0.5663870911,-0.9700330397
286.275,0.5457576708,0.5420510716,0.5420510716,-0.9768462069
286.3,0.5342680616,0.5175449293,0.5175449293,-0.9836415498
286.325,0.5226866414,0.4928692143,0.4928692143,-0.9904105073
286.35,0.5110157623,0.4680246994,0.4680246994,-0.9971439264
286.375,0.4992577856,0.4430123953,0.4430123953,-1.003832047
286.4,0.4874150817,0.4178335613,0.4178335613,-1.010464492
286.425,0.4754900291,0.3924897258,0.3924897258,-1.017030247
286.45,0.4634850141,0.3669827017,0.3669827017,-1.023517654
286.475,0.4514024301,0.3413145988,0.3413145988,-1.029914398
286.5,0.4392446776,0.3154878449,0.3154878449,-1.036207502
286.525,0.4270141632,0.289505201,0.289505201,-1.042383317
286.55,0.4147132992,0.2633697758,0.2633697758,-1.048427523
286.575,0.4023445033,0.2370850461,0.2370850461,-1.054325126
286.6,0.3899101978,0.2106548717,0.2106548717,-1.060060462
286.625,0.3774128096,0.1840835111,0.1840835111,-1.065617203
286.65,0.3648547691,0.1573756409,0.1573756409,-1.070978367
286.675,0.3522385101,0.1305363695,0.1305363695,-1.076126336
286.7,0.3395664691,0.1035712525,0.1035712525,-1.081042868
286.725,0.3268410852,0.07648631123,0.07648631123,-1.08570913
286.75,0.3140647991,0.04928804336,0.04928804336,-1.090105723
286.775,0.301240053,0.02198343834,0.02198343834,-1.094212715
286.8,0.2883692898,-0.005420009018,-0.005420009018,-1.098009687
286.825,0.275454953,-0.0329142887,-0.0329142887,-1.101475776
286.85,0.2624994859,-0.06049086348,-0.06049086348,-1.104589732
286.875,0.2495053314,-0.08814066109,-0.08814066109,-1.107329975
286.9,0.2364749313,-0.115854066,-0.115854066,-1.109674663
286.925,0.2234107259,-0.1436209144,-0.1436209144,-1.111601766
286.95,0.2103151537,-0.17143049,-0.17143049,-1.113089148
286.975,0.1971906507,-0.1992715228,-0.1992715228,-1.114114648
287,0.18403965,-0.2271321893,-0.2271321893,-1.114656181
287.025,0.1708645816,-0.2550001161,-0.2550001161,-1.114691834
287.05,0.1576678716,-0.2828623849,-0.2828623849,-1.114199971
287.075,0.144451942,-0.3107055415,-0.3107055415,-1.113159347
287.1,0.13121921,-0.3385156063,-0.3385156063,-1.111549225
287.125,0.117972088,-0.3662780891,-0.3662780891,-1.109349493
287.15,0.1047129826,-0.393978006,-0.393978006,-1.106540793
287.175,0.09144429462,-0.4215998997,-0.4215998997,-1.103104643
287.2,0.07816841857,-0.4491278635,-0.4491278635,-1.099023574
287.225,0.06488774205,-0.4765455676,-0.4765455676,-1.094281249
287.25,0.0516046455,-0.5038362895,-0.5038362895,-1.088862604
287.275,0.03832150171,-0.5309829474,-0.5309829474,-1.082753965
287.3,0.02504067547,-0.5579681361,-0.5579681361,-1.07594318
287.325,0.01176452307,-0.5847741671,-0.5847741671,-1.068419734
287.35,-0.001504607997,-0.6113831105,-0.6113831105,-1.060174869
287.375,-0.01476437953,-0.6377768407,-0.6377768407,-1.051201687
287.4,-0.02801246297,-0.6639370838,-0.6639370838,-1.041495249
287.425,-0.04124653978,-0.689845468,-0.689845468,-1.031052666
287.45,-0.05446430186,-0.7154835756,-0.7154835756,-1.019873176
287.475,-0.06766345193,-0.7408329972,-0.7408329972,-1.00795821
287.5,-0.08084170388,-0.7658753871,-0.7658753871,-0.9953114409
287.525,-0.09399678319,-0.7905925199,-0.7905925199,-0.9819388234
287.55,-0.1071264272,-0.8149663477,-0.8149663477,-0.9678486153
287.575,-0.1202283857,-0.8389790581,-0.8389790581,-0.9530513829
287.6,-0.1333004211,-0.8626131316,-0.8626131316,-0.9375599903
287.625,-0.1463403085,-0.8858513985,-0.8858513985,-0.9213895722
287.65,-0.1593458369,-0.9086770957,-0.9086770957,-0.9045574889
287.675,-0.1723148087,-0.9310739212,-0.9310739212,-0.887083266
287.7,-0.1852450404,-0.9530260873,-0.9530260873,-0.8689885164
287.725,-0.1981343629,-0.9745183722,-0.9745183722,-0.850296847
287.75,-0.2109806218,-0.9955361673,-0.9955361673,-0.8310337523
287.775,-0.2237816778,-1.016065525,-1.016065525,-0.8112264892
287.8,-0.2365354071,-1.036093197,-1.036093197,-0.7909039482
287.825,-0.2492397013,-1.055606681,-1.055606681,-0.7700964991
287.85,-0.2618924682,-1.074594245,-1.074594245,-0.7488358471
287.875,-0.274491632,-1.09304497,-1.09304497,-0.7271548542
287.9,-0.2870351333,-1.110948767,-1.110948767,-0.705087387
287.925,-0.2995209299,-1.128296407,-1.128296407,-0.6826681219
287.95,-0.3119469965,-1.145079536,-1.145079536,-0.6599323883
287.975,-0.3243113254,-1.161290688,-1.161290688,-0.636915971
288,-0.3366119269,-1.176923296,-1.176923296,-0.6136549468
288.025,-0.3488468292,-1.191971698,-1.191971698,-0.5901855009
288.05,-0.3610140787,-1.206431135,-1.206431135,-0.5665437576
288.075,-0.3731117407,-1.22029775,-1.22029775,-0.5427656181
288.1,-0.3851378991,-1.233568576,-1.233568576,-0.5188865937
288.125,-0.397090657,-1.24624153,-1.24624153,-0.4949416665
288.15,-0.408968137,-1.258315396,-1.258315396,-0.4709651357
288.175,-0.4207684812,-1.269789803,-1.269789803,-0.4469904995
288.2,-0.4324898517,-1.280665208,-1.280665208,-0.423050323
288.225,-0.4441304304,-1.29094287,-1.29094287,-0.3991761409
288.25,-0.45568842,-1.300624819,-1.300624819,-0.3753983519
288.275,-0.4671620433,-1.309713834,-1.309713834,-0.3517461417
288.3,-0.4785495441,-1.318213405,-1.318213405,-0.3282474059
288.325,-0.4898491873,-1.326127705,-1.326127705,-0.3049286944
288.35,-0.5010592588,-1.33346155,-1.33346155,-0.2818151605
288.375,-0.5121780661,-1.340220371,-1.340220371,-0.2589305275
288.4,-0.5232039381,-1.34641017,-1.34641017,-0.236297062
288.425,-0.5341352258,-1.352037491,-1.352037491,-0.2139355613
288.45,-0.5449703019,-1.357109376,-1.357109376,-0.1918653486
288.475,-0.5557075615,-1.361633335,-1.361633335,-0.1701042783
288.5,-0.5663454219,-1.365617303,-1.365617303,-0.1486687509
288.525,-0.5768823231,-1.36906961,-1.36906961,-0.1275737338
288.55,-0.5873167276,-1.371998941,-1.371998941,-0.1068327914
288.575,-0.5976471211,-1.374414302,-1.374414302,-0.08645811973
288.6,-0.607872012,-1.37632499,-1.37632499,-0.06646058781
288.625,-0.617989932,-1.377740555,-1.377740555,-0.04684978313
288.65,-0.6279994362,-1.378670772,-1.378670772,-0.02763406128
288.675,-0.637899103,-1.37912561,-1.37912561,-0.008820599395
288.7,-0.6476875346,-1.379115205,-1.379115205,0.009584549022
288.725,-0.6573633568,-1.378649827,-1.378649827,0.02757639584
288.75,-0.6669252193,-1.377739863,-1.377739863,0.04515095968
288.775,-0.6763717959,-1.376395782,-1.376395782,0.06230520616
288.8,-0.6857017843,-1.374628123,-1.374628123,0.0790369881
288.825,-0.6949139066,-1.372447465,-1.372447465,0.09534498488
288.85,-0.7040069091,-1.36986441,-1.36986441,0.1112286444
288.875,-0.7129795627,-1.366889567,-1.366889567,0.1266881232
288.9,-0.7218306625,-1.363533532,-1.363533532,0.1417242308
288.925,-0.7305590284,-1.359806872,-1.359806872,0.156338373
288.95,-0.7391635052,-1.355720114,-1.355720114,0.1705324986
288.975,-0.7476429621,-1.351283727,-1.351283727,0.184309047
289,-0.7559962935,-1.346508117,-1.346508117,0.1976708993
289.025,-0.7642224183,-1.341403611,-1.341403611,0.2106213291
289.05,-0.7723202809,-1.335980449,-1.335980449,0.2231639594
289.075,-0.7802888503,-1.330248779,-1.330248779,0.2353027165
289.1,-0.7881271208,-1.324218644,-1.324218644,0.2470417937
289.125,-0.795834112,-1.317899983,-1.317899983,0.258385608
289.15,-0.8034088685,-1.311302619,-1.311302619,0.2693387695
289.175,-0.8108504601,-1.30443626,-1.30443626,0.2799060442
289.2,-0.8181579821,-1.297310492,-1.297310492,0.2900923244
289.225,-0.8253305549,-1.289934777,-1.289934777,0.2999026014
289.25,-0.8323673244,-1.282318453,-1.282318453,0.3093419351
289.275,-0.8392674618,-1.274470729,-1.274470729,0.3184154342
289.3,-0.8460301636,-1.266400687,-1.266400687,0.3271282315
289.325,-0.8526546518,-1.258117281,-1.258117281,0.3354854626
289.35,-0.8591401739,-1.249629334,-1.249629334,0.3434922511
289.375,-0.8654860024,-1.240945546,-1.240945546,0.3511536889
289.4,-0.8716914357,-1.232074486,-1.232074486,0.358474822
289.425,-0.8777557972,-1.223024599,-1.223024599,0.3654606399
289.45,-0.8836784359,-1.213804207,-1.213804207,0.3721160607
289.475,-0.8894587262,-1.204421509,-1.204421509,0.3784459227
289.5,-0.8950960677,-1.194884584,-1.194884584,0.3844549769
289.525,-0.9005898854,-1.185201395,-1.185201395,0.3901478777
289.55,-0.9059396296,-1.175379787,-1.175379787,0.3955291773
289.575,-0.9111447759,-1.165427495,-1.165427495,0.400603322
289.6,-0.9162048251,-1.155352144,-1.155352144,0.4053746473
289.625,-0.9211193032,-1.145161252,-1.145161252,0.4098473748
289.65,-0.9258877612,-1.13486223,-1.13486223,0.4140256116
289.675,-0.9305097755,-1.124462391,-1.124462391,0.4179133478
289.7,-0.9349849474,-1.113968951,-1.113968951,0.4215144575
289.725,-0.939312903,-1.103389026,-1.103389026,0.4248326987
289.75,-0.9434932935,-1.092729643,-1.092729643,0.4278717145
289.775,-0.9475257951,-1.081997737,-1.081997737,0.430635035
289.8,-0.9514101085,-1.07120016,-1.07120016,0.4331260808
289.825,-0.9551459593,-1.060343675,-1.060343675,0.4353481643
289.85,-0.9587330977,-1.049434966,-1.049434966,0.4373044938
289.875,-0.9621712983,-1.038480639,-1.038480639,0.4389981783
289.9,-0.9654603605,-1.027487221,-1.027487221,0.4404322315
289.925,-0.9686001078,-1.016461166,-1.016461166,0.4416095755
289.95,-0.9715903881,-1.005408858,-1.005408858,0.4425330465
289.975,-0.9744310735,-0.9943366071,-0.9943366071,0.4432054018
290,-0.9771220601,-0.983250658,-0.983250658,0.4436293232
290.025,-0.9796632681,-0.972157189,-0.972157189,0.4438074229
290.05,-0.9820546416,-0.9610623141,-0.9610623141,0.4437422521
290.075,-0.9842961484,-0.9499720832,-0.9499720832,0.4434363056
290.1,-0.9863877799,-0.9388924848,-0.9388924848,0.4428920277
290.125,-0.9883295512,-0.9278294477,-0.9278294477,0.4421118196
290.15,-0.9901215007,-0.9167888405,-0.9167888405,0.441098048
290.175,-0.9917636901,-0.9057764722,-0.9057764722,0.4398530487
290.2,-0.9932562044,-0.8947980954,-0.8947980954,0.4383791346
290.225,-0.9945991515,-0.8838594042,-0.8838594042,0.4366786052
290.25,-0.9957926622,-0.8729660346,-0.8729660346,0.4347537508
290.275,-0.9968368902,-0.8621235667,-0.8621235667,0.4326068593
290.3,-0.9977320117,-0.8513375229,-0.8513375229,0.4302402261
290.325,-0.9984782255,-0.8406133675,-0.8406133675,0.4276561594
290.35,-0.9990757526,-0.8299565073,-0.8299565073,0.424856986
290.375,-0.9995248363,-0.8193722912,-0.8193722912,0.4218450605
290.4,-0.9998257418,-0.8088660076,-0.8088660076,0.4186227718
290.425,-0.9999787565,-0.7984428852,-0.7984428852,0.4151925486
290.45,-0.9999841891,-0.7881080922,-0.7881080922,0.4115568664
290.475,-0.9998423703,-0.7778667332,-0.7778667332,0.4077182562
290.5,-0.9995536518,-0.7677238488,-0.7677238488,0.4036793081
290.525,-0.9991184068,-0.7576844151,-0.7576844151,0.3994426786
290.55,-0.9985370295,-0.7477533397,-0.7477533397,0.3950110982
290.575,-0.997809935,-0.7379354613,-0.7379354613,0.3903873751
290.6,-0.9969375591,-0.728235548,-0.728235548,0.3855744018
290.625,-0.9959203583,-0.7186582937,-0.7186582937,0.3805751618
290.65,-0.9947588092,-0.7092083164,-0.7092083164,0.3753927333
290.675,-0.9934534089,-0.699890157,-0.699890157,0.3700302947
290.7,-0.9920046744,-0.6907082746,-0.6907082746,0.3644911303
290.725,-0.9904131423,-0.6816670449,-0.6816670449,0.3587786341
290.75,-0.9886793691,-0.6727707581,-0.6727707581,0.3528963139
290.775,-0.9868039308,-0.6640236144,-0.6640236144,0.3468477965
290.8,-0.9847874225,-0.6554297219,-0.6554297219,0.3406368306
290.825,-0.9826304584,-0.6469930943,-0.6469930943,0.33426729
290.85,-0.9803336717,-0.6387176457,-0.6387176457,0.327743178
290.875,-0.977897714,-0.630607189,-0.630607189,0.3210686291
290.9,-0.9753232556,-0.6226654324,-0.6226654324,0.314247912
290.925,-0.9726109852,-0.6148959749,-0.6148959749,0.3072854323
290.95,-0.9697616092,-0.6073023042,-0.6073023042,0.3001857337
290.975,-0.9667758521,-0.5998877927,-0.5998877927,0.2929534999
291,-0.9636544562,-0.5926556935,-0.5926556935,0.2855935564
291.025,-0.9603981809,-0.5856091377,-0.5856091377,0.2781108706
291.05,-0.9570078032,-0.5787511304,-0.5787511304,0.270510553
291.075,-0.9534841169,-0.5720845466,-0.5720845466,0.2627978574
291.1,-0.9498279327,-0.565612129,-0.565612129,0.254978181
291.125,-0.946040078,-0.559336483,-0.559336483,0.2470570638
291.15,-0.9421213965,-0.5532600738,-0.5532600738,0.2390401881
291.175,-0.938072748,-0.5473852231,-0.5473852231,0.2309333778
291.2,-0.9338950085,-0.5417141048,-0.5417141048,0.2227425965
291.225,-0.9295890696,-0.5362487422,-0.5362487422,0.2144739467
291.25,-0.9251558383,-0.5309910044,-0.5309910044,0.2061336671
291.275,-0.9205962371,-0.5259426026,-0.5259426026,0.1977281312
291.3,-0.9159112036,-0.5211050875,-0.5211050875,0.1892638444
291.325,-0.9111016901,-0.5164798448,-0.5164798448,0.1807474412
291.35,-0.9061686636,-0.5120680934,-0.5120680934,0.1721856825
291.375,-0.9011131056,-0.5078708813,-0.5078708813,0.1635854521
291.4,-0.8959360115,-0.503889083,-0.503889083,0.1549537531
291.425,-0.8906383911,-0.5001233966,-0.5001233966,0.1462977043
291.45,-0.8852212676,-0.4965743405,-0.4965743405,0.1376245361
291.475,-0.8796856777,-0.4932422514,-0.4932422514,0.1289415861
291.5,-0.8740326714,-0.4901272808,-0.4901272808,0.1202562947
291.525,-0.868263312,-0.4872293933,-0.4872293933,0.1115762004
291.55,-0.8623786752,-0.4845483639,-0.4845483639,0.1029089347
291.575,-0.8563798496,-0.4820837754,-0.4820837754,0.09426221693
291.6,-0.8502679359,-0.4798350168,-0.4798350168,0.08564384941
291.625,-0.844044047,-0.477801281,-0.477801281,0.07706171097
291.65,-0.8377093079,-0.4759815631,-0.4759815631,0.0685237521
291.675,-0.8312648548,-0.4743746585,-0.4743746585,0.06003798824
291.7,-0.8247118357,-0.4729791615,-0.4729791615,0.05161249433
291.725,-0.8180514097,-0.4717934638,-0.4717934638,0.04325539792
291.75,-0.8112847466,-0.4708157535,-0.4708157535,0.03497487317
291.775,-0.8044130273,-0.4700440136,-0.4700440136,0.02677913377
291.8,-0.7974374427,-0.4694760215,-0.4694760215,0.01867642648
291.825,-0.7903591945,-0.4691093481,-0.4691093481,0.01067502381
291.85,-0.7831794939,-0.4689413571,-0.4689413571,0.002783217118
291.875,-0.7758995621,-0.4689692048,-0.4689692048,-0.004990690871
291.9,-0.7685206299,-0.4691898399,-0.4691898399,-0.01263839352
291.925,-0.7610439372,-0.4696000035,-0.4696000035,-0.02015158791
291.95,-0.7534707332,-0.4701962293,-0.4701962293,-0.02752198265
291.975,-0.7458022757,-0.4709748437,-0.4709748437,-0.03474130584
292,-0.7380398312,-0.4719319669,-0.4719319669,-0.04180131325
292.025,-0.7301846747,-0.4730635133,-0.4730635133,-0.04869379642
292.05,-0.722238089,-0.4743651927,-0.4743651927,-0.05541059129
292.075,-0.714201365,-0.4758325112,-0.4758325112,-0.06194358658
292.1,-0.7060758013,-0.4774607732,-0.4774607732,-0.06828473249
292.125,-0.6978627038,-0.4792450826,-0.4792450826,-0.07442604969
292.15,-0.6895633856,-0.4811803446,-0.4811803446,-0.08035963795
292.175,-0.6811791668,-0.4832612683,-0.4832612683,-0.0860776856
292.2,-0.6727113744,-0.4854823684,-0.4854823684,-0.09157247816
292.225,-0.6641613414,-0.4878379683,-0.4878379683,-0.09683640824
292.25,-0.6555304076,-0.4903222025,-0.4903222025,-0.1018619841
292.275,-0.6468199186,-0.4929290198,-0.4929290198,-0.1066418399
292.3,-0.6380312256,-0.4956521865,-0.4956521865,-0.1111687443
292.325,-0.6291656857,-0.49848529,-0.49848529,-0.1154356106
292.35,-0.6202246612,-0.5014217423,-0.5014217423,-0.1194355056
292.375,-0.6112095194,-0.5044547841,-0.5044547841,-0.1231616597
292.4,-0.6021216328,-0.507577489,-0.507577489,-0.1266074759
292.425,-0.5929623782,-0.5107827682,-0.5107827682,-0.1297665393
292.45,-0.583733137,-0.5140633745,-0.5140633745,-0.1326326262
292.475,-0.5744352948,-0.5174119078,-0.5174119078,-0.1351997135
292.5,-0.5650702411,-0.52082082,-0.52082082,-0.1374619876
292.525,-0.5556393693,-0.5242824204,-0.5242824204,-0.1394138533
292.55,-0.5461440762,-0.5277888811,-0.5277888811,-0.1410499419
292.575,-0.536585762,-0.5313322432,-0.5313322432,-0.1423651203
292.6,-0.5269658298,-0.5349044221,-0.5349044221,-0.1433544983
292.625,-0.5172856859,-0.5384972144,-0.5384972144,-0.1440134372
292.65,-0.507546739,-0.5421023037,-0.5421023037,-0.144337556
292.675,-0.4977504003,-0.5457112677,-0.5457112677,-0.1443227394
292.7,-0.4878980832,-0.5493155841,-0.5493155841,-0.1439651436
292.725,-0.477991203,-0.5529066385,-0.5529066385,-0.1432612027
292.75,-0.468031177,-0.5564757306,-0.5564757306,-0.1422076339
292.775,-0.458019424,-0.5600140816,-0.5600140816,-0.1408014428
292.8,-0.447957364,-0.5635128416,-0.5635128416,-0.1390399273
292.825,-0.4378464183,-0.5669630968,-0.5669630968,-0.1369206818
292.85,-0.4276880092,-0.570355877,-0.570355877,-0.1344415998
292.875,-0.4174835595,-0.573682163,-0.573682163,-0.1316008766
292.9,-0.4072344927,-0.5769328946,-0.5769328946,-0.1283970108
292.925,-0.3969422325,-0.5800989773,-0.5800989773,-0.1248288055
292.95,-0.3866082028,-0.5831712912,-0.5831712912,-0.120895368
292.975,-0.3762338275,-0.5861406971,-0.5861406971,-0.1165961096
293,-0.3658205299,-0.5889980457,-0.5889980457,-0.1119307442
293.025,-0.355369733,-0.5917341835,-0.5917341835,-0.1068992859
293.05,-0.3448828592,-0.5943399617,-0.5943399617,-0.1015020462
293.075,-0.3343613297,-0.5968062426,-0.5968062426,-0.0957396303
293.1,-0.323806565,-0.5991239074,-0.5991239074,-0.08961293249
293.125,-0.313219984,-0.6012838633,-0.6012838633,-0.08312313097
293.15,-0.3026030042,-0.6032770501,-0.6032770501,-0.07627168156
293.175,-0.2919570415,-0.605094448,-0.605094448,-0.06906031114
293.2,-0.2812835099,-0.6067270829,-0.6067270829,-0.06149101019
293.225,-0.2705838214,-0.6081660344,-0.6081660344,-0.0535660243
293.25,-0.2598593856,-0.6094024408,-0.6094024408,-0.04528784606
293.275,-0.2491116098,-0.6104275061,-0.6104275061,-0.03665920472
293.3,-0.2383418988,-0.6112325051,-0.6112325051,-0.02768305749
293.325,-0.2275516543,-0.6118087894,-0.6118087894,-0.01836257796
293.35,-0.2167422753,-0.6121477927,-0.6121477927,-0.008701146227
293.375,-0.2059151576,-0.6122410352,-0.6122410352,0.001297662675
293.4,-0.1950716936,-0.6120801294,-0.6120801294,0.0116300904
293.425,-0.1842132723,-0.6116567833,-0.6116567833,0.02229220622
293.45,-0.1733412788,-0.6109628057,-0.6109628057,0.03327992014
293.475,-0.1624570947,-0.6099901094,-0.6099901094,0.04458899301
293.5,-0.1515620972,-0.6087307144,-0.6087307144,0.05621505025
293.525,-0.1406576596,-0.6071767528,-0.6071767528,0.06815359239
293.55,-0.1297451508,-0.6053204692,-0.6053204692,0.08040000655
293.575,-0.118825935,-0.603154226,-0.603154226,0.09294957925
293.6,-0.1079013719,-0.6006705041,-0.6006705041,0.1057975053
293.625,-0.09697281627,-0.5978619051,-0.5978619051,0.1189388997
293.65,-0.08604161791,-0.5947211547,-0.5947211547,0.1323688076
293.675,-0.07510912144,-0.5912411023,-0.5912411023,0.1460822123
293.7,-0.06417666616,-0.5874147238,-0.5874147238,0.1600740458
293.725,-0.0532455859,-0.5832351224,-0.5832351224,0.1743391947
293.75,-0.04231720885,-0.5786955293,-0.5786955293,0.1888725083
293.775,-0.03139285743,-0.5737893055,-0.5737893055,0.2036688039
293.8,-0.02047384815,-0.5685099411,-0.5685099411,0.2187228714
293.825,-0.009561491425,-0.5628510573,-0.5628510573,0.2340294775
293.85,0.001342908539,-0.5568064065,-0.5568064065,0.2495833673
293.875,0.0122380539,-0.5503698722,-0.5503698722,0.2653792653
293.9,0.02312265331,-0.5435354707,-0.5435354707,0.281411875
293.925,0.03399542208,-0.5362973502,-0.5362973502,0.2976758769
293.95,0.04485508228,-0.528649793,-0.528649793,0.3141659239
293.975,0.0557003629,-0.5205872152,-0.5205872152,0.3308766371
294,0.06652999999,-0.5121041674,-0.5121041674,0.3478025972
294.025,0.07734273676,-0.5031953371,-0.5031953371,0.364938336
294.05,0.08813732375,-0.4938555485,-0.4938555485,0.3822783254
294.075,0.0989125189,-0.4840797654,-0.4840797654,0.3998169626
294.1,0.1096670878,-0.4738630924,-0.4738630924,0.4175485573
294.125,0.1203998035,-0.4632007778,-0.4632007778,0.4354673116
294.15,0.1311094472,-0.4520882165,-0.4520882165,0.4535673011
294.175,0.1417948078,-0.440520953,-0.440520953,0.4718424537
294.2,0.1524546822,-0.4284946861,-0.4284946861,0.4902865218
294.225,0.1630878757,-0.416005273,-0.416005273,0.5088930595
294.25,0.1736932016,-0.4030487347,-0.4030487347,0.5276553886
294.275,0.1842694817,-0.3896212631,-0.3896212631,0.546566569
294.3,0.1948155464,-0.3757192261,-0.3757192261,0.5656193638
294.325,0.2053302345,-0.3613391777,-0.3613391777,0.5848061983
294.35,0.2158123938,-0.3464778653,-0.3464778653,0.6041191258
294.375,0.2262608805,-0.3311322402,-0.3311322402,0.6235497781
294.4,0.2366745601,-0.3152994688,-0.3152994688,0.6430893247
294.425,0.247052307,-0.2989769442,-0.2989769442,0.662728423
294.45,0.2573930045,-0.2821623005,-0.2821623005,0.6824571655
294.475,0.2676955455,-0.2648534263,-0.2648534263,0.7022650317
294.5,0.2779588319,-0.2470484826,-0.2470484826,0.7221408253
294.525,0.288181775,-0.2287459181,-0.2287459181,0.7420726239
294.55,0.2983632958,-0.2099444904,-0.2099444904,0.7620477124
294.575,0.3085023247,-0.1906432846,-0.1906432846,0.7820525266
294.6,0.3185978018,-0.1708417367,-0.1708417367,0.8020725862
294.625,0.3286486769,-0.1505396568,-0.1505396568,0.8220924323
294.65,0.3386539098,-0.1297372541,-0.1297372541,0.8420955614
294.675,0.34861247,-0.1084351645,-0.1084351645,0.86206436
294.7,0.3585233371,-0.08663447842,-0.08663447842,0.8819800385
294.725,0.3683855007,-0.06433677173,-0.06433677173,0.9018225671
294.75,0.3781979607,-0.04154413706,-0.04154413706,0.9215706118
294.775,0.3879597268,-0.01825921726,-0.01825921726,0.9412014733
294.8,0.3976698195,0.005514759453,0.005514759453,0.9606910287
294.825,0.4073272693,0.02977394369,0.02977394369,0.9800136775
294.85,0.4169311172,0.05451382685,0.05451382685,0.9991422914
294.875,0.4264804147,0.07972920256,0.07972920256,1.018048172
294.9,0.4359742239,0.1054141272,0.1054141272,1.036701013
294.925,0.4454116173,0.1315618789,0.1315618789,1.055068877
294.95,0.4547916784,0.1581649168,0.1581649168,1.073118171
294.975,0.4641135009,0.1852148394,0.1852148394,1.090813647
295,0.4733761899,0.2127023437,0.2127023437,1.108118406
295.025,0.4825788608,0.2406171831,0.2406171831,1.124993921
295.05,0.4917206402,0.268948129,0.268948129,1.141400067
295.075,0.5008006655,0.2976829283,0.2976829283,1.157295193
295.1,0.509818085,0.3268082714,0.3268082714,1.172636175
295.125,0.5187720582,0.3563097494,0.3563097494,1.187378523
295.15,0.5276617555,0.3861718276,0.3861718276,1.201476507
295.175,0.5364863585,0.4163778147,0.4163778147,1.214883272
295.2,0.54524506,0.4469098331,0.4469098331,1.227551031
295.225,0.5539370638,0.4777488034,0.4777488034,1.239431231
295.25,0.5625615851,0.5088744227,0.5088744227,1.250474786
295.275,0.5711178503,0.5402651591,0.5402651591,1.260632312
295.3,0.579605097,0.5718982428,0.5718982428,1.269854388
295.325,0.5880225742,0.6037496733,0.6037496733,1.278091868
295.35,0.5963695424,0.635794226,0.635794226,1.28529617
295.375,0.6046452731,0.6680054746,0.6680054746,1.291419644
295.4,0.6128490495,0.7003558143,0.7003558143,1.296415905
295.425,0.6209801662,0.7328165032,0.7328165032,1.300240234
295.45,0.6290379292,0.7653577035,0.7653577035,1.302849946
295.475,0.6370216559,0.7979485426,0.7979485426,1.304204809
295.5,0.6449306753,0.8305571745,0.8305571745,1.304267438
295.525,0.6527643279,0.8631508604,0.8631508604,1.30300371
295.55,0.6605219656,0.8956960521,0.8956960521,1.300383159
295.575,0.6682029521,0.9281584901,0.9281584901,1.296379373
295.6,0.6758066623,0.9605033093,0.9605033093,1.290970363
295.625,0.6833324828,0.9926951531,0.9926951531,1.284138916
295.65,0.690779812,1.024698299,1.024698299,1.275872917
295.675,0.6981480595,1.056476787,1.056476787,1.266165628
295.7,0.7054366468,1.087994559,1.087994559,1.255015937
295.725,0.7126450067,1.119215601,1.119215601,1.242428551
295.75,0.7197725837,1.150104093,1.150104093,1.228414136
295.775,0.7268188341,1.180624554,1.180624554,1.212989406
295.8,0.7337832254,1.210741998,1.210741998,1.196177148
295.825,0.7406652371,1.240422087,1.240422087,1.178006185
295.85,0.7474643598,1.269631273,1.269631273,1.158511279
295.875,0.7541800962,1.298336954,1.298336954,1.137732958
295.9,0.7608119602,1.326507608,1.326507608,1.115717304
295.925,0.7673594773,1.354112935,1.354112935,1.092515655
295.95,0.7738221848,1.381123976,1.381123976,1.068184267
295.975,0.7801996312,1.407513239,1.407513239,1.042783918
296,0.7864913767,1.433254803,1.433254803,1.016379469
296.025,0.7926969931,1.458324414,1.458324414,0.9890393791
296.05,0.7988160636,1.48269957,1.48269957,0.9608351941
296.075,0.8048481827,1.50635959,1.50635959,0.9318410119
296.1,0.8107929568,1.529285671,1.529285671,0.902132915
296.125,0.8166500033,1.551460932,1.551460932,0.8717884251
296.15,0.8224189513,1.572870442,1.572870442,0.8408859158
296.175,0.8280994411,1.593501234,1.593501234,0.8095040801
296.2,0.8336911246,1.613342306,1.613342306,0.7777213634
296.225,0.8391936648,1.632384609,1.632384609,0.7456154648
296.25,0.8446067362,1.650621023,1.650621023,0.7132628276
296.275,0.8499300245,1.668046318,1.668046318,0.680738189
296.3,0.8551632268,1.684657105,1.684657105,0.6481141586
296.325,0.8603060513,1.700451782,1.700451782,0.6154608283
296.35,0.8653582174,1.715430464,1.715430464,0.5828454543
296.375,0.8703194557,1.729594906,1.729594906,0.5503321414
296.4,0.8751895079,1.742948429,1.742948429,0.517981627
296.425,0.879968127,1.755495821,1.755495821,0.4858510571
296.45,0.8846550768,1.767243261,1.767243261,0.453993854
296.475,0.8892501322,1.778198207,1.778198207,0.4224595975
296.5,0.8937530793,1.788369313,1.788369313,0.3912939615
296.525,0.8981637147,1.797766326,1.797766326,0.3605386896
296.55,0.9024818464,1.806399983,1.806399983,0.3302316021
296.575,0.9067072929,1.814281925,1.814281925,0.3004066396
296.6,0.9108398837,1.821424585,1.821424585,0.2710939402
296.625,0.914879459,1.827841112,1.827841112,0.242319929
296.65,0.9188258698,1.833545262,1.833545262,0.2141074538
296.675,0.9226789777,1.838551326,1.838551326,0.1864759096
296.7,0.926438655,1.842874034,1.842874034,0.1594414109
296.725,0.9301047846,1.846528481,1.846528481,0.1330169482
296.75,0.9336772598,1.84953005,1.84953005,0.1072125721
296.775,0.9371559845,1.851894338,1.851894338,0.08203557908
296.8,0.940540873,1.853637097,1.853637097,0.05749069063
296.825,0.9438318501,1.854774161,1.854774161,0.03358026049
296.85,0.9470288507,1.855321399,1.855321399,0.01030443925
296.875,0.9501318202,1.855294657,1.855294657,-0.01233861198
296.9,0.953140714,1.854709711,1.854709711,-0.03435256116
296.925,0.9560554978,1.853582227,1.853582227,-0.05574271952
296.95,0.9588761474,1.851927717,1.851927717,-0.07651586064
296.975,0.9616026486,1.849761509,1.849761509,-0.09668008191
297,0.9642349972,1.847098711,1.847098711,-0.1162446191
297.025,0.966773199,1.84395419,1.84395419,-0.1352197212
297.05,0.9692172694,1.840342545,1.840342545,-0.1536165072
297.075,0.971567234,1.836278085,1.836278085,-0.1714468229
297.1,0.9738231278,1.83177482,1.83177482,-0.1887231432
297.125,0.9759849956,1.826846437,1.826846437,-0.2054584411
297.15,0.978052892,1.821506295,1.821506295,-0.2216660914
297.175,0.9800268808,1.815767415,1.815767415,-0.2373597843
297.2,0.9819070355,1.809642473,1.809642473,-0.2525534217
297.225,0.983693439,1.803143794,1.803143794,-0.2672610545
297.25,0.9853861835,1.796283353,1.796283353,-0.2814968096
297.275,0.9869853705,1.789072768,1.789072768,-0.2952748139
297.3,0.9884911108,1.781523309,1.781523309,-0.3086091532
297.325,0.9899035241,1.773645891,1.773645891,-0.3215138175
297.35,0.9912227395,1.765451084,1.765451084,-0.3340026456
297.375,0.9924488949,1.756949111,1.756949111,-0.3460892999
297.4,0.9935821372,1.748149858,1.748149858,-0.35778723
297.425,0.9946226221,1.739062878,1.739062878,-0.3691096337
297.45,0.9955705142,1.729697398,1.729697398,-0.3800694397
297.475,0.9964259867,1.720062323,1.720062323,-0.3906792881
297.5,0.9971892215,1.710166246,1.710166246,-0.4009515117
297.525,0.9978604091,1.70001746,1.70001746,-0.410898113
297.55,0.9984397486,1.689623958,1.689623958,-0.4205307619
297.575,0.9989274472,1.678993444,1.678993444,-0.4298607859
297.6,0.9993237207,1.668133348,1.668133348,-0.4388991623
297.625,0.9996287932,1.657050827,1.657050827,-0.4476565113
297.65,0.9998428969,1.645752779,1.645752779,-0.4561430949
297.675,0.999966272,1.634245847,1.634245847,-0.4643688169
297.7,0.9999991671,1.622536432,1.622536432,-0.4723432229
297.725,0.9999418384,1.610630703,1.610630703,-0.4800755016
297.75,0.9997945502,1.598534602,1.598534602,-0.4875744854
297.775,0.9995575745,1.586253852,1.586253852,-0.4948486562
297.8,0.9992311911,1.573793973,1.573793973,-0.5019061497
297.825,0.9988156875,1.561160285,1.561160285,-0.5087547608
297.85,0.9983113585,1.548357915,1.548357915,-0.5154019457
297.875,0.9977185068,1.535391807,1.535391807,-0.5218548302
297.9,0.9970374422,1.522266735,1.522266735,-0.5281202167
297.925,0.996268482,1.508987305,1.508987305,-0.5342045907
297.95,0.9954119507,1.495557963,1.495557963,-0.5401141238
297.975,0.9944681798,1.481983006,1.481983006,-0.5458546835
298,0.9934375083,1.46826659,1.46826659,-0.5514318408
298.025,0.9923202817,1.454412732,1.454412732,-0.5568508764
298.05,0.9911168529,1.440425323,1.440425323,-0.5621167845
298.075,0.9898275814,1.426308129,1.426308129,-0.5672342823
298.1,0.9884528334,1.412064807,1.412064807,-0.572207818
298.125,0.986992982,1.397698903,1.397698903,-0.5770415758
298.15,0.9854484066,1.383213861,1.383213861,-0.5817394802
298.175,0.9838194935,1.368613031,1.368613031,-0.5863052045
298.2,0.982106635,1.353899673,1.353899673,-0.5907421782
298.225,0.9803102302,1.339076968,1.339076968,-0.5950535918
298.25,0.978430684,1.324148016,1.324148016,-0.5992424
298.275,0.9764684079,1.309115847,1.309115847,-0.6033113298
298.3,0.9744238192,1.293983427,1.293983427,-0.6072628863
298.325,0.9722973415,1.278753662,1.278753662,-0.6110993584
298.35,0.9700894039,1.263429401,1.263429401,-0.61482282
298.375,0.9678004418,1.248013447,1.248013447,-0.6184351375
298.4,0.9654308962,1.232508556,1.232508556,-0.6219379744
298.425,0.9629812136,1.216917448,1.216917448,-0.6253327972
298.45,0.9604518464,1.201242806,1.201242806,-0.6286208763
298.475,0.9578432523,1.185487285,1.185487285,-0.6318032916
298.5,0.9551558944,1.169653514,1.169653514,-0.6348809356
298.525,0.9523902414,1.153744104,1.153744104,-0.6378545203
298.55,0.949546767,1.137761651,1.137761651,-0.6407245789
298.575,0.9466259502,1.121708736,1.121708736,-0.6434914674
298.6,0.943628275,1.105587936,1.105587936,-0.6461553701
298.625,0.9405542306,1.089401824,1.089401824,-0.6487163019
298.65,0.9374043109,1.073152979,1.073152979,-0.6511741148
298.675,0.9341790147,1.056843982,1.056843982,-0.6535284982
298.7,0.9308788457,1.040477422,1.040477422,-0.6557789805
298.725,0.927504312,1.024055904,1.024055904,-0.6579249351
298.75,0.9240559266,1.007582051,1.007582051,-0.6599655811
298.775,0.9205342069,0.9910585082,0.9910585082,-0.6618999907
298.8,0.9169396745,0.9744879464,0.9744879464,-0.6637270894
298.825,0.9132728556,0.9578730601,0.9578730601,-0.665445657
298.85,0.9095342806,0.9412165795,0.9412165795,-0.6670543334
298.875,0.905724484,0.9245212701,0.9245212701,-0.66855162
298.9,0.9018440044,0.9077899386,0.9077899386,-0.6699358871
298.925,0.8978933845,0.891025433,0.891025433,-0.6712053751
298.95,0.8938731709,0.8742306439,0.8742306439,-0.6723581952
298.975,0.8897839139,0.8574085126,0.8574085126,-0.6733923357
299,0.8856261677,0.8405620327,0.8405620327,-0.6743056635
299.025,0.8814004902,0.8236942537,0.8236942537,-0.6750959332
299.05,0.8771074427,0.8068082819,0.8068082819,-0.6757607885
299.075,0.8727475903,0.7899072813,0.7899072813,-0.6762977634
299.1,0.8683215012,0.7729944808,0.7729944808,-0.6767042897
299.125,0.8638297472,0.7560731752,0.7560731752,-0.6769777003
299.15,0.8592729033,0.7391467277,0.7391467277,-0.6771152386
299.175,0.8546515477,0.7222185701,0.7222185701,-0.6771140592
299.2,0.8499662616,0.7052922056,0.7052922056,-0.6769712336
299.225,0.8452176294,0.6883712133,0.6883712133,-0.6766837559
299.25,0.8404062384,0.6714592485,0.6714592485,-0.6762485523
299.275,0.8355326785,0.6545600434,0.6545600434,-0.675662486
299.3,0.8305975429,0.6376774083,0.6376774083,-0.6749223609
299.325,0.825601427,0.6208152358,0.6208152358,-0.6740249303
299.35,0.8205449292,0.6039775,0.6039775,-0.6729669066
299.375,0.8154286502,0.5871682568,0.5871682568,-0.6717449677
299.4,0.8102531933,0.5703916455,0.5703916455,-0.6703557626
299.425,0.8050191642,0.5536518904,0.5536518904,-0.6687959205
299.45,0.7997271709,0.5369532998,0.5369532998,-0.6670620634
299.475,0.7943778235,0.5203002657,0.5203002657,-0.665150811
299.5,0.7889717345,0.5036972655,0.5036972655,-0.6630587892
299.525,0.7835095183,0.4871488606,0.4871488606,-0.660782643
299.55,0.7779917914,0.4706596956,0.4706596956,-0.6583190456
299.575,0.7724191723,0.4542344978,0.4542344978,-0.6556647062
299.6,0.7667922811,0.4378780768,0.4378780768,-0.6528163815
299.625,0.7611117399,0.421595322,0.421595322,-0.649770889
299.65,0.7553781726,0.4053912013,0.4053912013,-0.6465251137
299.675,0.7495922044,0.3892707606,0.3892707606,-0.6430760208
299.7,0.7437544623,0.3732391193,0.3732391193,-0.6394206689
299.725,0.7378655748,0.3573014696,0.3573014696,-0.635556218
299.75,0.7319261718,0.3414630736,0.3414630736,-0.6314799424
299.775,0.7259368843,0.3257292595,0.3257292595,-0.6271892438
299.8,0.7198983448,0.3101054188,0.3101054188,-0.6226816597
299.825,0.713811187,0.2945970032,0.2945970032,-0.6179548773
299.85,0.7076760457,0.2792095196,0.2792095196,-0.6130067446
299.875,0.7014935567,0.2639485271,0.2639485271,-0.6078352805
299.9,0.6952643567,0.2488196318,0.2488196318,-0.6024386877
299.925,0.6889890835,0.2338284821,0.2338284821,-0.5968153629
299.95,0.6826683756,0.2189807648,0.2189807648,-0.5909639072
299.975,0.6763028724,0.2042821979,0.2042821979,-0.5848831382
300,0.6698932138,0.1897385268,0.1897385268,-0.5785720981
