time,u,y,x1,x2
25,5.390921839e-15,1.162910121,1.162910121,0.8172531495
25.025,0.04396811832,1.182943407,1.182943407,0.7854666849
25.05,0.08785119655,1.202186528,1.202186528,0.7540488308
25.075,0.1315643591,1.220649357,1.220649357,0.7230518976
25.1,0.175023059,1.238343036,1.238343036,0.6925244141
25.125,0.2181432414,1.255279862,1.255279862,0.6625109223
25.15,0.2608415063,1.271473203,1.271473203,0.6330518369
25.175,0.3030352696,1.286937377,1.286937377,0.6041833228
25.2,0.3446429232,1.301687557,1.301687557,0.5759372232
25.225,0.3855839923,1.315739655,1.315739655,0.5483410133
25.25,0.4257792916,1.329110217,1.329110217,0.5214177923
25.275,0.4651510781,1.34181631,1.34181631,0.4951863044
25.3,0.5036232016,1.353875418,1.353875418,0.4696609868
25.325,0.5411212521,1.36530533,1.36530533,0.444852049
25.35,0.5775727034,1.376124042,1.376124042,0.4207655661
25.375,0.6129070537,1.386349647,1.386349647,0.3974036053
25.4,0.6470559616,1.396000246,1.396000246,0.3747643556
25.425,0.6799533787,1.405093843,1.405093843,0.3528422908
25.45,0.7115356772,1.413648262,1.413648262,0.3316283244
25.475,0.7417417727,1.421681057,1.421681057,0.3111100002
25.5,0.7705132428,1.42920943,1.42920943,0.2912716626
25.525,0.7977944395,1.436250152,1.436250152,0.2720946668
25.55,0.8235325976,1.442819496,1.442819496,0.2535575564
25.575,0.8476779361,1.448933163,1.448933163,0.235636284
25.6,0.8701837547,1.454606222,1.454606222,0.2183043932
25.625,0.8910065242,1.459853056,1.459853056,0.2015332372
25.65,0.9101059707,1.464687302,1.464687302,0.1852921682
25.675,0.9274451533,1.469121812,1.469121812,0.1695487398
25.7,0.9429905359,1.473168603,1.473168603,0.1542689091
25.725,0.9567120516,1.476838825,1.476838825,0.1394172117
25.75,0.9685831611,1.480142726,1.480142726,0.1249569755
25.775,0.9785809043,1.483089622,1.483089622,0.1108504744
25.8,0.9866859442,1.485687876,1.485687876,0.09705912654
25.825,0.9928826046,1.487944877,1.487944877,0.08354366043
25.85,0.9971589003,1.489867026,1.489867026,0.07026426698
25.875,0.9995065604,1.491459724,1.491459724,0.05718078507
25.9,0.9999210442,1.492727362,1.492727362,0.04425282414
25.925,0.9984015501,1.493673324,1.493673324,0.03143992832
25.95,0.994951017,1.49429998,1.49429998,0.01870170771
25.975,0.9895761186,1.494608696,1.494608696,0.005997969235
26,0.9822872507,1.494599834,1.494599834,-0.006711159187
26.025,0.973098511,1.494272765,1.494272765,-0.01946511275
26.05,0.9620276716,1.49362588,1.49362588,-0.03230278246
26.075,0.949096145,1.492656609,1.492656609,-0.04526241257
26.1,0.9343289425,1.491361431,1.491361431,-0.05838150925
26.125,0.9177546257,1.489735899,1.489735899,-0.07169675394
26.15,0.8994052516,1.48777466,1.48777466,-0.0852439261
26.175,0.8793163102,1.485471479,1.485471479,-0.09905783373
26.2,0.8575266562,1.482819264,1.482819264,-0.1131722503
26.225,0.8340784336,1.47981009,1.47981009,-0.1276198615
26.25,0.8090169944,1.476435231,1.476435231,-0.1424322176
26.275,0.7823908106,1.472685186,1.472685186,-0.1576396955
26.3,0.7542513807,1.46854971,1.46854971,-0.1732714659
26.325,0.7246531302,1.464017844,1.464017844,-0.189355471
26.35,0.6936533058,1.459077945,1.459077945,-0.2059184064
26.375,0.6613118653,1.45371772,1.45371772,-0.2229857128
26.4,0.6276913613,1.447924254,1.447924254,-0.2405815719
26.425,0.5928568202,1.441684045,1.441684045,-0.2587289119
26.45,0.5568756165,1.434983032,1.434983032,-0.2774494165
26.475,0.5198173426,1.427806627,1.427806627,-0.2967635417
26.5,0.4817536741,1.420139748,1.420139748,-0.3166905387
26.525,0.442758231,1.411966842,1.411966842,-0.3372484764
26.55,0.4029064357,1.403271924,1.403271924,-0.3584542807
26.575,0.3622753667,1.394038597,1.394038597,-0.3803237634
26.6,0.3209436098,1.384250082,1.384250082,-0.4028716605
26.625,0.278991106,1.373889246,1.373889246,-0.4261116847
26.65,0.236498997,1.362938625,1.362938625,-0.4500565569
26.675,0.1935494681,1.351380446,1.351380446,-0.4747180553
26.7,0.1502255891,1.339196659,1.339196659,-0.5001070719
26.725,0.1066111543,1.326368946,1.326368946,-0.5262336438
26.75,0.06279051953,1.312878753,1.312878753,-0.5531070042
26.775,0.01884843972,1.298707302,1.298707302,-0.5807356328
26.8,-0.02513009544,1.283835613,1.283835613,-0.6091272834
26.825,-0.06906002571,1.26824452,1.26824452,-0.6382890254
26.85,-0.1128563849,1.25191469,1.25191469,-0.6682272781
26.875,-0.156434465,1.234826637,1.234826637,-0.698947827
26.9,-0.1997099805,1.216960736,1.216960736,-0.7304558441
26.925,-0.2425992308,1.198297244,1.198297244,-0.7627558932
26.95,-0.2850192625,1.178816309,1.178816309,-0.7958519273
26.975,-0.3268880297,1.158497986,1.158497986,-0.8297472691
27,-0.3681245527,1.137322262,1.137322262,-0.864444578
27.025,-0.4086490747,1.115269058,1.115269058,-0.8999458135
27.05,-0.4483832161,1.092318261,1.092318261,-0.9362521578
27.075,-0.4872501257,1.068449738,1.068449738,-0.9733639272
27.1,-0.52517463,1.043643358,1.043643358,-1.011280489
27.125,-0.5620833779,1.017879021,1.017879021,-1.050000101
27.15,-0.5979049831,0.9911366862,0.9911366862,-1.089519748
27.175,-0.6325701619,0.9633964035,0.9633964035,-1.12983499
27.2,-0.6660118674,0.9346383563,0.9346383563,-1.170939699
27.225,-0.698165419,0.9048429068,0.9048429068,-1.212825794
27.25,-0.7289686274,0.8739906402,0.8739906402,-1.255482994
27.275,-0.7583619153,0.8420624373,0.8420624373,-1.298898405
27.3,-0.7862884321,0.8090395335,0.8090395335,-1.343056181
27.325,-0.8126941644,0.7749036005,0.7749036005,-1.387937084
27.35,-0.83752804,0.7396368451,0.7396368451,-1.433517948
27.375,-0.860742027,0.7032220985,0.7032220985,-1.479771211
27.4,-0.8822912264,0.6656429514,0.6656429514,-1.526664234
27.425,-0.9021339594,0.6268838731,0.6268838731,-1.574158705
27.45,-0.9202318474,0.5869303749,0.5869303749,-1.622209875
27.475,-0.9365498867,0.5457691709,0.5457691709,-1.670765804
27.5,-0.9510565163,0.5033883759,0.5033883759,-1.719766501
27.525,-0.9637236783,0.4597777109,0.4597777109,-1.76914305
27.55,-0.9745268728,0.4149287452,0.4149287452,-1.818816639
27.575,-0.983445205,0.3688351476,0.3688351476,-1.868697594
27.6,-0.9904614257,0.3214929802,0.3214929802,-1.918684335
27.625,-0.9955619646,0.2729010001,0.2729010001,-1.968662351
27.65,-0.9987369566,0.2230610017,0.2230610017,-2.018503145
27.675,-0.9999802609,0.1719781778,0.1719781778,-2.068063217
27.7,-0.9992894726,0.1196615047,0.1196615047,-2.117183096
27.725,-0.996665928,0.06612415571,0.06612415571,-2.165686442
27.75,-0.9921147013,0.01138393168,0.01138393168,-2.21337928
27.775,-0.9856445951,-0.04453629077,-0.04453629077,-2.260049398
27.8,-0.9772681236,-0.1016080971,-0.1016080971,-2.305465955
27.825,-0.9670014878,-0.1597970675,-0.1597970675,-2.349379366
27.85,-0.9548645447,-0.2190623098,-0.2190623098,-2.391521517
27.875,-0.940880769,-0.2793560037,-0.2793560037,-2.431606363
27.9,-0.9250772068,-0.3406229644,-0.3406229644,-2.469331002
27.925,-0.9074844245,-0.4028002376,-0.4028002376,-2.50437725
27.95,-0.8881364488,-0.4658167484,-0.4658167484,-2.536413778
27.975,-0.8670707012,-0.5295930007,-0.5295930007,-2.565098924
28,-0.8443279255,-0.594040862,-0.594040862,-2.590084072
28.025,-0.8199521093,-0.6590634413,-0.6590634413,-2.611017775
28.05,-0.7939903986,-0.7245550742,-0.7245550742,-2.627550511
28.075,-0.7664930068,-0.7904014367,-0.7904014367,-2.639340033
28.1,-0.7375131174,-0.8564798015,-0.8564798015,-2.646057311
28.125,-0.7071067812,-0.9226594473,-0.9226594473,-2.647392911
28.15,-0.6753328081,-0.9888022307,-0.9888022307,-2.643063669
28.175,-0.6422526532,-1.054763329,-1.054763329,-2.632819503
28.2,-0.6079302977,-1.12039215,-1.12039215,-2.616450147
28.225,-0.5724321256,-1.185533412,-1.185533412,-2.593791582
28.25,-0.535826795,-1.25002837,-1.25002837,-2.564731897
28.275,-0.4981851053,-1.31371619,-1.31371619,-2.529216348
28.3,-0.4595798606,-1.376435424,-1.376435424,-2.487251348
28.325,-0.4200857284,-1.43802558,-1.43802558,-2.438907198
28.35,-0.3797790955,-1.498328736,-1.498328736,-2.384319354
28.375,-0.3387379202,-1.557191169,-1.557191169,-2.323688126
28.4,-0.2970415816,-1.614464957,-1.614464957,-2.257276735
28.425,-0.2547707257,-1.67000951,-1.67000951,-2.185407736
28.45,-0.2120071099,-1.72369299,-1.72369299,-2.108457918
28.475,-0.1688334447,-1.775393593,-1.775393593,-2.026851804
28.5,-0.1253332336,-1.825000642,-1.825000642,-1.94105402
28.525,-0.08159061157,-1.872415491,-1.872415491,-1.851560712
28.55,-0.03769018267,-1.917552198,-1.917552198,-1.758890429
28.575,0.006283143966,-1.960337968,-1.960337968,-1.66357482
28.6,0.05024431818,-2.000713357,-2.000713357,-1.566149165
28.625,0.09410831332,-2.038632263,-2.038632263,-1.467143554
28.65,0.1377902907,-2.07406168,-2.07406168,-1.367074552
28.675,0.1812057636,-2.106981266,-2.106981266,-1.266437699
28.7,0.2242707609,-2.137382742,-2.137382742,-1.165701158
28.725,0.2669019893,-2.165269133,-2.165269133,-1.065300412
28.75,0.3090169944,-2.190653896,-2.190653896,-0.9656341808
28.775,0.3505343202,-2.213559967,-2.213559967,-0.8670615452
28.8,0.3913736668,-2.234018745,-2.234018745,-0.7699002111
28.825,0.4314560457,-2.252069047,-2.252069047,-0.6744258331
28.85,0.4707039322,-2.267756055,-2.267756055,-0.5808722974
28.875,0.5090414158,-2.28113029,-2.28113029,-0.4894328212
28.9,0.5463943467,-2.292246609,-2.292246609,-0.4002617293
28.925,0.5826904797,-2.30116327,-2.30116327,-0.3134767579
28.95,0.6178596131,-2.30794104,-2.30794104,-0.2291617757
28.975,0.6518337253,-2.312642391,-2.312642391,-0.1473697488
29,0.6845471059,-2.315330768,-2.315330768,-0.06812585079
29.025,0.715936483,-2.316069929,-2.316069929,0.008569345864
29.05,0.7459411454,-2.314923371,-2.314923371,0.08273674546
29.075,0.7745030602,-2.311953833,-2.311953833,0.1544156903
29.1,0.8015669849,-2.30722287,-2.30722287,0.2236610806
29.125,0.8270805743,-2.300790497,-2.300790497,0.2905406844
29.15,0.8509944818,-2.292714901,-2.292714901,0.3551326645
29.175,0.8732624548,-2.283052209,-2.283052209,0.4175233356
29.2,0.8938414242,-2.271856309,-2.271856309,0.4778051567
29.225,0.9126915874,-2.259178719,-2.259178719,0.5360749557
29.25,0.9297764859,-2.245068498,-2.245068498,0.5924323814
29.275,0.9450630752,-2.229572194,-2.229572194,0.6469785664
29.3,0.958521789,-2.212733818,-2.212733818,0.6998149913
29.325,0.9701265965,-2.194594851,-2.194594851,0.7510425284
29.35,0.9798550524,-2.175194269,-2.175194269,0.8007606503
29.375,0.9876883406,-2.154568585,-2.154568585,0.8490667867
29.4,0.9936113105,-2.132751905,-2.132751905,0.8960558107
29.425,0.9976125064,-2.109776003,-2.109776003,0.9418196357
29.45,0.9996841893,-2.085670394,-2.085670394,0.9864469104
29.475,0.9998223524,-2.060462418,-2.060462418,1.030022796
29.5,0.9980267284,-2.034177335,-2.034177335,1.072628813
29.525,0.9943007904,-2.006838411,-2.006838411,1.114342741
29.55,0.9886517447,-1.978467014,-1.978467014,1.155238567
29.575,0.9810905174,-1.949082714,-1.949082714,1.195386468
29.6,0.9716317329,-1.918703369,-1.918703369,1.234852819
29.625,0.9602936857,-1.88734523,-1.88734523,1.273700219
29.65,0.947098305,-1.855023025,-1.855023025,1.311987534
29.675,0.9320711125,-1.82175006,-1.82175006,1.349769937
29.7,0.9152411726,-1.787538305,-1.787538305,1.387098955
29.725,0.8966410368,-1.75239849,-1.75239849,1.424022509
29.75,0.87630668,-1.716340188,-1.716340188,1.460584942
29.775,0.8542774317,-1.679371911,-1.679371911,1.496827042
29.8,0.8305958992,-1.641501194,-1.641501194,1.53278604
29.825,0.8053078857,-1.602734687,-1.602734687,1.568495597
29.85,0.7784623016,-1.563078241,-1.563078241,1.603985763
29.875,0.7501110696,-1.522537006,-1.522537006,1.639282915
29.9,0.7203090249,-1.481115514,-1.481115514,1.674409672
29.925,0.6891138084,-1.438817785,-1.438817785,1.709384765
29.95,0.6565857558,-1.395647416,-1.395647416,1.74422291
29.975,0.6227877805,-1.351607692,-1.351607692,1.778934609
30,0.5877852523,-1.306701688,-1.306701688,1.813525946
30.025,0.5516458706,-1.260932384,-1.260932384,1.847998348
30.05,0.5144395338,-1.21430279,-1.21430279,1.882348278
30.075,0.4762382037,-1.166816062,-1.166816062,1.916566961
30.1,0.4371157667,-1.118475654,-1.118475654,1.950639984
30.125,0.3971478906,-1.069285445,-1.069285445,1.984546955
30.15,0.3564118787,-1.019249911,-1.019249911,2.018261057
30.175,0.3149865197,-0.9683742786,-0.9683742786,2.051748618
30.2,0.2729519355,-0.9166647073,-0.9166647073,2.084968638
30.225,0.2303894267,-0.8641284811,-0.8641284811,2.117872287
30.25,0.1873813146,-0.810774203,-0.810774203,2.150402422
30.275,0.1440107826,-0.75661202,-0.75661202,2.182493044
30.3,0.1003617149,-0.7016538384,-0.7016538384,2.214068828
30.325,0.05651853448,-0.6459135758,-0.6459135758,2.245044599
30.35,0.01256603988,-0.5894074013,-0.5894074013,2.275324898
30.375,-0.03141075908,-0.532154008,-0.532154008,2.304803551
30.4,-0.07532680553,-0.4741748781,-0.4741748781,2.333363336
30.425,-0.1190971601,-0.415494566,-0.415494566,2.36087572
30.45,-0.1626371652,-0.3561409839,-0.3561409839,2.387200713
30.475,-0.2058626088,-0.2961456842,-0.2961456842,2.412186861
30.5,-0.2486898872,-0.2355441511,-0.2355441511,2.435671411
30.525,-0.2910361668,-0.174376072,-0.174376072,2.457480653
30.55,-0.3328195445,-0.1126856103,-0.1126856103,2.477430512
30.575,-0.3739592057,-0.05052165251,-0.05052165251,2.49532737
30.6,-0.414375581,0.01206196803,0.01206196803,2.510969175
30.625,-0.4539904997,0.07500627366,0.07500627366,2.524146876
30.65,-0.4927273415,0.1382469921,0.1382469921,2.534646133
30.675,-0.5305111843,0.2017144473,0.2017144473,2.54224941
30.7,-0.5672689491,0.2653335095,0.2653335095,2.546738375
30.725,-0.6029295417,0.329023609,0.329023609,2.547896643
30.75,-0.6374239897,0.3926988218,0.3926988218,2.545512813
30.775,-0.6706855765,0.4562680364,0.4562680364,2.539383806
30.8,-0.7026499698,0.5196352045,0.5196352045,2.529318408
30.825,-0.7332553462,0.5826996846,0.5826996846,2.515140974
30.85,-0.762442511,0.6453566777,0.6453566777,2.496695228
30.875,-0.7901550124,0.7074977597,0.7074977597,2.473848038
30.9,-0.8163392507,0.7690115062,0.7690115062,2.446493084
30.925,-0.8409445823,0.8297842058,0.8297842058,2.414554285
30.95,-0.8639234172,0.8897006557,0.8897006557,2.377988877
30.975,-0.8852313113,0.9486450275,0.9486450275,2.336790035
31,-0.9048270525,1.006501794,1.006501794,2.290988906
31.025,-0.9226727399,1.063156696,1.063156696,2.240655972
31.05,-0.9387338577,1.118497737,1.118497737,2.185901662
31.075,-0.9529793415,1.172416176,1.172416176,2.126876144
31.1,-0.9653816388,1.224807514,1.224807514,2.06376829
31.125,-0.9759167619,1.275572442,1.275572442,1.996803797
31.15,-0.9845643345,1.324617722,1.324617722,1.9262425
31.175,-0.9913076311,1.371857007,1.371857007,1.852374963
31.2,-0.9961336091,1.417211556,1.417211556,1.775518428
31.225,-0.9990329347,1.460610843,1.460610843,1.696012207
31.25,-1,1.501993052,1.501993052,1.614212715
31.275,-0.9990329347,1.541305436,1.541305436,1.530488301
31.3,-0.9961336091,1.57850455,1.57850455,1.445213863
31.325,-0.9913076311,1.613556349,1.613556349,1.358765699
31.35,-0.9845643345,1.646436161,1.646436161,1.27151642
31.375,-0.9759167619,1.677128533,1.677128533,1.183830264
31.4,-0.9653816388,1.705626969,1.705626969,1.096058854
31.425,-0.9529793415,1.731933563,1.731933563,1.008537401
31.45,-0.9387338577,1.756058559,1.756058559,0.9215815927
31.475,-0.9226727399,1.77801981,1.77801981,0.8354849732
31.5,-0.9048270525,1.79784222,1.79784222,0.7505170496
31.525,-0.8852313113,1.81555711,1.81555711,0.6669219168
31.55,-0.8639234172,1.831201579,1.831201579,0.5849175199
31.575,-0.8409445823,1.844817846,1.844817846,0.5046954116
31.6,-0.8163392507,1.856452587,1.856452587,0.42642101
31.625,-0.7901550124,1.8661563,1.8661563,0.3502342416
31.65,-0.762442511,1.873982666,1.873982666,0.2762505619
31.675,-0.7332553462,1.879987962,1.879987962,0.2045622295
31.7,-0.7026499698,1.884230498,1.884230498,0.1352397942
31.725,-0.6706855765,1.886770093,1.886770093,0.06833375993
31.75,-0.6374239897,1.887667596,1.887667596,0.0038763107
31.775,-0.6029295417,1.886984448,1.886984448,-0.0581168983
31.8,-0.5672689491,1.884782297,1.884782297,-0.1176449533
31.825,-0.5305111843,1.881122646,1.881122646,-0.1747199288
31.85,-0.4927273415,1.876066551,1.876066551,-0.2293651956
31.875,-0.4539904997,1.869674361,1.869674361,-0.2816138155
31.9,-0.414375581,1.862005491,1.862005491,-0.3315070369
31.925,-0.3739592057,1.853118238,1.853118238,-0.3790928996
31.95,-0.3328195445,1.843069629,1.843069629,-0.4244249631
31.975,-0.2910361668,1.83191529,1.83191529,-0.4675611559
32,-0.2486898872,1.81970936,1.81970936,-0.5085627451
32.025,-0.2058626088,1.806504411,1.806504411,-0.5474934196
32.05,-0.1626371652,1.792351402,1.792351402,-0.5844184973
32.075,-0.1190971601,1.777299647,1.777299647,-0.6194042322
32.1,-0.07532680553,1.761396797,1.761396797,-0.6525172174
32.125,-0.03141075908,1.744688839,1.744688839,-0.6838238958
32.15,0.01256603988,1.727220106,1.727220106,-0.7133901337
32.175,0.05651853448,1.709033294,1.709033294,-0.7412808903
32.2,0.1003617149,1.690169492,1.690169492,-0.767559941
32.225,0.1440107826,1.670668208,1.670668208,-0.7922896691
32.25,0.1873813146,1.650567412,1.650567412,-0.8155309071
32.275,0.2303894267,1.629903573,1.629903573,-0.8373428264
32.3,0.2729519355,1.608711703,1.608711703,-0.8577828648
32.325,0.3149865197,1.587025397,1.587025397,-0.8769066912
32.35,0.3564118787,1.564876887,1.564876887,-0.8947681979
32.375,0.3971478906,1.542297072,1.542297072,-0.9114195155
32.4,0.4371157667,1.519315575,1.519315575,-0.926911056
32.425,0.4762382037,1.495960778,1.495960778,-0.9412915603
32.45,0.5144395338,1.472259862,1.472259862,-0.9546081676
32.475,0.5516458706,1.448238854,1.448238854,-0.9669064992
32.5,0.5877852523,1.423922654,1.423922654,-0.978230731
32.525,0.6227877805,1.399335078,1.399335078,-0.9886236998
32.55,0.6565857558,1.374498883,1.374498883,-0.9981269867
32.575,0.6891138084,1.349435805,1.349435805,-1.006781016
32.6,0.7203090249,1.324166581,1.324166581,-1.014625162
32.625,0.7501110696,1.298710976,1.298710976,-1.021697827
32.65,0.7784623016,1.273087806,1.273087806,-1.028036555
32.675,0.8053078857,1.247314958,1.247314958,-1.033678111
32.7,0.8305958992,1.221409409,1.221409409,-1.038658574
32.725,0.8542774317,1.195387243,1.195387243,-1.043013424
32.75,0.87630668,1.16926366,1.16926366,-1.046777611
32.775,0.8966410368,1.143052996,1.143052996,-1.049985642
32.8,0.9152411726,1.116768728,1.116768728,-1.052671642
32.825,0.9320711125,1.090423483,1.090423483,-1.054869414
32.85,0.947098305,1.064029046,1.064029046,-1.056612503
32.875,0.9602936857,1.037596369,1.037596369,-1.057934238
32.9,0.9716317329,1.011135569,1.011135569,-1.058867779
32.925,0.9810905174,0.9846559397,0.9846559397,-1.059446149
32.95,0.9886517447,0.9581659473,0.9581659473,-1.059702267
32.975,0.9943007904,0.9316732382,0.9316732382,-1.059668965
33,0.9980267284,0.9051846379,0.9051846379,-1.059379007
33.025,0.9998223524,0.8787061541,0.8787061541,-1.058865091
33.05,0.9996841893,0.8522429778,0.8522429778,-1.058159852
33.075,0.9976125064,0.8257994845,0.8257994845,-1.057295855
33.1,0.9936113105,0.7993792371,0.7993792371,-1.056305581
33.125,0.9876883406,0.772984988,0.772984988,-1.055221397
33.15,0.9798550524,0.7466186814,0.7466186814,-1.05407554
33.175,0.9701265965,0.7202814574,0.7202814574,-1.05290008
33.2,0.958521789,0.6939736585,0.6939736585,-1.051726859
33.225,0.9450630752,0.6676948331,0.6676948331,-1.050587466
33.25,0.9297764859,0.6414437427,0.6414437427,-1.049513175
33.275,0.9126915874,0.6152183731,0.6152183731,-1.048534879
33.3,0.8938414242,0.5890159451,0.5890159451,-1.047683004
33.325,0.8732624548,0.5628329207,0.5628329207,-1.046987481
33.35,0.8509944818,0.5366650233,0.5366650233,-1.04647763
33.375,0.8270805743,0.510507253,0.510507253,-1.046182076
33.4,0.8015669849,0.4843539018,0.4843539018,-1.046128679
33.425,0.7745030602,0.4581985755,0.4581985755,-1.046344428
33.45,0.7459411454,0.4320342204,0.4320342204,-1.046855328
33.475,0.715936483,0.4058531417,0.4058531417,-1.047686324
33.5,0.6845471059,0.3796470382,0.3796470382,-1.048861168
33.525,0.6518337253,0.3534070306,0.3534070306,-1.050402315
33.55,0.6178596131,0.327123694,0.327123694,-1.052330815
33.575,0.5826904797,0.3007870988,0.3007870988,-1.054666176
33.6,0.5463943467,0.2743868454,0.2743868454,-1.05742626
33.625,0.5090414158,0.2479121118,0.2479121118,-1.060627144
33.65,0.4707039322,0.2213516963,0.2213516963,-1.064282999
33.675,0.4314560457,0.1946940687,0.1946940687,-1.06840596
33.7,0.3913736668,0.1679274221,0.1679274221,-1.073005991
33.725,0.3505343202,0.1410397291,0.1410397291,-1.078090758
33.75,0.3090169944,0.1140188004,0.1140188004,-1.083665489
33.775,0.2669019893,0.08685234869,0.08685234869,-1.089732844
33.8,0.2242707609,0.05952805262,0.05952805262,-1.096292781
33.825,0.1812057636,0.03203362786,0.03203362786,-1.103342423
33.85,0.1377902907,0.004356898488,0.004356898488,-1.110875923
33.875,0.09410831332,-0.02351412681,-0.02351412681,-1.11888434
33.9,0.05024431818,-0.05159117572,-0.05159117572,-1.127355511
33.925,0.006283143966,-0.07988563034,-0.07988563034,-1.136273924
33.95,-0.03769018267,-0.1084084419,-0.1084084419,-1.145620611
33.975,-0.08159061157,-0.137170043,-0.137170043,-1.155373028
34,-0.1253332336,-0.1661802569,-0.1661802569,-1.165504958
34.025,-0.1688334447,-0.1954482048,-0.1954482048,-1.175986416
34.05,-0.2120071099,-0.2249822095,-0.2249822095,-1.186783567
34.075,-0.2547707257,-0.2547897004,-0.2547897004,-1.197858661
34.1,-0.2970415816,-0.2848771123,-0.2848771123,-1.209169971
34.125,-0.3387379202,-0.3152497873,-0.3152497873,-1.220671766
34.15,-0.3797790955,-0.3459118745,-0.3459118745,-1.23231429
34.175,-0.4200857284,-0.3768662275,-0.3768662275,-1.244043769
34.2,-0.4595798606,-0.4081143074,-0.4081143074,-1.255802443
34.225,-0.4981851053,-0.4396560799,-0.4396560799,-1.267528627
34.25,-0.535826795,-0.471489923,-0.471489923,-1.279156797
34.275,-0.5724321256,-0.5036125271,-0.5036125271,-1.290617724
34.3,-0.6079302977,-0.53601881,-0.53601881,-1.301838625
34.325,-0.6422526532,-0.5687018246,-0.5687018246,-1.312743376
34.35,-0.6753328081,-0.6016526848,-0.6016526848,-1.323252737
34.375,-0.7071067812,-0.6348604837,-0.6348604837,-1.333284672
34.4,-0.7375131174,-0.6683122362,-0.6683122362,-1.342754649
34.425,-0.7664930068,-0.7019928126,-0.7019928126,-1.351576027
34.45,-0.7939903986,-0.7358848969,-0.7358848969,-1.359660545
34.475,-0.8199521093,-0.769968953,-0.769968953,-1.366918698
34.5,-0.8443279255,-0.8042231944,-0.8042231944,-1.373260361
34.525,-0.8670707012,-0.8386235816,-0.8386235816,-1.378595306
34.55,-0.8881364488,-0.8731438226,-0.8731438226,-1.382833847
34.575,-0.9074844245,-0.9077553991,-0.9077553991,-1.385887479
34.6,-0.9250772068,-0.9424275998,-0.9424275998,-1.387669581
34.625,-0.940880769,-0.9771275808,-0.9771275808,-1.388096123
34.65,-0.9548645447,-1.011820436,-1.011820436,-1.387086413
34.675,-0.9670014878,-1.046469293,-1.046469293,-1.384563829
34.7,-0.9772681236,-1.081035421,-1.081035421,-1.380456587
34.725,-0.9856445951,-1.115478363,-1.115478363,-1.37469845
34.75,-0.9921147013,-1.149756084,-1.149756084,-1.367229473
34.775,-0.996665928,-1.183825136,-1.183825136,-1.357996647
34.8,-0.9992894726,-1.217640837,-1.217640837,-1.346954558
34.825,-0.9999802609,-1.251157473,-1.251157473,-1.334065936
34.85,-0.9987369566,-1.284328505,-1.284328505,-1.319302156
34.875,-0.9955619646,-1.317106789,-1.317106789,-1.302643652
34.9,-0.9904614257,-1.34944481,-1.34944481,-1.284080225
34.925,-0.983445205,-1.381294918,-1.381294918,-1.263611257
34.95,-0.9745268728,-1.412609567,-1.412609567,-1.24124581
34.975,-0.9637236783,-1.443341558,-1.443341558,-1.21700261
35,-0.9510565163,-1.473444282,-1.473444282,-1.190909906
35.025,-0.9365498867,-1.502871951,-1.502871951,-1.163005225
35.05,-0.9202318474,-1.531579828,-1.531579828,-1.133334989
35.075,-0.9021339594,-1.559524442,-1.559524442,-1.101954044
35.1,-0.8822912264,-1.586663795,-1.586663795,-1.068925068
35.125,-0.860742027,-1.612957543,-1.612957543,-1.034317893
35.15,-0.83752804,-1.638367171,-1.638367171,-0.9982087543
35.175,-0.8126941644,-1.662856144,-1.662856144,-0.9606794411
35.2,-0.7862884321,-1.686390028,-1.686390028,-0.9218164503
35.225,-0.7583619153,-1.708936604,-1.708936604,-0.8817100251
35.25,-0.7289686274,-1.730465943,-1.730465943,-0.8404532709
35.275,-0.698165419,-1.750950472,-1.750950472,-0.7981411505
35.3,-0.6660118674,-1.770365006,-1.770365006,-0.7548696281
35.325,-0.6325701619,-1.788686758,-1.788686758,-0.710734676
35.35,-0.5979049831,-1.805895338,-1.805895338,-0.6658315065
35.375,-0.5620833779,-1.821972712,-1.821972712,-0.6202536662
35.4,-0.52517463,-1.83690316,-1.83690316,-0.5740923513
35.425,-0.4872501257,-1.850673203,-1.850673203,-0.5274356903
35.45,-0.4483832161,-1.863271522,-1.863271522,-0.4803681462
35.475,-0.4086490747,-1.874688856,-1.874688856,-0.4329699911
35.5,-0.3681245527,-1.884917898,-1.884917898,-0.3853168566
35.525,-0.3268880297,-1.893953165,-1.893953165,-0.3374793766
35.55,-0.2850192625,-1.901790877,-1.901790877,-0.2895229026
35.575,-0.2425992308,-1.908428818,-1.908428818,-0.2415073028
35.6,-0.1997099805,-1.913866203,-1.913866203,-0.1934868337
35.625,-0.156434465,-1.918103526,-1.918103526,-0.1455100811
35.65,-0.1128563849,-1.92114243,-1.92114243,-0.09761996462
35.675,-0.06906002571,-1.922985559,-1.922985559,-0.04985379971
35.7,-0.02513009544,-1.92363642,-1.92363642,-0.002243409679
35.725,0.01884843972,-1.92309925,-1.92309925,0.04518472033
35.75,0.06279051953,-1.921378882,-1.921378882,0.09240924951
35.775,0.1066111543,-1.918480622,-1.918480622,0.1394137611
35.8,0.1502255891,-1.914410126,-1.914410126,0.1861865189
35.825,0.1935494681,-1.909173289,-1.909173289,0.2327202
35.85,0.236498997,-1.902776136,-1.902776136,0.2790116278
35.875,0.278991106,-1.895224722,-1.895224722,0.3250614803
35.9,0.3209436098,-1.886525041,-1.886525041,0.3708740208
35.925,0.3622753667,-1.876682936,-1.876682936,0.4164567893
35.95,0.4029064357,-1.865704029,-1.865704029,0.4618203599
35.975,0.442758231,-1.853593635,-1.853593635,0.5069780235
36,0.4817536741,-1.840356712,-1.840356712,0.5519455588
36.025,0.5198173426,-1.825997793,-1.825997793,0.5967409699
36.05,0.5568756165,-1.810520932,-1.810520932,0.6413842136
36.075,0.5928568202,-1.793929669,-1.793929669,0.6858970142
36.1,0.6276913613,-1.776226976,-1.776226976,0.7303026067
36.125,0.6613118653,-1.757415228,-1.757415228,0.774625526
36.15,0.6936533058,-1.737496175,-1.737496175,0.8188914396
36.175,0.7246531302,-1.71647091,-1.71647091,0.8631269127
36.2,0.7542513807,-1.694339855,-1.694339855,0.9073592424
36.225,0.7823908106,-1.671102742,-1.671102742,0.9516163049
36.25,0.8090169944,-1.646758599,-1.646758599,0.9959263387
36.275,0.8340784336,-1.621305747,-1.621305747,1.040317776
36.3,0.8575266562,-1.594741794,-1.594741794,1.084819117
36.325,0.8793163102,-1.567063638,-1.567063638,1.129458725
36.35,0.8994052516,-1.538267472,-1.538267472,1.174264591
36.375,0.9177546257,-1.508348794,-1.508348794,1.219264238
36.4,0.9343289425,-1.477302421,-1.477302421,1.264484483
36.425,0.949096145,-1.445122515,-1.445122515,1.309951165
36.45,0.9620276716,-1.411802604,-1.411802604,1.355688949
36.475,0.973098511,-1.377335615,-1.377335615,1.401721103
36.5,0.9822872507,-1.341713914,-1.341713914,1.448069143
36.525,0.9895761186,-1.304929363,-1.304929363,1.494752482
36.55,0.994951017,-1.266973355,-1.266973355,1.541788183
36.575,0.9984015501,-1.227836896,-1.227836896,1.589190465
36.6,0.9999210442,-1.187510685,-1.187510685,1.636970223
36.625,0.9995065604,-1.14598518,-1.14598518,1.685134639
36.65,0.9971589003,-1.103250721,-1.103250721,1.73368652
36.675,0.9928826046,-1.059297642,-1.059297642,1.782623679
36.7,0.9866859442,-1.014116389,-1.014116389,1.831938329
36.725,0.9785809043,-0.9676976967,-0.9676976967,1.881616182
36.75,0.9685831611,-0.9200327315,-0.9200327315,1.931635734
36.775,0.9567120516,-0.8711133074,-0.8711133074,1.98196727
36.8,0.9429905359,-0.82093209,-0.82093209,2.032571885
36.825,0.9274451533,-0.7694828438,-0.7694828438,2.083400423
36.85,0.9101059707,-0.7167607043,-0.7167607043,2.134392286
36.875,0.8910065242,-0.6627624749,-0.6627624749,2.18547425
36.9,0.8701837547,-0.6074869628,-0.6074869628,2.236559142
36.925,0.8476779361,-0.5509353425,-0.5509353425,2.287544529
36.95,0.8235325976,-0.4931115525,-0.4931115525,2.338311342
36.975,0.7977944395,-0.434022734,-0.434022734,2.388722506
37,0.7705132428,-0.373679689,-0.373679689,2.438621608
37.025,0.7417417727,-0.3120973895,-0.3120973895,2.4878316
37.05,0.7115356772,-0.2492955025,-0.2492955025,2.536153647
37.075,0.6799533787,-0.1852989473,-0.1852989473,2.583366122
37.1,0.6470559616,-0.120138479,-0.120138479,2.62922384
37.125,0.6129070537,-0.05385128159,-0.05385128159,2.673457596
37.15,0.5775727034,0.01351842995,0.01351842995,2.71577409
37.175,0.5411212521,0.08191881029,0.08191881029,2.755856325
37.2,0.5036232016,0.1512898021,0.1512898021,2.793364569
37.225,0.4651510781,0.221562587,0.221562587,2.827937967
37.25,0.4257792916,0.292659085,0.292659085,2.85919691
37.275,0.3855839923,0.3644915219,0.3644915219,2.886746198
37.3,0.3446429232,0.4369620932,0.4369620932,2.910179107
37.325,0.3030352696,0.5099627308,0.5099627308,2.929082381
37.35,0.2608415063,0.5833750143,0.5833750143,2.943042098
37.375,0.2181432414,0.6570702372,0.6570702372,2.951650485
37.4,0.175023059,0.7309096543,0.7309096543,2.954513527
37.425,0.1315643591,0.8047449272,0.8047449272,2.951259235
37.45,0.08785119655,0.8784187842,0.8784187842,2.941546435
37.475,0.04396811832,0.9517659036,0.9517659036,2.925073796
37.5,-9.809554006e-16,1.024614022,1.024614022,2.901588835
37.525,-0.04396811832,1.096785266,1.096785266,2.870896545
37.55,-0.08785119655,1.168097688,1.168097688,2.832867304
37.575,-0.1315643591,1.23836699,1.23836699,2.787443687
37.6,-0.175023059,1.307408397,1.307408397,2.734645832
37.625,-0.2181432414,1.37503865,1.37503865,2.674575036
37.65,-0.2608415063,1.441078052,1.441078052,2.607415329
37.675,-0.3030352696,1.505352538,1.505352538,2.533432845
37.7,-0.3446429232,1.567695695,1.567695695,2.452972911
37.725,-0.3855839923,1.627950681,1.627950681,2.366454889
37.75,-0.4257792916,1.68597199,1.68597199,2.274364911
37.775,-0.4651510781,1.741627012,1.741627012,2.177246763
37.8,-0.5036232016,1.794797341,1.794797341,2.075691258
37.825,-0.5411212521,1.845379809,1.845379809,1.970324547
37.85,-0.5775727034,1.893287214,1.893287214,1.861795732
37.875,-0.6129070537,1.93844874,1.93844874,1.750764321
37.9,-0.6470559616,1.980810061,1.980810061,1.637888143
37.925,-0.6799533787,2.020333152,2.020333152,1.523811705
37.95,-0.7115356772,2.056995827,2.056995827,1.409155851
37.975,-0.7417417727,2.090791028,2.090791028,1.294508719
38,-0.7705132428,2.121725914,2.121725914,1.180418169
38.025,-0.7977944395,2.149820771,2.149820771,1.067385956
38.05,-0.8235325976,2.175107808,2.175107808,0.9558635385
38.075,-0.8476779361,2.197629865,2.197629865,0.8462494969
38.1,-0.8701837547,2.217439073,2.217439073,0.7388884747
38.125,-0.8910065242,2.234595504,2.234595504,0.6340714625
38.15,-0.9101059707,2.24916585,2.24916585,0.5320372395
38.175,-0.9274451533,2.261222143,2.261222143,0.4329747559
38.2,-0.9429905359,2.27084055,2.27084055,0.3370262741
38.225,-0.9567120516,2.278100245,2.278100245,0.2442910525
38.25,-0.9685831611,2.283082391,2.283082391,0.1548293447
38.275,-0.9785809043,2.285869213,2.285869213,0.0686666362
38.3,-0.9866859442,2.28654318,2.28654318,-0.01420210543
38.325,-0.9928826046,2.285186302,2.285186302,-0.09380824572
38.35,-0.9971589003,2.281879514,2.281879514,-0.1702054631
38.375,-0.9995065604,2.276702172,2.276702172,-0.2434659624
38.4,-0.9999210442,2.269731632,2.269731632,-0.313676972
38.425,-0.9984015501,2.261042913,2.261042913,-0.3809375521
38.45,-0.994951017,2.250708442,2.250708442,-0.44535573
38.475,-0.9895761186,2.23879786,2.23879786,-0.5070459649
38.5,-0.9822872507,2.225377889,2.225377889,-0.5661269327
38.525,-0.973098511,2.21051225,2.21051225,-0.6227196176
38.55,-0.9620276716,2.19426163,2.19426163,-0.6769456905
38.575,-0.949096145,2.176683678,2.176683678,-0.7289261506
38.6,-0.9343289425,2.157833041,2.157833041,-0.7787802042
38.625,-0.9177546257,2.137761416,2.137761416,-0.8266243578
38.65,-0.8994052516,2.116517629,2.116517629,-0.8725716978
38.675,-0.8793163102,2.094147728,2.094147728,-0.916731336
38.7,-0.8575266562,2.070695086,2.070695086,-0.9592079932
38.725,-0.8340784336,2.046200518,2.046200518,-1.000101703
38.75,-0.8090169944,2.020702398,2.020702398,-1.039507617
38.775,-0.7823908106,1.994236782,1.994236782,-1.077515895
38.8,-0.7542513807,1.966837539,1.966837539,-1.114211658
38.825,-0.7246531302,1.938536468,1.938536468,-1.149674999
38.85,-0.6936533058,1.909363432,1.909363432,-1.183981039
38.875,-0.6613118653,1.879346474,1.879346474,-1.21720001
38.9,-0.6276913613,1.848511943,1.848511943,-1.249397364
38.925,-0.5928568202,1.816884612,1.816884612,-1.280633901
38.95,-0.5568756165,1.784487785,1.784487785,-1.3109659
38.975,-0.5198173426,1.751343421,1.751343421,-1.340445267
39,-0.4817536741,1.717472228,1.717472228,-1.369119665
39.025,-0.442758231,1.682893781,1.682893781,-1.397032665
39.05,-0.4029064357,1.647626609,1.647626609,-1.424223867
39.075,-0.3622753667,1.611688304,1.611688304,-1.450729031
39.1,-0.3209436098,1.575095607,1.575095607,-1.476580187
39.125,-0.278991106,1.537864507,1.537864507,-1.501805741
39.15,-0.236498997,1.500010325,1.500010325,-1.526430563
39.175,-0.1935494681,1.461547805,1.461547805,-1.550476066
39.2,-0.1502255891,1.422491198,1.422491198,-1.573960275
39.225,-0.1066111543,1.382854345,1.382854345,-1.596897873
39.25,-0.06279051953,1.342650764,1.342650764,-1.619300242
39.275,-0.01884843972,1.301893725,1.301893725,-1.641175492
39.3,0.02513009544,1.260596341,1.260596341,-1.662528472
39.325,0.06906002571,1.21877164,1.21877164,-1.683360778
39.35,0.1128563849,1.176432654,1.176432654,-1.70367074
39.375,0.156434465,1.133592496,1.133592496,-1.723453414
39.4,0.1997099805,1.090264444,1.090264444,-1.742700555
39.425,0.2425992308,1.046462027,1.046462027,-1.761400587
39.45,0.2850192625,1.002199098,1.002199098,-1.779538576
39.475,0.3268880297,0.9574899333,0.9574899333,-1.797096193
39.5,0.3681245527,0.912349305,0.912349305,-1.814051681
39.525,0.4086490747,0.866792576,0.866792576,-1.830379829
39.55,0.4483832161,0.8208357798,0.8208357798,-1.846051945
39.575,0.4872501257,0.7744957127,0.7744957127,-1.861035847
39.6,0.52517463,0.7277900191,0.7277900191,-1.87529586
39.625,0.5620833779,0.6807372772,0.6807372772,-1.888792837
39.65,0.5979049831,0.6333570898,0.6333570898,-1.901484197
39.675,0.6325701619,0.5856701629,0.5856701629,-1.913323982
39.7,0.6660118674,0.5376983965,0.5376983965,-1.924262963
39.725,0.698165419,0.4894649572,0.4894649572,-1.934248755
39.75,0.7289686274,0.4409943626,0.4409943626,-1.943225991
39.775,0.7583619153,0.3923125462,0.3923125462,-1.951136523
39.8,0.7862884321,0.3434469305,0.3434469305,-1.957919683
39.825,0.8126941644,0.2944264804,0.2944264804,-1.963512585
39.85,0.83752804,0.2452817593,0.2452817593,-1.96785048
39.875,0.860742027,0.1960449662,0.1960449662,-1.97086718
39.9,0.8822912264,0.1467499698,0.1467499698,-1.972495521
39.925,0.9021339594,0.09743232331,0.09743232331,-1.972667901
39.95,0.9202318474,0.04812927007,0.04812927007,-1.971316868
39.975,0.9365498867,-0.001120269043,-0.001120269043,-1.968375763
40,0.9510565163,-0.05027572385,-0.05027572385,-1.963779428
40.025,0.9637236783,-0.09929492167,-0.09929492167,-1.957464944
40.05,0.9745268728,-0.1481341531,-0.1481341531,-1.949372431
40.075,0.983445205,-0.1967482582,-0.1967482582,-1.939445865
40.1,0.9904614257,-0.2450907334,-0.2450907334,-1.927633925
40.125,0.9955619646,-0.2931138599,-0.2931138599,-1.913890857
40.15,0.9987369566,-0.3407688537,-0.3407688537,-1.898177327
40.175,0.9999802609,-0.3880060363,-0.3880060363,-1.880461257
40.2,0.9992894726,-0.4347750261,-0.4347750261,-1.860718636
40.225,0.996665928,-0.4810249508,-0.4810249508,-1.838934276
40.25,0.9921147013,-0.5267046755,-0.5267046755,-1.815102498
40.275,0.9856445951,-0.571763048,-0.571763048,-1.789227742
40.3,0.9772681236,-0.61614916,-0.61614916,-1.761325069
40.325,0.9670014878,-0.6598126165,-0.6598126165,-1.731420555
40.35,0.9548645447,-0.7027038139,-0.7027038139,-1.699551549
40.375,0.940880769,-0.7447742259,-0.7447742259,-1.665766798
40.4,0.9250772068,-0.7859766873,-0.7859766873,-1.630126418
40.425,0.9074844245,-0.8262656746,-0.8262656746,-1.592701722
40.45,0.8881364488,-0.8655975856,-0.8655975856,-1.553574879
40.475,0.8670707012,-0.9039310027,-0.9039310027,-1.512838431
40.5,0.8443279255,-0.9412269437,-0.9412269437,-1.470594667
40.525,0.8199521093,-0.9774490998,-0.9774490998,-1.42695484
40.55,0.7939903986,-1.012564044,-1.012564044,-1.382038283
40.575,0.7664930068,-1.046541426,-1.046541426,-1.335971402
40.6,0.7375131174,-1.07935413,-1.07935413,-1.28888657
40.625,0.7071067812,-1.110978414,-1.110978414,-1.240920988
40.65,0.6753328081,-1.141394013,-1.141394013,-1.192215427
40.675,0.6422526532,-1.170584212,-1.170584212,-1.14291304
40.7,0.6079302977,-1.198535893,-1.198535893,-1.093158057
40.725,0.5724321256,-1.225239544,-1.225239544,-1.043094617
40.75,0.535826795,-1.250689244,-1.250689244,-0.9928655125
40.775,0.4981851053,-1.27488261,-1.27488261,-0.9426111219
40.8,0.4595798606,-1.29782073,-1.29782073,-0.89246828
40.825,0.4200857284,-1.319508059,-1.319508059,-0.8425693634
40.85,0.3797790955,-1.339952291,-1.339952291,-0.7930413609
40.875,0.3387379202,-1.359164227,-1.359164227,-0.7440051419
40.9,0.2970415816,-1.377157599,-1.377157599,-0.6955747652
40.925,0.2547707257,-1.393948905,-1.393948905,-0.6478569512
40.95,0.2120071099,-1.409557212,-1.409557212,-0.6009506365
40.975,0.1688334447,-1.424003959,-1.424003959,-0.5549466568
41,0.1253332336,-1.437312754,-1.437312754,-0.5099275282
41.025,0.08159061157,-1.449509162,-1.449509162,-0.4659673321
41.05,0.03769018267,-1.460620494,-1.460620494,-0.4231316913
41.075,-0.006283143966,-1.470675597,-1.470675597,-0.3814778329
41.1,-0.05024431818,-1.479704644,-1.479704644,-0.3410547219
41.125,-0.09410831332,-1.487738932,-1.487738932,-0.3019032643
41.15,-0.1377902907,-1.494810682,-1.494810682,-0.2640565641
41.175,-0.1812057636,-1.500952849,-1.500952849,-0.2275402217
41.2,-0.2242707609,-1.506198935,-1.506198935,-0.1923726808
41.225,-0.2669019893,-1.510582822,-1.510582822,-0.1585655861
41.25,-0.3090169944,-1.514138597,-1.514138597,-0.1261241777
41.275,-0.3505343202,-1.516900406,-1.516900406,-0.09504768713
41.3,-0.3913736668,-1.518902304,-1.518902304,-0.06532974035
41.325,-0.4314560457,-1.52017812,-1.52017812,-0.03695876899
41.35,-0.4707039322,-1.520761332,-1.520761332,-0.009918405657
41.375,-0.5090414158,-1.520684956,-1.520684956,0.01581212131
41.4,-0.5463943467,-1.519981436,-1.519981436,0.04025760787
41.425,-0.5826904797,-1.518682548,-1.518682548,0.06344650938
41.45,-0.6178596131,-1.516819318,-1.516819318,0.08541059139
41.475,-0.6518337253,-1.514421937,-1.514421937,0.1061846005
41.5,-0.6845471059,-1.511519694,-1.511519694,0.1258059474
41.525,-0.715936483,-1.508140914,-1.508140914,0.1443144229
41.55,-0.7459411454,-1.504312898,-1.504312898,0.161751913
41.575,-0.7745030602,-1.500061879,-1.500061879,0.1781621581
41.6,-0.8015669849,-1.495412973,-1.495412973,0.1935904998
41.625,-0.8270805743,-1.490390147,-1.490390147,0.2080836854
41.65,-0.8509944818,-1.485016183,-1.485016183,0.2216896389
41.675,-0.8732624548,-1.479312651,-1.479312651,0.2344572999
41.7,-0.8938414242,-1.473299889,-1.473299889,0.2464364416
41.725,-0.9126915874,-1.46699698,-1.46699698,0.2576775048
41.75,-0.9297764859,-1.46042174,-1.46042174,0.2682314757
41.775,-0.9450630752,-1.453590704,-1.453590704,0.2781497256
41.8,-0.958521789,-1.446519121,-1.446519121,0.2874839057
41.825,-0.9701265965,-1.439220944,-1.439220944,0.296285829
41.85,-0.9798550524,-1.431708833,-1.431708833,0.3046073522
41.875,-0.9876883406,-1.423994148,-1.423994148,0.3125002957
41.9,-0.9936113105,-1.416086959,-1.416086959,0.3200163349
41.925,-0.9976125064,-1.407996044,-1.407996044,0.3272069184
41.95,-0.9996841893,-1.399728898,-1.399728898,0.3341231925
41.975,-0.9998223524,-1.391291747,-1.391291747,0.3408159083
42,-0.9980267284,-1.382689547,-1.382689547,0.3473353624
42.025,-0.9943007904,-1.373926007,-1.373926007,0.3537313244
42.05,-0.9886517447,-1.3650036,-1.3650036,0.360052955
42.075,-0.9810905174,-1.355923575,-1.355923575,0.3663487603
42.1,-0.9716317329,-1.346685978,-1.346685978,0.3726665289
42.125,-0.9602936857,-1.337289672,-1.337289672,0.3790532521
42.15,-0.947098305,-1.327732357,-1.327732357,0.3855550835
42.175,-0.9320711125,-1.318010583,-1.318010583,0.392217292
42.2,-0.9152411726,-1.308119785,-1.308119785,0.3990841925
42.225,-0.8966410368,-1.298054306,-1.298054306,0.4061990985
42.25,-0.87630668,-1.287807412,-1.287807412,0.4136042861
42.275,-0.8542774317,-1.277371329,-1.277371329,0.4213409401
42.3,-0.8305958992,-1.266737269,-1.266737269,0.4294491072
42.325,-0.8053078857,-1.255895454,-1.255895454,0.4379676691
42.35,-0.7784623016,-1.24483515,-1.24483515,0.446934296
42.375,-0.7501110696,-1.233544701,-1.233544701,0.4563854116
42.4,-0.7203090249,-1.22201155,-1.22201155,0.4663561692
42.425,-0.6891138084,-1.210222279,-1.210222279,0.4768804171
42.45,-0.6565857558,-1.198162645,-1.198162645,0.4879906741
42.475,-0.6227877805,-1.185817602,-1.185817602,0.4997181104
42.5,-0.5877852523,-1.173171347,-1.173171347,0.5120925242
42.525,-0.5516458706,-1.160207348,-1.160207348,0.5251423271
42.55,-0.5144395338,-1.146908377,-1.146908377,0.5388945304
42.575,-0.4762382037,-1.133256554,-1.133256554,0.5533747316
42.6,-0.4371157667,-1.119233373,-1.119233373,0.5686071074
42.625,-0.3971478906,-1.10481974,-1.10481974,0.5846144044
42.65,-0.3564118787,-1.089996017,-1.089996017,0.6014179333
42.675,-0.3149865197,-1.074742043,-1.074742043,0.6190375641
42.7,-0.2729519355,-1.059037183,-1.059037183,0.6374917205
42.725,-0.2303894267,-1.042860361,-1.042860361,0.6567973746
42.75,-0.1873813146,-1.026190089,-1.026190089,0.6769700412
42.775,-0.1440107826,-1.009004516,-1.009004516,0.6980237674
42.8,-0.1003617149,-0.9912814538,-0.9912814538,0.7199711232
42.825,-0.05651853448,-0.9729984198,-0.9729984198,0.7428231853
42.85,-0.01256603988,-0.9541326752,-0.9541326752,0.7665895141
42.875,0.03141075908,-0.934661258,-0.934661258,0.7912781315
42.9,0.07532680553,-0.9145610285,-0.9145610285,0.8168954791
42.925,0.1190971601,-0.8938087044,-0.8938087044,0.843446379
42.95,0.1626371652,-0.872380903,-0.872380903,0.8709339777
42.975,0.2058626088,-0.8502541875,-0.8502541875,0.8993596705
43,0.2486898872,-0.8274051051,-0.8274051051,0.9287230325
43.025,0.2910361668,-0.8038102408,-0.8038102408,0.959021702
43.05,0.3328195445,-0.7794462622,-0.7794462622,0.990251276
43.075,0.3739592057,-0.7542899735,-0.7542899735,1.022405167
43.1,0.414375581,-0.7283183752,-0.7283183752,1.055474432
43.125,0.4539904997,-0.7015087184,-0.7015087184,1.089447608
43.15,0.4927273415,-0.6738385798,-0.6738385798,1.124310465
43.175,0.5305111843,-0.6452859237,-0.6452859237,1.160045797
43.2,0.5672689491,-0.6158291889,-0.6158291889,1.196633114
43.225,0.6029295417,-0.5854473677,-0.5854473677,1.234048358
43.25,0.6374239897,-0.5541201037,-0.5541201037,1.272263539
43.275,0.6706855765,-0.5218277924,-0.5218277924,1.311246362
43.3,0.7026499698,-0.4885516957,-0.4885516957,1.350959801
43.325,0.7332553462,-0.4542740641,-0.4542740641,1.391361639
43.35,0.762442511,-0.4189782746,-0.4189782746,1.432403969
43.375,0.7901550124,-0.3826489774,-0.3826489774,1.474032654
43.4,0.8163392507,-0.3452722615,-0.3452722615,1.516186748
43.425,0.8409445823,-0.3068358289,-0.3068358289,1.558797898
43.45,0.8639234172,-0.2673291922,-0.2673291922,1.601789687
43.475,0.8852313113,-0.2267438795,-0.2267438795,1.645076991
43.5,0.9048270525,-0.1850736647,-0.1850736647,1.688565286
43.525,0.9226727399,-0.142314809,-0.142314809,1.732149976
43.55,0.9387338577,-0.09846632076,-0.09846632076,1.775715714
43.575,0.9529793415,-0.05353023391,-0.05353023391,1.819135755
43.6,0.9653816388,-0.00751189992,-0.00751189992,1.862271345
43.625,0.9759167619,0.03957970561,0.03957970561,1.904971183
43.65,0.9845643345,0.08773166246,0.08773166246,1.947070964
43.675,0.9913076311,0.1369267767,0.1369267767,1.98839305
43.7,0.9961336091,0.1871432449,0.1871432449,2.028746284
43.725,0.9990329347,0.2383543154,0.2383543154,2.067925992
43.75,1,0.2905279526,0.2905279526,2.105714212
43.775,0.9990329347,0.3436265102,0.3436265102,2.141880171
43.8,0.9961336091,0.3976064224,0.3976064224,2.176181069
43.825,0.9913076311,0.4524179103,0.4524179103,2.208363217
43.85,0.9845643345,0.5080047358,0.5080047358,2.238163475
43.875,0.9759167619,0.5643039815,0.5643039815,2.265311203
43.9,0.9653816388,0.6212458927,0.6212458927,2.289530493
43.925,0.9529793415,0.6787537822,0.6787537822,2.310542957
43.95,0.9387338577,0.7367440017,0.7367440017,2.328070849
43.975,0.9226727399,0.7951260045,0.7951260045,2.34184062
44,0.9048270525,0.8538024997,0.8538024997,2.35158688
44.025,0.8852313113,0.9126697064,0.9126697064,2.35705662
44.05,0.8639234172,0.9716177194,0.9716177194,2.358013692
44.075,0.8409445823,1.030530989,1.030530989,2.354243444
44.1,0.8163392507,1.089288917,1.089288917,2.345557362
44.125,0.7901550124,1.147766567,1.147766567,2.331797608
44.15,0.762442511,1.205835483,1.205835483,2.31284129
44.175,0.7332553462,1.263364615,1.263364615,2.288604351
44.2,0.7026499698,1.320221333,1.320221333,2.259044874
44.225,0.6706855765,1.376272514,1.376272514,2.224165692
44.25,0.6374239897,1.431385685,1.431385685,2.184016161
44.275,0.6029295417,1.485430196,1.485430196,2.138692993
44.3,0.5672689491,1.538278407,1.538278407,2.088340082
44.325,0.5305111843,1.589806855,1.589806855,2.033147264
44.35,0.4927273415,1.639897372,1.639897372,1.973348042
44.375,0.4539904997,1.688438143,1.688438143,1.909216303
44.4,0.414375581,1.735324659,1.735324659,1.841062131
44.425,0.3739592057,1.780460566,1.780460566,1.769226801
44.45,0.3328195445,1.823758374,1.823758374,1.694077162
44.475,0.2910361668,1.865140021,1.865140021,1.615999588
44.5,0.2486898872,1.904537281,1.904537281,1.535393613
44.525,0.2058626088,1.941892017,1.941892017,1.452665507
44.55,0.1626371652,1.977156264,1.977156264,1.368222096
44.575,0.1190971601,2.010292174,2.010292174,1.282464666
44.6,0.07532680553,2.041271804,2.041271804,1.195783562
44.625,0.03141075908,2.070076781,2.070076781,1.108553202
44.65,-0.01256603988,2.096697846,2.096697846,1.021127835
44.675,-0.05651853448,2.12113431,2.12113431,0.9338380562
44.7,-0.1003617149,2.143393422,2.143393422,0.8469880359
44.725,-0.1440107826,2.163489683,2.163489683,0.7608535541
44.75,-0.1873813146,2.181444122,2.181444122,0.6756807617
44.775,-0.2303894267,2.197283543,2.197283543,0.5916856227
44.8,-0.2729519355,2.211039774,2.211039774,0.5090539856
44.825,-0.3149865197,2.222748916,2.222748916,0.4279421944
44.85,-0.3564118787,2.232450622,2.232450622,0.3484781552
44.875,-0.3971478906,2.240187403,2.240187403,0.2707627764
44.9,-0.4371157667,2.24600397,2.24600397,0.1948717019
44.925,-0.4762382037,2.249946632,2.249946632,0.1208572344
44.95,-0.5144395338,2.252062734,2.252062734,0.04875039918
44.975,-0.5516458706,2.252400153,2.252400153,-0.02143692008
45,-0.5877852523,2.251006845,2.251006845,-0.08970985042
45.025,-0.6227877805,2.24793045,2.24793045,-0.1560884253
45.05,-0.6565857558,2.243217939,2.243217939,-0.2206055595
45.075,-0.6891138084,2.236915321,2.236915321,-0.2833051274
45.1,-0.7203090249,2.229067389,2.229067389,-0.3442401661
45.125,-0.7501110696,2.219717514,2.219717514,-0.4034712194
45.15,-0.7784623016,2.208907475,2.208907475,-0.4610648264
45.175,-0.8053078857,2.196677326,2.196677326,-0.5170921598
45.2,-0.8305958992,2.183065298,2.183065298,-0.5716278145
45.225,-0.8542774317,2.168107725,2.168107725,-0.6247487393
45.25,-0.87630668,2.151838998,2.151838998,-0.6765333063
45.275,-0.8966410368,2.134291538,2.134291538,-0.7270605042
45.3,-0.9152411726,2.115495793,2.115495793,-0.7764092545
45.325,-0.9320711125,2.095480243,2.095480243,-0.8246578355
45.35,-0.947098305,2.074271426,2.074271426,-0.8718833974
45.375,-0.9602936857,2.051893968,2.051893968,-0.9181615671
45.4,-0.9716317329,2.028370627,2.028370627,-0.9635661302
45.425,-0.9810905174,2.003722343,2.003722343,-1.008168772
45.45,-0.9886517447,1.977968292,1.977968292,-1.052038876
45.475,-0.9943007904,1.951125945,1.951125945,-1.095243373
45.5,-0.9980267284,1.923211133,1.923211133,-1.137846619
45.525,-0.9998223524,1.89423811,1.89423811,-1.179910313
45.55,-0.9996841893,1.864219622,1.864219622,-1.221493426
45.575,-0.9976125064,1.833166974,1.833166974,-1.262652155
45.6,-0.9936113105,1.801090105,1.801090105,-1.303439884
45.625,-0.9876883406,1.76799765,1.76799765,-1.343907151
45.65,-0.9798550524,1.73389702,1.73389702,-1.384101605
45.675,-0.9701265965,1.69879447,1.69879447,-1.424067973
45.7,-0.958521789,1.662695173,1.662695173,-1.463848
45.725,-0.9450630752,1.625603299,1.625603299,-1.503480394
45.75,-0.9297764859,1.587522086,1.587522086,-1.543000728
45.775,-0.9126915874,1.548453926,1.548453926,-1.582441343
45.8,-0.8938414242,1.508400441,1.508400441,-1.621831219
45.825,-0.8732624548,1.467362575,1.467362575,-1.661195797
45.85,-0.8509944818,1.425340679,1.425340679,-1.700556815
45.875,-0.8270805743,1.382334614,1.382334614,-1.739932046
45.9,-0.8015669849,1.338343845,1.338343845,-1.779335055
45.925,-0.7745030602,1.293367553,1.293367553,-1.818774889
45.95,-0.7459411454,1.247404758,1.247404758,-1.858255701
45.975,-0.715936483,1.200454433,1.200454433,-1.897776397
46,-0.6845471059,1.152515661,1.152515661,-1.937330136
46.025,-0.6518337253,1.103587759,1.103587759,-1.976903885
46.05,-0.6178596131,1.053670462,1.053670462,-2.016477846
46.075,-0.5826904797,1.002764089,1.002764089,-2.056024869
46.1,-0.5463943467,0.950869733,0.950869733,-2.095509831
46.125,-0.5090414158,0.8979894777,0.8979894777,-2.134888911
46.15,-0.4707039322,0.84412661,0.84412661,-2.174108929
46.175,-0.4314560457,0.7892858818,0.7892858818,-2.213106518
46.2,-0.3913736668,0.7334737534,0.7334737534,-2.251807419
46.225,-0.3505343202,0.6766986964,0.6766986964,-2.290125626
46.25,-0.3090169944,0.6189714785,0.6189714785,-2.327962649
46.275,-0.2669019893,0.5603055011,0.5603055011,-2.365206716
46.3,-0.2242707609,0.5007171283,0.5007171283,-2.401732073
46.325,-0.1812057636,0.440226052,0.440226052,-2.437398323
46.35,-0.1377902907,0.3788556637,0.3788556637,-2.472049886
46.375,-0.09410831332,0.3166334356,0.3166334356,-2.505515583
46.4,-0.05024431818,0.2535913205,0.2535913205,-2.537608404
46.425,-0.006283143966,0.1897661425,0.1897661425,-2.568125489
46.45,0.03769018267,0.1251999934,0.1251999934,-2.596848377
46.475,0.08159061157,0.05994061703,0.05994061703,-2.623543573
46.5,0.1253332336,-0.005958227583,-0.005958227583,-2.647963455
46.525,0.1688334447,-0.07243642775,-0.07243642775,-2.669847615
46.55,0.2120071099,-0.1394272182,-0.1394272182,-2.688924638
46.575,0.2547707257,-0.2068569338,-0.2068569338,-2.704914357
46.6,0.2970415816,-0.2746448245,-0.2746448245,-2.717530625
46.625,0.3387379202,-0.342702946,-0.342702946,-2.72648464
46.65,0.3797790955,-0.4109361392,-0.4109361392,-2.731488739
46.675,0.4200857284,-0.4792421124,-0.4792421124,-2.732260711
46.7,0.4595798606,-0.547511636,-0.547511636,-2.728528572
46.725,0.4981851053,-0.6156288621,-0.6156288621,-2.720035685
46.75,0.535826795,-0.6834717744,-0.6834717744,-2.706546155
46.775,0.5724321256,-0.7509127759,-0.7509127759,-2.687850371
46.8,0.6079302977,-0.8178194157,-0.8178194157,-2.663770535
46.825,0.6422526532,-0.8840552515,-0.8840552515,-2.634166003
46.85,0.6753328081,-0.9494808424,-0.9494808424,-2.598938261
46.875,0.7071067812,-1.013954857,-1.013954857,-2.558035329
46.9,0.7375131174,-1.077335286,-1.077335286,-2.511455405
46.925,0.7664930068,-1.13948073,-1.13948073,-2.459249586
46.95,0.7939903986,-1.200251748,-1.200251748,-2.401523491
46.975,0.8199521093,-1.259512225,-1.259512225,-2.338437686
47,0.8443279255,-1.317130742,-1.317130742,-2.270206826
47.025,0.8670707012,-1.372981899,-1.372981899,-2.197097493
47.05,0.8881364488,-1.426947576,-1.426947576,-2.119424772
47.075,0.9074844245,-1.47891809,-1.47891809,-2.037547643
47.1,0.9250772068,-1.528793223,-1.528793223,-1.951863318
47.125,0.940880769,-1.576483097,-1.576483097,-1.862800713
47.15,0.9548645447,-1.621908881,-1.621908881,-1.770813301
47.175,0.9670014878,-1.665003307,-1.665003307,-1.676371571
47.2,0.9772681236,-1.705711003,-1.705711003,-1.579955225
47.225,0.9856445951,-1.743988627,-1.743988627,-1.482045696
47.25,0.9921147013,-1.779804813,-1.779804813,-1.383118702
47.275,0.996665928,-1.813139949,-1.813139949,-1.283637593
47.3,0.9992894726,-1.843985789,-1.843985789,-1.184047253
47.325,0.9999802609,-1.872344918,-1.872344918,-1.084768815
47.35,0.9987369566,-1.898230114,-1.898230114,-0.9861954095
47.375,0.9955619646,-1.921663588,-1.921663588,-0.8886887046
47.4,0.9904614257,-1.942676179,-1.942676179,-0.7925765241
47.425,0.983445205,-1.961306482,-1.961306482,-0.6981513227
47.45,0.9745268728,-1.977599951,-1.977599951,-0.6056695307
47.475,0.9637236783,-1.991608001,-1.991608001,-0.5153516795
47.5,0.9510565163,-2.003387122,-2.003387122,-0.4273831789
47.525,0.9365498867,-2.012998011,-2.012998011,-0.3419156943
47.55,0.9202318474,-2.020504754,-2.020504754,-0.2590689353
47.575,0.9021339594,-2.025974054,-2.025974054,-0.1789328184
47.6,0.8822912264,-2.029474512,-2.029474512,-0.1015698671
47.625,0.860742027,-2.031075977,-2.031075977,-0.02701775332
47.65,0.83752804,-2.030848958,-2.030848958,0.04470808523
47.675,0.8126941644,-2.028864095,-2.028864095,0.1136118301
47.7,0.7862884321,-2.02519171,-2.02519171,0.1797147281
47.725,0.7583619153,-2.019901404,-2.019901404,0.2430526398
47.75,0.7289686274,-2.013061722,-2.013061722,0.3036737269
47.775,0.698165419,-2.004739874,-2.004739874,0.3616363036
47.8,0.6660118674,-1.995001508,-1.995001508,0.417006865
47.825,0.6325701619,-1.983910525,-1.983910525,0.4698583013
47.85,0.5979049831,-1.971528939,-1.971528939,0.5202682993
47.875,0.5620833779,-1.95791678,-1.95791678,0.5683179311
47.9,0.52517463,-1.943132019,-1.943132019,0.61409042
47.925,0.4872501257,-1.927230533,-1.927230533,0.6576700728
47.95,0.4483832161,-1.910266085,-1.910266085,0.6991413685
47.975,0.4086490747,-1.892290335,-1.892290335,0.7385881951
48,0.3681245527,-1.873352857,-1.873352857,0.7760932156
48.025,0.3268880297,-1.853501181,-1.853501181,0.8117373467
48.05,0.2850192625,-1.83278084,-1.83278084,0.8455993516
48.075,0.2425992308,-1.811235428,-1.811235428,0.8777555166
48.1,0.1997099805,-1.788906665,-1.788906665,0.9082794123
48.125,0.156434465,-1.765834469,-1.765834469,0.9372417249
48.15,0.1128563849,-1.742057028,-1.742057028,0.9647101439
48.175,0.06906002571,-1.717610872,-1.717610872,0.9907493041
48.2,0.02513009544,-1.692530959,-1.692530959,1.015420768
48.225,-0.01884843972,-1.666850742,-1.666850742,1.038783043
48.25,-0.06279051953,-1.640602253,-1.640602253,1.060891633
48.275,-0.1066111543,-1.613816169,-1.613816169,1.0817991
48.3,-0.1502255891,-1.586521892,-1.586521892,1.101555166
48.325,-0.1935494681,-1.558747614,-1.558747614,1.120206805
48.35,-0.236498997,-1.530520385,-1.530520385,1.137798368
48.375,-0.278991106,-1.501866181,-1.501866181,1.1543717
48.4,-0.3209436098,-1.472809956,-1.472809956,1.169966266
48.425,-0.3622753667,-1.443375713,-1.443375713,1.184619295
48.45,-0.4029064357,-1.413586544,-1.413586544,1.198365895
48.475,-0.442758231,-1.383464695,-1.383464695,1.211239207
48.5,-0.4817536741,-1.3530316,-1.3530316,1.223270519
48.525,-0.5198173426,-1.322307938,-1.322307938,1.234489407
48.55,-0.5568756165,-1.291313667,-1.291313667,1.244923863
48.575,-0.5928568202,-1.260068061,-1.260068061,1.254600411
48.6,-0.6276913613,-1.228589752,-1.228589752,1.26354424
48.625,-0.6613118653,-1.196896755,-1.196896755,1.271779307
48.65,-0.6936533058,-1.165006502,-1.165006502,1.279328461
48.675,-0.7246531302,-1.132935866,-1.132935866,1.286213541
48.7,-0.7542513807,-1.100701184,-1.100701184,1.292455481
48.725,-0.7823908106,-1.068318283,-1.068318283,1.298074415
48.75,-0.8090169944,-1.035802493,-1.035802493,1.303089756
48.775,-0.8340784336,-1.003168668,-1.003168668,1.307520296
48.8,-0.8575266562,-0.9704311995,-0.9704311995,1.311384281
48.825,-0.8793163102,-0.9376040273,-0.9376040273,1.314699491
48.85,-0.8994052516,-0.9047006531,-0.9047006531,1.317483313
48.875,-0.9177546257,-0.8717341476,-0.8717341476,1.319752805
48.9,-0.9343289425,-0.838717159,-0.838717159,1.321524762
48.925,-0.949096145,-0.8056619174,-0.8056619174,1.322815772
48.95,-0.9620276716,-0.7725802413,-0.7725802413,1.323642262
48.975,-0.973098511,-0.7394835394,-0.7394835394,1.324020553
49,-0.9822872507,-0.7063828132,-0.7063828132,1.323966894
49.025,-0.9895761186,-0.6732886591,-0.6732886591,1.323497499
49.05,-0.994951017,-0.6402112676,-0.6402112676,1.322628582
49.075,-0.9984015501,-0.6071604241,-0.6071604241,1.321376372
49.1,-0.9999210442,-0.5741455077,-0.5741455077,1.319757141
49.125,-0.9995065604,-0.5411754895,-0.5411754895,1.317787213
49.15,-0.9971589003,-0.5082589329,-0.5082589329,1.315482973
49.175,-0.9928826046,-0.4754039899,-0.4754039899,1.312860868
49.2,-0.9866859442,-0.4426184008,-0.4426184008,1.309937405
49.225,-0.9785809043,-0.409909493,-0.409909493,1.306729141
49.25,-0.9685831611,-0.377284179,-0.377284179,1.303252667
49.275,-0.9567120516,-0.3447489562,-0.3447489562,1.299524593
49.3,-0.9429905359,-0.3123099076,-0.3123099076,1.295561515
49.325,-0.9274451533,-0.279972701,-0.279972701,1.291379983
49.35,-0.9101059707,-0.2477425914,-0.2477425914,1.286996477
49.375,-0.8910065242,-0.215624424,-0.215624424,1.282427347
49.4,-0.8701837547,-0.1836226362,-0.1836226362,1.277688779
49.425,-0.8476779361,-0.1517412637,-0.1517412637,1.272796743
49.45,-0.8235325976,-0.1199839471,-0.1199839471,1.267766926
49.475,-0.7977944395,-0.08835393765,-0.08835393765,1.262614685
49.5,-0.7705132428,-0.05685410797,-0.05685410797,1.257354978
49.525,-0.7417417727,-0.0254869635,-0.0254869635,1.252002288
49.55,-0.7115356772,0.005745347748,0.005745347748,1.246570569
49.575,-0.6799533787,0.03684101827,0.03684101827,1.241073164
49.6,-0.6470559616,0.06779856409,0.06779856409,1.23552272
49.625,-0.6129070537,0.09861681121,0.09861681121,1.229931134
49.65,-0.5775727034,0.1292948707,0.1292948707,1.224309458
49.675,-0.5411212521,0.1598321179,0.1598321179,1.218667822
49.7,-0.5036232016,0.1902281718,0.1902281718,1.213015369
49.725,-0.4651510781,0.2204828639,0.2204828639,1.207360162
49.75,-0.4257792916,0.2505962147,0.2505962147,1.201709122
49.775,-0.3855839923,0.2805684028,0.2805684028,1.19606795
49.8,-0.3446429232,0.3103997315,0.3103997315,1.190441054
49.825,-0.3030352696,0.3400906003,0.3400906003,1.184831492
49.85,-0.2608415063,0.3696414648,0.3696414648,1.179240905
49.875,-0.2181432414,0.3990528051,0.3990528051,1.17366946
49.9,-0.175023059,0.4283250868,0.4283250868,1.168115807
49.925,-0.1315643591,0.4574587198,0.4574587198,1.162577026
49.95,-0.08785119655,0.4864540248,0.4864540248,1.157048603
49.975,-0.04396811832,0.5153111858,0.5153111858,1.151524394
50,1.078184368e-14,0.5440302147,0.5440302147,1.145996609
50.025,0.04396811832,0.5726109086,0.5726109086,1.140455805
50.05,0.08785119655,0.6010528045,0.6010528045,1.134890885
50.075,0.1315643591,0.6293551458,0.6293551458,1.129289109
50.1,0.175023059,0.6575168341,0.6575168341,1.123636119
50.125,0.2181432414,0.6855363921,0.6855363921,1.117915973
50.15,0.2608415063,0.7134119279,0.7134119279,1.112111182
50.175,0.3030352696,0.7411410887,0.7411410887,1.106202786
50.2,0.3446429232,0.7687210336,0.7687210336,1.100170404
50.225,0.3855839923,0.7961483957,0.7961483957,1.093992319
50.25,0.4257792916,0.8234192451,0.8234192451,1.087645591
50.275,0.4651510781,0.8505290686,0.8505290686,1.081106139
50.3,0.5036232016,0.8774727374,0.8774727374,1.074348854
50.325,0.5411212521,0.9042444801,0.9042444801,1.06734776
50.35,0.5775727034,0.9308378703,0.9308378703,1.060076116
50.375,0.6129070537,0.9572458037,0.9572458037,1.052506571
50.4,0.6470559616,0.9834604848,0.9834604848,1.044611339
50.425,0.6799533787,1.009473423,1.009473423,1.036362335
50.45,0.7115356772,1.035275419,1.035275419,1.027731356
50.475,0.7417417727,1.060856572,1.060856572,1.01869027
50.5,0.7705132428,1.086206282,1.086206282,1.009211157
50.525,0.7977944395,1.111313251,1.111313251,0.9992665248
50.55,0.8235325976,1.136165504,1.136165504,0.9888294708
50.575,0.8476779361,1.160750403,1.160750403,0.9778738569
50.6,0.8701837547,1.185054666,1.185054666,0.9663745029
50.625,0.8910065242,1.209064396,1.209064396,0.9543073321
50.65,0.9101059707,1.23276511,1.23276511,0.9416495578
50.675,0.9274451533,1.256141774,1.256141774,0.9283798201
50.7,0.9429905359,1.279178836,1.279178836,0.9144783423
50.725,0.9567120516,1.301860275,1.301860275,0.8999270564
50.75,0.9685831611,1.324169638,1.324169638,0.8847097247
50.775,0.9785809043,1.346090091,1.346090091,0.8688120434
50.8,0.9866859442,1.367604467,1.367604467,0.8522217281
50.825,0.9928826046,1.38869532,1.38869532,0.8349285869
50.85,0.9971589003,1.409344972,1.409344972,0.8169245687
50.875,0.9995065604,1.429535575,1.429535575,0.7982037993
50.9,0.9999210442,1.449249158,1.449249158,0.7787625921
50.925,0.9984015501,1.468467688,1.468467688,0.7585994449
50.95,0.994951017,1.487173119,1.487173119,0.7377150115
50.975,0.9895761186,1.50534745,1.50534745,0.7161120613
51,0.9822872507,1.522972774,1.522972774,0.693795412
51.025,0.973098511,1.540031329,1.540031329,0.6707718552
51.05,0.9620276716,1.556505547,1.556505547,0.6470500525
51.075,0.949096145,1.572378099,1.572378099,0.6226404331
51.1,0.9343289425,1.587631937,1.587631937,0.5975550574
51.125,0.9177546257,1.602250334,1.602250334,0.5718074924
51.15,0.8994052516,1.616216918,1.616216918,0.5454126495
51.175,0.8793163102,1.629515706,1.629515706,0.5183866452
51.2,0.8575266562,1.642131133,1.642131133,0.4907466198
51.225,0.8340784336,1.65404807,1.65404807,0.462510591
51.25,0.8090169944,1.665251851,1.665251851,0.4336972619
51.275,0.7823908106,1.675728283,1.675728283,0.4043258724
51.3,0.7542513807,1.685463658,1.685463658,0.3744160106
51.325,0.7246531302,1.694444761,1.694444761,0.3439874584
51.35,0.6936533058,1.702658873,1.702658873,0.3130600258
51.375,0.6613118653,1.710093769,1.710093769,0.2816533857
51.4,0.6276913613,1.716737711,1.716737711,0.2497869431
51.425,0.5928568202,1.722579442,1.722579442,0.2174796661
51.45,0.5568756165,1.727608174,1.727608174,0.1847499776
51.475,0.5198173426,1.73181357,1.73181357,0.1516156208
51.5,0.4817536741,1.735185724,1.735185724,0.118093541
51.525,0.442758231,1.73771515,1.73771515,0.08419979735
51.55,0.4029064357,1.739392743,1.739392743,0.04994945702
51.575,0.3622753667,1.740209768,1.740209768,0.01535652513
51.6,0.3209436098,1.740157822,1.740157822,-0.01956613124
51.625,0.278991106,1.739228811,1.739228811,-0.05480683795
51.65,0.236498997,1.737414917,1.737414917,-0.09035516512
51.675,0.1935494681,1.734708566,1.734708566,-0.1262019631
51.7,0.1502255891,1.731102397,1.731102397,-0.162339393
51.725,0.1066111543,1.726589229,1.726589229,-0.198760945
51.75,0.06279051953,1.721162026,1.721162026,-0.2354614505
51.775,0.01884843972,1.714813864,1.714813864,-0.2724370841
51.8,-0.02513009544,1.7075379,1.7075379,-0.3096853604
51.825,-0.06906002571,1.699327334,1.699327334,-0.3472051216
51.85,-0.1128563849,1.69017538,1.69017538,-0.3849965202
51.875,-0.156434465,1.680075233,1.680075233,-0.423060996
51.9,-0.1997099805,1.669020033,1.669020033,-0.461401244
51.925,-0.2425992308,1.65700284,1.65700284,-0.5000211843
51.95,-0.2850192625,1.644016601,1.644016601,-0.5389259173
51.975,-0.3268880297,1.630054119,1.630054119,-0.5781216819
52,-0.3681245527,1.615108031,1.615108031,-0.6176158073
52.025,-0.4086490747,1.599170773,1.599170773,-0.6574166504
52.05,-0.4483832161,1.582234565,1.582234565,-0.6975335466
52.075,-0.4872501257,1.564291377,1.564291377,-0.7379767349
52.1,-0.52517463,1.545332917,1.545332917,-0.7787572855
52.125,-0.5620833779,1.525350603,1.525350603,-0.8198870313
52.15,-0.5979049831,1.504335551,1.504335551,-0.8613784604
52.175,-0.6325701619,1.482278557,1.482278557,-0.9032446359
52.2,-0.6660118674,1.459170084,1.459170084,-0.9454990901
52.225,-0.698165419,1.435000252,1.435000252,-0.9881556794
52.25,-0.7289686274,1.409758832,1.409758832,-1.031228483
52.275,-0.7583619153,1.383435241,1.383435241,-1.074731649
52.3,-0.7862884321,1.356018546,1.356018546,-1.118679189
52.325,-0.8126941644,1.327497464,1.327497464,-1.16308484
52.35,-0.83752804,1.297860375,1.297860375,-1.207961859
52.375,-0.860742027,1.267095338,1.267095338,-1.253322702
52.4,-0.8822912264,1.235190113,1.235190113,-1.299178842
52.425,-0.9021339594,1.202132183,1.202132183,-1.345540475
52.45,-0.9202318474,1.167908805,1.167908805,-1.392416099
52.475,-0.9365498867,1.132507042,1.132507042,-1.439812191
52.5,-0.9510565163,1.095913823,1.095913823,-1.487732816
52.525,-0.9637236783,1.058116019,1.058116019,-1.536179049
52.55,-0.9745268728,1.01910051,1.01910051,-1.585148539
52.575,-0.983445205,0.9788542823,0.9788542823,-1.634634896
52.6,-0.9904614257,0.9373645496,0.9373645496,-1.684626957
52.625,-0.9955619646,0.8946188568,0.8946188568,-1.7351082
52.65,-0.9987369566,0.8506052508,0.8506052508,-1.786055814
52.675,-0.9999802609,0.8053124273,0.8053124273,-1.837439906
52.7,-0.9992894726,0.7587299317,0.7587299317,-1.889222522
52.725,-0.996665928,0.7108483697,0.7108483697,-1.941356603
52.75,-0.9921147013,0.6616596464,0.6616596464,-1.99378491
52.775,-0.9856445951,0.6111572407,0.6111572407,-2.046438801
52.8,-0.9772681236,0.5593365,0.5593365,-2.099237017
52.825,-0.9670014878,0.5061949759,0.5061949759,-2.152084347
52.85,-0.9548645447,0.4517327898,0.4517327898,-2.204870292
52.875,-0.940880769,0.3959530275,0.3959530275,-2.257467689
52.9,-0.9250772068,0.3388621811,0.3388621811,-2.309731332
52.925,-0.9074844245,0.2804706083,0.2804706083,-2.361496651
52.95,-0.8881364488,0.2207930382,0.2207930382,-2.412578441
52.975,-0.8670707012,0.1598491006,0.1598491006,-2.462769732
53,-0.8443279255,0.09766388041,0.09766388041,-2.511840836
53.025,-0.8199521093,0.03426849646,0.03426849646,-2.559538644
53.05,-0.7939903986,-0.0302993067,-0.0302993067,-2.605586238
53.075,-0.7664930068,-0.09599456427,-0.09599456427,-2.649682916
53.1,-0.7375131174,-0.1627645013,-0.1627645013,-2.6915047
53.125,-0.7071067812,-0.2305479631,-0.2305479631,-2.730705425
53.15,-0.6753328081,-0.2992748808,-0.2992748808,-2.766918508
53.175,-0.6422526532,-0.368865791,-0.368865791,-2.79975944
53.2,-0.6079302977,-0.4392314289,-0.4392314289,-2.828829161
53.225,-0.5724321256,-0.5102724124,-0.5102724124,-2.853718261
53.25,-0.535826795,-0.5818790479,-0.5818790479,-2.874012109
53.275,-0.4981851053,-0.6539312733,-0.6539312733,-2.889296917
53.3,-0.4595798606,-0.7262987637,-0.7262987637,-2.89916665
53.325,-0.4200857284,-0.7988412189,-0.7988412189,-2.903230712
53.35,-0.3797790955,-0.871408853,-0.871408853,-2.901122267
53.375,-0.3387379202,-0.9438430973,-0.9438430973,-2.892507014
53.4,-0.2970415816,-1.015977526,-1.015977526,-2.877092148
53.425,-0.2547707257,-1.087639004,-1.087639004,-2.854635206
53.45,-0.2120071099,-1.158649053,-1.158649053,-2.824952485
53.475,-0.1688334447,-1.228825415,-1.228825415,-2.787926658
53.5,-0.1253332336,-1.297983801,-1.297983801,-2.743513232
53.525,-0.08159061157,-1.365939769,-1.365939769,-2.691745506
53.55,-0.03769018267,-1.43251072,-1.43251072,-2.632737722
53.575,0.006283143966,-1.497517935,-1.497517935,-2.566686167
53.6,0.05024431818,-1.560788618,-1.560788618,-2.493868084
53.625,0.09410831332,-1.622157887,-1.622157887,-2.414638313
53.65,0.1377902907,-1.681470643,-1.681470643,-2.329423753
53.675,0.1812057636,-1.738583281,-1.738583281,-2.23871577
53.7,0.2242707609,-1.793365195,-1.793365195,-2.143060864
53.725,0.2669019893,-1.845700015,-1.845700015,-2.043049913
53.75,0.3090169944,-1.89548658,-1.89548658,-1.939306393
53.775,0.3505343202,-1.942639592,-1.942639592,-1.832474117
53.8,0.3913736668,-1.98708998,-1.98708998,-1.723204975
53.825,0.4314560457,-2.028784937,-2.028784937,-1.612146782
53.85,0.4707039322,-2.06768769,-2.06768769,-1.499932293
53.875,0.5090414158,-2.103776988,-2.103776988,-1.387169064
53.9,0.5463943467,-2.137046363,-2.137046363,-1.274430768
53.925,0.5826904797,-2.167503186,-2.167503186,-1.162250109
53.95,0.6178596131,-2.195167581,-2.195167581,-1.051113338
53.975,0.6518337253,-2.2200712,-2.2200712,-0.941456403
54,0.6845471059,-2.242255943,-2.242255943,-0.8336627118
54.025,0.715936483,-2.261772628,-2.261772628,-0.7280623326
54.05,0.7459411454,-2.278679662,-2.278679662,-0.6249324987
54.075,0.7745030602,-2.293041738,-2.293041738,-0.5244992115
54.1,0.8015669849,-2.304928584,-2.304928584,-0.4269397553
54.125,0.8270805743,-2.314413784,-2.314413784,-0.332385901
54.15,0.8509944818,-2.321573685,-2.321573685,-0.2409275888
54.175,0.8732624548,-2.326486403,-2.326486403,-0.152616971
54.2,0.8938414242,-2.329230927,-2.329230927,-0.06747256992
54.225,0.9126915874,-2.329886333,-2.329886333,0.01451652125
54.25,0.9297764859,-2.3285311,-2.3285311,0.09338653195
54.275,0.9450630752,-2.325242524,-2.325242524,0.169195084
54.3,0.958521789,-2.320096234,-2.320096234,0.2420175024
54.325,0.9701265965,-2.313165789,-2.313165789,0.3119434119
54.35,0.9798550524,-2.304522363,-2.304522363,0.3790736437
54.375,0.9876883406,-2.294234496,-2.294234496,0.4435174664
54.4,0.9936113105,-2.282367917,-2.282367917,0.5053901407
54.425,0.9976125064,-2.268985423,-2.268985423,0.5648107885
54.45,0.9996841893,-2.254146802,-2.254146802,0.6219005614
54.475,0.9998223524,-2.237908805,-2.237908805,0.6767810874
54.5,0.9980267284,-2.22032515,-2.22032515,0.7295731743
54.525,0.9943007904,-2.201446558,-2.201446558,0.7803957429
54.55,0.9886517447,-2.181320807,-2.181320807,0.8293649666
54.575,0.9810905174,-2.159992813,-2.159992813,0.8765935913
54.6,0.9716317329,-2.137504724,-2.137504724,0.9221904119
54.625,0.9602936857,-2.11389602,-2.11389602,0.966259884
54.65,0.947098305,-2.089203625,-2.089203625,1.008901851
54.675,0.9320711125,-2.063462029,-2.063462029,1.050211364
54.7,0.9152411726,-2.036703408,-2.036703408,1.090278582
54.725,0.8966410368,-2.008957741,-2.008957741,1.129188736
54.75,0.87630668,-1.980252942,-1.980252942,1.167022143
54.775,0.8542774317,-1.950614977,-1.950614977,1.203854256
54.8,0.8305958992,-1.920067983,-1.920067983,1.239755747
54.825,0.8053078857,-1.888634394,-1.888634394,1.274792609
54.85,0.7784623016,-1.856335045,-1.856335045,1.309026268
54.875,0.7501110696,-1.823189297,-1.823189297,1.342513705
54.9,0.7203090249,-1.789215138,-1.789215138,1.375307577
54.925,0.6891138084,-1.754429293,-1.754429293,1.407456336
54.95,0.6565857558,-1.718847327,-1.718847327,1.439004337
54.975,0.6227877805,-1.682483746,-1.682483746,1.469991947
55,0.5877852523,-1.645352094,-1.645352094,1.500455623
55.025,0.5516458706,-1.607465058,-1.607465058,1.530427996
55.05,0.5144395338,-1.568834547,-1.568834547,1.559937922
55.075,0.4762382037,-1.529471805,-1.529471805,1.589010524
55.1,0.4371157667,-1.489387486,-1.489387486,1.617667215
55.125,0.3971478906,-1.448591761,-1.448591761,1.645925695
55.15,0.3564118787,-1.407094402,-1.407094402,1.67379994
55.175,0.3149865197,-1.36490488,-1.36490488,1.701300157
55.2,0.2729519355,-1.322032457,-1.322032457,1.728432732
55.225,0.2303894267,-1.278486285,-1.278486285,1.755200149
55.25,0.1873813146,-1.234275504,-1.234275504,1.781600891
55.275,0.1440107826,-1.189409341,-1.189409341,1.807629335
55.3,0.1003617149,-1.143897221,-1.143897221,1.833275604
55.325,0.05651853448,-1.097748864,-1.097748864,1.858525437
55.35,0.01256603988,-1.050974408,-1.050974408,1.883360018
55.375,-0.03141075908,-1.003584519,-1.003584519,1.907755807
55.4,-0.07532680553,-0.9555905094,-0.9555905094,1.931684365
55.425,-0.1190971601,-0.907004472,-0.907004472,1.955112162
55.45,-0.1626371652,-0.8578393958,-0.8578393958,1.978000408
55.475,-0.2058626088,-0.808109315,-0.808109315,2.000304858
55.5,-0.2486898872,-0.7578294317,-0.7578294317,2.021975663
55.525,-0.2910361668,-0.7070162739,-0.7070162739,2.042957204
55.55,-0.3328195445,-0.6556878264,-0.6556878264,2.063187976
55.575,-0.3739592057,-0.6038636922,-0.6038636922,2.082600493
55.6,-0.414375581,-0.5515652316,-0.5515652316,2.101121234
55.625,-0.4539904997,-0.4988157233,-0.4988157233,2.118670641
55.65,-0.4927273415,-0.4456405052,-0.4456405052,2.13516318
55.675,-0.5305111843,-0.3920671314,-0.3920671314,2.150507472
55.7,-0.5672689491,-0.3381255073,-0.3381255073,2.164606501
55.725,-0.6029295417,-0.283848035,-0.283848035,2.177357925
55.75,-0.6374239897,-0.2292697339,-0.2292697339,2.188654474
55.775,-0.6706855765,-0.1744283646,-0.1744283646,2.198384493
55.8,-0.7026499698,-0.1193645248,-0.1193645248,2.206432549
55.825,-0.7332553462,-0.06412173947,-0.06412173947,2.212680252
55.85,-0.762442511,-0.008746519272,-0.008746519272,2.217007117
55.875,-0.7901550124,0.0467115968,0.0467115968,2.219291642
55.9,-0.8163392507,0.1022000316,0.1022000316,2.219412472
55.925,-0.8409445823,0.1576631898,0.1576631898,2.217249721
55.95,-0.8639234172,0.2130425118,0.2130425118,2.212686406
55.975,-0.8852313113,0.2682765659,0.2682765659,2.205609997
56,-0.9048270525,0.32330118,0.32330118,2.195914061
56.025,-0.9226727399,0.378049615,0.378049615,2.183499966
56.05,-0.9387338577,0.4324527817,0.4324527817,2.168278639
56.075,-0.9529793415,0.4864395016,0.4864395016,2.150172318
56.1,-0.9653816388,0.5399368124,0.5399368124,2.129116294
56.125,-0.9759167619,0.5928703143,0.5928703143,2.105060564
56.15,-0.9845643345,0.6451645573,0.6451645573,2.077971386
56.175,-0.9913076311,0.6967434655,0.6967434655,2.04783267
56.2,-0.9961336091,0.7475307952,0.7475307952,2.014647186
56.225,-0.9990329347,0.7974506177,0.7974506177,1.978437512
56.25,-1,0.8464278227,0.8464278227,1.939246727
56.275,-0.9990329347,0.8943886384,0.8943886384,1.89713879
56.3,-0.9961336091,0.941261154,0.941261154,1.852198587
56.325,-0.9913076311,0.9869758397,0.9869758397,1.804531642
56.35,-0.9845643345,1.031466054,1.031466054,1.754263477
56.375,-0.9759167619,1.074668536,1.074668536,1.70153862
56.4,-0.9653816388,1.11652386,1.11652386,1.646519292
56.425,-0.9529793415,1.156976862,1.156976862,1.589383804
56.45,-0.9387338577,1.195977016,1.195977016,1.530324648
56.475,-0.9226727399,1.233478766,1.233478766,1.469546398
56.5,-0.9048270525,1.269441795,1.269441795,1.407263442
56.525,-0.8852313113,1.303831245,1.303831245,1.343697522
56.55,-0.8639234172,1.336617868,1.336617868,1.279075319
56.575,-0.8409445823,1.367778118,1.367778118,1.213625914
56.6,-0.8163392507,1.39729418,1.39729418,1.147578375
56.625,-0.7901550124,1.425153943,1.425153943,1.081159402
56.65,-0.762442511,1.451350907,1.451350907,1.014591109
56.675,-0.7332553462,1.475884052,1.475884052,0.9480890107
56.7,-0.7026499698,1.498757638,1.498757638,0.8818601868
56.725,-0.6706855765,1.519980984,1.519980984,0.8161017137
56.75,-0.6374239897,1.539568194,1.539568194,0.7509993076
56.775,-0.6029295417,1.557537865,1.557537865,0.6867262651
56.8,-0.5672689491,1.573912756,1.573912756,0.623442615
56.825,-0.5305111843,1.588719462,1.588719462,0.5612945593
56.85,-0.4927273415,1.601988052,1.601988052,0.500414119
56.875,-0.4539904997,1.613751717,1.613751717,0.440919019
56.9,-0.414375581,1.624046414,1.624046414,0.3829127594
56.925,-0.3739592057,1.632910511,1.632910511,0.3264848722
56.95,-0.3328195445,1.640384447,1.640384447,0.2717113151
56.975,-0.2910361668,1.646510391,1.646510391,0.2186550097
57,-0.2486898872,1.651331932,1.651331932,0.1673664652
57.025,-0.2058626088,1.654893772,1.654893772,0.1178844851
57.05,-0.1626371652,1.657241446,1.657241446,0.07023693783
57.075,-0.1190971601,1.658421056,1.658421056,0.02444155033
57.1,-0.07532680553,1.658479031,1.658479031,-0.01949327299
57.125,-0.03141075908,1.657461899,1.657461899,-0.0615676296
57.15,0.01256603988,1.65541609,1.65541609,-0.1017893116
57.175,0.05651853448,1.652387751,1.652387751,-0.1401730202
57.2,0.1003617149,1.648422583,1.648422583,-0.1767396108
57.225,0.1440107826,1.643565696,1.643565696,-0.2115153776
57.25,0.1873813146,1.63786148,1.63786148,-0.2445313834
57.275,0.2303894267,1.631353499,1.631353499,-0.275822829
57.3,0.2729519355,1.624084388,1.624084388,-0.3054284805
57.325,0.3149865197,1.616095775,1.616095775,-0.3333901435
57.35,0.3564118787,1.607428211,1.607428211,-0.3597521777
57.375,0.3971478906,1.59812111,1.59812111,-0.3845610796
57.4,0.4371157667,1.588212699,1.588212699,-0.4078650843
57.425,0.4762382037,1.577739983,1.577739983,-0.4297138429
57.45,0.5144395338,1.566738711,1.566738711,-0.4501581074
57.475,0.5516458706,1.555243352,1.555243352,-0.4692494915
57.5,0.5877852523,1.543287075,1.543287075,-0.4870402244
57.525,0.6227877805,1.53090174,1.53090174,-0.5035829847
57.55,0.6565857558,1.518117885,1.518117885,-0.5189307168
57.575,0.6891138084,1.50496472,1.50496472,-0.5331365068
57.6,0.7203090249,1.491470133,1.491470133,-0.5462534744
57.625,0.7501110696,1.477660678,1.477660678,-0.5583346648
57.65,0.7784623016,1.46356159,1.46356159,-0.5694329915
57.675,0.8053078857,1.44919678,1.44919678,-0.5796011709
57.7,0.8305958992,1.434588845,1.434588845,-0.5888916713
57.725,0.8542774317,1.419759075,1.419759075,-0.5973566864
57.75,0.87630668,1.404727457,1.404727457,-0.6050481034
57.775,0.8966410368,1.389512687,1.389512687,-0.6120174841
57.8,0.9152411726,1.374132173,1.374132173,-0.6183160523
57.825,0.9320711125,1.35860205,1.35860205,-0.6239946817
57.85,0.947098305,1.342937184,1.342937184,-0.6291038899
57.875,0.9602936857,1.327151183,1.327151183,-0.6336938315
57.9,0.9716317329,1.311256405,1.311256405,-0.6378142925
57.925,0.9810905174,1.295263969,1.295263969,-0.6415146857
57.95,0.9886517447,1.279183763,1.279183763,-0.6448440427
57.975,0.9943007904,1.263024453,1.263024453,-0.6478510066
58,0.9980267284,1.246793496,1.246793496,-0.6505838227
58.025,0.9998223524,1.230497148,1.230497148,-0.6530903227
58.05,0.9996841893,1.214140471,1.214140471,-0.655417913
58.075,0.9976125064,1.197727351,1.197727351,-0.6576135558
58.1,0.9936113105,1.181260506,1.181260506,-0.6597237436
58.125,0.9876883406,1.164741493,1.164741493,-0.6617944807
58.15,0.9798550524,1.148170731,1.148170731,-0.6638712549
58.175,0.9701265965,1.131547506,1.131547506,-0.6659989977
58.2,0.958521789,1.114869987,1.114869987,-0.6682220622
58.225,0.9450630752,1.098135243,1.098135243,-0.6705841861
58.25,0.9297764859,1.081339259,1.081339259,-0.673128438
58.275,0.9126915874,1.064476951,1.064476951,-0.6758971863
58.3,0.8938414242,1.047542183,1.047542183,-0.6789320599
58.325,0.8732624548,1.030527789,1.030527789,-0.6822738917
58.35,0.8509944818,1.013425596,1.013425596,-0.6859626625
58.375,0.8270805743,0.9962264394,0.9962264394,-0.6900374711
58.4,0.8015669849,0.9789201871,0.9789201871,-0.694536469
58.425,0.7745030602,0.9614957707,0.9614957707,-0.6994967984
58.45,0.7459411454,0.9439412024,0.9439412024,-0.7049545543
58.475,0.715936483,0.9262436056,0.9262436056,-0.7109447193
58.5,0.6845471059,0.9083892473,0.9083892473,-0.7175010982
58.525,0.6518337253,0.890363561,0.890363561,-0.7246562742
58.55,0.6178596131,0.8721511821,0.8721511821,-0.73244154
58.575,0.5826904797,0.8537359833,0.8537359833,-0.7408868337
58.6,0.5463943467,0.8351011023,0.8351011023,-0.750020688
58.625,0.5090414158,0.8162289848,0.8162289848,-0.7598701551
58.65,0.4707039322,0.7971014184,0.7971014184,-0.770460748
58.675,0.4314560457,0.7776995714,0.7776995714,-0.7818163756
58.7,0.3913736668,0.7580040385,0.7580040385,-0.7939592651
58.725,0.3505343202,0.7379948766,0.7379948766,-0.8069099031
58.75,0.3090169944,0.7176516559,0.7176516559,-0.8206869503
58.775,0.2669019893,0.6969535024,0.6969535024,-0.8353071701
58.8,0.2242707609,0.675879147,0.675879147,-0.8507853464
58.825,0.1812057636,0.654406979,0.654406979,-0.8671341909
58.85,0.1377902907,0.6325150932,0.6325150932,-0.8843642611
58.875,0.09410831332,0.6101813525,0.6101813525,-0.9024838475
58.9,0.05024431818,0.5873834381,0.5873834381,-0.9214988813
58.925,0.006283143966,0.5640989169,0.5640989169,-0.9414128064
58.95,-0.03769018267,0.5403052994,0.5403052994,-0.9622264644
58.975,-0.08159061157,0.5159801109,0.5159801109,-0.9839379529
59,-0.1253332336,0.4911009589,0.4911009589,-1.006542482
59.025,-0.1688334447,0.4656456092,0.4656456092,-1.030032213
59.05,-0.2120071099,0.4395920628,0.4395920628,-1.054396085
59.075,-0.2547707257,0.41291864,0.41291864,-1.079619626
59.1,-0.2970415816,0.3856040672,0.3856040672,-1.105684751
59.125,-0.3387379202,0.3576275709,0.3576275709,-1.132569538
59.15,-0.3797790955,0.3289689752,0.3289689752,-1.160247992
59.175,-0.4200857284,0.2996088088,0.2996088088,-1.188689791
59.2,-0.4595798606,0.269528414,0.269528414,-1.217860014
59.225,-0.4981851053,0.2387100683,0.2387100683,-1.247718847
59.25,-0.535826795,0.2071371068,0.2071371068,-1.278221288
59.275,-0.5724321256,0.1747940597,0.1747940597,-1.309316816
59.3,-0.6079302977,0.1416667917,0.1416667917,-1.340949067
59.325,-0.6422526532,0.1077426531,0.1077426531,-1.373055493
59.35,-0.6753328081,0.07301063931,0.07301063931,-1.40556701
59.375,-0.7071067812,0.03746155793,0.03746155793,-1.438407654
59.4,-0.7375131174,0.001088205043,0.001088205043,-1.471494241
59.425,-0.7664930068,-0.03611444972,-0.03611444972,-1.504736034
59.45,-0.7939903986,-0.07414907067,-0.07414907067,-1.538034434
59.475,-0.8199521093,-0.113015756,-0.113015756,-1.571282704
59.5,-0.8443279255,-0.1527118313,-0.1527118313,-1.604365733
59.525,-0.8670707012,-0.1932316374,-0.1932316374,-1.637159857
59.55,-0.8881364488,-0.2345663162,-0.2345663162,-1.669532742
59.575,-0.9074844245,-0.2767035917,-0.2767035917,-1.701343366
59.6,-0.9250772068,-0.3196275542,-0.3196275542,-1.732442087
59.625,-0.940880769,-0.3633184485,-0.3633184485,-1.762670839
59.65,-0.9548645447,-0.407752464,-0.407752464,-1.791863468
59.675,-0.9670014878,-0.4529015414,-0.4529015414,-1.819846204
59.7,-0.9772681236,-0.4987331879,-0.4987331879,-1.846438344
59.725,-0.9856445951,-0.5452103148,-0.5452103148,-1.871453056
59.75,-0.9921147013,-0.5922910978,-0.5922910978,-1.894698487
59.775,-0.996665928,-0.6399288648,-0.6399288648,-1.915978957
59.8,-0.9992894726,-0.6880720214,-0.6880720214,-1.935096489
59.825,-0.9999802609,-0.7366640096,-0.7366640096,-1.95185248
59.85,-0.9987369566,-0.7856433203,-0.7856433203,-1.966049614
59.875,-0.9955619646,-0.8349435494,-0.8349435494,-1.977494003
59.9,-0.9904614257,-0.8844935102,-0.8844935102,-1.985997439
59.925,-0.983445205,-0.9342174097,-0.9342174097,-1.991379884
59.95,-0.9745268728,-0.9840350817,-0.9840350817,-1.993472012
59.975,-0.9637236783,-1.033862287,-1.033862287,-1.992117832
60,-0.9510565163,-1.083611082,-1.083611082,-1.987177347
60.025,-0.9365498867,-1.133190251,-1.133190251,-1.978529135
60.05,-0.9202318474,-1.182505798,-1.182505798,-1.966072814
60.075,-0.9021339594,-1.231461508,-1.231461508,-1.949731331
60.1,-0.8822912264,-1.27995955,-1.27995955,-1.929452979
60.125,-0.860742027,-1.327901136,-1.327901136,-1.905213076
60.15,-0.83752804,-1.375187213,-1.375187213,-1.877015253
60.175,-0.8126941644,-1.421719181,-1.421719181,-1.844892288
60.2,-0.7862884321,-1.467399628,-1.467399628,-1.808906432
60.225,-0.7583619153,-1.512133067,-1.512133067,-1.76914921
60.25,-0.7289686274,-1.555826654,-1.555826654,-1.725740687
60.275,-0.698165419,-1.598390893,-1.598390893,-1.678828164
60.3,-0.6660118674,-1.639740295,-1.639740295,-1.628584386
60.325,-0.6325701619,-1.67979398,-1.67979398,-1.575205264
60.35,-0.5979049831,-1.718476228,-1.718476228,-1.518907155
60.375,-0.5620833779,-1.755716956,-1.755716956,-1.459923799
60.4,-0.52517463,-1.791452104,-1.791452104,-1.398503021
60.425,-0.4872501257,-1.825623946,-1.825623946,-1.334903177
60.45,-0.4483832161,-1.858181313,-1.858181313,-1.26938957
60.475,-0.4086490747,-1.889079716,-1.889079716,-1.202230899
60.5,-0.3681245527,-1.918281388,-1.918281388,-1.133695646
60.525,-0.3268880297,-1.945755238,-1.945755238,-1.064048873
60.55,-0.2850192625,-1.971476724,-1.971476724,-0.9935490313
60.575,-0.2425992308,-1.99542766,-1.99542766,-0.9224452556
60.6,-0.1997099805,-2.017595936,-2.017595936,-0.8509748529
60.625,-0.156434465,-2.037975214,-2.037975214,-0.7793612992
60.65,-0.1128563849,-2.056564546,-2.056564546,-0.7078125322
60.675,-0.06906002571,-2.073367978,-2.073367978,-0.6365196887
60.7,-0.02513009544,-2.088394113,-2.088394113,-0.5656562163
60.725,0.01884843972,-2.101655666,-2.101655666,-0.4953773433
60.75,0.06279051953,-2.113168998,-2.113168998,-0.4258198997
60.775,0.1066111543,-2.122953665,-2.122953665,-0.3571024339
60.8,0.1502255891,-2.131031963,-2.131031963,-0.2893256022
60.825,0.1935494681,-2.137428483,-2.137428483,-0.2225727851
60.85,0.236498997,-2.142169697,-2.142169697,-0.1569108832
60.875,0.278991106,-2.145283551,-2.145283551,-0.09239126647
60.9,0.3209436098,-2.146799091,-2.146799091,-0.02905083456
60.925,0.3622753667,-2.146746119,-2.146746119,0.03308686877
60.95,0.4029064357,-2.145154868,-2.145154868,0.09401047021
60.975,0.442758231,-2.142055718,-2.142055718,0.1537195919
61,0.4817536741,-2.137478933,-2.137478933,0.2122236796
61.025,0.5198173426,-2.131454428,-2.131454428,0.2695408504
61.05,0.5568756165,-2.124011569,-2.124011569,0.3256967954
61.075,0.5928568202,-2.115178998,-2.115178998,0.3807237403
61.1,0.6276913613,-2.104984477,-2.104984477,0.4346594617
61.125,0.6613118653,-2.093454766,-2.093454766,0.4875463801
61.15,0.6936533058,-2.080615513,-2.080615513,0.539430734
61.175,0.7246531302,-2.066491174,-2.066491174,0.5903618145
61.2,0.7542513807,-2.051104937,-2.051104937,0.6403912851
61.225,0.7823908106,-2.034478678,-2.034478678,0.6895725768
61.25,0.8090169944,-2.016632921,-2.016632921,0.7379603366
61.275,0.8340784336,-1.997586812,-1.997586812,0.7856099592
61.3,0.8575266562,-1.97735811,-1.97735811,0.8325771667
61.325,0.8793163102,-1.955963177,-1.955963177,0.8789176442
61.35,0.8994052516,-1.933416989,-1.933416989,0.924686733
61.375,0.9177546257,-1.909733145,-1.909733145,0.969939151
61.4,0.9343289425,-1.884923887,-1.884923887,1.014728772
61.425,0.949096145,-1.859000123,-1.859000123,1.059108412
61.45,0.9620276716,-1.831971453,-1.831971453,1.103129669
61.475,0.973098511,-1.803846207,-1.803846207,1.146842759
61.5,0.9822872507,-1.774631477,-1.774631477,1.190296388
61.525,0.9895761186,-1.744333157,-1.744333157,1.233537615
61.55,0.994951017,-1.712955988,-1.712955988,1.276611747
61.575,0.9984015501,-1.6805036,-1.6805036,1.3195622
61.6,0.9999210442,-1.646978563,-1.646978563,1.362430396
61.625,0.9995065604,-1.612382437,-1.612382437,1.40525562
61.65,0.9971589003,-1.576715831,-1.576715831,1.448074869
61.675,0.9928826046,-1.539978455,-1.539978455,1.490922718
61.7,0.9866859442,-1.50216919,-1.50216919,1.533831101
61.725,0.9785809043,-1.463286153,-1.463286153,1.576829128
61.75,0.9685831611,-1.423326767,-1.423326767,1.619942849
61.775,0.9567120516,-1.382287856,-1.382287856,1.663194941
61.8,0.9429905359,-1.340165708,-1.340165708,1.706604455
61.825,0.9274451533,-1.296956194,-1.296956194,1.750186406
61.85,0.9101059707,-1.252654862,-1.252654862,1.793951391
61.875,0.8910065242,-1.207257049,-1.207257049,1.837905157
61.9,0.8701837547,-1.160758027,-1.160758027,1.882048019
61.925,0.8476779361,-1.113153118,-1.113153118,1.926374384
61.95,0.8235325976,-1.064437877,-1.064437877,1.970872039
61.975,0.7977944395,-1.014608249,-1.014608249,2.015521499
62,0.7705132428,-0.9636607637,-0.9636607637,2.060295246
62.025,0.7417417727,-0.9115927523,-0.9115927523,2.105156871
62.05,0.7115356772,-0.858402569,-0.858402569,2.150060246
62.075,0.6799533787,-0.8040898627,-0.8040898627,2.194948509
62.1,0.6470559616,-0.748655837,-0.748655837,2.239753141
62.125,0.6129070537,-0.6921035759,-0.6921035759,2.284392859
62.15,0.5775727034,-0.6344383567,-0.6344383567,2.328772613
62.175,0.5411212521,-0.5756680231,-0.5756680231,2.372782453
62.2,0.5036232016,-0.5158033612,-0.5158033612,2.416296501
62.225,0.4651510781,-0.4548585147,-0.4548585147,2.459171903
62.25,0.4257792916,-0.392851423,-0.392851423,2.501247879
62.275,0.3855839923,-0.3298042738,-0.3298042738,2.542344879
62.3,0.3446429232,-0.2657439895,-0.2657439895,2.582263895
62.325,0.3030352696,-0.2007027148,-0.2007027148,2.620785987
62.35,0.2608415063,-0.1347183182,-0.1347183182,2.657672077
62.375,0.2181432414,-0.06783489758,-0.06783489758,2.692663076
62.4,0.175023059,-0.0001032730199,-0.0001032730199,2.725480415
62.425,0.1315643591,0.06841853834,0.06841853834,2.755827037
62.45,0.08785119655,0.1376648769,0.1376648769,2.783388943
62.475,0.04396811832,0.2075620432,0.2075620432,2.807837322
62.5,-6.371877239e-15,0.2780279595,0.2780279595,2.828831368
62.525,-0.04396811832,0.3489719152,0.3489719152,2.846021744
62.55,-0.08785119655,0.4202944023,0.4202944023,2.85905483
62.575,-0.1315643591,0.4918870695,0.4918870695,2.867577657
62.6,-0.175023059,0.5636328072,0.5636328072,2.871243524
62.625,-0.2181432414,0.6354059809,0.6354059809,2.869718248
62.65,-0.2608415063,0.7070728284,0.7070728284,2.862686937
62.675,-0.3030352696,0.7784920307,0.7784920307,2.849861125
62.7,-0.3446429232,0.849515463,0.849515463,2.830986086
62.725,-0.3855839923,0.9199891307,0.9199891307,2.805848124
62.75,-0.4257792916,0.9897542827,0.9897542827,2.774281567
62.775,-0.4651510781,1.058648694,1.058648694,2.736175201
62.8,-0.5036232016,1.1265081,1.1265081,2.691477871
62.825,-0.5411212521,1.193167755,1.193167755,2.640202961
62.85,-0.5775727034,1.258464091,1.258464091,2.582431525
62.875,-0.6129070537,1.322236427,1.322236427,2.51831385
62.9,-0.6470559616,1.384328707,1.384328707,2.448069314
62.925,-0.6799533787,1.444591206,1.444591206,2.371984465
62.95,-0.7115356772,1.502882162,1.502882162,2.290409314
62.975,-0.7417417727,1.559069305,1.559069305,2.203751937
63,-0.7705132428,1.613031222,1.613031222,2.112471544
63.025,-0.7977944395,1.664658532,1.664658532,2.017070268
63.05,-0.8235325976,1.713854854,1.713854854,1.918083978
63.075,-0.8476779361,1.760537517,1.760537517,1.816072422
63.1,-0.8701837547,1.804638041,1.804638041,1.711609017
63.125,-0.8910065242,1.846102348,1.846102348,1.605270922
63.15,-0.9101059707,1.884890728,1.884890728,1.497629147
63.175,-0.9274451533,1.92097758,1.92097758,1.389239739
63.2,-0.9429905359,1.954350935,1.954350935,1.280635695
63.225,-0.9567120516,1.985011779,1.985011779,1.172320011
63.25,-0.9685831611,2.012973244,2.012973244,1.064760099
63.275,-0.9785809043,2.038259656,2.038259656,0.9583834065
63.3,-0.9866859442,2.060905491,2.060905491,0.8535743857
63.325,-0.9928826046,2.080954282,2.080954282,0.7506727243
63.35,-0.9971589003,2.098457487,2.098457487,0.6499727133
63.375,-0.9995065604,2.113473355,2.113473355,0.5517236588
63.4,-0.9999210442,2.126065819,2.126065819,0.456131178
63.425,-0.9984015501,2.136303429,2.136303429,0.3633592028
63.45,-0.994951017,2.144258335,2.144258335,0.2735325817
63.475,-0.9895761186,2.150005351,2.150005351,0.1867400756
63.5,-0.9822872507,2.153621097,2.153621097,0.1030376216
63.525,-0.973098511,2.155183211,2.155183211,0.02245176338
63.55,-0.9620276716,2.154769668,2.154769668,-0.05501689171
63.575,-0.949096145,2.152458166,2.152458166,-0.1293902659
63.6,-0.9343289425,2.14832561,2.14832561,-0.2007095253
63.625,-0.9177546257,2.142447667,2.142447667,-0.269031972
63.65,-0.8994052516,2.1348984,2.1348984,-0.3344281528
63.675,-0.8793163102,2.125749971,2.125749971,-0.3969792086
63.7,-0.8575266562,2.115072406,2.115072406,-0.4567744792
63.725,-0.8340784336,2.102933418,2.102933418,-0.5139093666
63.75,-0.8090169944,2.089398278,2.089398278,-0.5684834521
63.775,-0.7823908106,2.074529735,2.074529735,-0.6205988576
63.8,-0.7542513807,2.058387964,2.058387964,-0.6703588405
63.825,-0.7246531302,2.041030561,2.041030561,-0.7178666007
63.85,-0.6936533058,2.022512551,2.022512551,-0.7632242866
63.875,-0.6613118653,2.002886427,2.002886427,-0.8065321723
63.9,-0.6276913613,1.982202209,1.982202209,-0.8478879984
63.925,-0.5928568202,1.960507505,1.960507505,-0.8873864503
63.95,-0.5568756165,1.937847603,1.937847603,-0.9251187562
63.975,-0.5198173426,1.914265555,1.914265555,-0.96117239
64,-0.4817536741,1.889802275,1.889802275,-0.9956308669
64.025,-0.442758231,1.864496641,1.864496641,-1.02857361
64.05,-0.4029064357,1.838385597,1.838385597,-1.060075884
64.075,-0.3622753667,1.811504257,1.811504257,-1.090208776
64.1,-0.3209436098,1.783886011,1.783886011,-1.119039226
64.125,-0.278991106,1.755562625,1.755562625,-1.146630082
64.15,-0.236498997,1.726564346,1.726564346,-1.173040191
64.175,-0.1935494681,1.696919996,1.696919996,-1.198324502
64.2,-0.1502255891,1.666657075,1.666657075,-1.22253419
64.225,-0.1066111543,1.635801845,1.635801845,-1.245716785
64.25,-0.06279051953,1.604379427,1.604379427,-1.267916314
64.275,-0.01884843972,1.572413881,1.572413881,-1.28917344
64.3,0.02513009544,1.539928295,1.539928295,-1.309525607
64.325,0.06906002571,1.506944855,1.506944855,-1.329007185
64.35,0.1128563849,1.473484928,1.473484928,-1.347649603
64.375,0.156434465,1.439569129,1.439569129,-1.365481496
64.4,0.1997099805,1.40521739,1.40521739,-1.382528824
64.425,0.2425992308,1.37044903,1.37044903,-1.398815018
64.45,0.2850192625,1.335282807,1.335282807,-1.414361082
64.475,0.3268880297,1.299736987,1.299736987,-1.429185725
64.5,0.3681245527,1.263829394,1.263829394,-1.443305464
64.525,0.4086490747,1.227577467,1.227577467,-1.456734732
64.55,0.4483832161,1.190998307,1.190998307,-1.469485984
64.575,0.4872501257,1.154108729,1.154108729,-1.481569783
64.6,0.52517463,1.116925307,1.116925307,-1.492994904
64.625,0.5620833779,1.079464414,1.079464414,-1.503768411
64.65,0.5979049831,1.04174227,1.04174227,-1.513895752
64.675,0.6325701619,1.003774978,1.003774978,-1.523380836
64.7,0.6660118674,0.9655785596,0.9655785596,-1.532226112
64.725,0.698165419,0.9271689949,0.9271689949,-1.540432655
64.75,0.7289686274,0.8885622512,0.8885622512,-1.548000237
64.775,0.7583619153,0.8497743194,0.8497743194,-1.554927411
64.8,0.7862884321,0.8108212387,0.8108212387,-1.561211589
64.825,0.8126941644,0.7717191283,0.7717191283,-1.566849117
64.85,0.83752804,0.7324842101,0.7324842101,-1.571835369
64.875,0.860742027,0.6931328329,0.6931328329,-1.576164816
64.9,0.8822912264,0.6536814952,0.6536814952,-1.579831134
64.925,0.9021339594,0.6141468609,0.6141468609,-1.582827274
64.95,0.9202318474,0.5745457799,0.5745457799,-1.585145576
64.975,0.9365498867,0.5348952989,0.5348952989,-1.586777859
65,0.9510565163,0.4952126753,0.4952126753,-1.587715526
65.025,0.9637236783,0.4555153852,0.4555153852,-1.587949685
65.05,0.9745268728,0.4158211293,0.4158211293,-1.587471249
65.075,0.983445205,0.3761478373,0.3761478373,-1.586271069
65.1,0.9904614257,0.3365136662,0.3365136662,-1.584340054
65.125,0.9955619646,0.2969369992,0.2969369992,-1.5816693
65.15,0.9987369566,0.2574364373,0.2574364373,-1.578250235
65.175,0.9999802609,0.2180307912,0.2180307912,-1.574074743
65.2,0.9992894726,0.1787390665,0.1787390665,-1.569135321
65.225,0.996665928,0.1395804478,0.1395804478,-1.563425214
65.25,0.9921147013,0.1005742772,0.1005742772,-1.556938569
65.275,0.9856445951,0.06174003091,0.06174003091,-1.549670576
65.3,0.9772681236,0.02309729024,0.02309729024,-1.541617618
65.325,0.9670014878,-0.01533428922,-0.01533428922,-1.532777414
65.35,0.9548645447,-0.05353501297,-0.05353501297,-1.523149161
65.375,0.940880769,-0.09148518638,-0.09148518638,-1.512733663
65.4,0.9250772068,-0.1291651565,-0.1291651565,-1.501533469
65.425,0.9074844245,-0.1665553569,-0.1665553569,-1.489552983
65.45,0.8881364488,-0.2036363557,-0.2036363557,-1.476798578
65.475,0.8670707012,-0.2403889061,-0.2403889061,-1.463278689
65.5,0.8443279255,-0.2767939988,-0.2767939988,-1.449003899
65.525,0.8199521093,-0.3128329162,-0.3128329162,-1.433987004
65.55,0.7939903986,-0.3484872896,-0.3484872896,-1.418243061
65.575,0.7664930068,-0.3837391545,-0.3837391545,-1.401789424
65.6,0.7375131174,-0.4185710098,-0.4185710098,-1.384645747
65.625,0.7071067812,-0.4529658739,-0.4529658739,-1.366833984
65.65,0.6753328081,-0.4869073428,-0.4869073428,-1.348378352
65.675,0.6422526532,-0.5203796456,-0.5203796456,-1.329305278
65.7,0.6079302977,-0.5533676988,-0.5533676988,-1.309643327
65.725,0.5724321256,-0.5858571592,-0.5858571592,-1.289423104
65.75,0.535826795,-0.6178344723,-0.6178344723,-1.268677136
65.775,0.4981851053,-0.6492869202,-0.6492869202,-1.247439727
65.8,0.4595798606,-0.6802026623,-0.6802026623,-1.225746808
65.825,0.4200857284,-0.7105707758,-0.7105707758,-1.203635752
65.85,0.3797790955,-0.7403812871,-0.7403812871,-1.181145187
65.875,0.3387379202,-0.7696252028,-0.7696252028,-1.158314774
65.9,0.2970415816,-0.7982945311,-0.7982945311,-1.135185007
65.925,0.2547707257,-0.8263823006,-0.8263823006,-1.111796954
65.95,0.2120071099,-0.8538825717,-0.8538825717,-1.088192041
65.975,0.1688334447,-0.8807904415,-0.8807904415,-1.064411792
66,0.1253332336,-0.907102045,-0.907102045,-1.040497587
66.025,0.08159061157,-0.9328145463,-0.9328145463,-1.016490414
66.05,0.03769018267,-0.9579261272,-0.9579261272,-0.9924306148
66.075,-0.006283143966,-0.982435968,-0.982435968,-0.9683576639
66.1,-0.05024431818,-1.006344221,-1.006344221,-0.9443099065
66.125,-0.09410831332,-1.029651982,-1.029651982,-0.9203243661
66.15,-0.1377902907,-1.052361254,-1.052361254,-0.8964365069
66.175,-0.1812057636,-1.074474903,-1.074474903,-0.8726800509
66.2,-0.2242707609,-1.095996617,-1.095996617,-0.8490867913
66.225,-0.2669019893,-1.11693085,-1.11693085,-0.8256864206
66.25,-0.3090169944,-1.137282775,-1.137282775,-0.802506393
66.275,-0.3505343202,-1.157058216,-1.157058216,-0.7795717813
66.3,-0.3913736668,-1.176263598,-1.176263598,-0.7569051802
66.325,-0.4314560457,-1.194905876,-1.194905876,-0.7345266032
66.35,-0.4707039322,-1.212992474,-1.212992474,-0.712453421
66.375,-0.5090414158,-1.230531215,-1.230531215,-0.6907003045
66.4,-0.5463943467,-1.247530256,-1.247530256,-0.6692791951
66.425,-0.5826904797,-1.263998019,-1.263998019,-0.6481992933
66.45,-0.6178596131,-1.279943119,-1.279943119,-0.6274670604
66.475,-0.6518337253,-1.295374301,-1.295374301,-0.6070862467
66.5,-0.6845471059,-1.310300369,-1.310300369,-0.5870579257
66.525,-0.715936483,-1.324730123,-1.324730123,-0.5673805542
66.55,-0.7459411454,-1.338672288,-1.338672288,-0.5480500387
66.575,-0.7745030602,-1.352135461,-1.352135461,-0.5290598189
66.6,-0.8015669849,-1.365128041,-1.365128041,-0.5104009664
66.625,-0.8270805743,-1.377658178,-1.377658178,-0.4920622816
66.65,-0.8509944818,-1.389733713,-1.389733713,-0.4740304229
66.675,-0.8732624548,-1.401362128,-1.401362128,-0.4562900138
66.7,-0.8938414242,-1.412550499,-1.412550499,-0.4388237899
66.725,-0.9126915874,-1.423305444,-1.423305444,-0.4216127226
66.75,-0.9297764859,-1.43363309,-1.43363309,-0.4046361666
66.775,-0.9450630752,-1.443539023,-1.443539023,-0.3878720076
66.8,-0.958521789,-1.453028265,-1.453028265,-0.3712967964
66.825,-0.9701265965,-1.462105233,-1.462105233,-0.3548859179
66.85,-0.9798550524,-1.470773717,-1.470773717,-0.3386137177
66.875,-0.9876883406,-1.479036854,-1.479036854,-0.3224536658
66.9,-0.9936113105,-1.486897107,-1.486897107,-0.3063784996
66.925,-0.9976125064,-1.494356254,-1.494356254,-0.2903603585
66.95,-0.9996841893,-1.501415365,-1.501415365,-0.2743709451
66.975,-0.9998223524,-1.508074802,-1.508074802,-0.2583816389
67,-0.9980267284,-1.514334208,-1.514334208,-0.2423636459
67.025,-0.9943007904,-1.520192505,-1.520192505,-0.226288121
67.05,-0.9886517447,-1.525647895,-1.525647895,-0.2101262831
67.075,-0.9810905174,-1.530697861,-1.530697861,-0.193849545
67.1,-0.9716317329,-1.535339178,-1.535339178,-0.177429605
67.125,-0.9602936857,-1.539567916,-1.539567916,-0.1608385625
67.15,-0.947098305,-1.543379452,-1.543379452,-0.1440490034
67.175,-0.9320711125,-1.546768488,-1.546768488,-0.1270340909
67.2,-0.9152411726,-1.54972906,-1.54972906,-0.1097676424
67.225,-0.8966410368,-1.552254561,-1.552254561,-0.09222419902
67.25,-0.87630668,-1.554337756,-1.554337756,-0.07437908937
67.275,-0.8542774317,-1.555970803,-1.555970803,-0.05620848105
67.3,-0.8305958992,-1.557145276,-1.557145276,-0.03768942752
67.325,-0.8053078857,-1.557852187,-1.557852187,-0.0187999038
67.35,-0.7784623016,-1.558082008,-1.558082008,0.0004811645529
67.375,-0.7501110696,-1.557824698,-1.557824698,0.02017388099
67.4,-0.7203090249,-1.557069724,-1.557069724,0.04029736566
67.425,-0.6891138084,-1.555806089,-1.555806089,0.06086975068
67.45,-0.6565857558,-1.554022353,-1.554022353,0.08190818246
67.475,-0.6227877805,-1.551706661,-1.551706661,0.1034288318
67.5,-0.5877852523,-1.548846766,-1.548846766,0.1254469104
67.525,-0.5516458706,-1.545430051,-1.545430051,0.1479766927
67.55,-0.5144395338,-1.541443555,-1.541443555,0.1710315461
67.575,-0.4762382037,-1.536873994,-1.536873994,0.1946239632
67.6,-0.4371157667,-1.53170778,-1.53170778,0.2187656008
67.625,-0.3971478906,-1.525931046,-1.525931046,0.2434673257
67.65,-0.3564118787,-1.519529661,-1.519529661,0.2687392531
67.675,-0.3149865197,-1.512489253,-1.512489253,0.2945908093
67.7,-0.2729519355,-1.504795218,-1.504795218,0.3210307735
67.725,-0.2303894267,-1.496432742,-1.496432742,0.3480673282
67.75,-0.1873813146,-1.487386816,-1.487386816,0.3757081315
67.775,-0.1440107826,-1.477642241,-1.477642241,0.4039603549
67.8,-0.1003617149,-1.467183646,-1.467183646,0.4328307393
67.825,-0.05651853448,-1.455995499,-1.455995499,0.462325662
67.85,-0.01256603988,-1.444062108,-1.444062108,0.4924511753
67.875,0.03141075908,-1.431367637,-1.431367637,0.5232130548
67.9,0.07532680553,-1.417896106,-1.417896106,0.5546168545
67.925,0.1190971601,-1.4036314,-1.4036314,0.586667938
67.95,0.1626371652,-1.388557272,-1.388557272,0.6193715142
67.975,0.2058626088,-1.372657345,-1.372657345,0.6527326699
68,0.2486898872,-1.355915117,-1.355915117,0.686756386
68.025,0.2910361668,-1.338313963,-1.338313963,0.7214475506
68.05,0.3328195445,-1.319837138,-1.319837138,0.7568109595
68.075,0.3739592057,-1.300467774,-1.300467774,0.7928513089
68.1,0.414375581,-1.280188893,-1.280188893,0.8295731727
68.125,0.4539904997,-1.2589834,-1.2589834,0.866980958
68.15,0.4927273415,-1.236834094,-1.236834094,0.9050788656
68.175,0.5305111843,-1.213723672,-1.213723672,0.9438708158
68.2,0.5672689491,-1.18963474,-1.18963474,0.9833603369
68.225,0.6029295417,-1.164549817,-1.164549817,1.023550485
68.25,0.6374239897,-1.138451355,-1.138451355,1.064443712
68.275,0.6706855765,-1.111321758,-1.111321758,1.106041631
68.3,0.7026499698,-1.083143397,-1.083143397,1.148344913
68.325,0.7332553462,-1.053898638,-1.053898638,1.191353035
68.35,0.762442511,-1.023569887,-1.023569887,1.235063963
68.375,0.7901550124,-0.9921396156,-0.9921396156,1.279473924
68.4,0.8163392507,-0.9595904129,-0.9595904129,1.324577052
68.425,0.8409445823,-0.9259050553,-0.9259050553,1.370364924
68.45,0.8639234172,-0.8910665552,-0.8910665552,1.416826229
68.475,0.8852313113,-0.8550582528,-0.8550582528,1.463946217
68.5,0.9048270525,-0.8178639108,-0.8178639108,1.511706119
68.525,0.9226727399,-0.779467807,-0.779467807,1.560082631
68.55,0.9387338577,-0.7398548773,-0.7398548773,1.609047129
68.575,0.9529793415,-0.6990108375,-0.6990108375,1.65856502
68.6,0.9653816388,-0.6569223577,-0.6569223577,1.708594878
68.625,0.9759167619,-0.6135772342,-0.6135772342,1.759087594
68.65,0.9845643345,-0.5689645994,-0.5689645994,1.809985423
68.675,0.9913076311,-0.5230751455,-0.5230751455,1.86122098
68.7,0.9961336091,-0.4759013836,-0.4759013836,1.91271617
68.725,0.9990329347,-0.427437919,-0.427437919,1.964381073
68.75,1,-0.3776817695,-0.3776817695,2.016112775
68.775,0.9990329347,-0.3266326953,-0.3266326953,2.0677942
68.8,0.9961336091,-0.2742935772,-0.2742935772,2.119292901
68.825,0.9913076311,-0.2206708098,-0.2206708098,2.170459906
68.85,0.9845643345,-0.1657747294,-0.1657747294,2.221128596
68.875,0.9759167619,-0.109620071,-0.109620071,2.27111367
68.9,0.9653816388,-0.05222644434,-0.05222644434,2.320210262
68.925,0.9529793415,0.006381167387,0.006381167387,2.368193222
68.95,0.9387338577,0.06617189314,0.06617189314,2.414816657
68.975,0.9226727399,0.1271084532,0.1271084532,2.459813769
69,0.9048270525,0.1891466388,0.1891466388,2.502897082
69.025,0.8852313113,0.252234802,0.252234802,2.543759106
69.05,0.8639234172,0.3163133694,0.3163133694,2.582073546
69.075,0.8409445823,0.3813143924,0.3813143924,2.617497087
69.1,0.8163392507,0.4471611537,0.4471611537,2.649671856
69.125,0.7901550124,0.5137678376,0.5137678376,2.678228616
69.15,0.762442511,0.5810392958,0.5810392958,2.702790665
69.175,0.7332553462,0.6488709186,0.6488709186,2.722978572
69.2,0.7026499698,0.7171486317,0.7171486317,2.738415633
69.225,0.6706855765,0.7857490407,0.7857490407,2.748734033
69.25,0.6374239897,0.854539737,0.854539737,2.753581646
69.275,0.6029295417,0.9233797815,0.9233797815,2.752629341
69.3,0.5672689491,0.9921203727,0.9921203727,2.745578579
69.325,0.5305111843,1.060605709,1.060605709,2.732169138
69.35,0.4927273415,1.12867404,1.12867404,2.712186683
69.375,0.4539904997,1.196158907,1.196158907,2.685469917
69.4,0.414375581,1.26289055,1.26289055,2.65191701
69.425,0.3739592057,1.328697463,1.328697463,2.611491009
69.45,0.3328195445,1.393408071,1.393408071,2.564223952
69.475,0.2910361668,1.456852494,1.456852494,2.510219437
69.5,0.2486898872,1.518864344,1.518864344,2.449653461
69.525,0.2058626088,1.579282531,1.579282531,2.382773404
69.55,0.1626371652,1.637953012,1.637953012,2.309895118
69.575,0.1190971601,1.694730449,1.694730449,2.231398163
69.6,0.07532680553,1.749479724,1.749479724,2.147719325
69.625,0.03141075908,1.802077272,1.802077272,2.059344644
69.65,-0.01256603988,1.8524122,1.8524122,1.966800242
69.675,-0.05651853448,1.900387166,1.900387166,1.8706423
69.7,-0.1003617149,1.945918996,1.945918996,1.771446458
69.725,-0.1440107826,1.988939044,1.988939044,1.669797245
69.75,-0.1873813146,2.029393276,2.029393276,1.566277697
69.775,-0.2303894267,2.067242113,2.067242113,1.461459528
69.8,-0.2729519355,2.102460035,2.102460035,1.355894339
69.825,-0.3149865197,2.135034978,2.135034978,1.2501058
69.85,-0.3564118787,2.164967552,2.164967552,1.14458318
69.875,-0.3971478906,2.192270113,2.192270113,1.039776247
69.9,-0.4371157667,2.216965729,2.216965729,0.9360915287
69.925,-0.4762382037,2.239087062,2.239087062,0.8338899341
69.95,-0.5144395338,2.258675216,2.258675216,0.7334856463
69.975,-0.5516458706,2.275778564,2.275778564,0.6351461519
70,-0.5877852523,2.290451591,2.290451591,0.5390932596
70.025,-0.6227877805,2.302753776,2.302753776,0.4455049468
70.05,-0.6565857558,2.312748526,2.312748526,0.3545178701
70.075,-0.6891138084,2.320502176,2.320502176,0.2662303583
70.1,-0.7203090249,2.326083077,2.326083077,0.1807057302
70.125,-0.7501110696,2.32956076,2.32956076,0.09797584515
70.15,-0.7784623016,2.331005198,2.331005198,0.01804468818
70.175,-0.8053078857,2.330486153,2.330486153,-0.05910805066
70.2,-0.8305958992,2.328072611,2.328072611,-0.1335235116
70.225,-0.8542774317,2.323832304,2.323832304,-0.2052603734
70.25,-0.87630668,2.317831308,2.317831308,-0.2743917797
70.275,-0.8966410368,2.310133723,2.310133723,-0.3410025158
70.3,-0.9152411726,2.300801407,2.300801407,-0.4051864492
70.325,-0.9320711125,2.289893786,2.289893786,-0.4670442452
70.35,-0.947098305,2.277467702,2.277467702,-0.52668135
70.375,-0.9602936857,2.263577321,2.263577321,-0.5842062365
70.4,-0.9716317329,2.248274075,2.248274075,-0.6397288956
70.425,-0.9810905174,2.231606642,2.231606642,-0.6933595572
70.45,-0.9886517447,2.213620952,2.213620952,-0.7452076212
70.475,-0.9943007904,2.194360218,2.194360218,-0.7953807779
70.5,-0.9980267284,2.173864992,2.173864992,-0.8439842946
70.525,-0.9998223524,2.152173231,2.152173231,-0.8911204527
70.55,-0.9996841893,2.129320373,2.129320373,-0.9368881115
70.575,-0.9976125064,2.105339435,2.105339435,-0.9813823843
70.6,-0.9936113105,2.080261105,2.080261105,-1.024694405
70.625,-0.9876883406,2.054113841,2.054113841,-1.066911174
70.65,-0.9798550524,2.026923982,2.026923982,-1.108115469
70.675,-0.9701265965,1.99871585,1.99871585,-1.148385802
70.7,-0.958521789,1.969511855,1.969511855,-1.187796423
70.725,-0.9450630752,1.939332608,1.939332608,-1.226417352
70.75,-0.9297764859,1.908197019,1.908197019,-1.264314429
70.775,-0.9126915874,1.876122403,1.876122403,-1.301549379
70.8,-0.8938414242,1.843124586,1.843124586,-1.338179892
70.825,-0.8732624548,1.809217996,1.809217996,-1.374259695
70.85,-0.8509944818,1.774415774,1.774415774,-1.409838626
70.875,-0.8270805743,1.738729854,1.738729854,-1.444962702
70.9,-0.8015669849,1.702171076,1.702171076,-1.479674171
70.925,-0.7745030602,1.664749262,1.664749262,-1.514011556
70.95,-0.7459411454,1.626473324,1.626473324,-1.548009676
70.975,-0.715936483,1.587351345,1.587351345,-1.581699655
71,-0.6845471059,1.54739068,1.54739068,-1.615108898
71.025,-0.6518337253,1.506598042,1.506598042,-1.64826106
71.05,-0.6178596131,1.464979602,1.464979602,-1.681175973
71.075,-0.5826904797,1.422541087,1.422541087,-1.713869555
71.1,-0.5463943467,1.379287869,1.379287869,-1.746353699
71.125,-0.5090414158,1.335225082,1.335225082,-1.778636108
71.15,-0.4707039322,1.290357715,1.290357715,-1.810720143
71.175,-0.4314560457,1.244690736,1.244690736,-1.842604594
71.2,-0.3913736668,1.198229198,1.198229198,-1.874283459
71.225,-0.3505343202,1.150978367,1.150978367,-1.905745679
71.25,-0.3090169944,1.102943855,1.102943855,-1.936974835
71.275,-0.2669019893,1.054131749,1.054131749,-1.967948859
71.3,-0.2242707609,1.00454877,1.00454877,-1.998639652
71.325,-0.1812057636,0.9542024119,0.9542024119,-2.02901277
71.35,-0.1377902907,0.9031011203,0.9031011203,-2.059027008
71.375,-0.09410831332,0.8512544531,0.8512544531,-2.088634038
71.4,-0.05024431818,0.798673275,0.798673275,-2.117778005
71.425,-0.006283143966,0.7453699409,0.7453699409,-2.146395143
71.45,0.03769018267,0.6913585061,0.6913585061,-2.1744134
71.475,0.08159061157,0.6366549316,0.6366549316,-2.201752085
71.5,0.1253332336,0.5812773094,0.5812773094,-2.228321555
71.525,0.1688334447,0.525246085,0.525246085,-2.254022957
71.55,0.2120071099,0.4685842952,0.4685842952,-2.278748024
71.575,0.2547707257,0.4113177987,0.4113177987,-2.302378974
71.6,0.2970415816,0.3534755224,0.3534755224,-2.324788507
71.625,0.3387379202,0.2950896887,0.2950896887,-2.345839918
71.65,0.3797790955,0.2361960568,0.2361960568,-2.365387384
71.675,0.4200857284,0.1768341381,0.1768341381,-2.383276386
71.7,0.4595798606,0.1170474104,0.1170474104,-2.399344362
71.725,0.4981851053,0.05688350836,0.05688350836,-2.413421533
71.75,0.535826795,-0.003605611465,-0.003605611465,-2.425331994
71.775,0.5724321256,-0.06436353051,-0.06436353051,-2.434895031
71.8,0.6079302977,-0.1253292686,-0.1253292686,-2.441926696
71.825,0.6422526532,-0.1864372257,-0.1864372257,-2.446241649
71.85,0.6753328081,-0.2476171724,-0.2476171724,-2.447655264
71.875,0.7071067812,-0.3087942965,-0.3087942965,-2.445985966
71.9,0.7375131174,-0.3698893113,-0.3698893113,-2.441057803
71.925,0.7664930068,-0.4308186299,-0.4308186299,-2.432703217
71.95,0.7939903986,-0.4914946124,-0.4914946124,-2.420765965
71.975,0.8199521093,-0.5518258852,-0.5518258852,-2.405104133
72,0.8443279255,-0.6117177377,-0.6117177377,-2.385593186
72.025,0.8670707012,-0.6710725944,-0.6710725944,-2.362128981
72.05,0.8881364488,-0.7297905616,-0.7297905616,-2.334630653
72.075,0.9074844245,-0.7877700436,-0.7877700436,-2.303043299
72.1,0.9250772068,-0.8449084216,-0.8449084216,-2.267340349
72.125,0.940880769,-0.9011027874,-0.9011027874,-2.227525569
72.15,0.9548645447,-0.9562507225,-0.9562507225,-2.183634585
72.175,0.9670014878,-1.010251109,-1.010251109,-2.135735875
72.2,0.9772681236,-1.063004957,-1.063004957,-2.083931168
72.225,0.9856445951,-1.114416232,-1.114416232,-2.028355199
72.25,0.9921147013,-1.164392672,-1.164392672,-1.969174828
72.275,0.996665928,-1.212846574,-1.212846574,-1.906587491
72.3,0.9992894726,-1.25969553,-1.25969553,-1.840819035
72.325,0.9999802609,-1.304863106,-1.304863106,-1.772120991
72.35,0.9987369566,-1.348279444,-1.348279444,-1.70076733
72.375,0.9955619646,-1.389881778,-1.389881778,-1.627050791
72.4,0.9904614257,-1.429614853,-1.429614853,-1.551278925
72.425,0.983445205,-1.467431246,-1.467431246,-1.473769931
72.45,0.9745268728,-1.503291577,-1.503291577,-1.394848334
72.475,0.9637236783,-1.537164615,-1.537164615,-1.314840853
72.5,0.9510565163,-1.569027277,-1.569027277,-1.234072149
72.525,0.9365498867,-1.598864539,-1.598864539,-1.152861122
72.55,0.9202318474,-1.626669229,-1.626669229,-1.071517159
72.575,0.9021339594,-1.652441768,-1.652441768,-0.9903371511
72.6,0.8822912264,-1.676189804,-1.676189804,-0.9096025833
72.625,0.860742027,-1.697927813,-1.697927813,-0.8295773739
72.65,0.83752804,-1.717676627,-1.717676627,-0.7505060053
72.675,0.8126941644,-1.735462932,-1.735462932,-0.6726122366
72.7,0.7862884321,-1.751318744,-1.751318744,-0.5960982329
72.725,0.7583619153,-1.76528085,-1.76528085,-0.5211441428
72.75,0.7289686274,-1.777390273,-1.777390273,-0.4479080654
72.775,0.698165419,-1.787691713,-1.787691713,-0.3765263767
72.8,0.6660118674,-1.796233011,-1.796233011,-0.3071143513
72.825,0.6325701619,-1.803064641,-1.803064641,-0.2397670324
72.85,0.5979049831,-1.808239206,-1.808239206,-0.1745603236
72.875,0.5620833779,-1.811810983,-1.811810983,-0.1115522023
72.9,0.52517463,-1.813835487,-1.813835487,-0.05078406743
72.925,0.4872501257,-1.814369076,-1.814369076,0.007717859889
72.95,0.4483832161,-1.813468587,-1.813468587,0.06394110498
72.975,0.4086490747,-1.811191014,-1.811191014,0.1178855081
73,0.3681245527,-1.807593215,-1.807593215,0.1695618231
73.025,0.3268880297,-1.802731656,-1.802731656,0.2189903641
73.05,0.2850192625,-1.796662192,-1.796662192,0.2661997207
73.075,0.2425992308,-1.789439868,-1.789439868,0.3112255524
73.1,0.1997099805,-1.781118765,-1.781118765,0.3541094659
73.125,0.156434465,-1.771751858,-1.771751858,0.3948979877
73.15,0.1128563849,-1.761390907,-1.761390907,0.4336416355
73.175,0.06906002571,-1.75008637,-1.75008637,0.4703940762
73.2,0.02513009544,-1.73788733,-1.73788733,0.5052113778
73.225,-0.01884843972,-1.724841445,-1.724841445,0.5381513615
73.25,-0.06279051953,-1.710994915,-1.710994915,0.5692730189
73.275,-0.1066111543,-1.69639245,-1.69639245,0.5986360268
73.3,-0.1502255891,-1.681077269,-1.681077269,0.6263003264
73.325,-0.1935494681,-1.665091091,-1.665091091,0.6523257674
73.35,-0.236498997,-1.648474142,-1.648474142,0.6767718253
73.375,-0.278991106,-1.63126517,-1.63126517,0.6996973564
73.4,-0.3209436098,-1.613501461,-1.613501461,0.7211604214
73.425,-0.3622753667,-1.59521886,-1.59521886,0.7412181348
73.45,-0.4029064357,-1.576451798,-1.576451798,0.7599265656
73.475,-0.442758231,-1.557233318,-1.557233318,0.7773406659
73.5,-0.4817536741,-1.537595103,-1.537595103,0.7935142253
73.525,-0.5198173426,-1.517567505,-1.517567505,0.8084998566
73.55,-0.5568756165,-1.49717958,-1.49717958,0.8223489986
73.575,-0.5928568202,-1.476459107,-1.476459107,0.8351119333
73.6,-0.6276913613,-1.455432625,-1.455432625,0.8468378194
73.625,-0.6613118653,-1.434125457,-1.434125457,0.8575747439
73.65,-0.6936533058,-1.412561737,-1.412561737,0.867369766
73.675,-0.7246531302,-1.390764433,-1.390764433,0.8762689823
73.7,-0.7542513807,-1.368755376,-1.368755376,0.8843175942
73.725,-0.7823908106,-1.346555272,-1.346555272,0.8915599653
73.75,-0.8090169944,-1.324183733,-1.324183733,0.8980397016
73.775,-0.8340784336,-1.301659285,-1.301659285,0.9037997107
73.8,-0.8575266562,-1.278999392,-1.278999392,0.9088822709
73.825,-0.8793163102,-1.256220469,-1.256220469,0.9133291013
73.85,-0.8994052516,-1.233337891,-1.233337891,0.9171814135
73.875,-0.9177546257,-1.210366013,-1.210366013,0.9204799797
73.9,-0.9343289425,-1.18731817,-1.18731817,0.9232651792
73.925,-0.949096145,-1.164206698,-1.164206698,0.925577048
73.95,-0.9620276716,-1.141042931,-1.141042931,0.9274553265
73.975,-0.973098511,-1.117837216,-1.117837216,0.9289394899
74,-0.9822872507,-1.094598914,-1.094598914,0.9300687844
74.025,-0.9895761186,-1.071336409,-1.071336409,0.9308822518
74.05,-0.994951017,-1.048057109,-1.048057109,0.9314187461
74.075,-0.9984015501,-1.024767457,-1.024767457,0.931716948
74.1,-0.9999210442,-1.001472927,-1.001472927,0.9318153695
74.125,-0.9995065604,-0.9781780337,-0.9781780337,0.9317523544
74.15,-0.9971589003,-0.9548863363,-0.9548863363,0.9315660677
74.175,-0.9928826046,-0.9316004413,-0.9316004413,0.9312944851
74.2,-0.9866859442,-0.9083220079,-0.9083220079,0.9309753745
74.225,-0.9785809043,-0.8850517556,-0.8850517556,0.9306462599
74.25,-0.9685831611,-0.8617894682,-0.8617894682,0.9303443968
74.275,-0.9567120516,-0.8385340008,-0.8385340008,0.9301067375
74.3,-0.9429905359,-0.8152832904,-0.8152832904,0.9299698753
74.325,-0.9274451533,-0.7920343654,-0.7920343654,0.9299699889
74.35,-0.9101059707,-0.7687833524,-0.7687833524,0.9301428114
74.375,-0.8910065242,-0.7455254917,-0.7455254917,0.9305235502
74.4,-0.8701837547,-0.7222551534,-0.7222551534,0.9311468119
74.425,-0.8476779361,-0.6989658477,-0.6989658477,0.9320465521
74.45,-0.8235325976,-0.6756502444,-0.6756502444,0.9332559929
74.475,-0.7977944395,-0.6523001966,-0.6523001966,0.9348075229
74.5,-0.7705132428,-0.6289067554,-0.6289067554,0.9367326385
74.525,-0.7417417727,-0.6054601967,-0.6054601967,0.9390618446
74.55,-0.7115356772,-0.5819500501,-0.5819500501,0.9418245473
74.575,-0.6799533787,-0.5583651217,-0.5583651217,0.9450489782
74.6,-0.6470559616,-0.5346935283,-0.5346935283,0.948762082
74.625,-0.6129070537,-0.5109227321,-0.5109227321,0.9529894049
74.65,-0.5775727034,-0.487039572,-0.487039572,0.9577550039
74.675,-0.5411212521,-0.4630303086,-0.4630303086,0.9630813146
74.7,-0.5036232016,-0.4388806607,-0.4388806607,0.9689890504
74.725,-0.4651510781,-0.4145758531,-0.4145758531,0.9754970765
74.75,-0.4257792916,-0.3901006632,-0.3901006632,0.9826222865
74.775,-0.3855839923,-0.3654394715,-0.3654394715,0.9903794815
74.8,-0.3446429232,-0.3405763172,-0.3405763172,0.9987812326
74.825,-0.3030352696,-0.3154949527,-0.3154949527,1.007837757
74.85,-0.2608415063,-0.2901789079,-0.2901789079,1.017556771
74.875,-0.2181432414,-0.2646115503,-0.2646115503,1.02794336
74.9,-0.175023059,-0.2387761567,-0.2387761567,1.038999827
74.925,-0.1315643591,-0.212655981,-0.212655981,1.05072555
74.95,-0.08785119655,-0.1862343319,-0.1862343319,1.063116828
74.975,-0.04396811832,-0.1594946502,-0.1594946502,1.076166733
75,1.961910801e-15,-0.1324205916,-0.1324205916,1.089864948
75.025,0.04396811832,-0.1049961147,-0.1049961147,1.104197614
75.05,0.08785119655,-0.07720556923,-0.07720556923,1.119147166
75.075,0.1315643591,-0.04903379302,-0.04903379302,1.134692174
75.1,0.175023059,-0.02046620937,-0.02046620937,1.150807182
75.125,0.2181432414,0.008511070186,0.008511070186,1.167462546
75.15,0.2608415063,0.03791113894,0.03791113894,1.184624282
75.175,0.3030352696,0.06774618465,0.06774618465,1.202253906
75.2,0.3446429232,0.09802737533,0.09802737533,1.220308295
75.225,0.3855839923,0.1287647413,0.1287647413,1.238739544
75.25,0.4257792916,0.1599670542,0.1599670542,1.257494841
75.275,0.4651510781,0.1916417033,0.1916417033,1.276516358
75.3,0.5036232016,0.2237945677,0.2237945677,1.295741157
75.325,0.5411212521,0.2564298888,0.2564298888,1.31510112
75.35,0.5775727034,0.2895501404,0.2895501404,1.334522904
75.375,0.6129070537,0.3231558959,0.3231558959,1.353927934
75.4,0.6470559616,0.3572457006,0.3572457006,1.373232423
75.425,0.6799533787,0.3918159398,0.3918159398,1.392347444
75.45,0.7115356772,0.4268607123,0.4268607123,1.411179049
75.475,0.7417417727,0.4623717084,0.4623717084,1.42962843
75.5,0.7705132428,0.4983380879,0.4983380879,1.447592166
75.525,0.7977944395,0.534746373,0.534746373,1.464962503
75.55,0.8235325976,0.5715803383,0.5715803383,1.481627738
75.575,0.8476779361,0.6088209248,0.6088209248,1.497472656
75.6,0.8701837547,0.646446151,0.646446151,1.512379049
75.625,0.8910065242,0.6844310518,0.6844310518,1.526226355
75.65,0.9101059707,0.7227476242,0.7227476242,1.538892305
75.675,0.9274451533,0.7613647965,0.7613647965,1.550253759
75.7,0.9429905359,0.8002484143,0.8002484143,1.560187512
75.725,0.9567120516,0.8393612552,0.8393612552,1.568571302
75.75,0.9685831611,0.878663059,0.878663059,1.575284764
75.775,0.9785809043,0.918110595,0.918110595,1.580210569
75.8,0.9866859442,0.9576577456,0.9576577456,1.583235525
75.825,0.9928826046,0.9972556299,0.9972556299,1.584251771
75.85,0.9971589003,1.036852749,1.036852749,1.583157977
75.875,0.9995065604,1.076395162,1.076395162,1.579860535
75.9,0.9999210442,1.115826703,1.115826703,1.574274764
75.925,0.9984015501,1.155089206,1.155089206,1.56632604
75.95,0.994951017,1.194122781,1.194122781,1.555950884
75.975,0.9895761186,1.232866099,1.232866099,1.543097952
76,0.9822872507,1.271256707,1.271256707,1.527728906
76.025,0.973098511,1.309231367,1.309231367,1.509819156
76.05,0.9620276716,1.346726403,1.346726403,1.489358436
76.075,0.949096145,1.383678064,1.383678064,1.4663512
76.1,0.9343289425,1.420022899,1.420022899,1.440816824
76.125,0.9177546257,1.455698128,1.455698128,1.412789608
76.15,0.8994052516,1.49064201,1.49064201,1.382318555
76.175,0.8793163102,1.524794214,1.524794214,1.349466944
76.2,0.8575266562,1.558096157,1.558096157,1.31431169
76.225,0.8340784336,1.590491345,1.590491345,1.276942512
76.25,0.8090169944,1.621925676,1.621925676,1.237460897
76.275,0.7823908106,1.652347718,1.652347718,1.195978939
76.3,0.7542513807,1.681708962,1.681708962,1.152617985
76.325,0.7246531302,1.709964034,1.709964034,1.107507217
76.35,0.6936533058,1.737070869,1.737070869,1.060782133
76.375,0.6613118653,1.762990856,1.762990856,1.012582951
76.4,0.6276913613,1.787688927,1.787688927,0.963053079
76.425,0.5928568202,1.811133628,1.811133628,0.9123374473
76.45,0.5568756165,1.833297128,1.833297128,0.8605811023
76.475,0.5198173426,1.854155208,1.854155208,0.8079275988
76.5,0.4817536741,1.873687206,1.873687206,0.7545177485
76.525,0.442758231,1.891875933,1.891875933,0.700488304
76.55,0.4029064357,1.908707556,1.908707556,0.6459708462
76.575,0.3622753667,1.924171456,1.924171456,0.5910907952
76.6,0.3209436098,1.938260063,1.938260063,0.5359665788
76.625,0.278991106,1.950968675,1.950968675,0.4807089364
76.65,0.236498997,1.962295255,1.962295255,0.4254203964
76.675,0.1935494681,1.972240222,1.972240222,0.3701948769
76.7,0.1502255891,1.980806235,1.980806235,0.3151174476
76.725,0.1066111543,1.987997966,1.987997966,0.2602642077
76.75,0.06279051953,1.993821876,1.993821876,0.2057022928
76.775,0.01884843972,1.998285996,1.998285996,0.1514899823
76.8,-0.02513009544,2.001399704,2.001399704,0.09767690678
76.825,-0.06906002571,2.003173514,2.003173514,0.04430433002
76.85,-0.1128563849,2.003618871,2.003618871,-0.008594501796
76.875,-0.156434465,2.002747953,2.002747953,-0.06099395353
76.9,-0.1997099805,2.00057349,2.00057349,-0.1128755609
76.925,-0.2425992308,1.99710859,1.99710859,-0.1642275601
76.95,-0.2850192625,1.992366573,1.992366573,-0.2150443906
76.975,-0.3268880297,1.986360831,1.986360831,-0.2653262142
77,-0.3681245527,1.979104678,1.979104678,-0.3150783881
77.025,-0.4086490747,1.970611242,1.970611242,-0.3643110173
77.05,-0.4483832161,1.960893338,1.960893338,-0.4130384224
77.075,-0.4872501257,1.949963381,1.949963381,-0.4612787355
77.1,-0.52517463,1.937833283,1.937833283,-0.5090534127
77.125,-0.5620833779,1.924514388,1.924514388,-0.5563868525
77.15,-0.5979049831,1.910017393,1.910017393,-0.6033059821
77.175,-0.6325701619,1.894352299,1.894352299,-0.649839906
77.2,-0.6660118674,1.877528351,1.877528351,-0.6960195609
77.225,-0.698165419,1.859554003,1.859554003,-0.7418774021
77.25,-0.7289686274,1.840436882,1.840436882,-0.7874471207
77.275,-0.7583619153,1.82018376,1.82018376,-0.8327633637
77.3,-0.7862884321,1.798800532,1.798800532,-0.8778615114
77.325,-0.8126941644,1.776292203,1.776292203,-0.9227774213
77.35,-0.83752804,1.752662878,1.752662878,-0.9675472494
77.375,-0.860742027,1.727915756,1.727915756,-1.012207229
77.4,-0.8822912264,1.702053131,1.702053131,-1.056793494
77.425,-0.9021339594,1.675076396,1.675076396,-1.101341912
77.45,-0.9202318474,1.646986055,1.646986055,-1.145887876
77.475,-0.9365498867,1.617781733,1.617781733,-1.190466168
77.5,-0.9510565163,1.587462194,1.587462194,-1.235110772
77.525,-0.9637236783,1.556025366,1.556025366,-1.279854655
77.55,-0.9745268728,1.523468369,1.523468369,-1.32472963
77.575,-0.983445205,1.489787538,1.489787538,-1.369766117
77.6,-0.9904614257,1.454978476,1.454978476,-1.414992883
77.625,-0.9955619646,1.419036084,1.419036084,-1.460436862
77.65,-0.9987369566,1.381954615,1.381954615,-1.50612283
77.675,-0.9999802609,1.34372774,1.34372774,-1.552073065
77.7,-0.9992894726,1.304348597,1.304348597,-1.598307082
77.725,-0.996665928,1.263809883,1.263809883,-1.644841165
77.75,-0.9921147013,1.222103933,1.222103933,-1.691687939
77.775,-0.9856445951,1.179222807,1.179222807,-1.738855943
77.8,-0.9772681236,1.135158425,1.135158425,-1.786348974
77.825,-0.9670014878,1.089902662,1.089902662,-1.834165566
77.85,-0.9548645447,1.043447509,1.043447509,-1.882298287
77.875,-0.940880769,0.9957852299,0.9957852299,-1.930732934
77.9,-0.9250772068,0.9469085244,0.9469085244,-1.979447819
77.925,-0.9074844245,0.8968107524,0.8968107524,-2.028412747
77.95,-0.8881364488,0.8454861306,0.8454861306,-2.07758815
77.975,-0.8670707012,0.7929300048,0.7929300048,-2.126923952
78,-0.8443279255,0.7391391067,0.7391391067,-2.176358504
78.025,-0.8199521093,0.6841118734,0.6841118734,-2.225817354
78.05,-0.7939903986,0.6278487693,0.6278487693,-2.275212041
78.075,-0.7664930068,0.5703526665,0.5703526665,-2.324438775
78.1,-0.7375131174,0.5116292286,0.5116292286,-2.373377169
78.125,-0.7071067812,0.451687358,0.451687358,-2.421888902
78.15,-0.6753328081,0.3905396463,0.3905396463,-2.469816491
78.175,-0.6422526532,0.328202877,0.328202877,-2.516982076
78.2,-0.6079302977,0.2646985471,0.2646985471,-2.563186371
78.225,-0.5724321256,0.2000534099,0.2000534099,-2.608207776
78.25,-0.535826795,0.1343000469,0.1343000469,-2.651801733
78.275,-0.4981851053,0.06747744406,0.06747744406,-2.693700399
78.3,-0.4595798606,-0.0003684262766,-0.0003684262766,-2.733612716
78.325,-0.4200857284,-0.06918403027,-0.06918403027,-2.771224952
78.35,-0.3797790955,-0.1389077178,-0.1389077178,-2.806201808
78.375,-0.3387379202,-0.2094692047,-0.2094692047,-2.838188177
78.4,-0.2970415816,-0.280789107,-0.280789107,-2.866811634
78.425,-0.2547707257,-0.3527785448,-0.3527785448,-2.891685732
78.45,-0.2120071099,-0.4253388466,-0.4253388466,-2.912414106
78.475,-0.1688334447,-0.4983613587,-0.4983613587,-2.928595553
78.5,-0.1253332336,-0.5717273964,-0.5717273964,-2.939829889
78.525,-0.08159061157,-0.6453083528,-0.6453083528,-2.945724684
78.55,-0.03769018267,-0.7189659846,-0.7189659846,-2.945902759
78.575,0.006283143966,-0.7925528936,-0.7925528936,-2.940010275
78.6,0.05024431818,-0.8659132157,-0.8659132157,-2.927725241
78.625,0.09410831332,-0.9388835255,-0.9388835255,-2.908766213
78.65,0.1377902907,-1.011293958,-1.011293958,-2.882900887
78.675,0.1812057636,-1.082969541,-1.082969541,-2.849954266
78.7,0.2242707609,-1.153731722,-1.153731722,-2.809816063
78.725,0.2669019893,-1.223400066,-1.223400066,-2.762446986
78.75,0.3090169944,-1.291794096,-1.291794096,-2.707883574
78.775,0.3505343202,-1.358735231,-1.358735231,-2.646241287
78.8,0.3913736668,-1.424048777,-1.424048777,-2.577715633
78.825,0.4314560457,-1.487565918,-1.487565918,-2.502581163
78.85,0.4707039322,-1.549125662,-1.549125662,-2.421188289
78.875,0.5090414158,-1.60857667,-1.60857667,-2.333957973
78.9,0.5463943467,-1.665778936,-1.665778936,-2.241374437
78.925,0.5826904797,-1.720605257,-1.720605257,-2.143976142
78.95,0.6178596131,-1.772942463,-1.772942463,-2.042345398
78.975,0.6518337253,-1.822692374,-1.822692374,-1.937096985
79,0.6845471059,-1.869772458,-1.869772458,-1.82886627
79.025,0.715936483,-1.9141162,-1.9141162,-1.718297076
79.05,0.7459411454,-1.955673167,-1.955673167,-1.606030157
79.075,0.7745030602,-1.99440879,-1.99440879,-1.492692169
79.1,0.8015669849,-2.030303882,-2.030303882,-1.378885781
79.125,0.8270805743,-2.063353937,-2.063353937,-1.26518118
79.15,0.8509944818,-2.093568223,-2.093568223,-1.152108949
79.175,0.8732624548,-2.120968715,-2.120968715,-1.040154596
79.2,0.8938414242,-2.145588921,-2.145588921,-0.9297546727
79.225,0.9126915874,-2.167472626,-2.167472626,-0.8212944204
79.25,0.9297764859,-2.186672595,-2.186672595,-0.7151068458
79.275,0.9450630752,-2.203249265,-2.203249265,-0.611473081
79.3,0.958521789,-2.217269467,-2.217269467,-0.5106238305
79.325,0.9701265965,-2.228805195,-2.228805195,-0.4127417045
79.35,0.9798550524,-2.237932437,-2.237932437,-0.3179642757
79.375,0.9876883406,-2.244730092,-2.244730092,-0.2263876321
79.4,0.9936113105,-2.249278988,-2.249278988,-0.1380702325
79.425,0.9976125064,-2.25166098,-2.25166098,-0.05303698932
79.45,0.9996841893,-2.251958174,-2.251958174,0.02871665101
79.475,0.9998223524,-2.250252234,-2.250252234,0.1072206835
79.5,0.9980267284,-2.246623795,-2.246623795,0.1825266802
79.525,0.9943007904,-2.241151975,-2.241151975,0.2547041502
79.55,0.9886517447,-2.233913961,-2.233913961,0.3238371697
79.575,0.9810905174,-2.224984693,-2.224984693,0.3900213088
79.6,0.9716317329,-2.214436603,-2.214436603,0.4533608715
79.625,0.9602936857,-2.202339434,-2.202339434,0.5139664492
79.65,0.947098305,-2.188760108,-2.188760108,0.5719527807
79.675,0.9320711125,-2.173762646,-2.173762646,0.6274369062
79.7,0.9152411726,-2.157408133,-2.157408133,0.6805365946
79.725,0.8966410368,-2.13975471,-2.13975471,0.7313690239
79.75,0.87630668,-2.120857612,-2.120857612,0.7800496903
79.775,0.8542774317,-2.100769215,-2.100769215,0.8266915238
79.8,0.8305958992,-2.079539111,-2.079539111,0.8714041827
79.825,0.8053078857,-2.057214199,-2.057214199,0.9142935065
79.85,0.7784623016,-2.033838783,-2.033838783,0.9554611055
79.875,0.7501110696,-2.009454681,-2.009454681,0.9950040681
79.9,0.7203090249,-1.984101347,-1.984101347,1.033014764
79.925,0.6891138084,-1.957815981,-1.957815981,1.069580729
79.95,0.6565857558,-1.930633659,-1.930633659,1.104784618
79.975,0.6227877805,-1.902587451,-1.902587451,1.138704212
80,0.5877852523,-1.873708542,-1.873708542,1.171412466
80.025,0.5516458706,-1.844026353,-1.844026353,1.202977592
80.05,0.5144395338,-1.813568658,-1.813568658,1.233463161
80.075,0.4762382037,-1.782361697,-1.782361697,1.262928233
80.1,0.4371157667,-1.750430293,-1.750430293,1.29142749
80.125,0.3971478906,-1.71779795,-1.71779795,1.319011372
80.15,0.3564118787,-1.684486965,-1.684486965,1.34572623
80.175,0.3149865197,-1.650518526,-1.650518526,1.371614462
80.2,0.2729519355,-1.615912808,-1.615912808,1.396714657
80.225,0.2303894267,-1.580689068,-1.580689068,1.421061724
80.25,0.1873813146,-1.544865736,-1.544865736,1.44468702
80.275,0.1440107826,-1.508460499,-1.508460499,1.46761847
80.3,0.1003617149,-1.471490388,-1.471490388,1.489880669
80.325,0.05651853448,-1.433971863,-1.433971863,1.511494988
80.35,0.01256603988,-1.395920885,-1.395920885,1.532479653
80.375,-0.03141075908,-1.357353001,-1.357353001,1.552849831
80.4,-0.07532680553,-1.318283412,-1.318283412,1.572617692
80.425,-0.1190971601,-1.278727057,-1.278727057,1.59179247
80.45,-0.1626371652,-1.238698677,-1.238698677,1.610380513
80.475,-0.2058626088,-1.198212891,-1.198212891,1.62838532
80.5,-0.2486898872,-1.157284265,-1.157284265,1.645807581
80.525,-0.2910361668,-1.115927383,-1.115927383,1.662645203
80.55,-0.3328195445,-1.074156917,-1.074156917,1.678893331
80.575,-0.3739592057,-1.031987691,-1.031987691,1.69454437
80.6,-0.414375581,-0.9894347591,-0.9894347591,1.709588004
80.625,-0.4539904997,-0.946513461,-0.946513461,1.724011211
80.65,-0.4927273415,-0.9032394988,-0.9032394988,1.737798285
80.675,-0.5305111843,-0.8596290004,-0.8596290004,1.750930859
80.7,-0.5672689491,-0.8156985841,-0.8156985841,1.76338793
80.725,-0.6029295417,-0.771465429,-0.771465429,1.775145902
80.75,-0.6374239897,-0.726947332,-0.726947332,1.78617863
80.775,-0.6706855765,-0.682162779,-0.682162779,1.796457481
80.8,-0.7026499698,-0.6371309985,-0.6371309985,1.80595141
80.825,-0.7332553462,-0.5918720269,-0.5918720269,1.814627053
80.85,-0.762442511,-0.5464067609,-0.5464067609,1.822448845
80.875,-0.7901550124,-0.500757013,-0.500757013,1.82937915
80.9,-0.8163392507,-0.4549455614,-0.4549455614,1.835378438
80.925,-0.8409445823,-0.4089961929,-0.4089961929,1.840405455
80.95,-0.8639234172,-0.3629337466,-0.3629337466,1.844417475
80.975,-0.8852313113,-0.3167841437,-0.3167841437,1.847370519
81,-0.9048270525,-0.2705744195,-0.2705744195,1.849219672
81.025,-0.9226727399,-0.2243327389,-0.2243327389,1.849919381
81.05,-0.9387338577,-0.178088411,-0.178088411,1.849423828
81.075,-0.9529793415,-0.1318718892,-0.1318718892,1.847687304
81.1,-0.9653816388,-0.08571476385,-0.08571476385,1.844664648
81.125,-0.9759167619,-0.0396497431,-0.0396497431,1.840311688
81.15,-0.9845643345,0.006289378322,0.006289378322,1.834585733
81.175,-0.9913076311,0.05206776204,0.05206776204,1.827446081
81.2,-0.9961336091,0.09764958249,0.09764958249,1.818854544
81.225,-0.9990329347,0.1429980966,0.1429980966,1.808775998
81.25,-1,0.1880757269,0.1880757269,1.797178934
81.275,-0.9990329347,0.2328441598,0.2328441598,1.784036014
81.3,-0.9961336091,0.2772644556,0.2772644556,1.76932462
81.325,-0.9913076311,0.321297174,0.321297174,1.753027385
81.35,-0.9845643345,0.364902511,0.364902511,1.735132702
81.375,-0.9759167619,0.4080404502,0.4080404502,1.715635197
81.4,-0.9653816388,0.450670923,0.450670923,1.694536163
81.425,-0.9529793415,0.4927539796,0.4927539796,1.671843924
81.45,-0.9387338577,0.5342499709,0.5342499709,1.647574162
81.475,-0.9226727399,0.5751197336,0.5751197336,1.621750145
81.5,-0.9048270525,0.6153247823,0.6153247823,1.594402895
81.525,-0.8852313113,0.6548275062,0.6548275062,1.565571265
81.55,-0.8639234172,0.6935913626,0.6935913626,1.53530192
81.575,-0.8409445823,0.7315810721,0.7315810721,1.503649234
81.6,-0.8163392507,0.7687628102,0.7687628102,1.470675084
81.625,-0.7901550124,0.8051043881,0.8051043881,1.436448557
81.65,-0.762442511,0.8405754322,0.8405754322,1.401045559
81.675,-0.7332553462,0.875147546,0.875147546,1.364548339
81.7,-0.7026499698,0.9087944627,0.9087944627,1.327044938
81.725,-0.6706855765,0.9414921835,0.9414921835,1.28862855
81.75,-0.6374239897,0.9732190949,0.9732190949,1.249396847
81.775,-0.6029295417,1.003956076,1.003956076,1.209451213
81.8,-0.5672689491,1.033686575,1.033686575,1.168895987
81.825,-0.5305111843,1.062396682,1.062396682,1.127837623
81.85,-0.4927273415,1.090075162,1.090075162,1.086383896
81.875,-0.4539904997,1.116713484,1.116713484,1.04464304
81.9,-0.414375581,1.14230582,1.14230582,1.002722968
81.925,-0.3739592057,1.166849029,1.166849029,0.9607304389
81.95,-0.3328195445,1.190342613,1.190342613,0.9187703401
81.975,-0.2910361668,1.212788669,1.212788669,0.8769449227
82,-0.2486898872,1.234191808,1.234191808,0.8353531818
82.025,-0.2058626088,1.254559069,1.254559069,0.7940902064
82.05,-0.1626371652,1.273899815,1.273899815,0.7532466712
82.075,-0.1190971601,1.292225614,1.292225614,0.7129083307
82.1,-0.07532680553,1.309550113,1.309550113,0.6731556353
82.125,-0.03141075908,1.325888901,1.325888901,0.6340633777
82.15,0.01256603988,1.341259362,1.341259362,0.5957004393
82.175,0.05651853448,1.355680526,1.355680526,0.5581295841
82.2,0.1003617149,1.369172914,1.369172914,0.5214073323
82.225,0.1440107826,1.381758384,1.381758384,0.4855838863
82.25,0.1873813146,1.393459966,1.393459966,0.4507031213
82.275,0.2303894267,1.404301711,1.404301711,0.4168026225
82.3,0.2729519355,1.414308529,1.414308529,0.3839137767
82.325,0.3149865197,1.423506043,1.423506043,0.3520618966
82.35,0.3564118787,1.431920429,1.431920429,0.3212663935
82.375,0.3971478906,1.439578281,1.439578281,0.2915409672
82.4,0.4371157667,1.446506464,1.446506464,0.2628938352
82.425,0.4762382037,1.452731985,1.452731985,0.2353279713
82.45,0.5144395338,1.458281858,1.458281858,0.2088413669
82.475,0.5516458706,1.463182992,1.463182992,0.1834273023
82.5,0.5877852523,1.467462069,1.467462069,0.1590746211
82.525,0.6227877805,1.471145441,1.471145441,0.1357680197
82.55,0.6565857558,1.474259029,1.474259029,0.1134883203
82.575,0.6891138084,1.476828226,1.476828226,0.09221276513
82.6,0.7203090249,1.478877819,1.478877819,0.07191527982
82.625,0.7501110696,1.480431899,1.480431899,0.05256676003
82.65,0.7784623016,1.4815138,1.4815138,0.03413532166
82.675,0.8053078857,1.482146021,1.482146021,0.01658657045
82.7,0.8305958992,1.482350179,1.482350179,-0.0001161634997
82.725,0.8542774317,1.482146941,1.482146941,-0.0160115775
82.75,0.87630668,1.48155599,1.48155599,-0.03114017975
82.775,0.8966410368,1.480595972,1.480595972,-0.04554406251
82.8,0.9152411726,1.479284465,1.479284465,-0.05926671086
82.825,0.9320711125,1.477637942,1.477637942,-0.07235278383
82.85,0.947098305,1.47567175,1.47567175,-0.08484795793
82.875,0.9602936857,1.473400081,1.473400081,-0.0967987253
82.9,0.9716317329,1.470835957,1.470835957,-0.1082522413
82.925,0.9810905174,1.467991215,1.467991215,-0.1192561687
82.95,0.9886517447,1.464876495,1.464876495,-0.1298585117
82.975,0.9943007904,1.461501234,1.461501234,-0.1401074998
83,0.9980267284,1.457873663,1.457873663,-0.1500514335
83.025,0.9998223524,1.454000803,1.454000803,-0.1597385657
83.05,0.9996841893,1.449888473,1.449888473,-0.1692169938
83.075,0.9976125064,1.445541294,1.445541294,-0.1785345219
83.1,0.9936113105,1.440962693,1.440962693,-0.1877385779
83.125,0.9876883406,1.436154919,1.436154919,-0.1968761119
83.15,0.9798550524,1.431119055,1.431119055,-0.2059934804
83.175,0.9701265965,1.425855032,1.425855032,-0.2151363806
83.2,0.958521789,1.420361648,1.420361648,-0.224349764
83.225,0.9450630752,1.414636589,1.414636589,-0.2336777441
83.25,0.9297764859,1.408676446,1.408676446,-0.2431635398
83.275,0.9126915874,1.402476744,1.402476744,-0.2528494037
83.3,0.8938414242,1.396031965,1.396031965,-0.2627765518
83.325,0.8732624548,1.389335571,1.389335571,-0.2729851204
83.35,0.8509944818,1.382380038,1.382380038,-0.2835141059
83.375,0.8270805743,1.37515688,1.37515688,-0.2944013178
83.4,0.8015669849,1.367656682,1.367656682,-0.3056833446
83.425,0.7745030602,1.359869128,1.359869128,-0.3173955105
83.45,0.7459411454,1.351783038,1.351783038,-0.3295718494
83.475,0.715936483,1.343386394,1.343386394,-0.3422450787
83.5,0.6845471059,1.334666381,1.334666381,-0.3554465771
83.525,0.6518337253,1.325609413,1.325609413,-0.3692063726
83.55,0.6178596131,1.316201171,1.316201171,-0.3835531298
83.575,0.5826904797,1.306426637,1.306426637,-0.3985141463
83.6,0.5463943467,1.296270128,1.296270128,-0.4141153512
83.625,0.5090414158,1.285715329,1.285715329,-0.4303813088
83.65,0.4707039322,1.27474533,1.27474533,-0.4473352281
83.675,0.4314560457,1.263342652,1.263342652,-0.4649989712
83.7,0.3913736668,1.251489294,1.251489294,-0.4833930727
83.725,0.3505343202,1.239166753,1.239166753,-0.5025367544
83.75,0.3090169944,1.22635606,1.22635606,-0.5224479451
83.775,0.2669019893,1.21303782,1.21303782,-0.5431433073
83.8,0.2242707609,1.199192232,1.199192232,-0.5646382549
83.825,0.1812057636,1.184799125,1.184799125,-0.5869469784
83.85,0.1377902907,1.169837993,1.169837993,-0.6100824708
83.875,0.09410831332,1.154288013,1.154288013,-0.6340565438
83.9,0.05024431818,1.138128088,1.138128088,-0.6588798503
83.925,0.006283143966,1.121336865,1.121336865,-0.6845618993
83.95,-0.03769018267,1.103892766,1.103892766,-0.7111110648
83.975,-0.08159061157,1.085774024,1.085774024,-0.738534591
84,-0.1253332336,1.0669587,1.0669587,-0.7668385897
84.025,-0.1688334447,1.047424716,1.047424716,-0.7960280284
84.05,-0.2120071099,1.027149888,1.027149888,-0.826106703
84.075,-0.2547707257,1.006111949,1.006111949,-0.8570772106
84.1,-0.2970415816,0.9842885831,0.9842885831,-0.8889408933
84.125,-0.3387379202,0.9616574604,0.9616574604,-0.9216977701
84.15,-0.3797790955,0.9381962624,0.9381962624,-0.9553464671
84.175,-0.4200857284,0.9138827285,0.9138827285,-0.9898840897
84.2,-0.4595798606,0.888694688,0.888694688,-1.025306114
84.225,-0.4981851053,0.8626101044,0.8626101044,-1.061606231
84.25,-0.535826795,0.8356071274,0.8356071274,-1.098776146
84.275,-0.5724321256,0.8076641356,0.8076641356,-1.136805399
84.3,-0.6079302977,0.7787598027,0.7787598027,-1.175681089
84.325,-0.6422526532,0.7488731572,0.7488731572,-1.215387607
84.35,-0.6753328081,0.7179836527,0.7179836527,-1.255906326
84.375,-0.7071067812,0.6860712552,0.6860712552,-1.297215202
84.4,-0.7375131174,0.6531165218,0.6531165218,-1.339288424
84.425,-0.7664930068,0.6191007137,0.6191007137,-1.382095903
84.45,-0.7939903986,0.5840058966,0.5840058966,-1.425602823
84.475,-0.8199521093,0.5478150766,0.5478150766,-1.469769054
84.5,-0.8443279255,0.5105123313,0.5105123313,-1.514548583
84.525,-0.8670707012,0.4720829728,0.4720829728,-1.559888839
84.55,-0.8881364488,0.4325137127,0.4325137127,-1.605730019
84.575,-0.9074844245,0.3917928601,0.3917928601,-1.652004324
84.6,-0.9250772068,0.3499105225,0.3499105225,-1.698635199
84.625,-0.940880769,0.3068588437,0.3068588437,-1.745536488
84.65,-0.9548645447,0.2626322466,0.2626322466,-1.792611614
84.675,-0.9670014878,0.2172277096,0.2172277096,-1.839752702
84.7,-0.9772681236,0.1706450585,0.1706450585,-1.886839729
84.725,-0.9856445951,0.1228872785,0.1228872785,-1.933739686
84.75,-0.9921147013,0.07396085221,0.07396085221,-1.980305771
84.775,-0.996665928,0.02387611227,0.02387611227,-2.026376666
84.8,-0.9992894726,-0.02735238814,-0.02735238814,-2.071775899
84.825,-0.9999802609,-0.07970548891,-0.07970548891,-2.11631135
84.85,-0.9987369566,-0.1331590277,-0.1331590277,-2.15977492
84.875,-0.9955619646,-0.1876834387,-0.1876834387,-2.201942429
84.9,-0.9904614257,-0.2432433521,-0.2432433521,-2.242573768
84.925,-0.983445205,-0.2997972005,-0.2997972005,-2.281413372
84.95,-0.9745268728,-0.3572968416,-0.3572968416,-2.318191055
84.975,-0.9637236783,-0.415687211,-0.415687211,-2.352623243
85,-0.9510565163,-0.4749060008,-0.4749060008,-2.384414719
85.025,-0.9365498867,-0.5348834028,-0.5348834028,-2.413260761
85.05,-0.9202318474,-0.5955418994,-0.5955418994,-2.438849934
85.075,-0.9021339594,-0.6567961349,-0.6567961349,-2.460867327
85.1,-0.8822912264,-0.7185528777,-0.7185528777,-2.478998351
85.125,-0.860742027,-0.7807110807,-0.7807110807,-2.492933107
85.15,-0.83752804,-0.8431620568,-0.8431620568,-2.50237116
85.175,-0.8126941644,-0.9057897793,-0.9057897793,-2.507026738
85.2,-0.7862884321,-0.9684713189,-0.9684713189,-2.50663425
85.225,-0.7583619153,-1.031077418,-1.031077418,-2.500953957
85.25,-0.7289686274,-1.093473207,-1.093473207,-2.489777658
85.275,-0.698165419,-1.155519063,-1.155519063,-2.472934226
85.3,-0.6660118674,-1.217071605,-1.217071605,-2.450294799
85.325,-0.6325701619,-1.277984806,-1.277984806,-2.421777412
85.35,-0.5979049831,-1.338111217,-1.338111217,-2.387350891
85.375,-0.5620833779,-1.39730328,-1.39730328,-2.347037798
85.4,-0.52517463,-1.455414689,-1.455414689,-2.300916296
85.425,-0.4872501257,-1.512301796,-1.512301796,-2.249120782
85.45,-0.4483832161,-1.567825012,-1.567825012,-2.191841217
85.475,-0.4086490747,-1.621850171,-1.621850171,-2.129321112
85.5,-0.3681245527,-1.674249832,-1.674249832,-2.061854219
85.525,-0.3268880297,-1.724904477,-1.724904477,-1.989779973
85.55,-0.2850192625,-1.773703589,-1.773703589,-1.91347787
85.575,-0.2425992308,-1.820546572,-1.820546572,-1.833360899
85.6,-0.1997099805,-1.865343498,-1.865343498,-1.749868305
85.625,-0.156434465,-1.90801567,-1.90801567,-1.663457955
85.65,-0.1128563849,-1.948495986,-1.948495986,-1.574598447
85.675,-0.06906002571,-1.986729113,-1.986729113,-1.483761294
85.7,-0.02513009544,-2.022671466,-2.022671466,-1.391413558
85.725,0.01884843972,-2.056291003,-2.056291003,-1.298010772
85.75,0.06279051953,-2.087566867,-2.087566867,-1.203990795
85.775,0.1066111543,-2.116488864,-2.116488864,-1.109768341
85.8,0.1502255891,-2.143056832,-2.143056832,-1.015730504
85.825,0.1935494681,-2.167279903,-2.167279903,-0.9222332468
85.85,0.236498997,-2.189175694,-2.189175694,-0.8295988448
85.875,0.278991106,-2.208769438,-2.208769438,-0.7381142825
85.9,0.3209436098,-2.226093092,-2.226093092,-0.6480305313
85.925,0.3622753667,-2.241184439,-2.241184439,-0.5595626143
85.95,0.4029064357,-2.254086196,-2.254086196,-0.4728903623
85.975,0.442758231,-2.264845147,-2.264845147,-0.3881597583
86,0.4817536741,-2.273511322,-2.273511322,-0.3054847409
86.025,0.5198173426,-2.280137221,-2.280137221,-0.2249493564
86.05,0.5568756165,-2.284777099,-2.284777099,-0.1466101803
86.075,0.5928568202,-2.287486303,-2.287486303,-0.07049888101
86.1,0.6276913613,-2.288320692,-2.288320692,0.00337515547
86.125,0.6613118653,-2.287336108,-2.287336108,0.07502218144
86.15,0.6936533058,-2.284587918,-2.284587918,0.1444695177
86.175,0.7246531302,-2.280130617,-2.280130617,0.2117590866
86.2,0.7542513807,-2.274017496,-2.274017496,0.2769450858
86.225,0.7823908106,-2.266300359,-2.266300359,0.3400918299
86.25,0.8090169944,-2.257029296,-2.257029296,0.4012717722
86.275,0.8340784336,-2.246252505,-2.246252505,0.460563717
86.3,0.8575266562,-2.234016148,-2.234016148,0.5180512215
86.325,0.8793163102,-2.220364257,-2.220364257,0.5738211843
86.35,0.8994052516,-2.20533866,-2.20533866,0.6279626152
86.375,0.9177546257,-2.188978947,-2.188978947,0.6805655737
86.4,0.9343289425,-2.17132245,-2.17132245,0.7317202637
86.425,0.949096145,-2.152404256,-2.152404256,0.7815162709
86.45,0.9620276716,-2.132257223,-2.132257223,0.8300419305
86.475,0.973098511,-2.110912023,-2.110912023,0.8773838121
86.5,0.9822872507,-2.088397193,-2.088397193,0.923626303
86.525,0.9895761186,-2.064739187,-2.064739187,0.9688512797
86.55,0.994951017,-2.039962448,-2.039962448,1.013137859
86.575,0.9984015501,-2.014089478,-2.014089478,1.056562207
86.6,0.9999210442,-1.987140913,-1.987140913,1.099197407
86.625,0.9995065604,-1.959135601,-1.959135601,1.141113365
86.65,0.9971589003,-1.930090682,-1.930090682,1.182376757
86.675,0.9928826046,-1.900021671,-1.900021671,1.223050988
86.7,0.9866859442,-1.86894254,-1.86894254,1.263196191
86.725,0.9785809043,-1.836865796,-1.836865796,1.302869213
86.75,0.9685831611,-1.803802567,-1.803802567,1.342123629
86.775,0.9567120516,-1.769762683,-1.769762683,1.381009742
86.8,0.9429905359,-1.734754756,-1.734754756,1.419574587
86.825,0.9274451533,-1.698786265,-1.698786265,1.457861917
86.85,0.9101059707,-1.661863635,-1.661863635,1.49591219
86.875,0.8910065242,-1.62399232,-1.62399232,1.533762525
86.9,0.8701837547,-1.585176893,-1.585176893,1.571446647
86.925,0.8476779361,-1.54542112,-1.54542112,1.60899481
86.95,0.8235325976,-1.504728062,-1.504728062,1.64643368
86.975,0.7977944395,-1.463100155,-1.463100155,1.683786213
87,0.7705132428,-1.42053931,-1.42053931,1.72107148
87.025,0.7417417727,-1.377047016,-1.377047016,1.758304459
87.05,0.7115356772,-1.332624433,-1.332624433,1.795495822
87.075,0.6799533787,-1.287272519,-1.287272519,1.832651622
87.1,0.6470559616,-1.240992137,-1.240992137,1.869773017
87.125,0.6129070537,-1.193784188,-1.193784188,1.906855891
87.15,0.5775727034,-1.145649744,-1.145649744,1.943890451
87.175,0.5411212521,-1.096590197,-1.096590197,1.980860819
87.2,0.5036232016,-1.046607424,-1.046607424,2.017744496
87.225,0.4651510781,-0.9957039393,-0.9957039393,2.054511911
87.25,0.4257792916,-0.9438831054,-0.9438831054,2.091125786
87.275,0.3855839923,-0.8911493065,-0.8911493065,2.127540614
87.3,0.3446429232,-0.837508184,-0.837508184,2.163701982
87.325,0.3030352696,-0.7829668495,-0.7829668495,2.199545973
87.35,0.2608415063,-0.7275341447,-0.7275341447,2.234998482
87.375,0.2181432414,-0.6712208923,-0.6712208923,2.269974589
87.4,0.175023059,-0.6140401853,-0.6140401853,2.304377908
87.425,0.1315643591,-0.5560076703,-0.5560076703,2.338099994
87.45,0.08785119655,-0.4971418678,-0.4971418678,2.371019789
87.475,0.04396811832,-0.4374644809,-0.4374644809,2.403003157
87.5,-1.176279908e-14,-0.3770007393,-0.3770007393,2.433902517
87.525,-0.04396811832,-0.3157797288,-0.3157797288,2.463556612
87.55,-0.08785119655,-0.25383474,-0.25383474,2.491790458
87.575,-0.1315643591,-0.1912036092,-0.1912036092,2.518415484
87.6,-0.175023059,-0.1279290507,-0.1279290507,2.543229929
87.625,-0.2181432414,-0.06405898303,-0.06405898303,2.566019516
87.65,-0.2608415063,0.0003531723362,0.0003531723362,2.586558449
87.675,-0.3030352696,0.0652482197,0.0652482197,2.604610754
87.7,-0.3446429232,0.1305609535,0.1305609535,2.619932045
87.725,-0.3855839923,0.1962199756,0.1962199756,2.632271649
87.75,-0.4257792916,0.2621475688,0.2621475688,2.641375192
87.775,-0.4651510781,0.3282596418,0.3282596418,2.646987626
87.8,-0.5036232016,0.3944657533,0.3944657533,2.648856641
87.825,-0.5411212521,0.4606692279,0.4606692279,2.646736483
87.85,-0.5775727034,0.5267673714,0.5267673714,2.640392122
87.875,-0.6129070537,0.5926517944,0.5926517944,2.629603688
87.9,-0.6470559616,0.6582088476,0.6582088476,2.61417108
87.925,-0.6799533787,0.7233201754,0.7233201754,2.593918658
87.95,-0.7115356772,0.7878633851,0.7878633851,2.568699877
87.975,-0.7417417727,0.8517128306,0.8517128306,2.538401728
88,-0.7705132428,0.9147405033,0.9147405033,2.502948816
88.025,-0.7977944395,0.9768170175,0.9768170175,2.462306941
88.05,-0.8235325976,1.037812679,1.037812679,2.416486019
88.075,-0.8476779361,1.097598615,1.097598615,2.3655422
88.1,-0.8701837547,1.156047948,1.156047948,2.309579081
88.125,-0.8910065242,1.213036988,1.213036988,2.24874791
88.15,-0.9101059707,1.268446414,1.268446414,2.183246725
88.175,-0.9274451533,1.322162421,1.322162421,2.113318438
88.2,-0.9429905359,1.374077807,1.374077807,2.039247863
88.225,-0.9567120516,1.424092975,1.424092975,1.961357784
88.25,-0.9685831611,1.472116825,1.472116825,1.880004148
88.275,-0.9785809043,1.518067511,1.518067511,1.795570567
88.3,-0.9866859442,1.56187306,1.56187306,1.708462304
88.325,-0.9928826046,1.603471838,1.603471838,1.619099843
88.35,-0.9971589003,1.642812843,1.642812843,1.527912377
88.375,-0.9995065604,1.679855846,1.679855846,1.435331434
88.4,-0.9999210442,1.714571367,1.714571367,1.34178445
88.425,-0.9984015501,1.746940504,1.746940504,1.247689215
88.45,-0.994951017,1.77695462,1.77695462,1.153448394
88.475,-0.9895761186,1.80461491,1.80461491,1.059445078
88.5,-0.9822872507,1.829931858,1.829931858,0.9660388406
88.525,-0.973098511,1.85292461,1.85292461,0.8735626853
88.55,-0.9620276716,1.873620285,1.873620285,0.7823207531
88.575,-0.949096145,1.892053223,1.892053223,0.6925867738
88.6,-0.9343289425,1.908264219,1.908264219,0.6046032804
88.625,-0.9177546257,1.922299743,1.922299743,0.5185814569
88.65,-0.8994052516,1.93421115,1.93421115,0.434701598
88.675,-0.8793163102,1.944053933,1.944053933,0.3531140409
88.7,-0.8575266562,1.951886978,1.951886978,0.2739405456
88.725,-0.8340784336,1.957771875,1.957771875,0.1972759774
88.75,-0.8090169944,1.961772273,1.961772273,0.1231902275
88.775,-0.7823908106,1.963953274,1.963953274,0.05173032001
88.8,-0.7542513807,1.964380895,1.964380895,-0.01707741356
88.825,-0.7246531302,1.963121575,1.963121575,-0.08322511825
88.85,-0.6936533058,1.96024174,1.96024174,-0.1467212224
88.875,-0.6613118653,1.955807426,1.955807426,-0.2075883089
88.9,-0.6276913613,1.949883947,1.949883947,-0.2658610824
88.925,-0.5928568202,1.942535619,1.942535619,-0.3215844594
88.95,-0.5568756165,1.933825526,1.933825526,-0.3748117947
88.975,-0.5198173426,1.92381533,1.92381533,-0.4256032608
89,-0.4817536741,1.912565117,1.912565117,-0.4740243779
89.025,-0.442758231,1.900133285,1.900133285,-0.5201446981
89.05,-0.4029064357,1.886576452,1.886576452,-0.5640366445
89.075,-0.3622753667,1.871949404,1.871949404,-0.6057744968
89.1,-0.3209436098,1.856305051,1.856305051,-0.645433507
89.125,-0.278991106,1.839694423,1.839694423,-0.6830891496
89.15,-0.236498997,1.822166663,1.822166663,-0.7188164933
89.175,-0.1935494681,1.803769049,1.803769049,-0.752689668
89.2,-0.1502255891,1.784547024,1.784547024,-0.7847814411
89.225,-0.1066111543,1.764544229,1.764544229,-0.8151628751
89.25,-0.06279051953,1.743802557,1.743802557,-0.8439030582
89.275,-0.01884843972,1.722362195,1.722362195,-0.8710689112
89.3,0.02513009544,1.700261692,1.700261692,-0.8967250409
89.325,0.06906002571,1.677538005,1.677538005,-0.9209336554
89.35,0.1128563849,1.654226573,1.654226573,-0.9437545127
89.375,0.156434465,1.630361366,1.630361366,-0.9652449113
89.4,0.1997099805,1.605974957,1.605974957,-0.9854597103
89.425,0.2425992308,1.581098573,1.581098573,-1.00445137
89.45,0.2850192625,1.555762162,1.555762162,-1.022270023
89.475,0.3268880297,1.529994447,1.529994447,-1.038963547
89.5,0.3681245527,1.503822979,1.503822979,-1.054577663
89.525,0.4086490747,1.477274195,1.477274195,-1.069156046
89.55,0.4483832161,1.45037346,1.45037346,-1.082740418
89.575,0.4872501257,1.423145124,1.423145124,-1.095370683
89.6,0.52517463,1.395612558,1.395612558,-1.107085035
89.625,0.5620833779,1.367798199,1.367798199,-1.117920077
89.65,0.5979049831,1.339723589,1.339723589,-1.127910953
89.675,0.6325701619,1.311409404,1.311409404,-1.137091448
89.7,0.6660118674,1.282875498,1.282875498,-1.145494128
89.725,0.698165419,1.254140918,1.254140918,-1.153150432
89.75,0.7289686274,1.225223942,1.225223942,-1.160090798
89.775,0.7583619153,1.196142098,1.196142098,-1.166344764
89.8,0.7862884321,1.166912184,1.166912184,-1.171941065
89.825,0.8126941644,1.137550291,1.137550291,-1.176907742
89.85,0.83752804,1.108071815,1.108071815,-1.181272217
89.875,0.860742027,1.078491474,1.078491474,-1.185061395
89.9,0.8822912264,1.048823319,1.048823319,-1.188301733
89.925,0.9021339594,1.019080744,1.019080744,-1.191019315
89.95,0.9202318474,0.9892764946,0.9892764946,-1.193239928
89.975,0.9365498867,0.9594226759,0.9594226759,-1.194989112
90,0.9510565163,0.9295307563,0.9295307563,-1.196292219
90.025,0.9637236783,0.8996115721,0.8996115721,-1.197174468
90.05,0.9745268728,0.8696753307,0.8696753307,-1.197660974
90.075,0.983445205,0.8397316125,0.8397316125,-1.197776792
90.1,0.9904614257,0.8097893717,0.8097893717,-1.19754694
90.125,0.9955619646,0.7798569376,0.7798569376,-1.196996422
90.15,0.9987369566,0.7499420145,0.7499420145,-1.196150242
90.175,0.9999802609,0.720051681,0.720051681,-1.195033408
90.2,0.9992894726,0.690192391,0.690192391,-1.193670935
90.225,0.996665928,0.6603699729,0.6603699729,-1.192087835
90.25,0.9921147013,0.6305896295,0.6305896295,-1.190309105
90.275,0.9856445951,0.6008559398,0.6008559398,-1.188359707
90.3,0.9772681236,0.5711728591,0.5711728591,-1.186264531
90.325,0.9670014878,0.5415437214,0.5415437214,-1.184048375
90.35,0.9548645447,0.5119712427,0.5119712427,-1.181735893
90.375,0.940880769,0.4824575257,0.4824575257,-1.179351542
90.4,0.9250772068,0.4530040631,0.4530040631,-1.176919542
90.425,0.9074844245,0.4236117457,0.4236117457,-1.174463814
90.45,0.8881364488,0.3942808734,0.3942808734,-1.172007889
90.475,0.8670707012,0.3650111609,0.3650111609,-1.169574862
90.5,0.8443279255,0.3358017513,0.3358017513,-1.167187314
90.525,0.8199521093,0.3066512327,0.3066512327,-1.164867207
90.55,0.7939903986,0.2775576517,0.2775576517,-1.162635814
90.575,0.7664930068,0.2485185317,0.2485185317,-1.160513626
90.6,0.7375131174,0.2195308967,0.2195308967,-1.158520241
90.625,0.7071067812,0.1905912909,0.1905912909,-1.156674281
90.65,0.6753328081,0.1616958076,0.1616958076,-1.15499328
90.675,0.6422526532,0.1328401158,0.1328401158,-1.153493576
90.7,0.6079302977,0.1040194923,0.1040194923,-1.152190207
90.725,0.5724321256,0.07522885533,0.07522885533,-1.1510968
90.75,0.535826795,0.04646280134,0.04646280134,-1.150225459
90.775,0.4981851053,0.01771564411,0.01771564411,-1.149586654
90.8,0.4595798606,-0.01101854241,-0.01101854241,-1.14918911
90.825,0.4200857284,-0.03974587964,-0.03974587964,-1.149039695
90.85,0.3797790955,-0.06847263639,-0.06847263639,-1.149143317
90.875,0.3387379202,-0.09720517838,-0.09720517838,-1.14950281
90.9,0.2970415816,-0.1259499153,-0.1259499153,-1.150118837
90.925,0.2547707257,-0.1547132453,-0.1547132453,-1.150989792
90.95,0.2120071099,-0.1835014968,-0.1835014968,-1.152111701
90.975,0.1688334447,-0.2123208688,-0.2123208688,-1.153478141
91,0.1253332336,-0.2411773678,-0.2411773678,-1.155080154
91.025,0.08159061157,-0.270076744,-0.270076744,-1.15690618
91.05,0.03769018267,-0.2990244258,-0.2990244258,-1.158941988
91.075,-0.006283143966,-0.3280254511,-0.3280254511,-1.161170631
91.1,-0.05024431818,-0.3570844009,-0.3570844009,-1.163572396
91.125,-0.09410831332,-0.3862053269,-0.3862053269,-1.166124782
91.15,-0.1377902907,-0.415391685,-0.415391685,-1.168802481
91.175,-0.1812057636,-0.4446462617,-0.4446462617,-1.171577382
91.2,-0.2242707609,-0.4739711074,-0.4739711074,-1.174418584
91.225,-0.2669019893,-0.5033674637,-0.5033674637,-1.177292434
91.25,-0.3090169944,-0.5328356989,-0.5328356989,-1.180162578
91.275,-0.3505343202,-0.5623752377,-0.5623752377,-1.182990037
91.3,-0.3913736668,-0.5919844997,-0.5919844997,-1.185733297
91.325,-0.4314560457,-0.6216608356,-0.6216608356,-1.188348427
91.35,-0.4707039322,-0.6514004686,-0.6514004686,-1.190789227
91.375,-0.5090414158,-0.6811984423,-0.6811984423,-1.193007368
91.4,-0.5463943467,-0.7110485636,-0.7110485636,-1.194952616
91.425,-0.5826904797,-0.7409433662,-0.7409433662,-1.196573011
91.45,-0.6178596131,-0.7708740632,-0.7708740632,-1.197815091
91.475,-0.6518337253,-0.800830513,-0.800830513,-1.198624233
91.5,-0.6845471059,-0.8308012027,-0.8308012027,-1.198944824
91.525,-0.715936483,-0.8607732146,-0.8607732146,-1.19872064
91.55,-0.7459411454,-0.890732224,-0.890732224,-1.197895168
91.575,-0.7745030602,-0.9206624914,-0.9206624914,-1.196411911
91.6,-0.8015669849,-0.9505468704,-0.9505468704,-1.194214806
91.625,-0.8270805743,-0.9803668219,-0.9803668219,-1.191248551
91.65,-0.8509944818,-1.010102437,-1.010102437,-1.187459022
91.675,-0.8732624548,-1.039732474,-1.039732474,-1.18279366
91.7,-0.8938414242,-1.069234399,-1.069234399,-1.177201864
91.725,-0.9126915874,-1.098584444,-1.098584444,-1.170635393
91.75,-0.9297764859,-1.127757666,-1.127757666,-1.163048749
91.775,-0.9450630752,-1.156728026,-1.156728026,-1.154399566
91.8,-0.958521789,-1.185468465,-1.185468465,-1.144648961
91.825,-0.9701265965,-1.213951002,-1.213951002,-1.133761882
91.85,-0.9798550524,-1.242146829,-1.242146829,-1.121707418
91.875,-0.9876883406,-1.270026423,-1.270026423,-1.108459083
91.9,-0.9936113105,-1.297559652,-1.297559652,-1.093995062
91.925,-0.9976125064,-1.324715902,-1.324715902,-1.078298412
91.95,-0.9996841893,-1.3514642,-1.3514642,-1.061357224
91.975,-0.9998223524,-1.377773335,-1.377773335,-1.043164731
92,-0.9980267284,-1.403611994,-1.403611994,-1.023719374
92.025,-0.9943007904,-1.428948892,-1.428948892,-1.003024802
92.05,-0.9886517447,-1.453752896,-1.453752896,-0.9810898309
92.075,-0.9810905174,-1.477993161,-1.477993161,-0.9579283442
92.1,-0.9716317329,-1.501639248,-1.501639248,-0.9335591357
92.125,-0.9602936857,-1.524661248,-1.524661248,-0.9080057178
92.15,-0.947098305,-1.547029897,-1.547029897,-0.8812960553
92.175,-0.9320711125,-1.568716682,-1.568716682,-0.8534622901
92.2,-0.9152411726,-1.589693943,-1.589693943,-0.8245403854
92.225,-0.8966410368,-1.609934961,-1.609934961,-0.7945697788
92.25,-0.87630668,-1.629414046,-1.629414046,-0.7635929609
92.275,-0.8542774317,-1.6481066,-1.6481066,-0.7316550778
92.3,-0.8305958992,-1.665989185,-1.665989185,-0.6988034674
92.325,-0.8053078857,-1.683039568,-1.683039568,-0.6650872376
92.35,-0.7784623016,-1.699236761,-1.699236761,-0.6305567829
92.375,-0.7501110696,-1.714561049,-1.714561049,-0.5952633697
92.4,-0.7203090249,-1.728994002,-1.728994002,-0.5592586489
92.425,-0.6891138084,-1.742518484,-1.742518484,-0.5225942803
92.45,-0.6565857558,-1.755118646,-1.755118646,-0.4853214639
92.475,-0.6227877805,-1.766779907,-1.766779907,-0.4474905998
92.5,-0.5877852523,-1.777488936,-1.777488936,-0.4091509059
92.525,-0.5516458706,-1.78723361,-1.78723361,-0.3703500772
92.55,-0.5144395338,-1.79600298,-1.79600298,-0.3311340143
92.575,-0.4762382037,-1.803787216,-1.803787216,-0.2915465263
92.6,-0.4371157667,-1.810577558,-1.810577558,-0.2516291276
92.625,-0.3971478906,-1.816366249,-1.816366249,-0.2114208202
92.65,-0.3564118787,-1.821146479,-1.821146479,-0.1709579483
92.675,-0.3149865197,-1.824912306,-1.824912306,-0.1302740619
92.7,-0.2729519355,-1.827658596,-1.827658596,-0.08939982673
92.725,-0.2303894267,-1.829380943,-1.829380943,-0.04836295929
92.75,-0.1873813146,-1.830075596,-1.830075596,-0.007188192519
92.775,-0.1440107826,-1.829739385,-1.829739385,0.03410273193
92.8,-0.1003617149,-1.828369648,-1.828369648,0.07549104705
92.825,-0.05651853448,-1.825964154,-1.825964154,0.116960923
92.85,-0.01256603988,-1.822521031,-1.822521031,0.1584994089
92.875,0.03141075908,-1.818038697,-1.818038697,0.2000963596
92.9,0.07532680553,-1.812515789,-1.812515789,0.2417443477
92.925,0.1190971601,-1.805951095,-1.805951095,0.2834385628
92.95,0.1626371652,-1.798343495,-1.798343495,0.3251767042
92.975,0.2058626088,-1.789691894,-1.789691894,0.3669588617
93,0.2486898872,-1.779995166,-1.779995166,0.4087873952
93.025,0.2910361668,-1.769252101,-1.769252101,0.450666809
93.05,0.3328195445,-1.757461348,-1.757461348,0.4926036164
93.075,0.3739592057,-1.744621372,-1.744621372,0.534606223
93.1,0.414375581,-1.730730405,-1.730730405,0.5766847744
93.125,0.4539904997,-1.715786403,-1.715786403,0.6188510457
93.15,0.4927273415,-1.699787011,-1.699787011,0.661118301
93.175,0.5305111843,-1.682729525,-1.682729525,0.7035011523
93.2,0.5672689491,-1.664610858,-1.664610858,0.746015455
93.225,0.6029295417,-1.645427516,-1.645427516,0.7886781503
93.25,0.6374239897,-1.625175565,-1.625175565,0.8315071417
93.275,0.6706855765,-1.603850617,-1.603850617,0.8745211812
93.3,0.7026499698,-1.581447803,-1.581447803,0.9177396999
93.325,0.7332553462,-1.557961761,-1.557961761,0.9611826829
93.35,0.762442511,-1.533386628,-1.533386628,1.004870545
93.375,0.7901550124,-1.507716021,-1.507716021,1.048823939
93.4,0.8163392507,-1.480943045,-1.480943045,1.093063597
93.425,0.8409445823,-1.453060284,-1.453060284,1.137610197
93.45,0.8639234172,-1.424059807,-1.424059807,1.182484139
93.475,0.8852313113,-1.393933183,-1.393933183,1.227705291
93.5,0.9048270525,-1.36267149,-1.36267149,1.273292853
93.525,0.9226727399,-1.330265333,-1.330265333,1.319265084
93.55,0.9387338577,-1.296704886,-1.296704886,1.365638917
93.575,0.9529793415,-1.261979914,-1.261979914,1.41242974
93.6,0.9653816388,-1.226079812,-1.226079812,1.459651078
93.625,0.9759167619,-1.188993677,-1.188993677,1.507314096
93.65,0.9845643345,-1.150710357,-1.150710357,1.555427201
93.675,0.9913076311,-1.111218521,-1.111218521,1.603995618
93.7,0.9961336091,-1.070506768,-1.070506768,1.653020721
93.725,0.9990329347,-1.028563705,-1.028563705,1.702499519
93.75,1,-0.9853780753,-0.9853780753,1.752423986
93.775,0.9990329347,-0.9409389055,-0.9409389055,1.802780217
93.8,0.9961336091,-0.8952356356,-0.8952356356,1.853547748
93.825,0.9913076311,-0.8482583215,-0.8482583215,1.904698548
93.85,0.9845643345,-0.7999978165,-0.7999978165,1.956196103
93.875,0.9759167619,-0.7504460075,-0.7504460075,2.007994343
93.9,0.9653816388,-0.6995960635,-0.6995960635,2.060036494
93.925,0.9529793415,-0.6474427188,-0.6474427188,2.112253893
93.95,0.9387338577,-0.5939825863,-0.5939825863,2.164564684
93.975,0.9226727399,-0.5392145052,-0.5392145052,2.216872498
94,0.9048270525,-0.4831399167,-0.4831399167,2.269065073
94.025,0.8852313113,-0.4257632866,-0.4257632866,2.321012847
94.05,0.8639234172,-0.3670925445,-0.3670925445,2.372567593
94.075,0.8409445823,-0.3071395779,-0.3071395779,2.423561045
94.1,0.8163392507,-0.2459207433,-0.2459207433,2.473803654
94.125,0.7901550124,-0.1834574123,-0.1834574123,2.523083464
94.15,0.762442511,-0.1197765472,-0.1197765472,2.571165178
94.175,0.7332553462,-0.0549112914,-0.0549112914,2.617789506
94.2,0.7026499698,0.01109842637,0.01109842637,2.662672844
94.225,0.6706855765,0.07820528397,0.07820528397,2.705507392
94.25,0.6374239897,0.1463539675,0.1463539675,2.745961786
94.275,0.6029295417,0.215480597,0.215480597,2.783682343
94.3,0.5672689491,0.2855121911,0.2855121911,2.818295014
94.325,0.5305111843,0.3563661887,0.3563661887,2.849408125
94.35,0.4927273415,0.4279500554,0.4279500554,2.876615954
94.375,0.4539904997,0.5001609835,0.5001609835,2.89950328
94.4,0.414375581,0.5728857208,0.5728857208,2.917650806
94.425,0.3739592057,0.6460005478,0.6460005478,2.930641531
94.45,0.3328195445,0.7193714235,0.7193714235,2.938068013
94.475,0.2910361668,0.7928543234,0.7928543234,2.939540388
94.5,0.2486898872,0.866295785,0.866295785,2.934694992
94.525,0.2058626088,0.9395336757,0.9395336757,2.923203388
94.55,0.1626371652,1.012398188,1.012398188,2.904781525
94.575,0.1190971601,1.08471306,1.08471306,2.879198711
94.6,0.07532680553,1.156297022,1.156297022,2.846286051
94.625,0.03141075908,1.22696543,1.22696543,2.805943971
94.65,-0.01256603988,1.296532086,1.296532086,2.758148477
94.675,-0.05651853448,1.364811187,1.364811187,2.702955778
94.7,-0.1003617149,1.431619367,1.431619367,2.640505
94.725,-0.1440107826,1.496777785,1.496777785,2.571018748
94.75,-0.1873813146,1.560114191,1.560114191,2.494801386
94.775,-0.2303894267,1.621464927,1.621464927,2.412235016
94.8,-0.2729519355,1.680676796,1.680676796,2.323773234
94.825,-0.3149865197,1.737608751,1.737608751,2.229932848
94.85,-0.3564118787,1.792133355,1.792133355,2.131283902
94.875,-0.3971478906,1.844137967,1.844137967,2.028438347
94.9,-0.4371157667,1.893525643,1.893525643,1.922037873
94.925,-0.4762382037,1.940215723,1.940215723,1.812741199
94.95,-0.5144395338,1.984144098,1.984144098,1.701211614
94.975,-0.5516458706,2.025263167,2.025263167,1.588104903
95,-0.5877852523,2.063541517,2.063541517,1.474058199
95.025,-0.6227877805,2.098963326,2.098963326,1.359680162
95.05,-0.6565857558,2.131527541,2.131527541,1.245542522
95.075,-0.6891138084,2.16124687,2.16124687,1.13217332
95.1,-0.7203090249,2.188146619,2.188146619,1.020051827
95.125,-0.7501110696,2.212263432,2.212263432,0.9096051386
95.15,-0.7784623016,2.233643957,2.233643957,0.8012063438
95.175,-0.8053078857,2.252343487,2.252343487,0.6951741631
95.2,-0.8305958992,2.268424612,2.268424612,0.5917738445
95.225,-0.8542774317,2.281955905,2.281955905,0.4912191284
95.25,-0.87630668,2.293010669,2.293010669,0.3936750616
95.275,-0.8966410368,2.301665758,2.301665758,0.2992614797
95.3,-0.9152411726,2.308000496,2.308000496,0.2080569118
95.325,-0.9320711125,2.312095699,2.312095699,0.1201027505
95.35,-0.947098305,2.314032799,2.314032799,0.03540756699
95.375,-0.9602936857,2.313893076,2.313893076,-0.04604862709
95.4,-0.9716317329,2.311756995,2.311756995,-0.1243102279
95.425,-0.9810905174,2.30770365,2.30770365,-0.1994420966
95.45,-0.9886517447,2.301810295,2.301810295,-0.2715258818
95.475,-0.9943007904,2.294151967,2.294151967,-0.3406566452
95.5,-0.9980267284,2.284801195,2.284801195,-0.4069398135
95.525,-0.9998223524,2.273827766,2.273827766,-0.4704884631
95.55,-0.9996841893,2.261298574,2.261298574,-0.5314209347
95.575,-0.9976125064,2.247277508,2.247277508,-0.5898587654
95.6,-0.9936113105,2.231825399,2.231825399,-0.6459249217
95.625,-0.9876883406,2.215000001,2.215000001,-0.6997423084
95.65,-0.9798550524,2.19685601,2.19685601,-0.7514325316
95.675,-0.9701265965,2.177445106,2.177445106,-0.8011148884
95.7,-0.958521789,2.156816028,2.156816028,-0.8489055583
95.725,-0.9450630752,2.135014654,2.135014654,-0.8949169716
95.75,-0.9297764859,2.112084104,2.112084104,-0.9392573288
95.775,-0.9126915874,2.088064848,2.088064848,-0.9820302512
95.8,-0.8938414242,2.062994829,2.062994829,-1.02333454
95.825,-0.8732624548,2.036909577,2.036909577,-1.06326403
95.85,-0.8509944818,2.009842342,2.009842342,-1.101907514
95.875,-0.8270805743,1.981824219,1.981824219,-1.13934873
95.9,-0.8015669849,1.952884267,1.952884267,-1.175666395
95.925,-0.7745030602,1.923049646,1.923049646,-1.210934276
95.95,-0.7459411454,1.892345726,1.892345726,-1.245221285
95.975,-0.715936483,1.860796219,1.860796219,-1.2785916
96,-0.6845471059,1.828423288,1.828423288,-1.311104784
96.025,-0.6518337253,1.795247663,1.795247663,-1.342815925
96.05,-0.6178596131,1.761288751,1.761288751,-1.373775766
96.075,-0.5826904797,1.726564746,1.726564746,-1.404030837
96.1,-0.5463943467,1.691092728,1.691092728,-1.433623577
96.125,-0.5090414158,1.654888765,1.654888765,-1.462592452
96.15,-0.4707039322,1.617968015,1.617968015,-1.490972054
96.175,-0.4314560457,1.580344816,1.580344816,-1.518793195
96.2,-0.3913736668,1.542032782,1.542032782,-1.546082976
96.225,-0.3505343202,1.503044898,1.503044898,-1.572864858
96.25,-0.3090169944,1.463393605,1.463393605,-1.599158693
96.275,-0.2669019893,1.423090894,1.423090894,-1.62498076
96.3,-0.2242707609,1.382148391,1.382148391,-1.650343776
96.325,-0.1812057636,1.340577453,1.340577453,-1.675256882
96.35,-0.1377902907,1.298389249,1.298389249,-1.699725635
96.375,-0.09410831332,1.255594857,1.255594857,-1.723751957
96.4,-0.05024431818,1.212205352,1.212205352,-1.747334092
96.425,-0.006283143966,1.168231898,1.168231898,-1.770466542
96.45,0.03769018267,1.123685849,1.123685849,-1.79313998
96.475,0.08159061157,1.078578834,1.078578834,-1.815341176
96.5,0.1253332336,1.032922868,1.032922868,-1.837052891
96.525,0.1688334447,0.9867304452,0.9867304452,-1.858253782
96.55,0.2120071099,0.9400146474,0.9400146474,-1.878918295
96.575,0.2547707257,0.8927892483,0.8927892483,-1.89901656
96.6,0.2970415816,0.8450688222,0.8450688222,-1.918514296
96.625,0.3387379202,0.79686886,0.79686886,-1.937372712
96.65,0.3797790955,0.7482058743,0.7482058743,-1.955548436
96.675,0.4200857284,0.6990975262,0.6990975262,-1.972993443
96.7,0.4595798606,0.6495627294,0.6495627294,-1.989655031
96.725,0.4981851053,0.59962178,0.59962178,-2.005475803
96.75,0.535826795,0.549296462,0.549296462,-2.020393695
96.775,0.5724321256,0.4986101734,0.4986101734,-2.034342056
96.8,0.6079302977,0.4475880303,0.4475880303,-2.047249759
96.825,0.6422526532,0.3962569849,0.3962569849,-2.059041388
96.85,0.6753328081,0.3446459227,0.3446459227,-2.069637471
96.875,0.7071067812,0.2927857666,0.2927857666,-2.078954808
96.9,0.7375131174,0.240709559,0.240709559,-2.08690685
96.925,0.7664930068,0.188452546,0.188452546,-2.093404185
96.95,0.7939903986,0.1360522363,0.1360522363,-2.0983551
96.975,0.8199521093,0.08354845552,0.08354845552,-2.101666239
97,0.8443279255,0.03098337474,0.03098337474,-2.103243352
97.025,0.8670707012,-0.02159847585,-0.02159847585,-2.102992149
97.05,0.8881364488,-0.07415021791,-0.07415021791,-2.100819231
97.075,0.9074844245,-0.12662266,-0.12662266,-2.096633119
97.1,0.9250772068,-0.178964359,-0.178964359,-2.090345355
97.125,0.940880769,-0.2311217103,-0.2311217103,-2.08187168
97.15,0.9548645447,-0.2830390681,-0.2830390681,-2.071133258
97.175,0.9670014878,-0.3346588968,-0.3346588968,-2.058057942
97.2,0.9772681236,-0.3859219539,-0.3859219539,-2.042581553
97.225,0.9856445951,-0.4367675048,-0.4367675048,-2.024649156
97.25,0.9921147013,-0.4871335711,-0.4871335711,-2.004216305
97.275,0.996665928,-0.5369572064,-0.5369572064,-1.981250227
97.3,0.9992894726,-0.5861748019,-0.5861748019,-1.955730913
97.325,0.9999802609,-0.6347224188,-0.6347224188,-1.927652108
97.35,0.9987369566,-0.6825361431,-0.6825361431,-1.897022138
97.375,0.9955619646,-0.7295524584,-0.7295524584,-1.863864584
97.4,0.9904614257,-0.7757086322,-0.7757086322,-1.828218744
97.425,0.983445205,-0.8209431157,-0.8209431157,-1.790139898
97.45,0.9745268728,-0.8651959419,-0.8651959419,-1.749699332
97.475,0.9637236783,-0.9084091229,-0.9084091229,-1.706984126
97.5,0.9510565163,-0.950527042,-0.950527042,-1.662096701
97.525,0.9365498867,-0.9914968279,-0.9914968279,-1.615154116
97.55,0.9202318474,-1.031268708,-1.031268708,-1.566287159
97.575,0.9021339594,-1.069796341,-1.069796341,-1.515639185
97.6,0.8822912264,-1.107037111,-1.107037111,-1.463364791
97.625,0.860742027,-1.142952394,-1.142952394,-1.409628323
97.65,0.83752804,-1.177507778,-1.177507778,-1.354602215
97.675,0.8126941644,-1.210673247,-1.210673247,-1.298465274
97.7,0.7862884321,-1.242423313,-1.242423313,-1.241400869
97.725,0.7583619153,-1.272737112,-1.272737112,-1.183595091
97.75,0.7289686274,-1.301598448,-1.301598448,-1.125234971
97.775,0.698165419,-1.328995792,-1.328995792,-1.066506644
97.8,0.6660118674,-1.354922243,-1.354922243,-1.007593739
97.825,0.6325701619,-1.379375438,-1.379375438,-0.9486756952
97.85,0.5979049831,-1.402357436,-1.402357436,-0.8899263971
97.875,0.5620833779,-1.423874557,-1.423874557,-0.8315127868
97.9,0.52517463,-1.4439372,-1.4439372,-0.7735937894
97.925,0.4872501257,-1.46255962,-1.46255962,-0.7163192907
97.95,0.4483832161,-1.479759705,-1.479759705,-0.6598293883
97.975,0.4086490747,-1.495558712,-1.495558712,-0.6042537517
98,0.3681245527,-1.509981005,-1.509981005,-0.5497112006
98.025,0.3268880297,-1.523053782,-1.523053782,-0.4963094231
98.05,0.2850192625,-1.534806789,-1.534806789,-0.4441448607
98.075,0.2425992308,-1.545272048,-1.545272048,-0.3933027263
98.1,0.1997099805,-1.554483567,-1.554483567,-0.3438571571
98.125,0.156434465,-1.562477074,-1.562477074,-0.2958714651
98.15,0.1128563849,-1.569289749,-1.569289749,-0.2493984936
98.175,0.06906002571,-1.574959964,-1.574959964,-0.2044810432
98.2,0.02513009544,-1.579527043,-1.579527043,-0.1611523568
98.225,-0.01884843972,-1.583031026,-1.583031026,-0.1194366622
98.25,-0.06279051953,-1.585512451,-1.585512451,-0.07934973377
98.275,-0.1066111543,-1.587012154,-1.587012154,-0.04089947929
98.3,-0.1502255891,-1.587571072,-1.587571072,-0.004086539338
98.325,-0.1935494681,-1.587230076,-1.587230076,0.03109512287
98.35,-0.236498997,-1.58602981,-1.58602981,0.06465763574
98.375,-0.278991106,-1.584010542,-1.584010542,0.0966186522
98.4,-0.3209436098,-1.581212036,-1.581212036,0.1270008049
98.425,-0.3622753667,-1.577673434,-1.577673434,0.155831186
98.45,-0.4029064357,-1.57343315,-1.57343315,0.1831408579
98.475,-0.442758231,-1.568528776,-1.568528776,0.2089643996
98.5,-0.4817536741,-1.562997001,-1.562997001,0.2333394736
98.525,-0.5198173426,-1.556873538,-1.556873538,0.2563064434
98.55,-0.5568756165,-1.550193058,-1.550193058,0.2779080075
98.575,-0.5928568202,-1.542989143,-1.542989143,0.2981888777
98.6,-0.6276913613,-1.535294233,-1.535294233,0.3171954814
98.625,-0.6613118653,-1.52713959,-1.52713959,0.3349756983
98.65,-0.6936533058,-1.51855526,-1.51855526,0.3515786174
98.675,-0.7246531302,-1.509570052,-1.509570052,0.3670543374
98.7,-0.7542513807,-1.500211512,-1.500211512,0.3814537562
98.725,-0.7823908106,-1.490505904,-1.490505904,0.3948284342
98.75,-0.8090169944,-1.480478196,-1.480478196,0.4072304241
98.775,-0.8340784336,-1.470152052,-1.470152052,0.4187121475
98.8,-0.8575266562,-1.459549819,-1.459549819,0.4293262966
98.825,-0.8793163102,-1.448692526,-1.448692526,0.4391257124
98.85,-0.8994052516,-1.437599882,-1.437599882,0.4481633137
98.875,-0.9177546257,-1.426290268,-1.426290268,0.4564920175
98.9,-0.9343289425,-1.414780748,-1.414780748,0.4641646625
98.925,-0.949096145,-1.403087063,-1.403087063,0.4712339602
98.95,-0.9620276716,-1.39122364,-1.39122364,0.477752433
98.975,-0.973098511,-1.379203596,-1.379203596,0.4837723637
99,-0.9822872507,-1.367038743,-1.367038743,0.4893457561
99.025,-0.9895761186,-1.354739598,-1.354739598,0.494524283
99.05,-0.994951017,-1.342315392,-1.342315392,0.4993592523
99.075,-0.9984015501,-1.329774074,-1.329774074,0.5039015663
99.1,-0.9999210442,-1.317122332,-1.317122332,0.5082016768
99.125,-0.9995065604,-1.304365592,-1.304365592,0.5123095562
99.15,-0.9971589003,-1.291508043,-1.291508043,0.516274654
99.175,-0.9928826046,-1.278552642,-1.278552642,0.5201458545
99.2,-0.9866859442,-1.265501131,-1.265501131,0.5239714476
99.225,-0.9785809043,-1.252354052,-1.252354052,0.5277990827
99.25,-0.9685831611,-1.239110768,-1.239110768,0.5316757226
99.275,-0.9567120516,-1.225769473,-1.225769473,0.5356476155
99.3,-0.9429905359,-1.212327213,-1.212327213,0.5397602499
99.325,-0.9274451533,-1.198779914,-1.198779914,0.544058296
99.35,-0.9101059707,-1.185122389,-1.185122389,0.548585583
99.375,-0.8910065242,-1.171348367,-1.171348367,0.5533850517
99.4,-0.8701837547,-1.157450517,-1.157450517,0.5584987015
99.425,-0.8476779361,-1.143420472,-1.143420472,0.5639675487
99.45,-0.8235325976,-1.129248847,-1.129248847,0.5698315944
99.475,-0.7977944395,-1.114925273,-1.114925273,0.5761297698
99.5,-0.7705132428,-1.100438425,-1.100438425,0.5828998909
99.525,-0.7417417727,-1.085776041,-1.085776041,0.5901786276
99.55,-0.7115356772,-1.070924959,-1.070924959,0.5980014533
99.575,-0.6799533787,-1.055871148,-1.055871148,0.6064026018
99.6,-0.6470559616,-1.040599735,-1.040599735,0.6154150361
99.625,-0.6129070537,-1.025095038,-1.025095038,0.6250704002
99.65,-0.5775727034,-1.009340604,-1.009340604,0.6353989826
99.675,-0.5411212521,-0.9933192375,-0.9933192375,0.6464296824
99.7,-0.5036232016,-0.9770130397,-0.9770130397,0.6581899643
99.725,-0.4651510781,-0.9604034428,-0.9604034428,0.6707058274
99.75,-0.4257792916,-0.9434712469,-0.9434712469,0.6840017666
99.775,-0.3855839923,-0.926196662,-0.926196662,0.6981007309
99.8,-0.3446429232,-0.9085593403,-0.9085593403,0.7130240923
99.825,-0.3030352696,-0.8905384222,-0.8905384222,0.7287915993
99.85,-0.2608415063,-0.8721125749,-0.8721125749,0.7454213392
99.875,-0.2181432414,-0.8532600327,-0.8532600327,0.7629296948
99.9,-0.175023059,-0.8339586458,-0.8339586458,0.781331291
99.925,-0.1315643591,-0.8141859173,-0.8141859173,0.8006389517
99.95,-0.08785119655,-0.7939190557,-0.7939190557,0.820863634
99.975,-0.04396811832,-0.7731350182,-0.7731350182,0.84201437
100,2.156368736e-14,-0.7518105606,-0.7518105606,0.8640981951
100.025,0.04396811832,-0.7299222909,-0.7299222909,0.8871200622
100.05,0.08785119655,-0.7074467166,-0.7074467166,0.9110827618
100.075,0.1315643591,-0.6843603075,-0.6843603075,0.935986806
100.1,0.175023059,-0.6606395467,-0.6606395467,0.9618303267
100.125,0.2181432414,-0.6362609979,-0.6362609979,0.9886089333
100.15,0.2608415063,-0.6112013658,-0.6112013658,1.016315573
100.175,0.3030352696,-0.5854375671,-0.5854375671,1.044940363
100.2,0.3446429232,-0.5589468031,-0.5589468031,1.074470402
100.225,0.3855839923,-0.5317066366,-0.5317066366,1.10488957
100.25,0.4257792916,-0.5036950774,-0.5036950774,1.13617829
100.275,0.4651510781,-0.4748906687,-0.4748906687,1.168313282
100.3,0.5036232016,-0.4452725871,-0.4452725871,1.201267271
100.325,0.5411212521,-0.4148207419,-0.4148207419,1.235008697
100.35,0.5775727034,-0.3835158904,-0.3835158904,1.26950136
100.375,0.6129070537,-0.3513397553,-0.3513397553,1.304704077
100.4,0.6470559616,-0.3182751558,-0.3182751558,1.340570279
100.425,0.6799533787,-0.284306147,-0.284306147,1.377047604
100.45,0.7115356772,-0.2494181692,-0.2494181692,1.414077456
100.475,0.7417417727,-0.213598212,-0.213598212,1.451594539
100.5,0.7705132428,-0.1768349839,-0.1768349839,1.489526389
100.525,0.7977944395,-0.1391191014,-0.1391191014,1.527792874
100.55,0.8235325976,-0.1004432851,-0.1004432851,1.566305702
100.575,0.8476779361,-0.06080256892,-0.06080256892,1.604967932
100.6,0.8701837547,-0.02019452466,-0.02019452466,1.64367349
100.625,0.8910065242,0.02138050564,0.02138050564,1.682306716
100.65,0.9101059707,0.06391916415,0.06391916415,1.720741955
100.675,0.9274451533,0.107414823,0.107414823,1.758843195
100.7,0.9429905359,0.1518573215,0.1518573215,1.79646379
100.725,0.9567120516,0.1972326979,0.1972326979,1.833446277
100.75,0.9685831611,0.243522918,0.243522918,1.869622309
100.775,0.9785809043,0.290705603,0.290705603,1.904812739
100.8,0.9866859442,0.3387537635,0.3387537635,1.938827872
100.825,0.9928826046,0.3876355406,0.3876355406,1.971467914
100.85,0.9971589003,0.437313959,0.437313959,2.002523653
100.875,0.9995065604,0.4877467086,0.4877467086,2.031777362
100.9,0.9999210442,0.538885937,0.538885937,2.05900404
100.925,0.9984015501,0.5906780954,0.5906780954,2.08397284
100.95,0.994951017,0.6430638073,0.6430638073,2.106448929
100.975,0.9895761186,0.6959777959,0.6959777959,2.126195532
101,0.9822872507,0.7493488683,0.7493488683,2.142976397
101.025,0.973098511,0.8030999578,0.8030999578,2.156558484
101.05,0.9620276716,0.8571482427,0.8571482427,2.166714937
101.075,0.949096145,0.911405342,0.911405342,2.173228334
101.1,0.9343289425,0.9657775913,0.9657775913,2.175894061
101.125,0.9177546257,1.020166407,1.020166407,2.174523825
101.15,0.8994052516,1.074468739,1.074468739,2.168949222
101.175,0.8793163102,1.128577615,1.128577615,2.159025226
101.2,0.8575266562,1.182382762,1.182382762,2.144633535
101.225,0.8340784336,1.235771315,1.235771315,2.125685652
101.25,0.8090169944,1.2886286,1.2886286,2.102125614
101.275,0.7823908106,1.340838974,1.340838974,2.073932238
101.3,0.7542513807,1.392286718,1.392286718,2.0411208
101.325,0.7246531302,1.44285696,1.44285696,2.003744069
101.35,0.6936533058,1.492436621,1.492436621,1.96189263
101.375,0.6613118653,1.540915358,1.540915358,1.915694444
101.4,0.6276913613,1.588186479,1.588186479,1.865313641
101.425,0.5928568202,1.634147829,1.634147829,1.810948561
101.45,0.5568756165,1.678702612,1.678702612,1.752829066
101.475,0.5198173426,1.721760139,1.721760139,1.691213203
101.5,0.4817536741,1.763236484,1.763236484,1.626383324
101.525,0.442758231,1.803055037,1.803055037,1.558641766
101.55,0.4029064357,1.841146951,1.841146951,1.488306155
101.575,0.3622753667,1.877451461,1.877451461,1.415704633
101.6,0.3209436098,1.911916081,1.911916081,1.341170954
101.625,0.278991106,1.944496696,1.944496696,1.265039685
101.65,0.236498997,1.975157512,1.975157512,1.187641686
101.675,0.1935494681,2.003870917,2.003870917,1.10929981
101.7,0.1502255891,2.030617234,2.030617234,1.030325137
101.725,0.1066111543,2.055384372,2.055384372,0.9510135599
101.75,0.06279051953,2.078167425,2.078167425,0.8716430213
101.775,0.01884843972,2.098968186,2.098968186,0.7924712322
101.8,-0.02513009544,2.117794615,2.117794615,0.7137339713
101.825,-0.06906002571,2.134660284,2.134660284,0.6356439406
101.85,-0.1128563849,2.149583787,2.149583787,0.5583901226
101.875,-0.156434465,2.162588142,2.162588142,0.48213762
101.9,-0.1997099805,2.173700198,2.173700198,0.4070279175
101.925,-0.2425992308,2.182950054,2.182950054,0.3331795038
101.95,-0.2850192625,2.190370493,2.190370493,0.2606888065
101.975,-0.3268880297,2.195996444,2.195996444,0.1896313696
102,-0.3681245527,2.199864477,2.199864477,0.1200632083
102.025,-0.4086490747,2.202012336,2.202012336,0.05202230649
102.05,-0.4483832161,2.202478503,2.202478503,-0.01446979766
102.075,-0.4872501257,2.201301812,2.201301812,-0.07940642219
102.1,-0.52517463,2.198521093,2.198521093,-0.1427941085
102.125,-0.5620833779,2.194174866,2.194174866,-0.2046510504
102.15,-0.5979049831,2.188301063,2.188301063,-0.2650055691
102.175,-0.6325701619,2.180936801,2.180936801,-0.3238946668
102.2,-0.6660118674,2.172118174,2.172118174,-0.3813626739
102.225,-0.698165419,2.161880091,2.161880091,-0.4374599921
102.25,-0.7289686274,2.150256137,2.150256137,-0.492241946
102.275,-0.7583619153,2.137278463,2.137278463,-0.5457677443
102.3,-0.7862884321,2.1229777,2.1229777,-0.5980995494
102.325,-0.8126941644,2.1073829,2.1073829,-0.6493016446
102.35,-0.83752804,2.090521485,2.090521485,-0.6994397083
102.375,-0.860742027,2.072419228,2.072419228,-0.748580182
102.4,-0.8822912264,2.053100234,2.053100234,-0.7967897169
102.425,-0.9021339594,2.032586946,2.032586946,-0.8441347083
102.45,-0.9202318474,2.010900155,2.010900155,-0.8906808998
102.475,-0.9365498867,1.988059018,1.988059018,-0.9364930439
102.5,-0.9510565163,1.96408109,1.96408109,-0.9816346306
102.525,-0.9637236783,1.938982357,1.938982357,-1.026167651
102.55,-0.9745268728,1.912777276,1.912777276,-1.070152413
102.575,-0.983445205,1.885478818,1.885478818,-1.11364738
102.6,-0.9904614257,1.857098517,1.857098517,-1.156709048
102.625,-0.9955619646,1.827646522,1.827646522,-1.199391833
102.65,-0.9987369566,1.797131647,1.797131647,-1.241747979
102.675,-0.9999802609,1.765561428,1.765561428,-1.283827476
102.7,-0.9992894726,1.732942181,1.732942181,-1.325677977
102.725,-0.996665928,1.69927906,1.69927906,-1.367344717
102.75,-0.9921147013,1.664576119,1.664576119,-1.408870432
102.775,-0.9856445951,1.628836378,1.628836378,-1.450295251
102.8,-0.9772681236,1.592061885,1.592061885,-1.491656598
102.825,-0.9670014878,1.554253788,1.554253788,-1.532989044
102.85,-0.9548645447,1.51541241,1.51541241,-1.574324169
102.875,-0.940880769,1.475537319,1.475537319,-1.615690378
102.9,-0.9250772068,1.434627423,1.434627423,-1.657112671
102.925,-0.9074844245,1.392681039,1.392681039,-1.698612431
102.95,-0.8881364488,1.349696009,1.349696009,-1.740207094
102.975,-0.8670707012,1.305669783,1.305669783,-1.781909861
103,-0.8443279255,1.260599541,1.260599541,-1.823729305
103.025,-0.8199521093,1.214482315,1.214482315,-1.865668931
103.05,-0.7939903986,1.167315107,1.167315107,-1.907726752
103.075,-0.7664930068,1.119095058,1.119095058,-1.949894683
103.1,-0.7375131174,1.069819577,1.069819577,-1.992158037
103.125,-0.7071067812,1.019486541,1.019486541,-2.034494815
103.15,-0.6753328081,0.9680944719,0.9680944719,-2.076875042
103.175,-0.6422526532,0.9156427468,0.9156427468,-2.119260006
103.2,-0.6079302977,0.8621318319,0.8621318319,-2.161601424
103.225,-0.5724321256,0.807563524,0.807563524,-2.203840632
103.25,-0.535826795,0.7519412319,0.7519412319,-2.245907633
103.275,-0.4981851053,0.695270259,0.695270259,-2.287720224
103.3,-0.4595798606,0.6375581316,0.6375581316,-2.329183009
103.325,-0.4200857284,0.5788149321,0.5788149321,-2.370186495
103.35,-0.3797790955,0.5190536673,0.5190536673,-2.410606154
103.375,-0.3387379202,0.4582906554,0.4582906554,-2.450301568
103.4,-0.2970415816,0.3965459285,0.3965459285,-2.489115648
103.425,-0.2547707257,0.3338436658,0.3338436658,-2.526873968
103.45,-0.2120071099,0.2702126257,0.2702126257,-2.56338427
103.475,-0.1688334447,0.2056866002,0.2056866002,-2.598436179
103.5,-0.1253332336,0.1403048692,0.1403048692,-2.631801178
103.525,-0.08159061157,0.07411264753,0.07411264753,-2.663232903
103.55,-0.03769018267,0.007161526257,0.007161526257,-2.692467823
103.575,0.006283143966,-0.06049011132,-0.06049011132,-2.719226356
103.6,0.05024431818,-0.1287767082,-0.1287767082,-2.743214475
103.625,0.09410831332,-0.197625198,-0.197625198,-2.764125857
103.65,0.1377902907,-0.2669547314,-0.2669547314,-2.781644654
103.675,0.1812057636,-0.3366764765,-0.3366764765,-2.795448838
103.7,0.2242707609,-0.4066935154,-0.4066935154,-2.805214186
103.725,0.2669019893,-0.4769008451,-0.4769008451,-2.810618924
103.75,0.3090169944,-0.5471855017,-0.5471855017,-2.811348902
103.775,0.3505343202,-0.6174268219,-0.6174268219,-2.8071033
103.8,0.3913736668,-0.6874968518,-0.6874968518,-2.797600753
103.825,0.4314560457,-0.7572609132,-0.7572609132,-2.782585748
103.85,0.4707039322,-0.8265783313,-0.8265783313,-2.761835125
103.875,0.5090414158,-0.8953033234,-0.8953033234,-2.73516449
103.9,0.5463943467,-0.9632860457,-0.9632860457,-2.702434318
103.925,0.5826904797,-1.030373786,-1.030373786,-2.663555515
103.95,0.6178596131,-1.096412284,-1.096412284,-2.618494186
103.975,0.6518337253,-1.161247166,-1.161247166,-2.567275409
104,0.6845471059,-1.224725446,-1.224725446,-2.509985769
104.025,0.715936483,-1.28669709,-1.28669709,-2.446774529
104.05,0.7459411454,-1.347016573,-1.347016573,-2.377853286
104.075,0.7745030602,-1.405544422,-1.405544422,-2.303494075
104.1,0.8015669849,-1.462148688,-1.462148688,-2.224025935
104.125,0.8270805743,-1.516706308,-1.516706308,-2.139829997
104.15,0.8509944818,-1.569104336,-1.569104336,-2.051333258
104.175,0.8732624548,-1.619241002,-1.619241002,-1.959001249
104.2,0.8938414242,-1.667026565,-1.667026565,-1.863329866
104.225,0.9126915874,-1.712383976,-1.712383976,-1.764836615
104.25,0.9297764859,-1.755249296,-1.755249296,-1.664051549
104.275,0.9450630752,-1.795571905,-1.795571905,-1.561508462
104.3,0.958521789,-1.833314479,-1.833314479,-1.457736063
104.325,0.9701265965,-1.868452767,-1.868452767,-1.353250123
104.35,0.9798550524,-1.900975176,-1.900975176,-1.248546196
104.375,0.9876883406,-1.930882178,-1.930882178,-1.144093342
104.4,0.9936113105,-1.95818559,-1.95818559,-1.040329043
104.425,0.9976125064,-1.982907728,-1.982907728,-0.9376551115
104.45,0.9996841893,-2.005080471,-2.005080471,-0.8364348437
104.475,0.9998223524,-2.024744286,-2.024744286,-0.7369912378
104.5,0.9980267284,-2.0419472,-2.0419472,-0.6396062341
104.525,0.9943007904,-2.056743773,-2.056743773,-0.5445208969
104.55,0.9886517447,-2.069194095,-2.069194095,-0.4519363784
104.575,0.9810905174,-2.0793628,-2.0793628,-0.3620155559
104.6,0.9716317329,-2.087318137,-2.087318137,-0.274885219
104.625,0.9602936857,-2.0931311,-2.0931311,-0.1906386074
104.65,0.947098305,-2.096874627,-2.096874627,-0.1093382749
104.675,0.9320711125,-2.098622864,-2.098622864,-0.03101908527
104.7,0.9152411726,-2.098450515,-2.098450515,0.04430872229
104.725,0.8966410368,-2.096432266,-2.096432266,0.1166564829
104.75,0.87630668,-2.09264228,-2.09264228,0.186054142
104.775,0.8542774317,-2.087153766,-2.087153766,0.2525474301
104.8,0.8305958992,-2.080038624,-2.080038624,0.316195212
104.825,0.8053078857,-2.071367141,-2.071367141,0.3770670393
104.85,0.7784623016,-2.061207756,-2.061207756,0.4352409191
104.875,0.7501110696,-2.049626875,-2.049626875,0.490801308
104.9,0.7203090249,-2.036688728,-2.036688728,0.5438373308
104.925,0.6891138084,-2.022455277,-2.022455277,0.5944412167
104.95,0.6565857558,-2.006986152,-2.006986152,0.6427069449
104.975,0.6227877805,-1.990338626,-1.990338626,0.6887290813
105,0.5877852523,-1.97256761,-1.97256761,0.7326017997
105.025,0.5516458706,-1.953725673,-1.953725673,0.7744180672
105.05,0.5144395338,-1.933863084,-1.933863084,0.8142689743
105.075,0.4762382037,-1.913027862,-1.913027862,0.8522431961
105.1,0.4371157667,-1.891265847,-1.891265847,0.8884265751
105.125,0.3971478906,-1.868620767,-1.868620767,0.9229017987
105.15,0.3564118787,-1.84513433,-1.84513433,0.9557481664
105.175,0.3149865197,-1.8208463,-1.8208463,0.9870414335
105.2,0.2729519355,-1.795794599,-1.795794599,1.016853715
105.225,0.2303894267,-1.770015385,-1.770015385,1.045253442
105.25,0.1873813146,-1.743543157,-1.743543157,1.072305369
105.275,0.1440107826,-1.716410838,-1.716410838,1.098070603
105.3,0.1003617149,-1.688649869,-1.688649869,1.122606679
105.325,0.05651853448,-1.660290296,-1.660290296,1.145967639
105.35,0.01256603988,-1.631360857,-1.631360857,1.16820415
105.375,-0.03141075908,-1.601889063,-1.601889063,1.189363609
105.4,-0.07532680553,-1.571901282,-1.571901282,1.209490289
105.425,-0.1190971601,-1.54142281,-1.54142281,1.228625456
105.45,-0.1626371652,-1.510477951,-1.510477951,1.246807526
105.475,-0.2058626088,-1.479090078,-1.479090078,1.264072189
105.5,-0.2486898872,-1.447281709,-1.447281709,1.280452563
105.525,-0.2910361668,-1.415074563,-1.415074563,1.295979323
105.55,-0.3328195445,-1.382489619,-1.382489619,1.310680843
105.575,-0.3739592057,-1.349547179,-1.349547179,1.324583334
105.6,-0.414375581,-1.316266909,-1.316266909,1.337710959
105.625,-0.4539904997,-1.282667902,-1.282667902,1.35008598
105.65,-0.4927273415,-1.248768711,-1.248768711,1.361728858
105.675,-0.5305111843,-1.214587403,-1.214587403,1.372658387
105.7,-0.5672689491,-1.180141593,-1.180141593,1.382891799
105.725,-0.6029295417,-1.145448482,-1.145448482,1.392444869
105.75,-0.6374239897,-1.110524898,-1.110524898,1.401332031
105.775,-0.6706855765,-1.07538732,-1.07538732,1.40956646
105.8,-0.7026499698,-1.040051914,-1.040051914,1.417160188
105.825,-0.7332553462,-1.004534558,-1.004534558,1.42412418
105.85,-0.762442511,-0.9688508691,-0.9688508691,1.43046843
105.875,-0.7901550124,-0.933016225,-0.933016225,1.436202051
105.9,-0.8163392507,-0.8970457856,-0.8970457856,1.441333343
105.925,-0.8409445823,-0.8609545138,-0.8609545138,1.445869895
105.95,-0.8639234172,-0.8247571892,-0.8247571892,1.449818642
105.975,-0.8852313113,-0.7884684268,-0.7884684268,1.45318595
106,-0.9048270525,-0.752102688,-0.752102688,1.455977694
106.025,-0.9226727399,-0.7156742929,-0.7156742929,1.458199316
106.05,-0.9387338577,-0.6791974307,-0.6791974307,1.459855909
106.075,-0.9529793415,-0.642686166,-0.642686166,1.460952275
106.1,-0.9653816388,-0.6061544473,-0.6061544473,1.461492997
106.125,-0.9759167619,-0.5696161097,-0.5696161097,1.461482503
106.15,-0.9845643345,-0.5330848794,-0.5330848794,1.460925124
106.175,-0.9913076311,-0.496574375,-0.496574375,1.459825168
106.2,-0.9961336091,-0.4600981064,-0.4600981064,1.458186969
106.225,-0.9990329347,-0.4236694751,-0.4236694751,1.456014948
106.25,-1,-0.3873017695,-0.3873017695,1.453313676
106.275,-0.9990329347,-0.351008162,-0.351008162,1.45008792
106.3,-0.9961336091,-0.3148017025,-0.3148017025,1.446342705
106.325,-0.9913076311,-0.2786953113,-0.2786953113,1.442083355
106.35,-0.9845643345,-0.242701772,-0.242701772,1.437315548
106.375,-0.9759167619,-0.2068337206,-0.2068337206,1.432045355
106.4,-0.9653816388,-0.1711036367,-0.1711036367,1.426279286
106.425,-0.9529793415,-0.1355238306,-0.1355238306,1.420024323
106.45,-0.9387338577,-0.1001064324,-0.1001064324,1.413287958
106.475,-0.9226727399,-0.0648633777,-0.0648633777,1.40607822
106.5,-0.9048270525,-0.02980639477,-0.02980639477,1.398403699
106.525,-0.8852313113,0.005053010346,0.005053010346,1.39027357
106.55,-0.8639234172,0.03970356824,0.03970356824,1.381697602
106.575,-0.8409445823,0.0741342614,0.0741342614,1.372686171
106.6,-0.8163392507,0.1083343393,0.1083343393,1.363250264
106.625,-0.7901550124,0.1422933337,0.1422933337,1.35340147
106.65,-0.762442511,0.1760010735,0.1760010735,1.34315198
106.675,-0.7332553462,0.2094476999,0.2094476999,1.332514563
106.7,-0.7026499698,0.2426236799,0.2426236799,1.321502549
106.725,-0.6706855765,0.2755198211,0.2755198211,1.310129799
106.75,-0.6374239897,0.3081272832,0.3081272832,1.298410669
106.775,-0.6029295417,0.3404375914,0.3404375914,1.286359971
106.8,-0.5672689491,0.3724426454,0.3724426454,1.273992923
106.825,-0.5305111843,0.4041347309,0.4041347309,1.261325092
106.85,-0.4927273415,0.4355065257,0.4355065257,1.248372343
106.875,-0.4539904997,0.4665511077,0.4665511077,1.235150766
106.9,-0.414375581,0.4972619592,0.4972619592,1.22167661
106.925,-0.3739592057,0.5276329694,0.5276329694,1.207966205
106.95,-0.3328195445,0.5576584369,0.5576584369,1.194035891
106.975,-0.2910361668,0.5873330669,0.5873330669,1.179901928
107,-0.2486898872,0.6166519705,0.6166519705,1.165580417
107.025,-0.2058626088,0.6456106572,0.6456106572,1.151087215
107.05,-0.1626371652,0.6742050298,0.6742050298,1.136437843
107.075,-0.1190971601,0.7024313741,0.7024313741,1.121647406
107.1,-0.07532680553,0.7302863463,0.7302863463,1.1067305
107.125,-0.03141075908,0.7577669619,0.7577669619,1.09170113
107.15,0.01256603988,0.7848705772,0.7848705772,1.076572629
107.175,0.05651853448,0.8115948721,0.8115948721,1.06135757
107.2,0.1003617149,0.8379378325,0.8379378325,1.046067699
107.225,0.1440107826,0.8638977244,0.8638977244,1.030713859
107.25,0.1873813146,0.8894730746,0.8894730746,1.015305919
107.275,0.2303894267,0.9146626438,0.9146626438,0.9998527226
107.3,0.2729519355,0.9394653985,0.9394653985,0.9843620218
107.325,0.3149865197,0.9638804877,0.9638804877,0.9688404386
107.35,0.3564118787,0.987907209,0.987907209,0.9532934228
107.375,0.3971478906,1.011544982,1.011544982,0.9377252136
107.4,0.4371157667,1.034793319,1.034793319,0.922138824
107.425,0.4762382037,1.057651787,1.057651787,0.9065360189
107.45,0.5144395338,1.080119987,1.080119987,0.8909173073
107.475,0.5516458706,1.102197514,1.102197514,0.8752819493
107.5,0.5877852523,1.123883929,1.123883929,0.8596279577
107.525,0.6227877805,1.145178731,1.145178731,0.8439521208
107.55,0.6565857558,1.166081317,1.166081317,0.8282500303
107.575,0.6891138084,1.186590967,1.186590967,0.8125161075
107.6,0.7203090249,1.206706802,1.206706802,0.7967436554
107.625,0.7501110696,1.226427764,1.226427764,0.7809249007
107.65,0.7784623016,1.245752588,1.245752588,0.7650510496
107.675,0.8053078857,1.264679776,1.264679776,0.7491123583
107.7,0.8305958992,1.283207577,1.283207577,0.7330981866
107.725,0.8542774317,1.301333962,1.301333962,0.7169970842
107.75,0.87630668,1.319056605,1.319056605,0.7007968616
107.775,0.8966410368,1.336372872,1.336372872,0.6844846666
107.8,0.9152411726,1.353279794,1.353279794,0.6680470815
107.825,0.9320711125,1.369774065,1.369774065,0.6514701914
107.85,0.947098305,1.385852024,1.385852024,0.6347396855
107.875,0.9602936857,1.401509647,1.401509647,0.6178409403
107.9,0.9716317329,1.416742545,1.416742545,0.6007591015
107.925,0.9810905174,1.431545952,1.431545952,0.5834791847
107.95,0.9886517447,1.445914728,1.445914728,0.5659861439
107.975,0.9943007904,1.459843358,1.459843358,0.5482649687
108,0.9980267284,1.473325951,1.473325951,0.5303007571
108.025,0.9998223524,1.486356248,1.486356248,0.5120787913
108.05,0.9996841893,1.498927622,1.498927622,0.4935846177
108.075,0.9976125064,1.511033092,1.511033092,0.4748041023
108.1,0.9936113105,1.522665326,1.522665326,0.4557235065
108.125,0.9876883406,1.533816656,1.533816656,0.4363295322
108.15,0.9798550524,1.544479085,1.544479085,0.4166093813
108.175,0.9701265965,1.554644305,1.554644305,0.3965507958
108.2,0.958521789,1.564303707,1.564303707,0.3761420964
108.225,0.9450630752,1.573448399,1.573448399,0.3553722163
108.25,0.9297764859,1.582069221,1.582069221,0.3342307218
108.275,0.9126915874,1.590156757,1.590156757,0.3127078356
108.3,0.8938414242,1.597701358,1.597701358,0.2907944421
108.325,0.8732624548,1.604693154,1.604693154,0.2684820978
108.35,0.8509944818,1.611122073,1.611122073,0.2457630236
108.375,0.8270805743,1.616977856,1.616977856,0.2226301023
108.4,0.8015669849,1.622250076,1.622250076,0.1990768585
108.425,0.7745030602,1.626928148,1.626928148,0.1750974442
108.45,0.7459411454,1.631001352,1.631001352,0.1506866084
108.475,0.715936483,1.634458844,1.634458844,0.125839671
108.5,0.6845471059,1.637289667,1.637289667,0.1005524846
108.525,0.6518337253,1.639482769,1.639482769,0.07482139764
108.55,0.6178596131,1.641027011,1.641027011,0.04864321059
108.575,0.5826904797,1.64191118,1.64191118,0.02201513005
108.6,0.5463943467,1.642123998,1.642123998,-0.005065278481
108.625,0.5090414158,1.641654129,1.641654129,-0.03260014372
108.65,0.4707039322,1.640490188,1.640490188,-0.06059133814
108.675,0.4314560457,1.638620745,1.638620745,-0.08904053503
108.7,0.3913736668,1.636034332,1.636034332,-0.1179492577
108.725,0.3505343202,1.632719441,1.632719441,-0.1473189422
108.75,0.3090169944,1.628664532,1.628664532,-0.1771509808
108.775,0.2669019893,1.623858027,1.623858027,-0.207446786
108.8,0.2242707609,1.618288315,1.618288315,-0.2382078382
108.825,0.1812057636,1.611943745,1.611943745,-0.2694357325
108.85,0.1377902907,1.604812624,1.604812624,-0.3011322378
108.875,0.09410831332,1.596883212,1.596883212,-0.3332993336
108.9,0.05024431818,1.588143717,1.588143717,-0.3659392563
108.925,0.006283143966,1.578582288,1.578582288,-0.3990545438
108.95,-0.03769018267,1.568187005,1.568187005,-0.4326480642
108.975,-0.08159061157,1.556945872,1.556945872,-0.4667230538
109,-0.1253332336,1.544846809,1.544846809,-0.5012831429
109.025,-0.1688334447,1.531877639,1.531877639,-0.5363323763
109.05,-0.2120071099,1.518026077,1.518026077,-0.5718752327
109.075,-0.2547707257,1.503279723,1.503279723,-0.6079166331
109.1,-0.2970415816,1.487626047,1.487626047,-0.6444619439
109.125,-0.3387379202,1.471052378,1.471052378,-0.6815169732
109.15,-0.3797790955,1.453545898,1.453545898,-0.7190879592
109.175,-0.4200857284,1.435093626,1.435093626,-0.7571815429
109.2,-0.4595798606,1.415682408,1.415682408,-0.795804741
109.225,-0.4981851053,1.395298914,1.395298914,-0.8349649024
109.25,-0.535826795,1.373929625,1.373929625,-0.8746696391
109.275,-0.5724321256,1.351560829,1.351560829,-0.9149267716
109.3,-0.6079302977,1.328178617,1.328178617,-0.9557442375
109.325,-0.6422526532,1.303768881,1.303768881,-0.9971299663
109.35,-0.6753328081,1.278317318,1.278317318,-1.039091787
109.375,-0.7071067812,1.251809427,1.251809427,-1.081637277
109.4,-0.7375131174,1.224230531,1.224230531,-1.12477354
109.425,-0.7664930068,1.195565774,1.195565774,-1.168507087
109.45,-0.7939903986,1.16580015,1.16580015,-1.212843583
109.475,-0.8199521093,1.134918532,1.134918532,-1.257787518
109.5,-0.8443279255,1.102905687,1.102905687,-1.303342009
109.525,-0.8670707012,1.06974633,1.06974633,-1.349508434
109.55,-0.8881364488,1.035425172,1.035425172,-1.396285984
109.575,-0.9074844245,0.9999269667,0.9999269667,-1.443671325
109.6,-0.9250772068,0.9632365913,0.9632365913,-1.491658087
109.625,-0.940880769,0.9253391328,0.9253391328,-1.540236254
109.65,-0.9548645447,0.8862199675,0.8862199675,-1.589391695
109.675,-0.9670014878,0.8458648939,0.8458648939,-1.639105386
109.7,-0.9772681236,0.8042602502,0.8042602502,-1.689352725
109.725,-0.9856445951,0.761393066,0.761393066,-1.740102749
109.75,-0.9921147013,0.7172512405,0.7172512405,-1.791317185
109.775,-0.996665928,0.671823721,0.671823721,-1.842949593
109.8,-0.9992894726,0.6251007393,0.6251007393,-1.894944243
109.825,-0.9999802609,0.5770740374,0.5770740374,-1.94723511
109.85,-0.9987369566,0.5277371581,0.5277371581,-1.999744626
109.875,-0.9955619646,0.4770857326,0.4770857326,-2.052382532
109.9,-0.9904614257,0.4251178257,0.4251178257,-2.10504456
109.925,-0.983445205,0.3718342954,0.3718342954,-2.157611169
109.95,-0.9745268728,0.3172391917,0.3172391917,-2.209946232
109.975,-0.9637236783,0.2613401913,0.2613401913,-2.261895753
110,-0.9510565163,0.204149054,0.204149054,-2.313286658
110.025,-0.9365498867,0.1456821182,0.1456821182,-2.363925653
110.05,-0.9202318474,0.08596081825,0.08596081825,-2.413598256
110.075,-0.9021339594,0.02501222296,0.02501222296,-2.462068022
110.1,-0.8822912264,-0.03713040779,-0.03713040779,-2.509076045
110.125,-0.860742027,-0.1004270582,-0.1004270582,-2.554340799
110.15,-0.83752804,-0.1648303942,-0.1648303942,-2.59755841
110.175,-0.8126941644,-0.2302852126,-0.2302852126,-2.638403419
110.2,-0.7862884321,-0.2967279183,-0.2967279183,-2.676530151
110.225,-0.7583619153,-0.3640860403,-0.3640860403,-2.711574748
110.25,-0.7289686274,-0.4322778134,-0.4322778134,-2.743157921
110.275,-0.698165419,-0.501211834,-0.501211834,-2.770888553
110.3,-0.6660118674,-0.5707868163,-0.5707868163,-2.794368104
110.325,-0.6325701619,-0.6408914729,-0.6408914729,-2.813195861
110.35,-0.5979049831,-0.7114045349,-0.7114045349,-2.826975079
110.375,-0.5620833779,-0.7821949347,-0.7821949347,-2.835319846
110.4,-0.52517463,-0.8531221703,-0.8531221703,-2.837862632
110.425,-0.4872501257,-0.9240368647,-0.9240368647,-2.834262352
110.45,-0.4483832161,-0.9947815314,-0.9947815314,-2.824212741
110.475,-0.4086490747,-1.065191551,-1.065191551,-2.807450791
110.5,-0.3681245527,-1.135096355,-1.135096355,-2.783764948
110.525,-0.3268880297,-1.20432081,-1.20432081,-2.753002751
110.55,-0.2850192625,-1.272686781,-1.272686781,-2.715077596
110.575,-0.2425992308,-1.340014851,-1.340014851,-2.669974272
110.6,-0.1997099805,-1.406126157,-1.406126157,-2.617752981
110.625,-0.156434465,-1.470844311,-1.470844311,-2.558551564
110.65,-0.1128563849,-1.533997344,-1.533997344,-2.492585767
110.675,-0.06906002571,-1.595419641,-1.595419641,-2.420147403
110.7,-0.02513009544,-1.654953791,-1.654953791,-2.34160044
110.725,0.01884843972,-1.712452326,-1.712452326,-2.257375059
110.75,0.06279051953,-1.767779282,-1.767779282,-2.167959912
110.775,0.1066111543,-1.820811545,-1.820811545,-2.073892836
110.8,0.1502255891,-1.871439954,-1.871439954,-1.975750348
110.825,0.1935494681,-1.919570129,-1.919570129,-1.874136369
110.85,0.236498997,-1.965123008,-1.965123008,-1.769670676
110.875,0.278991106,-2.0080351,-2.0080351,-1.662977218
110.9,0.3209436098,-2.048258451,-2.048258451,-1.554673116
110.925,0.3622753667,-2.085760342,-2.085760342,-1.445358427
110.95,0.4029064357,-2.120522742,-2.120522742,-1.335606939
110.975,0.442758231,-2.152541558,-2.152541558,-1.225958434
111,0.4817536741,-2.181825696,-2.181825696,-1.116912371
111.025,0.5198173426,-2.208395997,-2.208395997,-1.008923094
111.05,0.5568756165,-2.232284055,-2.232284055,-0.902396592
111.075,0.5928568202,-2.253530996,-2.253530996,-0.7976887004
111.1,0.6276913613,-2.272186202,-2.272186202,-0.695104635
111.125,0.6613118653,-2.288306066,-2.288306066,-0.5948996926
111.15,0.6936533058,-2.301952752,-2.301952752,-0.4972809506
111.175,0.7246531302,-2.313193023,-2.313193023,-0.4024097653
111.2,0.7542513807,-2.322097136,-2.322097136,-0.3104048797
111.225,0.7823908106,-2.328737826,-2.328737826,-0.2213459567
111.25,0.8090169944,-2.333189363,-2.333189363,-0.1352774133
111.275,0.8340784336,-2.335526733,-2.335526733,-0.05221233509
111.3,0.8575266562,-2.335824896,-2.335824896,0.02786357599
111.325,0.8793163102,-2.334158154,-2.334158154,0.1049881604
111.35,0.8994052516,-2.330599606,-2.330599606,0.1792191329
111.375,0.9177546257,-2.325220697,-2.325220697,0.2506306447
111.4,0.9343289425,-2.318090844,-2.318090844,0.3193101158
111.425,0.949096145,-2.309277145,-2.309277145,0.3853553584
111.45,0.9620276716,-2.298844149,-2.298844149,0.4488720033
111.475,0.973098511,-2.286853691,-2.286853691,0.5099712272
111.5,0.9822872507,-2.273364777,-2.273364777,0.5687677717
111.525,0.9895761186,-2.25843352,-2.25843352,0.6253782414
111.55,0.994951017,-2.242113107,-2.242113107,0.6799196588
111.575,0.9984015501,-2.22445381,-2.22445381,0.7325082575
111.6,0.9999210442,-2.205503013,-2.205503013,0.7832584885
111.625,0.9995065604,-2.185305272,-2.185305272,0.8322822179
111.65,0.9971589003,-2.163902383,-2.163902383,0.8796880904
111.675,0.9928826046,-2.141333474,-2.141333474,0.9255810396
111.7,0.9866859442,-2.117635097,-2.117635097,0.9700619239
111.725,0.9785809043,-2.092841339,-2.092841339,1.013227268
111.75,0.9685831611,-2.066983929,-2.066983929,1.05516909
111.775,0.9567120516,-2.040092351,-2.040092351,1.095974805
111.8,0.9429905359,-2.012193965,-2.012193965,1.135727188
111.825,0.9274451533,-1.983314117,-1.983314117,1.174504377
111.85,0.9101059707,-1.953476258,-1.953476258,1.212379916
111.875,0.8910065242,-1.922702059,-1.922702059,1.249422828
111.9,0.8701837547,-1.891011516,-1.891011516,1.285697693
111.925,0.8476779361,-1.858423071,-1.858423071,1.321264753
111.95,0.8235325976,-1.824953709,-1.824953709,1.356180007
111.975,0.7977944395,-1.790619069,-1.790619069,1.390495317
112,0.7705132428,-1.755433543,-1.755433543,1.424258497
112.025,0.7417417727,-1.719410379,-1.719410379,1.457513406
112.05,0.7115356772,-1.682561774,-1.682561774,1.490300019
112.075,0.6799533787,-1.644898978,-1.644898978,1.52265449
112.1,0.6470559616,-1.60643238,-1.60643238,1.55460919
112.125,0.6129070537,-1.56717161,-1.56717161,1.586192739
112.15,0.5775727034,-1.527125628,-1.527125628,1.617430001
112.175,0.5411212521,-1.486302819,-1.486302819,1.648342075
112.2,0.5036232016,-1.444711088,-1.444711088,1.678946248
112.225,0.4651510781,-1.40235796,-1.40235796,1.709255931
112.25,0.4257792916,-1.359250666,-1.359250666,1.739280575
112.275,0.3855839923,-1.31539626,-1.31539626,1.769025553
112.3,0.3446429232,-1.270801709,-1.270801709,1.798492026
112.325,0.3030352696,-1.225474005,-1.225474005,1.827676782
112.35,0.2608415063,-1.179420281,-1.179420281,1.856572046
112.375,0.2181432414,-1.132647918,-1.132647918,1.885165287
112.4,0.175023059,-1.085164678,-1.085164678,1.913438967
112.425,0.1315643591,-1.036978821,-1.036978821,1.941370325
112.45,0.08785119655,-0.9880992485,-0.9880992485,1.968931082
112.475,0.04396811832,-0.9385356371,-0.9385356371,1.996087201
112.5,-3.136457563e-14,-0.8882985928,-0.8882985928,2.022798575
112.525,-0.04396811832,-0.8373998,-0.8373998,2.049018764
112.55,-0.08785119655,-0.785852188,-0.785852188,2.074694701
112.575,-0.1315643591,-0.7336700982,-0.7336700982,2.099766425
112.6,-0.175023059,-0.680869459,-0.680869459,2.124166832
112.625,-0.2181432414,-0.6274679694,-0.6274679694,2.147821447
112.65,-0.2608415063,-0.573485283,-0.573485283,2.170648246
112.675,-0.3030352696,-0.5189432009,-0.5189432009,2.19255752
112.7,-0.3446429232,-0.4638658632,-0.4638658632,2.213451809
112.725,-0.3855839923,-0.4082799431,-0.4082799431,2.233225919
112.75,-0.4257792916,-0.3522148403,-0.3522148403,2.251767021
112.775,-0.4651510781,-0.2957028669,-0.2957028669,2.268954878
112.8,-0.5036232016,-0.2387794325,-0.2387794325,2.284662181
112.825,-0.5411212521,-0.1814832099,-0.1814832099,2.298755035
112.85,-0.5775727034,-0.1238562983,-0.1238562983,2.311093613
112.875,-0.6129070537,-0.06594435531,-0.06594435531,2.321532944
112.9,-0.6470559616,-0.00779671953,-0.00779671953,2.329923951
112.925,-0.6799533787,0.05053350603,0.05053350603,2.336114594
112.95,-0.7115356772,0.1089893938,0.1089893938,2.33995128
112.975,-0.7417417727,0.1675101734,0.1675101734,2.341280436
113,-0.7705132428,0.2260312536,0.2260312536,2.33995027
113.025,-0.7977944395,0.2844842906,0.2844842906,2.335812724
113.05,-0.8235325976,0.3427973074,0.3427973074,2.328725562
113.075,-0.8476779361,0.4008948675,0.4008948675,2.318554619
113.1,-0.8701837547,0.4586983051,0.4586983051,2.305176113
113.125,-0.8910065242,0.5161260143,0.5161260143,2.288479028
113.15,-0.9101059707,0.573093798,0.573093798,2.268367491
113.175,-0.9274451533,0.6295152761,0.6295152761,2.244763098
113.2,-0.9429905359,0.6853023501,0.6853023501,2.217607125
113.225,-0.9567120516,0.740365721,0.740365721,2.186862553
113.25,-0.9685831611,0.7946154534,0.7946154534,2.152515856
113.275,-0.9785809043,0.847961584,0.847961584,2.114578481
113.3,-0.9866859442,0.9003147602,0.9003147602,2.073087965
113.325,-0.9928826046,0.9515869015,0.9515869015,2.028108633
113.35,-0.9971589003,1.001691873,1.001691873,1.979731855
113.375,-0.9995065604,1.05054616,1.05054616,1.928075808
113.4,-0.9999210442,1.098069531,1.098069531,1.873284756
113.425,-0.9984015501,1.144185676,1.144185676,1.815527832
113.45,-0.994951017,1.188822804,1.188822804,1.754997366
113.475,-0.9895761186,1.231914204,1.231914204,1.691906751
113.5,-0.9822872507,1.273398736,1.273398736,1.626487944
113.525,-0.973098511,1.31322126,1.31322126,1.558988651
113.55,-0.9620276716,1.351332997,1.351332997,1.489669227
113.575,-0.949096145,1.3876918,1.3876918,1.418799431
113.6,-0.9343289425,1.422262347,1.422262347,1.346655127
113.625,-0.9177546257,1.455016257,1.455016257,1.273514856
113.65,-0.8994052516,1.485932109,1.485932109,1.19965669
113.675,-0.8793163102,1.514995396,1.514995396,1.125354973
113.7,-0.8575266562,1.542198397,1.542198397,1.050877569
113.725,-0.8340784336,1.567539969,1.567539969,0.9764830732
113.75,-0.8090169944,1.591025304,1.591025304,0.9024186261
113.775,-0.7823908106,1.612665602,1.612665602,0.8289178234
113.8,-0.7542513807,1.632477718,1.632477718,0.7561991578
113.825,-0.7246531302,1.650483767,1.650483767,0.6844647166
113.85,-0.6936533058,1.6667107,1.6667107,0.6138992928
113.875,-0.6613118653,1.681189869,1.681189869,0.5446698139
113.9,-0.6276913613,1.693956569,1.693956569,0.4769250966
113.925,-0.5928568202,1.705049591,1.705049591,0.410795888
113.95,-0.5568756165,1.714510772,1.714510772,0.3463951696
113.975,-0.5198173426,1.722384556,1.722384556,0.283818675
114,-0.4817536741,1.728717572,1.728717572,0.2231455898
114.025,-0.442758231,1.733558231,1.733558231,0.1644394138
114.05,-0.4029064357,1.736956344,1.736956344,0.107748913
114.075,-0.3622753667,1.738962769,1.738962769,0.05310916685
114.1,-0.3209436098,1.739629082,1.739629082,0.0005426630555
114.125,-0.278991106,1.739007274,1.739007274,-0.04993959249
114.15,-0.236498997,1.737149479,1.737149479,-0.09833695845
114.175,-0.1935494681,1.734107731,1.734107731,-0.1446580636
114.2,-0.1502255891,1.72993374,1.72993374,-0.188919747
114.225,-0.1066111543,1.724678707,1.724678707,-0.2311460479
114.25,-0.06279051953,1.718393148,1.718393148,-0.2713672504
114.275,-0.01884843972,1.711126758,1.711126758,-0.3096189931
114.3,0.02513009544,1.702928277,1.702928277,-0.3459414513
114.325,0.06906002571,1.693845397,1.693845397,-0.3803785852
114.35,0.1128563849,1.683924667,1.683924667,-0.4129774572
114.375,0.156434465,1.67321143,1.67321143,-0.4437876323
114.4,0.1997099805,1.661749763,1.661749763,-0.4728606269
114.425,0.2425992308,1.649582434,1.649582434,-0.5002494409
114.45,0.2850192625,1.636750875,1.636750875,-0.5260081413
114.475,0.3268880297,1.623295155,1.623295155,-0.5501915031
114.5,0.3681245527,1.609253968,1.609253968,-0.5728547112
114.525,0.4086490747,1.594664626,1.594664626,-0.5940530979
114.55,0.4483832161,1.579563059,1.579563059,-0.613841937
114.575,0.4872501257,1.563983817,1.563983817,-0.6322762711
114.6,0.52517463,1.547960078,1.547960078,-0.649410768
114.625,0.5620833779,1.531523658,1.531523658,-0.6652996288
114.65,0.5979049831,1.514705029,1.514705029,-0.6799964913
114.675,0.6325701619,1.497533325,1.497533325,-0.6935543873
114.7,0.6660118674,1.480036364,1.480036364,-0.7060257037
114.725,0.698165419,1.462240664,1.462240664,-0.7174621616
114.75,0.7289686274,1.444171455,1.444171455,-0.7279148135
114.775,0.7583619153,1.425852701,1.425852701,-0.7374340502
114.8,0.7862884321,1.407307116,1.407307116,-0.7460696167
114.825,0.8126941644,1.388556175,1.388556175,-0.7538706331
114.85,0.83752804,1.369620134,1.369620134,-0.7608856268
114.875,0.860742027,1.350518044,1.350518044,-0.7671625599
114.9,0.8822912264,1.331267761,1.331267761,-0.7727488642
114.925,0.9021339594,1.311885965,1.311885965,-0.7776914781
114.95,0.9202318474,1.292388164,1.292388164,-0.782036875
114.975,0.9365498867,1.272788714,1.272788714,-0.785831101
115,0.9510565163,1.253100822,1.253100822,-0.7891198024
115.025,0.9637236783,1.233336559,1.233336559,-0.7919482526
115.05,0.9745268728,1.21350687,1.21350687,-0.794361379
115.075,0.983445205,1.193621579,1.193621579,-0.7964037791
115.1,0.9904614257,1.173689401,1.173689401,-0.7981197375
115.125,0.9955619646,1.153717946,1.153717946,-0.7995532378
115.15,0.9987369566,1.133713729,1.133713729,-0.8007479663
115.175,0.9999802609,1.113682176,1.113682176,-0.8017473134
115.2,0.9992894726,1.093627633,1.093627633,-0.8025943692
115.225,0.996665928,1.07355337,1.07355337,-0.803331915
115.25,0.9921147013,1.053461595,1.053461595,-0.8040024046
115.275,0.9856445951,1.033353458,1.033353458,-0.8046479461
115.3,0.9772681236,1.013229058,1.013229058,-0.8053102808
115.325,0.9670014878,0.9930874588,0.9930874588,-0.8060307449
115.35,0.9548645447,0.9729266956,0.9729266956,-0.8068502346
115.375,0.940880769,0.9527437857,0.9527437857,-0.8078091757
115.4,0.9250772068,0.9325347413,0.9325347413,-0.8089474773
115.425,0.9074844245,0.9122945885,0.9122945885,-0.8103044611
115.45,0.8881364488,0.892017374,0.892017374,-0.8119188391
115.475,0.8670707012,0.8716961847,0.8716961847,-0.8138286454
115.5,0.8443279255,0.8513231685,0.8513231685,-0.8160711647
115.525,0.8199521093,0.8308895501,0.8308895501,-0.8186828799
115.55,0.7939903986,0.8103856508,0.8103856508,-0.8216994086
115.575,0.7664930068,0.7898009165,0.7898009165,-0.8251554152
115.6,0.7375131174,0.7691239375,0.7691239375,-0.8290845522
115.625,0.7071067812,0.7483424743,0.7483424743,-0.8335193841
115.65,0.6753328081,0.7274434919,0.7274434919,-0.8384912931
115.675,0.6422526532,0.7064131831,0.7064131831,-0.8440304132
115.7,0.6079302977,0.6852370038,0.6852370038,-0.85016554
115.725,0.5724321256,0.6638997108,0.6638997108,-0.8569240343
115.75,0.535826795,0.6423853917,0.6423853917,-0.8643317479
115.775,0.4981851053,0.6206775106,0.6206775106,-0.8724129149
115.8,0.4595798606,0.5987589459,0.5987589459,-0.8811900638
115.825,0.4200857284,0.5766120342,0.5766120342,-0.890683917
115.85,0.3797790955,0.5542186203,0.5542186203,-0.9009132806
115.875,0.3387379202,0.5315601003,0.5315601003,-0.9118949489
115.9,0.2970415816,0.5086174808,0.5086174808,-0.9236435789
115.925,0.2547707257,0.485371426,0.485371426,-0.9361715877
115.95,0.2120071099,0.4618023221,0.4618023221,-0.9494890202
115.975,0.1688334447,0.4378903328,0.4378903328,-0.9636034307
116,0.1253332336,0.4136154672,0.4136154672,-0.9785197445
116.025,0.08159061157,0.3889576443,0.3889576443,-0.994240123
116.05,0.03769018267,0.3638967659,0.3638967659,-1.010763815
116.075,-0.006283143966,0.3384127901,0.3384127901,-1.028087006
116.1,-0.05024431818,0.3124858109,0.3124858109,-1.046202654
116.125,-0.09410831332,0.2860961395,0.2860961395,-1.065100325
116.15,-0.1377902907,0.2592243936,0.2592243936,-1.08476601
116.175,-0.1812057636,0.2318515858,0.2318515858,-1.105181946
116.2,-0.2242707609,0.203959224,0.203959224,-1.126326414
116.225,-0.2669019893,0.1755294085,0.1755294085,-1.148173547
116.25,-0.3090169944,0.1465449416,0.1465449416,-1.170693112
116.275,-0.3505343202,0.1169894382,0.1169894382,-1.193850295
116.3,-0.3913736668,0.08684744212,0.08684744212,-1.217605485
116.325,-0.4314560457,0.05610455091,0.05610455091,-1.241914045
116.35,-0.4707039322,0.02474754272,0.02474754272,-1.266726084
116.375,-0.5090414158,-0.007235489072,-0.007235489072,-1.291986233
116.4,-0.5463943467,-0.03985499594,-0.03985499594,-1.317633425
116.425,-0.5826904797,-0.07311982919,-0.07311982919,-1.343600677
116.45,-0.6178596131,-0.1070370896,-0.1070370896,-1.369814897
116.475,-0.6518337253,-0.1416119724,-0.1416119724,-1.396196695
116.5,-0.6845471059,-0.1768476073,-0.1768476073,-1.42266023
116.525,-0.715936483,-0.2127448967,-0.2127448967,-1.449113086
116.55,-0.7459411454,-0.2493023489,-0.2493023489,-1.47545618
116.575,-0.7745030602,-0.2865159112,-0.2865159112,-1.501583731
116.6,-0.8015669849,-0.3243788039,-0.3243788039,-1.527383276
116.625,-0.8270805743,-0.3628813515,-0.3628813515,-1.552735761
116.65,-0.8509944818,-0.4020108224,-0.4020108224,-1.577515702
116.675,-0.8732624548,-0.4417512701,-0.4417512701,-1.601591444
116.7,-0.8938414242,-0.4820833821,-0.4820833821,-1.624825513
116.725,-0.9126915874,-0.5229843432,-0.5229843432,-1.647075079
116.75,-0.9297764859,-0.5644277032,-0.5644277032,-1.668192527
116.775,-0.9450630752,-0.6063832721,-0.6063832721,-1.688026204
116.8,-0.958521789,-0.6488170247,-0.6488170247,-1.706421201
116.825,-0.9701265965,-0.6916910343,-0.6916910343,-1.723220401
116.85,-0.9798550524,-0.7349634275,-0.7349634275,-1.738265542
116.875,-0.9876883406,-0.7785883763,-0.7785883763,-1.751398527
116.9,-0.9936113105,-0.8225161135,-0.8225161135,-1.762462772
116.925,-0.9976125064,-0.8666929945,-0.8666929945,-1.771304755
116.95,-0.9996841893,-0.9110615905,-0.9110615905,-1.777775622
116.975,-0.9998223524,-0.9555608265,-0.9555608265,-1.781732889
117,-0.9980267284,-1.000126166,-1.000126166,-1.783042238
117.025,-0.9943007904,-1.044689833,-1.044689833,-1.781579306
117.05,-0.9886517447,-1.089181087,-1.089181087,-1.77723149
117.075,-0.9810905174,-1.133526537,-1.133526537,-1.76989973
117.1,-0.9716317329,-1.177650504,-1.177650504,-1.759500172
117.125,-0.9602936857,-1.221475417,-1.221475417,-1.745965747
117.15,-0.947098305,-1.264922254,-1.264922254,-1.729247563
117.175,-0.9320711125,-1.307911012,-1.307911012,-1.709316086
117.2,-0.9152411726,-1.350361198,-1.350361198,-1.686162081
117.225,-0.8966410368,-1.392192353,-1.392192353,-1.659797269
117.25,-0.87630668,-1.433324574,-1.433324574,-1.630254659
117.275,-0.8542774317,-1.473679051,-1.473679051,-1.597588565
117.3,-0.8305958992,-1.513178595,-1.513178595,-1.561874259
117.325,-0.8053078857,-1.551748153,-1.551748153,-1.523207285
117.35,-0.7784623016,-1.589315305,-1.589315305,-1.481702441
117.375,-0.7501110696,-1.625810727,-1.625810727,-1.437492413
117.4,-0.7203090249,-1.66116862,-1.66116862,-1.390726139
117.425,-0.6891138084,-1.69532709,-1.69532709,-1.341566921
117.45,-0.6565857558,-1.728228485,-1.728228485,-1.290190281
117.475,-0.6227877805,-1.759819669,-1.759819669,-1.236781715
117.5,-0.5877852523,-1.790052245,-1.790052245,-1.1815343
117.525,-0.5516458706,-1.818882711,-1.818882711,-1.124646228
117.55,-0.5144395338,-1.846272559,-1.846272559,-1.066318453
117.575,-0.4762382037,-1.872188313,-1.872188313,-1.006752185
117.6,-0.4371157667,-1.89660151,-1.89660151,-0.9461467611
117.625,-0.3971478906,-1.91948862,-1.91948862,-0.8846973948
117.65,-0.3564118787,-1.940830926,-1.940830926,-0.8225933378
117.675,-0.3149865197,-1.960614346,-1.960614346,-0.7600160641
117.7,-0.2729519355,-1.978829224,-1.978829224,-0.6971378495
117.725,-0.2303894267,-1.995470082,-1.995470082,-0.6341204701
117.75,-0.1873813146,-2.010535344,-2.010535344,-0.5711142355
117.775,-0.1440107826,-2.024027041,-2.024027041,-0.5082572272
117.8,-0.1003617149,-2.035950497,-2.035950497,-0.4456747921
117.825,-0.05651853448,-2.046314008,-2.046314008,-0.3834792624
117.85,-0.01256603988,-2.055128515,-2.055128515,-0.3217698788
117.875,0.03141075908,-2.062407276,-2.062407276,-0.2606329074
117.9,0.07532680553,-2.068165547,-2.068165547,-0.2001419136
117.925,0.1190971601,-2.072420269,-2.072420269,-0.1403581846
117.95,0.1626371652,-2.075189766,-2.075189766,-0.08133126241
117.975,0.2058626088,-2.076493462,-2.076493462,-0.02309956548
118,0.2486898872,-2.076351607,-2.076351607,0.03430890847
118.025,0.2910361668,-2.074785031,-2.074785031,0.09087584164
118.05,0.3328195445,-2.071814909,-2.071814909,0.1465918308
118.075,0.3739592057,-2.067462544,-2.067462544,0.2014555812
118.1,0.414375581,-2.061749183,-2.061749183,0.2554731516
118.125,0.4539904997,-2.054695835,-2.054695835,0.3086571541
118.15,0.4927273415,-2.046323119,-2.046323119,0.3610260355
118.175,0.5305111843,-2.036651131,-2.036651131,0.4126033476
118.2,0.5672689491,-2.025699316,-2.025699316,0.4634170791
118.225,0.6029295417,-2.013486376,-2.013486376,0.5134990267
118.25,0.6374239897,-2.000030172,-2.000030172,0.5628841968
118.275,0.6706855765,-1.985347659,-1.985347659,0.6116102815
118.3,0.7026499698,-1.969454819,-1.969454819,0.6597171441
118.325,0.7332553462,-1.952366615,-1.952366615,0.7072463894
118.35,0.762442511,-1.934096955,-1.934096955,0.7542409402
118.375,0.7901550124,-1.914658659,-1.914658659,0.8007446871
118.4,0.8163392507,-1.89406344,-1.89406344,0.8468021502
118.425,0.8409445823,-1.872321896,-1.872321896,0.8924581968
118.45,0.8639234172,-1.849443501,-1.849443501,0.9377577722
118.475,0.8852313113,-1.825436605,-1.825436605,0.9827456763
118.5,0.9048270525,-1.800308444,-1.800308444,1.027466342
118.525,0.9226727399,-1.774065149,-1.774065149,1.071963658
118.55,0.9387338577,-1.746711762,-1.746711762,1.11628078
118.575,0.9529793415,-1.718252259,-1.718252259,1.160459983
118.6,0.9653816388,-1.688689569,-1.688689569,1.204542483
118.625,0.9759167619,-1.658025607,-1.658025607,1.248568303
118.65,0.9845643345,-1.626261303,-1.626261303,1.292576107
118.675,0.9913076311,-1.593396642,-1.593396642,1.336603029
118.7,0.9961336091,-1.559430696,-1.559430696,1.380684523
118.725,0.9990329347,-1.52436168,-1.52436168,1.424854154
118.75,1,-1.488186992,-1.488186992,1.469143397
118.775,0.9990329347,-1.450903269,-1.450903269,1.51358143
118.8,0.9961336091,-1.412506458,-1.412506458,1.558194825
118.825,0.9913076311,-1.372991869,-1.372991869,1.603007311
118.85,0.9845643345,-1.33235426,-1.33235426,1.64803943
118.875,0.9759167619,-1.290587925,-1.290587925,1.693308118
118.9,0.9653816388,-1.247686773,-1.247686773,1.738826377
118.925,0.9529793415,-1.203644453,-1.203644453,1.784602723
118.95,0.9387338577,-1.158454457,-1.158454457,1.830640691
118.975,0.9226727399,-1.112110252,-1.112110252,1.87693828
119,0.9048270525,-1.064605446,-1.064605446,1.923487213
119.025,0.8852313113,-1.015933922,-1.015933922,1.970272329
119.05,0.8639234172,-0.9660900497,-0.9660900497,2.017270694
119.075,0.8409445823,-0.9150688706,-0.9150688706,2.064450802
119.1,0.8163392507,-0.8628663339,-0.8628663339,2.111771618
119.125,0.7901550124,-0.8094795439,-0.8094795439,2.159181567
119.15,0.762442511,-0.7549070355,-0.7549070355,2.206617497
119.175,0.7332553462,-0.699149081,-0.699149081,2.254003518
119.2,0.7026499698,-0.6422080194,-0.6422080194,2.301249868
119.225,0.6706855765,-0.5840886204,-0.5840886204,2.348251687
119.25,0.6374239897,-0.5247984778,-0.5247984778,2.394887822
119.275,0.6029295417,-0.4643484267,-0.4643484267,2.441019636
119.3,0.5672689491,-0.4027530039,-0.4027530039,2.486489846
119.325,0.5305111843,-0.3400309172,-0.3400309172,2.531121491
119.35,0.4927273415,-0.2762055574,-0.2762055574,2.574716988
119.375,0.4539904997,-0.2113055208,-0.2113055208,2.617057405
119.4,0.414375581,-0.1453651468,-0.1453651468,2.657901981
119.425,0.3739592057,-0.07842507059,-0.07842507059,2.69698795
119.45,0.3328195445,-0.01053276945,-0.01053276945,2.734030774
119.475,0.2910361668,0.05825690054,0.05825690054,2.768724834
119.5,0.2486898872,0.1278811919,0.1278811919,2.800744677
119.525,0.2058626088,0.1982689916,0.1982689916,2.829746884
119.55,0.1626371652,0.2693404028,0.2693404028,2.855372651
119.575,0.1190971601,0.3410063992,0.3410063992,2.877251111
119.6,0.07532680553,0.4131685745,0.4131685745,2.895003444
119.625,0.03141075908,0.4857190043,0.4857190043,2.908247848
119.65,-0.01256603988,0.5585402396,0.5585402396,2.916605271
119.675,-0.05651853448,0.6315054569,0.6315054569,2.919705908
119.7,-0.1003617149,0.7044787769,0.7044787769,2.917196359
119.725,-0.1440107826,0.7773157701,0.7773157701,2.908747326
119.75,-0.1873813146,0.8498641595,0.8498641595,2.894061628
119.775,-0.2303894267,0.9219647245,0.9219647245,2.872882329
119.8,-0.2729519355,0.9934524078,0.9934524078,2.845000713
119.825,-0.3149865197,1.064157615,1.064157615,2.810263783
119.85,-0.3564118787,1.133907696,1.133907696,2.768580995
119.875,-0.3971478906,1.202528576,1.202528576,2.719929884
119.9,-0.4371157667,1.269846516,1.269846516,2.664360307
119.925,-0.4762382037,1.335689956,1.335689956,2.60199702
119.95,-0.5144395338,1.399891401,1.399891401,2.533040406
119.975,-0.5516458706,1.462289301,1.462289301,2.457765224
120,-0.5877852523,1.522729871,1.522729871,2.376517334
120.025,-0.6227877805,1.581068811,1.581068811,2.289708478
120.05,-0.6565857558,1.637172862,1.637172862,2.197809245
120.075,-0.6891138084,1.690921182,1.690921182,2.101340475
120.1,-0.7203090249,1.742206474,1.742206474,2.00086342
120.125,-0.7501110696,1.79093587,1.79093587,1.896969037
120.15,-0.7784623016,1.837031526,1.837031526,1.790266867
120.175,-0.8053078857,1.880430955,1.880430955,1.681373677
120.2,-0.8305958992,1.921087066,1.921087066,1.570902717
120.225,-0.8542774317,1.958967946,1.958967946,1.459453452
120.25,-0.87630668,1.994056398,1.994056398,1.347602341
120.275,-0.8966410368,2.02634927,2.02634927,1.235894954
120.3,-0.9152411726,2.05585659,2.05585659,1.1248393
120.325,-0.9320711125,2.082600558,2.082600558,1.014900748
120.35,-0.947098305,2.106614441,2.106614441,0.9064983819
120.375,-0.9602936857,2.12794138,2.12794138,0.8000027742
120.4,-0.9716317329,2.146633161,2.146633161,0.6957350972
120.425,-0.9810905174,2.162748982,2.162748982,0.5939674174
120.45,-0.9886517447,2.176354246,2.176354246,0.4949240008
120.475,-0.9943007904,2.187519385,2.187519385,0.3987834642
120.5,-0.9980267284,2.196318753,2.196318753,0.3056815966
120.525,-0.9998223524,2.202829598,2.202829598,0.2157146277
120.55,-0.9996841893,2.207131119,2.207131119,0.128942851
120.575,-0.9976125064,2.20930361,2.20930361,0.04539440681
120.6,-0.9936113105,2.209427706,2.209427706,-0.03493089071
120.625,-0.9876883406,2.207583725,2.207583725,-0.1120577759
120.65,-0.9798550524,2.203851095,2.203851095,-0.1860318925
120.675,-0.9701265965,2.198307881,2.198307881,-0.2569163555
120.7,-0.958521789,2.191030383,2.191030383,-0.3247885575
120.725,-0.9450630752,2.182092818,2.182092818,-0.3897372464
120.75,-0.9297764859,2.171567073,2.171567073,-0.4518598914
120.775,-0.9126915874,2.15952251,2.15952251,-0.5112603392
120.8,-0.8938414242,2.14602584,2.14602584,-0.5680467562
120.825,-0.8732624548,2.131141033,2.131141033,-0.6223298442
120.85,-0.8509944818,2.114929278,2.114929278,-0.6742213153
120.875,-0.8270805743,2.097448969,2.097448969,-0.7238326044
120.9,-0.8015669849,2.078755731,2.078755731,-0.7712737997
120.925,-0.7745030602,2.058902463,2.058902463,-0.816652767
120.95,-0.7459411454,2.037939402,2.037939402,-0.8600744475
120.975,-0.715936483,2.015914205,2.015914205,-0.9016403088
121,-0.6845471059,1.992872038,1.992872038,-0.9414479281
121.025,-0.6518337253,1.968855681,1.968855681,-0.9795906861
121.05,-0.6178596131,1.943905635,1.943905635,-1.016157558
121.075,-0.5826904797,1.91806023,1.91806023,-1.051232988
121.1,-0.5463943467,1.891355747,1.891355747,-1.084896824
121.125,-0.5090414158,1.863826524,1.863826524,-1.117224312
121.15,-0.4707039322,1.835505078,1.835505078,-1.148286134
121.175,-0.4314560457,1.806422212,1.806422212,-1.178148475
121.2,-0.3913736668,1.776607133,1.776607133,-1.206873122
121.225,-0.3505343202,1.746087557,1.746087557,-1.234517577
121.25,-0.3090169944,1.71488981,1.71488981,-1.261135191
121.275,-0.2669019893,1.683038942,1.683038942,-1.286775296
121.3,-0.2242707609,1.650558812,1.650558812,-1.311483355
121.325,-0.1812057636,1.617472192,1.617472192,-1.335301099
121.35,-0.1377902907,1.583800857,1.583800857,-1.358266678
121.375,-0.09410831332,1.54956567,1.54956567,-1.380414791
121.4,-0.05024431818,1.514786668,1.514786668,-1.401776836
121.425,-0.006283143966,1.479483142,1.479483142,-1.42238102
121.45,0.03769018267,1.443673722,1.443673722,-1.442252504
121.475,0.08159061157,1.407376437,1.407376437,-1.461413498
121.5,0.1253332336,1.370608805,1.370608805,-1.479883382
121.525,0.1688334447,1.333387888,1.333387888,-1.4976788
121.55,0.2120071099,1.295730368,1.295730368,-1.514813757
121.575,0.2547707257,1.257652608,1.257652608,-1.5312997
121.6,0.2970415816,1.219170716,1.219170716,-1.547145599
121.625,0.3387379202,1.180300607,1.180300607,-1.562358024
121.65,0.3797790955,1.141058058,1.141058058,-1.576941205
121.675,0.4200857284,1.101458773,1.101458773,-1.590897102
121.7,0.4595798606,1.061518432,1.061518432,-1.604225461
121.725,0.4981851053,1.021252749,1.021252749,-1.616923872
121.75,0.535826795,0.9806775248,0.9806775248,-1.628987826
121.775,0.5724321256,0.9398086984,0.9398086984,-1.640410767
121.8,0.6079302977,0.8986623989,0.8986623989,-1.651184156
121.825,0.6422526532,0.8572549903,0.8572549903,-1.661297517
121.85,0.6753328081,0.8156031254,0.8156031254,-1.670738516
121.875,0.7071067812,0.7737237851,0.7737237851,-1.679493011
121.9,0.7375131174,0.7316343274,0.7316343274,-1.687545139
121.925,0.7664930068,0.6893525268,0.6893525268,-1.694877393
121.95,0.7939903986,0.646896615,0.646896615,-1.701470711
121.975,0.8199521093,0.6042853197,0.6042853197,-1.707304583
122,0.8443279255,0.5615378963,0.5615378963,-1.712357157
122.025,0.8670707012,0.5186741644,0.5186741644,-1.716605376
122.05,0.8881364488,0.4757145314,0.4757145314,-1.72002511
122.075,0.9074844245,0.4326800214,0.4326800214,-1.722591318
122.1,0.9250772068,0.3895922929,0.3895922929,-1.724278224
122.125,0.940880769,0.346473657,0.346473657,-1.725059496
122.15,0.9548645447,0.3033470872,0.3033470872,-1.724908474
122.175,0.9670014878,0.2602362257,0.2602362257,-1.723798367
122.2,0.9772681236,0.2171653835,0.2171653835,-1.721702526
122.225,0.9856445951,0.1741595331,0.1741595331,-1.718594678
122.25,0.9921147013,0.1312442966,0.1312442966,-1.714449216
122.275,0.996665928,0.08844592497,0.08844592497,-1.709241481
122.3,0.9992894726,0.04579127038,0.04579127038,-1.702948066
122.325,0.9999802609,0.003307751548,0.003307751548,-1.695547127
122.35,0.9987369566,-0.03897668966,-0.03897668966,-1.687018704
122.375,0.9955619646,-0.0810336393,-0.0810336393,-1.677345043
122.4,0.9904614257,-0.1228342705,-0.1228342705,-1.666510921
122.425,0.983445205,-0.1643494108,-0.1643494108,-1.654503965
122.45,0.9745268728,-0.2055496176,-0.2055496176,-1.641314972
122.475,0.9637236783,-0.2464052602,-0.2464052602,-1.626938202
122.5,0.9510565163,-0.2868866118,-0.2868866118,-1.61137167
122.525,0.9365498867,-0.3269639449,-0.3269639449,-1.594617405
122.55,0.9202318474,-0.3666076353,-0.3666076353,-1.576681685
122.575,0.9021339594,-0.4057882718,-0.4057882718,-1.557575246
122.6,0.8822912264,-0.4444767684,-0.4444767684,-1.537313448
122.625,0.860742027,-0.4826444824,-0.4826444824,-1.515916401
122.65,0.83752804,-0.5202633347,-0.5202633347,-1.493409054
122.675,0.8126941644,-0.5573059298,-0.5573059298,-1.469821228
122.7,0.7862884321,-0.5937456796,-0.5937456796,-1.445187608
122.725,0.7583619153,-0.629556923,-0.629556923,-1.419547671
122.75,0.7289686274,-0.6647150439,-0.6647150439,-1.392945579
122.775,0.698165419,-0.6991965885,-0.6991965885,-1.365430003
122.8,0.6660118674,-0.732979372,-0.732979372,-1.337053908
122.825,0.6325701619,-0.7660425866,-0.7660425866,-1.307874276
122.85,0.5979049831,-0.7983668946,-0.7983668946,-1.277951801
122.875,0.5620833779,-0.8299345191,-0.8299345191,-1.247350517
122.9,0.52517463,-0.8607293212,-0.8607293212,-1.216137409
122.925,0.4872501257,-0.8907368696,-0.8907368696,-1.18438198
122.95,0.4483832161,-0.9199444967,-0.9199444967,-1.152155785
122.975,0.4086490747,-0.948341345,-0.948341345,-1.119531962
123,0.3681245527,-0.9759183994,-0.9759183994,-1.086584721
123.025,0.3268880297,-1.002668509,-1.002668509,-1.053388854
123.05,0.2850192625,-1.028586394,-1.028586394,-1.020019219
123.075,0.2425992308,-1.053668642,-1.053668642,-0.9865502393
123.1,0.1997099805,-1.077913691,-1.077913691,-0.9530554194
123.125,0.156434465,-1.101321799,-1.101321799,-0.9196068562
123.15,0.1128563849,-1.123895006,-1.123895006,-0.8862748068
123.175,0.06906002571,-1.145637078,-1.145637078,-0.853127238
123.2,0.02513009544,-1.16655345,-1.16655345,-0.8202294589
123.225,-0.01884843972,-1.186651152,-1.186651152,-0.7876437326
123.25,-0.06279051953,-1.205938729,-1.205938729,-0.7554289785
123.275,-0.1066111543,-1.224426154,-1.224426154,-0.7236404642
123.3,-0.1502255891,-1.242124734,-1.242124734,-0.6923295806
123.325,-0.1935494681,-1.259047008,-1.259047008,-0.6615436208
123.35,-0.236498997,-1.275206649,-1.275206649,-0.6313256301
123.375,-0.278991106,-1.290618346,-1.290618346,-0.6017142711
123.4,-0.3209436098,-1.305297704,-1.305297704,-0.5727437461
123.425,-0.3622753667,-1.319261123,-1.319261123,-0.5444437433
123.45,-0.4029064357,-1.33252569,-1.33252569,-0.5168394261
123.475,-0.442758231,-1.345109065,-1.345109065,-0.4899514501
123.5,-0.4817536741,-1.357029368,-1.357029368,-0.4637960128
123.525,-0.5198173426,-1.368305069,-1.368305069,-0.4383849296
123.55,-0.5568756165,-1.378954881,-1.378954881,-0.4137257336
123.575,-0.5928568202,-1.388997651,-1.388997651,-0.3898217994
123.6,-0.6276913613,-1.398452261,-1.398452261,-0.3666724821
123.625,-0.6613118653,-1.407337527,-1.407337527,-0.3442732776
123.65,-0.6936533058,-1.415672108,-1.415672108,-0.3226159903
123.675,-0.7246531302,-1.423474413,-1.423474413,-0.3016889193
123.7,-0.7542513807,-1.430762515,-1.430762515,-0.2814770442
123.725,-0.7823908106,-1.437554075,-1.437554075,-0.26196223
123.75,-0.8090169944,-1.443866261,-1.443866261,-0.2431234196
123.775,-0.8340784336,-1.449715682,-1.449715682,-0.2249368527
123.8,-0.8575266562,-1.455118321,-1.455118321,-0.2073762554
123.825,-0.8793163102,-1.460089473,-1.460089473,-0.1904130679
123.85,-0.8994052516,-1.464643697,-1.464643697,-0.1740166265
123.875,-0.9177546257,-1.468794757,-1.468794757,-0.1581543905
123.9,-0.9343289425,-1.472555583,-1.472555583,-0.1427921227
123.925,-0.949096145,-1.475938232,-1.475938232,-0.1278940962
123.95,-0.9620276716,-1.478953849,-1.478953849,-0.113423287
123.975,-0.973098511,-1.481612639,-1.481612639,-0.09934154541
124,-0.9822872507,-1.483923843,-1.483923843,-0.08560980321
124.025,-0.9895761186,-1.485895714,-1.485895714,-0.07218821794
124.05,-0.994951017,-1.487535502,-1.487535502,-0.05903636073
124.075,-0.9984015501,-1.488849439,-1.488849439,-0.04611337711
124.1,-0.9999210442,-1.489842735,-1.489842735,-0.03337812641
124.125,-0.9995065604,-1.490519566,-1.490519566,-0.0207893506
124.15,-0.9971589003,-1.490883079,-1.490883079,-0.008305796547
124.175,-0.9928826046,-1.490935391,-1.490935391,0.004113637732
124.2,-0.9866859442,-1.490677591,-1.490677591,0.0165097853
124.225,-0.9785809043,-1.490109758,-1.490109758,0.02892308501
124.25,-0.9685831611,-1.489230961,-1.489230961,0.04139347568
124.275,-0.9567120516,-1.488039281,-1.488039281,0.05396028763
124.3,-0.9429905359,-1.486531821,-1.486531821,0.06666214947
124.325,-0.9274451533,-1.484704732,-1.484704732,0.07953689718
124.35,-0.9101059707,-1.482553227,-1.482553227,0.09262149404
124.375,-0.8910065242,-1.480071608,-1.480071608,0.1059519564
124.4,-0.8701837547,-1.477253289,-1.477253289,0.1195632879
124.425,-0.8476779361,-1.47409082,-1.47409082,0.1334894209
124.45,-0.8235325976,-1.470575921,-1.470575921,0.1477631657
124.475,-0.7977944395,-1.466699501,-1.466699501,0.1624161673
124.5,-0.7705132428,-1.462451698,-1.462451698,0.1774788695
124.525,-0.7417417727,-1.4578219,-1.4578219,0.1929804864
124.55,-0.7115356772,-1.452798782,-1.452798782,0.2089489816
124.575,-0.6799533787,-1.447370337,-1.447370337,0.2254110531
124.6,-0.6470559616,-1.441523904,-1.441523904,0.2423921276
124.625,-0.6129070537,-1.435246204,-1.435246204,0.2599163582
124.65,-0.5775727034,-1.428523369,-1.428523369,0.2780066325
124.675,-0.5411212521,-1.421340975,-1.421340975,0.2966845812
124.7,-0.5036232016,-1.413684073,-1.413684073,0.3159706004
124.725,-0.4651510781,-1.405537217,-1.405537217,0.3358838691
124.75,-0.4257792916,-1.396884502,-1.396884502,0.3564423818
124.775,-0.3855839923,-1.387709581,-1.387709581,0.3776629796
124.8,-0.3446429232,-1.377995704,-1.377995704,0.3995613808
124.825,-0.3030352696,-1.367725741,-1.367725741,0.4221522308
124.85,-0.2608415063,-1.356882209,-1.356882209,0.4454491353
124.875,-0.2181432414,-1.345447295,-1.345447295,0.4694647021
124.9,-0.175023059,-1.333402887,-1.333402887,0.4942105978
124.925,-0.1315643591,-1.32073059,-1.32073059,0.519697581
124.95,-0.08785119655,-1.307411749,-1.307411749,0.5459355476
124.975,-0.04396811832,-1.293427478,-1.293427478,0.5729335832
125,1.274375448e-14,-1.278758667,-1.278758667,0.6006999931
125.025,0.04396811832,-1.263386012,-1.263386012,0.6292423409
125.05,0.08785119655,-1.247290026,-1.247290026,0.658567486
125.075,0.1315643591,-1.230451063,-1.230451063,0.6886816032
125.1,0.175023059,-1.212849325,-1.212849325,0.719590203
125.125,0.2181432414,-1.194464891,-1.194464891,0.7512981427
125.15,0.2608415063,-1.175277722,-1.175277722,0.783809625
125.175,0.3030352696,-1.155267684,-1.155267684,0.8171281875
125.2,0.3446429232,-1.134414563,-1.134414563,0.8512566705
125.225,0.3855839923,-1.112698084,-1.112698084,0.8861971864
125.25,0.4257792916,-1.090097925,-1.090097925,0.9219510587
125.275,0.4651510781,-1.066593749,-1.066593749,0.9585187278
125.3,0.5036232016,-1.042165212,-1.042165212,0.9958996804
125.325,0.5411212521,-1.016791999,-1.016791999,1.034092314
125.35,0.5775727034,-0.9904538554,-0.9904538554,1.07309376
125.375,0.6129070537,-0.9631306073,-0.9631306073,1.112899756
125.4,0.6470559616,-0.9348022108,-0.9348022108,1.153504405
125.425,0.6799533787,-0.9054487961,-0.9054487961,1.194899903
125.45,0.7115356772,-0.8750507078,-0.8750507078,1.237076325
125.475,0.7417417727,-0.8435885744,-0.8435885744,1.280021231
125.5,0.7705132428,-0.8110433695,-0.8110433695,1.323719321
125.525,0.7977944395,-0.7773964849,-0.7773964849,1.368152047
125.55,0.8235325976,-0.7426298299,-0.7426298299,1.413297074
125.575,0.8476779361,-0.7067259156,-0.7067259156,1.459127841
125.6,0.8701837547,-0.6696679835,-0.6696679835,1.505612918
125.625,0.8910065242,-0.6314401232,-0.6314401232,1.552715405
125.65,0.9101059707,-0.5920274252,-0.5920274252,1.600392228
125.675,0.9274451533,-0.5514161403,-0.5514161403,1.64859338
125.7,0.9429905359,-0.5095938656,-0.5095938656,1.697261118
125.725,0.9567120516,-0.4665497464,-0.4665497464,1.746329083
125.75,0.9685831611,-0.4222747058,-0.4222747058,1.795721387
125.775,0.9785809043,-0.3767616907,-0.3767616907,1.845351647
125.8,0.9866859442,-0.3300059529,-0.3300059529,1.895121972
125.825,0.9928826046,-0.2820053415,-0.2820053415,1.944921962
125.85,0.9971589003,-0.2327606362,-0.2327606362,1.994627651
125.875,0.9995065604,-0.1822758951,-0.1822758951,2.044100507
125.9,0.9999210442,-0.1305588306,-0.1305588306,2.093186456
125.925,0.9984015501,-0.07762121244,-0.07762121244,2.141714971
125.95,0.994951017,-0.02347928712,-0.02347928712,2.18949828
125.975,0.9895761186,0.03184578265,0.03184578265,2.236330723
126,0.9822872507,0.08832746361,0.08832746361,2.281988299
126.025,0.973098511,0.145933391,0.145933391,2.326228475
126.05,0.9620276716,0.2046249059,0.2046249059,2.368790291
126.075,0.949096145,0.2643565999,0.2643565999,2.409394849
126.1,0.9343289425,0.3250758766,0.3250758766,2.447746226
126.125,0.9177546257,0.3867225421,0.3867225421,2.483532874
126.15,0.8994052516,0.4492284405,0.4492284405,2.516429576
126.175,0.8793163102,0.5125171381,0.5125171381,2.546100024
126.2,0.8575266562,0.5765036882,0.5765036882,2.572199956
126.225,0.8340784336,0.6410944788,0.6410944788,2.594381062
126.25,0.8090169944,0.7061871841,0.7061871841,2.612295453
126.275,0.7823908106,0.7716708393,0.7716708393,2.625600775
126.3,0.7542513807,0.8374260497,0.8374260497,2.633965938
126.325,0.7246531302,0.9033253475,0.9033253475,2.637077267
126.35,0.6936533058,0.9692337084,0.9692337084,2.634645026
126.375,0.6613118653,1.035009233,1.035009233,2.62641012
126.4,0.6276913613,1.100503999,1.100503999,2.612150799
126.425,0.5928568202,1.165565073,1.165565073,2.59168912
126.45,0.5568756165,1.230035685,1.230035685,2.564896941
126.475,0.5198173426,1.29375654,1.29375654,2.531701187
126.5,0.4817536741,1.35656725,1.35656725,2.492088157
126.525,0.442758231,1.41830786,1.41830786,2.446106635
126.55,0.4029064357,1.478820435,1.478820435,2.39386963
126.575,0.3622753667,1.537950673,1.537950673,2.335554588
126.6,0.3209436098,1.595549501,1.595549501,2.271401999
126.625,0.278991106,1.651474615,1.651474615,2.201712401
126.65,0.236498997,1.705591932,1.705591932,2.126841823
126.675,0.1935494681,1.7577769,1.7577769,2.047195816
126.7,0.1502255891,1.80791565,1.80791565,1.963222242
126.725,0.1066111543,1.855905958,1.855905958,1.875403097
126.75,0.06279051953,1.901657982,1.901657982,1.784245673
126.775,0.01884843972,1.945094783,1.945094783,1.690273389
126.8,-0.02513009544,1.986152612,1.986152612,1.594016396
126.825,-0.06906002571,2.024780967,2.024780967,1.49600277
126.85,-0.1128563849,2.06094243,2.06094243,1.39674993
126.875,-0.156434465,2.094612303,2.094612303,1.296757005
126.9,-0.1997099805,2.125778072,2.125778072,1.196498163
126.925,-0.2425992308,2.154438702,2.154438702,1.096416946
126.95,-0.2850192625,2.180603815,2.180603815,0.996921852
126.975,-0.3268880297,2.204292774,2.204292774,0.8983830615
127,-0.3681245527,2.225533696,2.225533696,0.8011303256
127.025,-0.4086490747,2.244362422,2.244362422,0.7054519328
127.05,-0.4483832161,2.260821481,2.260821481,0.6115946613
127.075,-0.4872501257,2.274959059,2.274959059,0.5197645852
127.1,-0.52517463,2.286828004,2.286828004,0.430128594
127.125,-0.5620833779,2.296484864,2.296484864,0.3428165001
127.15,-0.5979049831,2.303988998,2.303988998,0.2579235854
127.175,-0.6325701619,2.309401741,2.309401741,0.1755134373
127.2,-0.6660118674,2.312785657,2.312785657,0.09562099857
127.225,-0.698165419,2.314203857,2.314203857,0.01825568696
127.25,-0.7289686274,2.313719398,2.313719398,-0.05659549009
127.275,-0.7583619153,2.311394768,2.311394768,-0.1289648929
127.3,-0.7862884321,2.307291432,2.307291432,-0.1989013431
127.325,-0.8126941644,2.301469458,2.301469458,-0.2664673935
127.35,-0.83752804,2.293987204,2.293987204,-0.3317368021
127.375,-0.860742027,2.284901069,2.284901069,-0.3947922298
127.4,-0.8822912264,2.274265297,2.274265297,-0.4557231673
127.425,-0.9021339594,2.262131828,2.262131828,-0.5146240953
127.45,-0.9202318474,2.248550195,2.248550195,-0.5715928682
127.475,-0.9365498867,2.233567455,2.233567455,-0.6267293144
127.5,-0.9510565163,2.21722816,2.21722816,-0.6801340383
127.525,-0.9637236783,2.199574347,2.199574347,-0.7319074067
127.55,-0.9745268728,2.180645556,2.180645556,-0.782148705
127.575,-0.983445205,2.160478866,2.160478866,-0.8309554454
127.6,-0.9904614257,2.139108945,2.139108945,-0.8784228101
127.625,-0.9955619646,2.116568116,2.116568116,-0.9246432101
127.65,-0.9987369566,2.092886431,2.092886431,-0.9697059458
127.675,-0.9999802609,2.068091749,2.068091749,-1.013696956
127.7,-0.9992894726,2.042209826,2.042209826,-1.056698639
127.725,-0.996665928,2.015264404,2.015264404,-1.098789731
127.75,-0.9921147013,1.987277302,1.987277302,-1.140045237
127.775,-0.9856445951,1.958268511,1.958268511,-1.180536402
127.8,-0.9772681236,1.928256288,1.928256288,-1.220330699
127.825,-0.9670014878,1.897257251,1.897257251,-1.259491861
127.85,-0.9548645447,1.86528647,1.86528647,-1.298079901
127.875,-0.940880769,1.832357561,1.832357561,-1.33615116
127.9,-0.9250772068,1.798482778,1.798482778,-1.373758344
127.925,-0.9074844245,1.763673101,1.763673101,-1.410950567
127.95,-0.8881364488,1.727938327,1.727938327,-1.447773381
127.975,-0.8670707012,1.691287159,1.691287159,-1.484268796
128,-0.8443279255,1.653727294,1.653727294,-1.520475284
128.025,-0.8199521093,1.615265511,1.615265511,-1.556427769
128.05,-0.7939903986,1.57590776,1.57590776,-1.592157591
128.075,-0.7664930068,1.535659255,1.535659255,-1.627692449
128.1,-0.7375131174,1.494524561,1.494524561,-1.663056322
128.125,-0.7071067812,1.452507695,1.452507695,-1.698269347
128.15,-0.6753328081,1.409612215,1.409612215,-1.733347696
128.175,-0.6422526532,1.365841331,1.365841331,-1.768303382
128.2,-0.6079302977,1.321198003,1.321198003,-1.803144071
128.225,-0.5724321256,1.275685058,1.275685058,-1.837872837
128.25,-0.535826795,1.229305308,1.229305308,-1.872487876
128.275,-0.4981851053,1.182061668,1.182061668,-1.906982222
128.3,-0.4595798606,1.133957305,1.133957305,-1.941343363
128.325,-0.4200857284,1.084995762,1.084995762,-1.975552904
128.35,-0.3797790955,1.035181127,1.035181127,-2.009586117
128.375,-0.3387379202,0.9845181861,0.9845181861,-2.04341152
128.4,-0.2970415816,0.9330126032,0.9330126032,-2.076990396
128.425,-0.2547707257,0.8806711059,0.8806711059,-2.110276293
128.45,-0.2120071099,0.8275016831,0.8275016831,-2.14321453
128.475,-0.1688334447,0.7735138029,0.7735138029,-2.175741651
128.5,-0.1253332336,0.7187186299,0.7187186299,-2.207784931
128.525,-0.08159061157,0.6631292731,0.6631292731,-2.239261842
128.55,-0.03769018267,0.606761028,0.606761028,-2.270079591
128.575,0.006283143966,0.5496316459,0.5496316459,-2.300134661
128.6,0.05024431818,0.4917616027,0.4917616027,-2.329312441
128.625,0.09410831332,0.4331743812,0.4331743812,-2.35748692
128.65,0.1377902907,0.3738967611,0.3738967611,-2.384520493
128.675,0.1812057636,0.3139591047,0.3139591047,-2.410263898
128.7,0.2242707609,0.2533956546,0.2533956546,-2.434556315
128.725,0.2669019893,0.1922448121,0.1922448121,-2.457225639
128.75,0.3090169944,0.1305494193,0.1305494193,-2.478088993
128.775,0.3505343202,0.06835701734,0.06835701734,-2.496953472
128.8,0.3913736668,0.005720083426,0.005720083426,-2.513617167
128.825,0.4314560457,-0.05730375659,-0.05730375659,-2.527870508
128.85,0.4707039322,-0.1206515599,-0.1206515599,-2.539497891
128.875,0.5090414158,-0.1842549383,-0.1842549383,-2.548279692
128.9,0.5463943467,-0.2480399868,-0.2480399868,-2.55399459
128.925,0.5826904797,-0.3119272732,-0.3119272732,-2.556422243
128.95,0.6178596131,-0.3758319001,-0.3758319001,-2.555346283
128.975,0.6518337253,-0.4396636449,-0.4396636449,-2.55055762
129,0.6845471059,-0.5033271855,-0.5033271855,-2.541857979
129.025,0.715936483,-0.5667224164,-0.5667224164,-2.529063633
129.05,0.7459411454,-0.6297448608,-0.6297448608,-2.512009245
129.075,0.7745030602,-0.6922861786,-0.6922861786,-2.490551735
129.1,0.8015669849,-0.754234771,-0.754234771,-2.464574065
129.125,0.8270805743,-0.8154764761,-0.8154764761,-2.433988815
129.15,0.8509944818,-0.8758953511,-0.8758953511,-2.398741448
129.175,0.8732624548,-0.9353745304,-0.9353745304,-2.35881314
129.2,0.8938414242,-0.9937971487,-0.9937971487,-2.314223046
129.225,0.9126915874,-1.051047312,-1.051047312,-2.265029916
129.25,0.9297764859,-1.107011101,-1.107011101,-2.211332951
129.275,0.9450630752,-1.161577582,-1.161577582,-2.153271862
129.3,0.958521789,-1.214639811,-1.214639811,-2.091026061
129.325,0.9701265965,-1.266095814,-1.266095814,-2.024813008
129.35,0.9798550524,-1.3158495,-1.3158495,-1.954885714
129.375,0.9876883406,-1.363811518,-1.363811518,-1.881529473
129.4,0.9936113105,-1.409900007,-1.409900007,-1.805057924
129.425,0.9976125064,-1.454041259,-1.454041259,-1.725808497
129.45,0.9996841893,-1.496170248,-1.496170248,-1.644137452
129.475,0.9998223524,-1.536231032,-1.536231032,-1.560414663
129.5,0.9980267284,-1.574177032,-1.574177032,-1.475018173
129.525,0.9943007904,-1.609971167,-1.609971167,-1.388328852
129.55,0.9886517447,-1.643585859,-1.643585859,-1.300725268
129.575,0.9810905174,-1.675002908,-1.675002908,-1.212578653
129.6,0.9716317329,-1.704213267,-1.704213267,-1.124248597
129.625,0.9602936857,-1.73121668,-1.73121668,-1.03607896
129.65,0.947098305,-1.756021265,-1.756021265,-0.9483945752
129.675,0.9320711125,-1.778642984,-1.778642984,-0.8614984
129.7,0.9152411726,-1.799105085,-1.799105085,-0.7756694434
129.725,0.8966410368,-1.81743747,-1.81743747,-0.6911612061
129.75,0.87630668,-1.833676051,-1.833676051,-0.6082007848
129.775,0.8542774317,-1.847862085,-1.847862085,-0.5269884999
129.8,0.8305958992,-1.860041499,-1.860041499,-0.4476980415
129.825,0.8053078857,-1.870264239,-1.870264239,-0.3704770361
129.85,0.7784623016,-1.878583624,-1.878583624,-0.2954479969
129.875,0.7501110696,-1.885055733,-1.885055733,-0.2227095741
129.9,0.7203090249,-1.889738832,-1.889738832,-0.1523380153
129.925,0.6891138084,-1.892692826,-1.892692826,-0.08438883401
129.95,0.6565857558,-1.893978769,-1.893978769,-0.01889854986
129.975,0.6227877805,-1.89365841,-1.89365841,0.04411349428
130,0.5877852523,-1.891793783,-1.891793783,0.1046433085
130.025,0.5516458706,-1.888446853,-1.888446853,0.1627004597
130.05,0.5144395338,-1.883679191,-1.883679191,0.2183063329
130.075,0.4762382037,-1.877551703,-1.877551703,0.2714924752
130.1,0.4371157667,-1.870124399,-1.870124399,0.3222990405
130.125,0.3971478906,-1.861456188,-1.861456188,0.3707733451
130.15,0.3564118787,-1.851604725,-1.851604725,0.4169685454
130.175,0.3149865197,-1.840626273,-1.840626273,0.4609424408
130.2,0.2729519355,-1.828575603,-1.828575603,0.5027564002
130.225,0.2303894267,-1.81550592,-1.81550592,0.5424744041
130.25,0.1873813146,-1.801468802,-1.801468802,0.5801622133
130.275,0.1440107826,-1.786514171,-1.786514171,0.6158866453
130.3,0.1003617149,-1.770690271,-1.770690271,0.649714945
130.325,0.05651853448,-1.754043665,-1.754043665,0.6817142681
130.35,0.01256603988,-1.736619243,-1.736619243,0.7119512352
130.375,-0.03141075908,-1.718460241,-1.718460241,0.7404915756
130.4,-0.07532680553,-1.699608265,-1.699608265,0.7673998397
130.425,-0.1190971601,-1.680103323,-1.680103323,0.792739169
130.45,-0.1626371652,-1.659983867,-1.659983867,0.8165711322
130.475,-0.2058626088,-1.639286829,-1.639286829,0.8389555979
130.5,-0.2486898872,-1.618047665,-1.618047665,0.8599506596
130.525,-0.2910361668,-1.596300404,-1.596300404,0.87961259
130.55,-0.3328195445,-1.574077691,-1.574077691,0.8979958296
130.575,-0.3739592057,-1.55141083,-1.55141083,0.9151529988
130.6,-0.414375581,-1.528329834,-1.528329834,0.9311349364
130.625,-0.4539904997,-1.504863467,-1.504863467,0.9459907439
130.65,-0.4927273415,-1.481039285,-1.481039285,0.9597678634
130.675,-0.5305111843,-1.456883681,-1.456883681,0.9725121452
130.7,-0.5672689491,-1.432421915,-1.432421915,0.9842679362
130.725,-0.6029295417,-1.407678163,-1.407678163,0.9950781802
130.75,-0.6374239897,-1.382675538,-1.382675538,1.004984499
130.775,-0.6706855765,-1.357436133,-1.357436133,1.014027305
130.8,-0.7026499698,-1.331981042,-1.331981042,1.022245895
130.825,-0.7332553462,-1.306330388,-1.306330388,1.029678545
130.85,-0.762442511,-1.280503352,-1.280503352,1.036362618
130.875,-0.7901550124,-1.25451819,-1.25451819,1.042334646
130.9,-0.8163392507,-1.228392255,-1.228392255,1.047630434
130.925,-0.8409445823,-1.202142011,-1.202142011,1.052285138
130.95,-0.8639234172,-1.175783052,-1.175783052,1.056333352
130.975,-0.8852313113,-1.149330113,-1.149330113,1.059809189
131,-0.9048270525,-1.122797081,-1.122797081,1.062746342
131.025,-0.9226727399,-1.096197007,-1.096197007,1.065178164
131.05,-0.9387338577,-1.069542109,-1.069542109,1.067137717
131.075,-0.9529793415,-1.042843783,-1.042843783,1.068657829
131.1,-0.9653816388,-1.016112607,-1.016112607,1.069771146
131.125,-0.9759167619,-0.9893583448,-0.9893583448,1.070510162
131.15,-0.9845643345,-0.9625899485,-0.9625899485,1.070907258
131.175,-0.9913076311,-0.9358155622,-0.9358155622,1.070994727
131.2,-0.9961336091,-0.9090425238,-0.9090425238,1.070804791
131.225,-0.9990329347,-0.8822773664,-0.8822773664,1.070369611
131.25,-1,-0.8555258194,-0.8555258194,1.069721297
131.275,-0.9990329347,-0.8287928104,-0.8287928104,1.068891898
131.3,-0.9961336091,-0.802082467,-0.802082467,1.067913393
131.325,-0.9913076311,-0.7753981177,-0.7753981177,1.066817673
131.35,-0.9845643345,-0.7487422951,-0.7487422951,1.065636526
131.375,-0.9759167619,-0.7221167395,-0.7221167395,1.064401585
131.4,-0.9653816388,-0.6955224022,-0.6955224022,1.063144306
131.425,-0.9529793415,-0.6689594501,-0.6689594501,1.061895923
131.45,-0.9387338577,-0.6424272732,-0.6424272732,1.060687387
131.475,-0.9226727399,-0.6159244936,-0.6159244936,1.059549299
131.5,-0.9048270525,-0.58944897,-0.58944897,1.058511876
131.525,-0.8852313113,-0.5629978126,-0.5629978126,1.057604858
131.55,-0.8639234172,-0.5365673968,-0.5365673968,1.056857422
131.575,-0.8409445823,-0.5101533739,-0.5101533739,1.056298126
131.6,-0.8163392507,-0.4837506903,-0.4837506903,1.055954806
131.625,-0.7901550124,-0.4573536083,-0.4573536083,1.055854477
131.65,-0.762442511,-0.4309557239,-0.4309557239,1.056023255
131.675,-0.7332553462,-0.4045499933,-0.4045499933,1.056486238
131.7,-0.7026499698,-0.3781287603,-0.3781287603,1.057267402
131.725,-0.6706855765,-0.3516837817,-0.3516837817,1.058389502
131.75,-0.6374239897,-0.3252062651,-0.3252062651,1.059873939
131.775,-0.6029295417,-0.2986868989,-0.2986868989,1.061740659
131.8,-0.5672689491,-0.2721158929,-0.2721158929,1.064008025
131.825,-0.5305111843,-0.2454830197,-0.2454830197,1.066692688
131.85,-0.4927273415,-0.2187776569,-0.2187776569,1.069809474
131.875,-0.4539904997,-0.1919888372,-0.1919888372,1.073371241
131.9,-0.414375581,-0.1651052963,-0.1651052963,1.077388761
131.925,-0.3739592057,-0.1381155293,-0.1381155293,1.081870581
131.95,-0.3328195445,-0.1110078458,-0.1110078458,1.086822895
131.975,-0.2910361668,-0.08377043209,-0.08377043209,1.092249409
132,-0.2486898872,-0.05639141391,-0.05639141391,1.098151212
132.025,-0.2058626088,-0.02885892382,-0.02885892382,1.104526642
132.05,-0.1626371652,-0.001161171906,-0.001161171906,1.111371156
132.075,-0.1190971601,0.02671348098,0.02671348098,1.118677205
132.1,-0.07532680553,0.05477644634,0.05477644634,1.126434107
132.125,-0.03141075908,0.08303882825,0.08303882825,1.13462793
132.15,0.01256603988,0.1115113407,0.1115113407,1.143241372
132.175,0.05651853448,0.1402042216,0.1402042216,1.152253658
132.2,0.1003617149,0.1691271453,0.1691271453,1.161640436
132.225,0.1440107826,0.1982891317,0.1982891317,1.171373685
132.25,0.1873813146,0.2276984532,0.2276984532,1.181421636
132.275,0.2303894267,0.2573625405,0.2573625405,1.191748703
132.3,0.2729519355,0.2872878867,0.2872878867,1.202315432
132.325,0.3149865197,0.3174799489,0.3174799489,1.213078461
132.35,0.3564118787,0.3479430526,0.3479430526,1.223990505
132.375,0.3971478906,0.3786802904,0.3786802904,1.235000361
132.4,0.4371157667,0.4096934276,0.4096934276,1.246052933
132.425,0.4762382037,0.4409828031,0.4409828031,1.257089294
132.45,0.5144395338,0.4725472359,0.4725472359,1.268046763
132.475,0.5516458706,0.5043839322,0.5043839322,1.27885903
132.5,0.5877852523,0.5364883967,0.5364883967,1.289456299
132.525,0.6227877805,0.5688543473,0.5688543473,1.299765491
132.55,0.6565857558,0.601473637,0.601473637,1.309710454
132.575,0.6891138084,0.6343361778,0.6343361778,1.31921227
132.6,0.7203090249,0.6674298802,0.6674298802,1.328189513
132.625,0.7501110696,0.7007405868,0.7007405868,1.336558685
132.65,0.7784623016,0.7342520367,0.7342520367,1.344234562
132.675,0.8053078857,0.7679458171,0.7679458171,1.351130668
132.7,0.8305958992,0.8018013455,0.8018013455,1.357159798
132.725,0.8542774317,0.8357958534,0.8357958534,1.362234508
132.75,0.87630668,0.8699043918,0.8699043918,1.366267767
132.775,0.8966410368,0.9040998452,0.9040998452,1.36917351
132.8,0.9152411726,0.9383529675,0.9383529675,1.370867354
132.825,0.9320711125,0.9726324289,0.9726324289,1.371267226
132.85,0.947098305,1.006904886,1.006904886,1.370294112
132.875,0.9602936857,1.041135064,1.041135064,1.367872725
132.9,0.9716317329,1.075285862,1.075285862,1.36393226
132.925,0.9810905174,1.109318469,1.109318469,1.358407061
132.95,0.9886517447,1.143192509,1.143192509,1.35123734
132.975,0.9943007904,1.176866186,1.176866186,1.342369808
133,0.9980267284,1.210296464,1.210296464,1.331758301
133.025,0.9998223524,1.243439245,1.243439245,1.319364331
133.05,0.9996841893,1.276249571,1.276249571,1.30515757
133.075,0.9976125064,1.308681834,1.308681834,1.289116278
133.1,0.9936113105,1.340689988,1.340689988,1.271227607
133.125,0.9876883406,1.372227785,1.372227785,1.251487843
133.15,0.9798550524,1.403248998,1.403248998,1.229902524
133.175,0.9701265965,1.433707653,1.433707653,1.206486458
133.2,0.958521789,1.463558262,1.463558262,1.18126362
133.225,0.9450630752,1.492756049,1.492756049,1.154266953
133.25,0.9297764859,1.521257172,1.521257172,1.125538036
133.275,0.9126915874,1.549018929,1.549018929,1.09512667
133.3,0.8938414242,1.575999962,1.575999962,1.063090344
133.325,0.8732624548,1.602160441,1.602160441,1.029493618
133.35,0.8509944818,1.627462229,1.627462229,0.9944074357
133.375,0.8270805743,1.651869037,1.651869037,0.9579083356
133.4,0.8015669849,1.675346548,1.675346548,0.9200776645
133.425,0.7745030602,1.697862533,1.697862533,0.8810006754
133.45,0.7459411454,1.719386932,1.719386932,0.8407656902
133.475,0.715936483,1.739891921,1.739891921,0.7994631523
133.5,0.6845471059,1.759351957,1.759351957,0.7571847975
133.525,0.6518337253,1.777743796,1.777743796,0.7140227105
133.55,0.6178596131,1.795046493,1.795046493,0.6700685843
133.575,0.5826904797,1.811241379,1.811241379,0.6254128112
133.6,0.5463943467,1.826312024,1.826312024,0.5801438473
133.625,0.5090414158,1.840244177,1.840244177,0.534347478
133.65,0.4707039322,1.853025692,1.853025692,0.4881062274
133.675,0.4314560457,1.864646439,1.864646439,0.4414988293
133.7,0.3913736668,1.875098204,1.875098204,0.3945997608
133.725,0.3505343202,1.88437458,1.88437458,0.3474788748
133.75,0.3090169944,1.892470842,1.892470842,0.3002010895
133.775,0.2669019893,1.899383826,1.899383826,0.2528261688
133.8,0.2242707609,1.905111796,1.905111796,0.205408564
133.825,0.1812057636,1.909654309,1.909654309,0.1579973294
133.85,0.1377902907,1.913012081,1.913012081,0.1106360962
133.875,0.09410831332,1.915186851,1.915186851,0.06336310649
133.9,0.05024431818,1.916181247,1.916181247,0.01621129409
133.925,0.006283143966,1.915998658,1.915998658,-0.03079158786
133.95,-0.03769018267,1.9146431,1.9146431,-0.07762280237
133.975,-0.08159061157,1.912119099,1.912119099,-0.1242644346
134,-0.1253332336,1.90843157,1.90843157,-0.1707031711
134.025,-0.1688334447,1.903585707,1.903585707,-0.2169300573
134.05,-0.2120071099,1.897586874,1.897586874,-0.262940251
134.075,-0.2547707257,1.890440509,1.890440509,-0.3087327472
134.1,-0.2970415816,1.882152031,1.882152031,-0.3543101285
134.125,-0.3387379202,1.872726747,1.872726747,-0.3996782696
134.15,-0.3797790955,1.862169787,1.862169787,-0.444846105
134.175,-0.4200857284,1.850486015,1.850486015,-0.4898253298
134.2,-0.4595798606,1.837679974,1.837679974,-0.5346301702
134.225,-0.4981851053,1.823755823,1.823755823,-0.579277137
134.25,-0.535826795,1.808717279,1.808717279,-0.6237847542
134.275,-0.5724321256,1.792567577,1.792567577,-0.6681733794
134.3,-0.6079302977,1.77530942,1.77530942,-0.7124649568
134.325,-0.6422526532,1.756944944,1.756944944,-0.7566827986
134.35,-0.6753328081,1.73747569,1.73747569,-0.8008514282
134.375,-0.7071067812,1.716902571,1.716902571,-0.844996352
134.4,-0.7375131174,1.695225851,1.695225851,-0.8891438782
134.425,-0.7664930068,1.67244513,1.67244513,-0.9333209775
134.45,-0.7939903986,1.648559327,1.648559327,-0.9775550809
134.475,-0.8199521093,1.62356667,1.62356667,-1.021873876
134.5,-0.8443279255,1.597464695,1.597464695,-1.066305215
134.525,-0.8670707012,1.57025024,1.57025024,-1.110876903
134.55,-0.8881364488,1.54191945,1.54191945,-1.155616472
134.575,-0.9074844245,1.512467791,1.512467791,-1.200551053
134.6,-0.9250772068,1.481890052,1.481890052,-1.245707186
134.625,-0.940880769,1.45018037,1.45018037,-1.291110561
134.65,-0.9548645447,1.417332258,1.417332258,-1.336785756
134.675,-0.9670014878,1.383338624,1.383338624,-1.382756088
134.7,-0.9772681236,1.348191811,1.348191811,-1.429043266
134.725,-0.9856445951,1.311883654,1.311883654,-1.475667008
134.75,-0.9921147013,1.274405512,1.274405512,-1.522644815
134.775,-0.996665928,1.235748337,1.235748337,-1.569991536
134.8,-0.9992894726,1.195902761,1.195902761,-1.617718845
134.825,-0.9999802609,1.154859157,1.154859157,-1.665834874
134.85,-0.9987369566,1.112607742,1.112607742,-1.714343627
134.875,-0.9955619646,1.069138707,1.069138707,-1.763244292
134.9,-0.9904614257,1.024442313,1.024442313,-1.812530704
134.925,-0.983445205,0.9785090579,0.9785090579,-1.862190501
134.95,-0.9745268728,0.9313298361,0.9313298361,-1.912204322
134.975,-0.9637236783,0.8828961152,0.8828961152,-1.962544965
135,-0.9510565163,0.8332001627,0.8332001627,-2.013176309
135.025,-0.9365498867,0.7822352573,0.7822352573,-2.064052379
135.05,-0.9202318474,0.7299959766,0.7299959766,-2.115116093
135.075,-0.9021339594,0.6764784628,0.6764784628,-2.16629816
135.1,-0.8822912264,0.6216807687,0.6216807687,-2.217515715
135.125,-0.860742027,0.5656031912,0.5656031912,-2.268671076
135.15,-0.83752804,0.5082486773,0.5082486773,-2.319650312
135.175,-0.8126941644,0.4496232343,0.4496232343,-2.370321922
135.2,-0.7862884321,0.3897363925,0.3897363925,-2.42053544
135.225,-0.7583619153,0.3286016966,0.3286016966,-2.470120144
135.25,-0.7289686274,0.2662372213,0.2662372213,-2.518883842
135.275,-0.698165419,0.2026661286,0.2026661286,-2.566611805
135.3,-0.6660118674,0.1379172397,0.1379172397,-2.613065922
135.325,-0.6325701619,0.07202562547,0.07202562547,-2.657984126
135.35,-0.5979049831,0.005033211305,0.005033211305,-2.701080188
135.375,-0.5620833779,-0.06301062137,-0.06301062137,-2.742043956
135.4,-0.52517463,-0.132048446,-0.132048446,-2.780542126
135.425,-0.4872501257,-0.202014228,-0.202014228,-2.816219644
135.45,-0.4483832161,-0.2728328051,-0.2728328051,-2.848701832
135.475,-0.4086490747,-0.3444194334,-0.3444194334,-2.87759728
135.5,-0.3681245527,-0.416679413,-0.416679413,-2.902501678
135.525,-0.3268880297,-0.4895078214,-0.4895078214,-2.923002466
135.55,-0.2850192625,-0.5627893782,-0.5627893782,-2.938684462
135.575,-0.2425992308,-0.6363984576,-0.6363984576,-2.949136425
135.6,-0.1997099805,-0.7101992776,-0.7101992776,-2.953958401
135.625,-0.156434465,-0.7840462823,-0.7840462823,-2.952769837
135.65,-0.1128563849,-0.8577847341,-0.8577847341,-2.945218247
135.675,-0.06906002571,-0.931251528,-0.931251528,-2.930988219
135.7,-0.02513009544,-1.004276232,-1.004276232,-2.909810476
135.725,0.01884843972,-1.07668235,-1.07668235,-2.881470682
135.75,0.06279051953,-1.148288802,-1.148288802,-2.845817626
135.775,0.1066111543,-1.218911593,-1.218911593,-2.802770439
135.8,0.1502255891,-1.288365646,-1.288365646,-2.752324455
135.825,0.1935494681,-1.356466767,-1.356466767,-2.694555403
135.85,0.236498997,-1.423033687,-1.423033687,-2.629621636
135.875,0.278991106,-1.487890129,-1.487890129,-2.557764203
135.9,0.3209436098,-1.550866858,-1.550866858,-2.479304639
135.925,0.3622753667,-1.611803637,-1.611803637,-2.394640484
135.95,0.4029064357,-1.670551051,-1.670551051,-2.304238638
135.975,0.442758231,-1.726972138,-1.726972138,-2.208626764
136,0.4817536741,-1.78094378,-1.78094378,-2.108383082
136.025,0.5198173426,-1.83235783,-1.83235783,-2.004124902
136.05,0.5568756165,-1.881121934,-1.881121934,-1.896496368
136.075,0.5928568202,-1.927160049,-1.927160049,-1.786155985
136.1,0.6276913613,-1.970412642,-1.970412642,-1.673764179
136.125,0.6613118653,-2.01083659,-2.01083659,-1.559971515
136.15,0.6936533058,-2.048404801,-2.048404801,-1.445407954
136.175,0.7246531302,-2.083105573,-2.083105573,-1.330673271
136.2,0.7542513807,-2.114941731,-2.114941731,-1.216329047
136.225,0.7823908106,-2.1439296,-2.1439296,-1.102892303
136.25,0.8090169944,-2.170097821,-2.170097821,-0.990830773
136.275,0.8340784336,-2.193486076,-2.193486076,-0.8805598426
136.3,0.8575266562,-2.214143763,-2.214143763,-0.7724410431
136.325,0.8793163102,-2.23212864,-2.23212864,-0.6667819421
136.35,0.8994052516,-2.247505494,-2.247505494,-0.5638372502
136.375,0.9177546257,-2.260344837,-2.260344837,-0.4638109542
136.4,0.9343289425,-2.270721676,-2.270721676,-0.3668592584
136.425,0.949096145,-2.278714365,-2.278714365,-0.2730941112
136.45,0.9620276716,-2.284403543,-2.284403543,-0.1825871562
136.475,0.973098511,-2.287871179,-2.287871179,-0.09537392022
136.5,0.9822872507,-2.289199725,-2.289199725,-0.01145807169
136.525,0.9895761186,-2.288471368,-2.288471368,0.06918434899
136.55,0.994951017,-2.285767396,-2.285767396,0.1466008429
136.575,0.9984015501,-2.281167653,-2.281167653,0.2208585822
136.6,0.9999210442,-2.274750099,-2.274750099,0.2920408111
136.625,0.9995065604,-2.266590445,-2.266590445,0.3602435511
136.65,0.9971589003,-2.256761871,-2.256761871,0.4255726321
136.675,0.9928826046,-2.24533482,-2.24533482,0.488141053
136.7,0.9866859442,-2.232376843,-2.232376843,0.5480666673
136.725,0.9785809043,-2.217952504,-2.217952504,0.6054701815
136.75,0.9685831611,-2.202123335,-2.202123335,0.6604734461
136.775,0.9567120516,-2.184947821,-2.184947821,0.7131980179
136.8,0.9429905359,-2.166481422,-2.166481422,0.7637639697
136.825,0.9274451533,-2.14677663,-2.14677663,0.8122889197
136.85,0.9101059707,-2.12588303,-2.12588303,0.8588872584
136.875,0.8910065242,-2.103847399,-2.103847399,0.9036695441
136.9,0.8701837547,-2.0807138,-2.0807138,0.9467420473
136.925,0.8476779361,-2.056523697,-2.056523697,0.9882064215
136.95,0.8235325976,-2.031316072,-2.031316072,1.02815948
136.975,0.7977944395,-2.00512755,-2.00512755,1.066693062
137,0.7705132428,-1.977992523,-1.977992523,1.103893965
137.025,0.7417417727,-1.949943275,-1.949943275,1.139843948
137.05,0.7115356772,-1.921010109,-1.921010109,1.174619766
137.075,0.6799533787,-1.891221471,-1.891221471,1.208293252
137.1,0.6470559616,-1.860604073,-1.860604073,1.240931419
137.125,0.6129070537,-1.829183008,-1.829183008,1.272596576
137.15,0.5775727034,-1.79698187,-1.79698187,1.30334647
137.175,0.5411212521,-1.764022866,-1.764022866,1.333234418
137.2,0.5036232016,-1.730326922,-1.730326922,1.362309453
137.225,0.4651510781,-1.695913792,-1.695913792,1.390616455
137.25,0.4257792916,-1.660802158,-1.660802158,1.418196296
137.275,0.3855839923,-1.625009728,-1.625009728,1.445085954
137.3,0.3446429232,-1.588553334,-1.588553334,1.471318637
137.325,0.3030352696,-1.551449023,-1.551449023,1.496923883
137.35,0.2608415063,-1.513712151,-1.513712151,1.521927659
137.375,0.2181432414,-1.475357464,-1.475357464,1.546352432
137.4,0.175023059,-1.436399195,-1.436399195,1.570217247
137.425,0.1315643591,-1.396851137,-1.396851137,1.593537771
137.45,0.08785119655,-1.356726738,-1.356726738,1.616326338
137.475,0.04396811832,-1.316039177,-1.316039177,1.638591976
137.5,-2.254464276e-14,-1.274801448,-1.274801448,1.66034042
137.525,-0.04396811832,-1.233026445,-1.233026445,1.681574117
137.55,-0.08785119655,-1.190727038,-1.190727038,1.702292219
137.575,-0.1315643591,-1.147916165,-1.147916165,1.722490562
137.6,-0.175023059,-1.104606903,-1.104606903,1.742161648
137.625,-0.2181432414,-1.060812565,-1.060812565,1.761294605
137.65,-0.2608415063,-1.016546775,-1.016546775,1.779875159
137.675,-0.3030352696,-0.9718235575,-0.9718235575,1.79788559
137.7,-0.3446429232,-0.9266574227,-0.9266574227,1.815304696
137.725,-0.3855839923,-0.8810634551,-0.8810634551,1.832107755
137.75,-0.4257792916,-0.8350574034,-0.8350574034,1.848266498
137.775,-0.4651510781,-0.7886557637,-0.7886557637,1.863749085
137.8,-0.5036232016,-0.741875878,-0.741875878,1.878520096
137.825,-0.5411212521,-0.6947360128,-0.6947360128,1.892540539
137.85,-0.5775727034,-0.6472554592,-0.6472554592,1.905767877
137.875,-0.6129070537,-0.5994546109,-0.5994546109,1.918156082
137.9,-0.6470559616,-0.5513550589,-0.5513550589,1.92965571
137.925,-0.6799533787,-0.502979669,-0.502979669,1.940214022
137.95,-0.7115356772,-0.454352667,-0.454352667,1.949775131
137.975,-0.7417417727,-0.405499712,-0.405499712,1.958280205
138,-0.7705132428,-0.3564479692,-0.3564479692,1.965667692
138.025,-0.7977944395,-0.307226173,-0.307226173,1.971873642
138.05,-0.8235325976,-0.2578646831,-0.2578646831,1.976832015
138.075,-0.8476779361,-0.2083955324,-0.2083955324,1.980475132
138.1,-0.8701837547,-0.1588524611,-0.1588524611,1.982734097
138.125,-0.8910065242,-0.1092709417,-0.1092709417,1.983539357
138.15,-0.9101059707,-0.05968818806,-0.05968818806,1.982821266
138.175,-0.9274451533,-0.01014314911,-0.01014314911,1.980510746
138.2,-0.9429905359,0.03932351333,0.03932351333,1.976539987
138.225,-0.9567120516,0.08866946592,0.08866946592,1.970843203
138.25,-0.9685831611,0.1378507643,0.1378507643,1.963357438
138.275,-0.9785809043,0.1868219343,0.1868219343,1.954023404
138.3,-0.9866859442,0.2355360745,0.2355360745,1.942786357
138.325,-0.9928826046,0.2839449809,0.2839449809,1.929596976
138.35,-0.9971589003,0.3319992937,0.3319992937,1.914412259
138.375,-0.9995065604,0.3796486654,0.3796486654,1.897196394
138.4,-0.9999210442,0.4268419531,0.4268419531,1.877921614
138.425,-0.9984015501,0.4735274282,0.4735274282,1.856568996
138.45,-0.994951017,0.519653007,0.519653007,1.833129194
138.475,-0.9895761186,0.565166499,0.565166499,1.807603106
138.5,-0.9822872507,0.6100158709,0.6100158709,1.780002426
138.525,-0.973098511,0.6541495202,0.6541495202,1.750350084
138.55,-0.9620276716,0.6975165619,0.6975165619,1.718680566
138.575,-0.949096145,0.7400671203,0.7400671203,1.685040076
138.6,-0.9343289425,0.7817526208,0.7817526208,1.649486561
138.625,-0.9177546257,0.8225260828,0.8225260828,1.61208957
138.65,-0.8994052516,0.8623424077,0.8623424077,1.572929953
138.675,-0.8793163102,0.9011586533,0.9011586533,1.532099403
138.7,-0.8575266562,0.9389342999,0.9389342999,1.489699843
138.725,-0.8340784336,0.9756314963,0.9756314963,1.445842657
138.75,-0.8090169944,1.011215284,1.011215284,1.400647814
138.775,-0.7823908106,1.045653801,1.045653801,1.354242835
138.8,-0.7542513807,1.078918456,1.078918456,1.306761694
138.825,-0.7246531302,1.110984076,1.110984076,1.258343631
138.85,-0.6936533058,1.141829023,1.141829023,1.209131887
138.875,-0.6613118653,1.171435273,1.171435273,1.159272458
138.9,-0.6276913613,1.199788476,1.199788476,1.108912755
138.925,-0.5928568202,1.226877972,1.226877972,1.058200393
138.95,-0.5568756165,1.252696779,1.252696779,1.007281874
138.975,-0.5198173426,1.277241552,1.277241552,0.9563014812
139,-0.4817536741,1.300512512,1.300512512,0.9054000827
139.025,-0.442758231,1.322513353,1.322513353,0.8547141813
139.05,-0.4029064357,1.343251111,1.343251111,0.8043749206
139.075,-0.3622753667,1.362736031,1.362736031,0.7545073204
139.1,-0.3209436098,1.380981395,1.380981395,0.7052295305
139.125,-0.278991106,1.398003348,1.398003348,0.6566522764
139.15,-0.236498997,1.413820705,1.413820705,0.6088783693
139.175,-0.1935494681,1.428454751,1.428454751,0.5620023687
139.2,-0.1502255891,1.441929026,1.441929026,0.5161103345
139.225,-0.1066111543,1.454269115,1.454269115,0.4712796971
139.25,-0.06279051953,1.465502431,1.465502431,0.4275792173
139.275,-0.01884843972,1.475657997,1.475657997,0.3850690421
139.3,0.02513009544,1.484766235,1.484766235,0.3438008316
139.325,0.06906002571,1.492858753,1.492858753,0.3038179638
139.35,0.1128563849,1.499968141,1.499968141,0.2651557908
139.375,0.156434465,1.506127781,1.506127781,0.2278419468
139.4,0.1997099805,1.511371646,1.511371646,0.1918966991
139.425,0.2425992308,1.515734133,1.515734133,0.1573333169
139.45,0.2850192625,1.519249885,1.519249885,0.1241584786
139.475,0.3268880297,1.521953633,1.521953633,0.09237267729
139.5,0.3681245527,1.523880051,1.523880051,0.0619706397
139.525,0.4086490747,1.52506361,1.52506361,0.03294174874
139.55,0.4483832161,1.525538453,1.525538453,0.005270452555
139.575,0.4872501257,1.52533828,1.52533828,-0.02106332665
139.6,0.52517463,1.524496232,1.524496232,-0.04608380062
139.625,0.5620833779,1.523044802,1.523044802,-0.06981893811
139.65,0.5979049831,1.521015736,1.521015736,-0.0923001054
139.675,0.6325701619,1.51843996,1.51843996,-0.1135617229
139.7,0.6660118674,1.515347504,1.515347504,-0.1336409449
139.725,0.698165419,1.511767437,1.511767437,-0.152577361
139.75,0.7289686274,1.507727812,1.507727812,-0.1704127072
139.775,0.7583619153,1.503255614,1.503255614,-0.1871906177
139.8,0.7862884321,1.498376716,1.498376716,-0.202956367
139.825,0.8126941644,1.493115841,1.493115841,-0.2177566633
139.85,0.83752804,1.487496529,1.487496529,-0.2316394323
139.875,0.860742027,1.481541108,1.481541108,-0.2446536276
139.9,0.8822912264,1.475270671,1.475270671,-0.256849073
139.925,0.9021339594,1.468705056,1.468705056,-0.2682762754
139.95,0.9202318474,1.461862833,1.461862833,-0.278986307
139.975,0.9365498867,1.454761289,1.454761289,-0.2890306567
140,0.9510565163,1.447416417,1.447416417,-0.2984611009
140.025,0.9637236783,1.439842916,1.439842916,-0.3073296079
140.05,0.9745268728,1.432054186,1.432054186,-0.3156882112
140.075,0.983445205,1.424062321,1.424062321,-0.3235889252
140.1,0.9904614257,1.415878122,1.415878122,-0.331083652
140.125,0.9955619646,1.407511091,1.407511091,-0.3382240847
140.15,0.9987369566,1.398969442,1.398969442,-0.345061643
140.175,0.9999802609,1.390260107,1.390260107,-0.3516473853
140.2,0.9992894726,1.381388749,1.381388749,-0.3580319354
140.225,0.996665928,1.372359769,1.372359769,-0.3642654257
140.25,0.9921147013,1.363176323,1.363176323,-0.3703974162
140.275,0.9856445951,1.353840337,1.353840337,-0.3764768361
140.3,0.9772681236,1.344352518,1.344352518,-0.3825519328
140.325,0.9670014878,1.334712379,1.334712379,-0.388670201
140.35,0.9548645447,1.324918259,1.324918259,-0.3948783196
140.375,0.940880769,1.314967333,1.314967333,-0.401222123
140.4,0.9250772068,1.304855647,1.304855647,-0.4077465286
140.425,0.9074844245,1.294578135,1.294578135,-0.4144954841
140.45,0.8881364488,1.284128644,1.284128644,-0.4215119336
140.475,0.8670707012,1.273499959,1.273499959,-0.4288377654
140.5,0.8443279255,1.262683837,1.262683837,-0.4365137602
140.525,0.8199521093,1.251671023,1.251671023,-0.4445795623
140.55,0.7939903986,1.240451289,1.240451289,-0.4530736363
140.575,0.7664930068,1.229013461,1.229013461,-0.4620332253
140.6,0.7375131174,1.217345449,1.217345449,-0.4714943255
140.625,0.7071067812,1.205434276,1.205434276,-0.4814916524
140.65,0.6753328081,1.193266119,1.193266119,-0.4920586091
140.675,0.6422526532,1.180826332,1.180826332,-0.5032272673
140.7,0.6079302977,1.168099484,1.168099484,-0.5150283413
140.725,0.5724321256,1.155069399,1.155069399,-0.5274911671
140.75,0.535826795,1.141719179,1.141719179,-0.5406436894
140.775,0.4981851053,1.128031246,1.128031246,-0.554512443
140.8,0.4595798606,1.113987379,1.113987379,-0.5691225417
140.825,0.4200857284,1.099568743,1.099568743,-0.5844976684
140.85,0.3797790955,1.084755934,1.084755934,-0.6006600639
140.875,0.3387379202,1.069529006,1.069529006,-0.6176305208
140.9,0.2970415816,1.053867512,1.053867512,-0.6354283744
140.925,0.2547707257,1.037750543,1.037750543,-0.6540714949
140.95,0.2120071099,1.021156757,1.021156757,-0.6735762799
140.975,0.1688334447,1.004064423,1.004064423,-0.6939576425
141,0.1253332336,0.9864514579,0.9864514579,-0.7152289991
141.025,0.08159061157,0.968295457,0.968295457,-0.7374022541
141.05,0.03769018267,0.9495737422,0.9495737422,-0.7604877753
141.075,-0.006283143966,0.9302633926,0.9302633926,-0.7844943707
141.1,-0.05024431818,0.9103412873,0.9103412873,-0.8094292523
141.125,-0.09410831332,0.8897841475,0.8897841475,-0.8352979903
141.15,-0.1377902907,0.8685685727,0.8685685727,-0.8621044675
141.175,-0.1812057636,0.8466710912,0.8466710912,-0.8898508019
141.2,-0.2242707609,0.8240681979,0.8240681979,-0.9185372798
141.225,-0.2669019893,0.8007364056,0.8007364056,-0.948162254
141.25,-0.3090169944,0.7766522948,0.7766522948,-0.9787220294
141.275,-0.3505343202,0.7517925622,0.7517925622,-1.010210743
141.3,-0.3913736668,0.7261340841,0.7261340841,-1.042620189
141.325,-0.4314560457,0.6996539686,0.6996539686,-1.075939665
141.35,-0.4707039322,0.6723296281,0.6723296281,-1.110155749
141.375,-0.5090414158,0.6441388451,0.6441388451,-1.145252076
141.4,-0.5463943467,0.615059851,0.615059851,-1.181209074
141.425,-0.5826904797,0.5850714105,0.5850714105,-1.218003663
141.45,-0.6178596131,0.5541529108,0.5541529108,-1.255608936
141.475,-0.6518337253,0.5222844661,0.5222844661,-1.293993773
141.5,-0.6845471059,0.4894470219,0.4894470219,-1.333122465
141.525,-0.715936483,0.4556224822,0.4556224822,-1.37295424
141.55,-0.7459411454,0.420793835,0.420793835,-1.413442813
141.575,-0.7745030602,0.3849453025,0.3849453025,-1.454535844
141.6,-0.8015669849,0.3480624949,0.3480624949,-1.496174398
141.625,-0.8270805743,0.3101325852,0.3101325852,-1.53829235
141.65,-0.8509944818,0.2711444963,0.2711444963,-1.580815767
141.675,-0.8732624548,0.2310891019,0.2310891019,-1.62366227
141.7,-0.8938414242,0.18995945,0.18995945,-1.666740367
141.725,-0.9126915874,0.1477509947,0.1477509947,-1.709948797
141.75,-0.9297764859,0.1044618516,0.1044618516,-1.753175859
141.775,-0.9450630752,0.06009306633,0.06009306633,-1.796298774
141.8,-0.958521789,0.01464889806,0.01464889806,-1.839183082
141.825,-0.9701265965,-0.03186288042,-0.03186288042,-1.881682092
141.85,-0.9798550524,-0.07943067112,-0.07943067112,-1.923636418
141.875,-0.9876883406,-0.128038729,-0.128038729,-1.964873625
141.9,-0.9936113105,-0.1776668326,-0.1776668326,-2.005208009
141.925,-0.9976125064,-0.2282899513,-0.2282899513,-2.044440553
141.95,-0.9996841893,-0.2798779137,-0.2798779137,-2.082359093
141.975,-0.9998223524,-0.3323950849,-0.3323950849,-2.118738723
142,-0.9980267284,-0.3858000546,-0.3858000546,-2.153342485
142.025,-0.9943007904,-0.4400453463,-0.4400453463,-2.185922381
142.05,-0.9886517447,-0.4950771628,-0.4950771628,-2.216220719
142.075,-0.9810905174,-0.5508351578,-0.5508351578,-2.243971886
142.1,-0.9716317329,-0.6072522691,-0.6072522691,-2.268904435
142.125,-0.9602936857,-0.6642546025,-0.6642546025,-2.290743724
142.15,-0.947098305,-0.7217613862,-0.7217613862,-2.30921482
142.175,-0.9320711125,-0.779685008,-0.779685008,-2.324045925
142.2,-0.9152411726,-0.8379311386,-0.8379311386,-2.334972125
142.225,-0.8966410368,-0.8963989531,-0.8963989531,-2.341739457
142.25,-0.87630668,-0.9549814595,-0.9549814595,-2.344109249
142.275,-0.8542774317,-1.013565938,-1.013565938,-2.341862634
142.3,-0.8305958992,-1.072034492,-1.072034492,-2.334805096
142.325,-0.8053078857,-1.130264713,-1.130264713,-2.322770966
142.35,-0.7784623016,-1.188130454,-1.188130454,-2.305627707
142.375,-0.7501110696,-1.245502715,-1.245502715,-2.28327986
142.4,-0.7203090249,-1.302250605,-1.302250605,-2.255672463
142.425,-0.6891138084,-1.358242399,-1.358242399,-2.22279384
142.45,-0.6565857558,-1.413346638,-1.413346638,-2.184677611
142.475,-0.6227877805,-1.467433286,-1.467433286,-2.141403811
142.5,-0.5877852523,-1.520374891,-1.520374891,-2.093099033
142.525,-0.5516458706,-1.572047737,-1.572047737,-2.039935562
142.55,-0.5144395338,-1.622332969,-1.622332969,-1.982129467
142.575,-0.4762382037,-1.671117653,-1.671117653,-1.919937714
142.6,-0.4371157667,-1.718295749,-1.718295749,-1.853654321
142.625,-0.3971478906,-1.763768984,-1.763768984,-1.783605725
142.65,-0.3564118787,-1.807447599,-1.807447599,-1.710145466
142.675,-0.3149865197,-1.849250947,-1.849250947,-1.633648379
142.7,-0.2729519355,-1.889107957,-1.889107957,-1.554504397
142.725,-0.2303894267,-1.926957432,-1.926957432,-1.473112358
142.75,-0.1873813146,-1.962748188,-1.962748188,-1.389873724
142.775,-0.1440107826,-1.99643905,-1.99643905,-1.305186626
142.8,-0.1003617149,-2.027998697,-2.027998697,-1.219440337
142.825,-0.05651853448,-2.057405373,-2.057405373,-1.133010134
142.85,-0.01256603988,-2.084646484,-2.084646484,-1.046252965
142.875,0.03141075908,-2.109718094,-2.109718094,-0.9595036969
142.9,0.07532680553,-2.132624325,-2.132624325,-0.8730721527
142.925,0.1190971601,-2.153376712,-2.153376712,-0.7872409043
142.95,0.1626371652,-2.171993496,-2.171993496,-0.7022637823
142.975,0.2058626088,-2.188498896,-2.188498896,-0.618365085
143,0.2486898872,-2.202922367,-2.202922367,-0.535739423
143.025,0.2910361668,-2.215297861,-2.215297861,-0.4545521189
143.05,0.3328195445,-2.225663108,-2.225663108,-0.3749400892
143.075,0.3739592057,-2.234058916,-2.234058916,-0.2970131264
143.1,0.414375581,-2.240528515,-2.240528515,-0.2208554871
143.125,0.4539904997,-2.245116945,-2.245116945,-0.1465277026
143.15,0.4927273415,-2.247870478,-2.247870478,-0.07406857682
143.175,0.5305111843,-2.24883611,-2.24883611,-0.003497234849
143.2,0.5672689491,-2.248061088,-2.248061088,0.06518477528
143.225,0.6029295417,-2.245592503,-2.245592503,0.1319914024
143.25,0.6374239897,-2.241476921,-2.241476921,0.1969500758
143.275,0.6706855765,-2.235760077,-2.235760077,0.2600997776
143.3,0.7026499698,-2.228486603,-2.228486603,0.3214892295
143.325,0.7332553462,-2.219699813,-2.219699813,0.3811752102
143.35,0.762442511,-2.209441512,-2.209441512,0.4392210139
143.375,0.7901550124,-2.197751861,-2.197751861,0.4956950547
143.4,0.8163392507,-2.184669256,-2.184669256,0.5506696177
143.425,0.8409445823,-2.170230251,-2.170230251,0.6042197511
143.45,0.8639234172,-2.154469499,-2.154469499,0.6564222947
143.475,0.8852313113,-2.137419718,-2.137419718,0.7073550387
143.5,0.9048270525,-2.119111678,-2.119111678,0.757096005
143.525,0.9226727399,-2.099574202,-2.099574202,0.8057228308
143.55,0.9387338577,-2.078834181,-2.078834181,0.8533122562
143.575,0.9529793415,-2.056916605,-2.056916605,0.899939702
143.6,0.9653816388,-2.033844597,-2.033844597,0.9456789192
143.625,0.9759167619,-2.009639462,-2.009639462,0.9906017098
143.65,0.9845643345,-1.984320734,-1.984320734,1.034777708
143.675,0.9913076311,-1.957906239,-1.957906239,1.078274203
143.7,0.9961336091,-1.930412146,-1.930412146,1.121156008
143.725,0.9990329347,-1.901853041,-1.901853041,1.163485362
143.75,1,-1.872241984,-1.872241984,1.20532185
143.775,0.9990329347,-1.841590581,-1.841590581,1.246722347
143.8,0.9961336091,-1.809909048,-1.809909048,1.287740973
143.825,0.9913076311,-1.777206286,-1.777206286,1.328429053
143.85,0.9845643345,-1.743489945,-1.743489945,1.368835078
143.875,0.9759167619,-1.708766502,-1.708766502,1.409004664
143.9,0.9653816388,-1.673041326,-1.673041326,1.448980496
143.925,0.9529793415,-1.63631876,-1.63631876,1.488802269
143.95,0.9387338577,-1.59860219,-1.59860219,1.528506608
143.975,0.9226727399,-1.559894129,-1.559894129,1.568126954
144,0.9048270525,-1.520196291,-1.520196291,1.607693457
144.025,0.8852313113,-1.479509681,-1.479509681,1.647232807
144.05,0.8639234172,-1.437834684,-1.437834684,1.686768048
144.075,0.8409445823,-1.395171151,-1.395171151,1.726318377
144.1,0.8163392507,-1.351518512,-1.351518512,1.765898848
144.125,0.7901550124,-1.306875868,-1.306875868,1.805520124
144.15,0.762442511,-1.261242115,-1.261242115,1.845188087
144.175,0.7332553462,-1.214616067,-1.214616067,1.884903479
144.2,0.7026499698,-1.166996584,-1.166996584,1.924661471
144.225,0.6706855765,-1.118382728,-1.118382728,1.964451138
144.25,0.6374239897,-1.068773906,-1.068773906,2.004254995
144.275,0.6029295417,-1.018170064,-1.018170064,2.044048331
144.3,0.5672689491,-0.9665718464,-0.9665718464,2.083798653
144.325,0.5305111843,-0.9139808283,-0.9139808283,2.123464949
144.35,0.4927273415,-0.8603997151,-0.8603997151,2.162997008
144.375,0.4539904997,-0.8058325952,-0.8058325952,2.20233464
144.4,0.414375581,-0.7502851914,-0.7502851914,2.241406904
144.425,0.3739592057,-0.6937651454,-0.6937651454,2.280131304
144.45,0.3328195445,-0.6362823117,-0.6362823117,2.318412988
144.475,0.2910361668,-0.5778490816,-0.5778490816,2.35614396
144.5,0.2486898872,-0.5184807144,-0.5184807144,2.393202333
144.525,0.2058626088,-0.4581957031,-0.4581957031,2.429451632
144.55,0.1626371652,-0.3970161349,-0.3970161349,2.464740206
144.575,0.1190971601,-0.3349680882,-0.3349680882,2.498900751
144.6,0.07532680553,-0.2720820206,-0.2720820206,2.531750004
144.625,0.03141075908,-0.2083931719,-0.2083931719,2.563088641
144.65,-0.01256603988,-0.1439419662,-0.1439419662,2.592701431
144.675,-0.05651853448,-0.07877440107,-0.07877440107,2.620357683
144.7,-0.1003617149,-0.01294242723,-0.01294242723,2.64581205
144.725,-0.1440107826,0.05349569925,0.05349569925,2.668805733
144.75,-0.1873813146,0.1204751011,0.1204751011,2.689068112
144.775,-0.2303894267,0.1879240098,0.1879240098,2.706318872
144.8,-0.2729519355,0.2557635545,0.2557635545,2.720270653
144.825,-0.3149865197,0.3239076241,0.3239076241,2.730632203
144.85,-0.3564118787,0.392262816,0.392262816,2.737112067
144.875,-0.3971478906,0.4607284823,0.4607284823,2.739422826
144.9,-0.4371157667,0.5291968883,0.5291968883,2.737285758
144.925,-0.4762382037,0.5975534921,0.5975534921,2.730435927
144.95,-0.5144395338,0.665677357,0.665677357,2.718627586
144.975,-0.5516458706,0.7334417004,0.7334417004,2.701639759
145,-0.5877852523,0.8007145842,0.8007145842,2.679281875
145.025,-0.6227877805,0.8673597431,0.8673597431,2.651399259
145.05,-0.6565857558,0.9332375485,0.9332375485,2.617878316
145.075,-0.6891138084,0.998206094,0.998206094,2.578651197
145.1,-0.7203090249,1.062122391,1.062122391,2.533699768
145.125,-0.7501110696,1.124843653,1.124843653,2.483058666
145.15,-0.7784623016,1.18622864,1.18622864,2.42681731
145.175,-0.8053078857,1.246139043,1.246139043,2.365120709
145.2,-0.8305958992,1.304440868,1.304440868,2.298168995
145.225,-0.8542774317,1.361005798,1.361005798,2.226215636
145.25,-0.87630668,1.415712488,1.415712488,2.149564337
145.275,-0.8966410368,1.468447767,1.468447767,2.068564709
145.3,-0.9152411726,1.519107728,1.519107728,1.983606824
145.325,-0.9320711125,1.567598651,1.567598651,1.895114852
145.35,-0.947098305,1.613837774,1.613837774,1.803539977
145.375,-0.9602936857,1.657753877,1.657753877,1.709352776
145.4,-0.9716317329,1.699287661,1.699287661,1.613035444
145.425,-0.9810905174,1.73839195,1.73839195,1.515074082
145.45,-0.9886517447,1.775031686,1.775031686,1.415950989
145.475,-0.9943007904,1.809183755,1.809183755,1.316137906
145.5,-0.9980267284,1.840836626,1.840836626,1.216089409
145.525,-0.9998223524,1.869989871,1.869989871,1.116237512
145.55,-0.9996841893,1.896653522,1.896653522,1.016986941
145.575,-0.9976125064,1.920847352,1.920847352,0.9187114581
145.6,-0.9936113105,1.942600064,1.942600064,0.8217511578
145.625,-0.9876883406,1.96194842,1.96194842,0.7264106653
145.65,-0.9798550524,1.978936342,1.978936342,0.63295827
145.675,-0.9701265965,1.993614009,1.993614009,0.5416258379
145.7,-0.958521789,2.006036944,2.006036944,0.4526094548
145.725,-0.9450630752,2.016265137,2.016265137,0.3660706626
145.75,-0.9297764859,2.024362205,2.024362205,0.2821381685
145.775,-0.9126915874,2.03039459,2.03039459,0.2009099845
145.8,-0.8938414242,2.034430828,2.034430828,0.1224557733
145.825,-0.8732624548,2.036540867,2.036540867,0.04681941478
145.85,-0.8509944818,2.036795459,2.036795459,-0.02597835168
145.875,-0.8270805743,2.035265611,2.035265611,-0.09593727349
145.9,-0.8015669849,2.03202211,2.03202211,-0.1630749737
145.925,-0.7745030602,2.027135102,2.027135102,-0.2274244369
145.95,-0.7459411454,2.020673743,2.020673743,-0.2890316288
145.975,-0.715936483,2.012705902,2.012705902,-0.3479532751
146,-0.6845471059,2.003297915,2.003297915,-0.4042548192
146.025,-0.6518337253,1.992514394,1.992514394,-0.458008567
146.05,-0.6178596131,1.980418074,1.980418074,-0.5092920235
146.075,-0.5826904797,1.967069703,1.967069703,-0.5581864191
146.1,-0.5463943467,1.952527965,1.952527965,-0.6047754162
146.125,-0.5090414158,1.936849435,1.936849435,-0.6491439884
146.15,-0.4707039322,1.920088558,1.920088558,-0.6913774655
146.175,-0.4314560457,1.902297647,1.902297647,-0.731560728
146.2,-0.3913736668,1.883526908,1.883526908,-0.7697775299
146.225,-0.3505343202,1.863824473,1.863824473,-0.8061099531
146.25,-0.3090169944,1.843236447,1.843236447,-0.8406379687
146.275,-0.2669019893,1.821806965,1.821806965,-0.8734390881
146.3,-0.2242707609,1.799578259,1.799578259,-0.9045881085
146.325,-0.1812057636,1.776590727,1.776590727,-0.9341569233
146.35,-0.1377902907,1.752883006,1.752883006,-0.9622143982
146.375,-0.09410831332,1.728492052,1.728492052,-0.9888263017
146.4,-0.05024431818,1.703453215,1.703453215,-1.014055277
146.425,-0.006283143966,1.677800316,1.677800316,-1.037960856
146.45,0.03769018267,1.651565729,1.651565729,-1.060599497
146.475,0.08159061157,1.624780453,1.624780453,-1.082024654
146.5,0.1253332336,1.597474187,1.597474187,-1.102286864
146.525,0.1688334447,1.569675403,1.569675403,-1.121433846
146.55,0.2120071099,1.541411412,1.541411412,-1.139510617
146.575,0.2547707257,1.512708436,1.512708436,-1.156559617
146.6,0.2970415816,1.483591662,1.483591662,-1.172620826
146.625,0.3387379202,1.454085311,1.454085311,-1.187731913
146.65,0.3797790955,1.424212688,1.424212688,-1.201928356
146.675,0.4200857284,1.393996236,1.393996236,-1.215243582
146.7,0.4595798606,1.363457589,1.363457589,-1.227709104
146.725,0.4981851053,1.332617614,1.332617614,-1.239354642
146.75,0.535826795,1.301496456,1.301496456,-1.250208267
146.775,0.5724321256,1.270113578,1.270113578,-1.260296511
146.8,0.6079302977,1.238487799,1.238487799,-1.269644505
146.825,0.6422526532,1.206637323,1.206637323,-1.278276083
146.85,0.6753328081,1.174579776,1.174579776,-1.286213902
146.875,0.7071067812,1.142332229,1.142332229,-1.293479557
146.9,0.7375131174,1.109911227,1.109911227,-1.300093668
146.925,0.7664930068,1.07733281,1.07733281,-1.306076004
146.95,0.7939903986,1.044612533,1.044612533,-1.311445554
146.975,0.8199521093,1.011765486,1.011765486,-1.316220631
147,0.8443279255,0.978806308,0.978806308,-1.320418955
147.025,0.8670707012,0.9457492012,0.9457492012,-1.324057726
147.05,0.8881364488,0.9126079448,0.9126079448,-1.327153711
147.075,0.9074844245,0.8793959023,0.8793959023,-1.329723299
147.1,0.9250772068,0.8461260323,0.8461260323,-1.331782579
147.125,0.940880769,0.8128108938,0.8128108938,-1.333347396
147.15,0.9548645447,0.7794626525,0.7794626525,-1.334433397
147.175,0.9670014878,0.7460930848,0.7460930848,-1.335056099
147.2,0.9772681236,0.7127135799,0.7127135799,-1.335230917
147.225,0.9856445951,0.6793351433,0.6793351433,-1.334973209
147.25,0.9921147013,0.6459683961,0.6459683961,-1.334298318
147.275,0.996665928,0.612623576,0.612623576,-1.333221589
147.3,0.9992894726,0.5793105371,0.5793105371,-1.331758401
147.325,0.9999802609,0.5460387479,0.5460387479,-1.329924182
147.35,0.9987369566,0.5128172908,0.5128172908,-1.327734425
147.375,0.9955619646,0.4796548599,0.4796548599,-1.325204693
147.4,0.9904614257,0.4465597589,0.4465597589,-1.322350623
147.425,0.983445205,0.4135399006,0.4135399006,-1.319187922
147.45,0.9745268728,0.3806028035,0.3806028035,-1.315732357
147.475,0.9637236783,0.3477555914,0.3477555914,-1.311999743
147.5,0.9510565163,0.315004993,0.315004993,-1.308005925
147.525,0.9365498867,0.28235734,0.28235734,-1.303766745
147.55,0.9202318474,0.2498185685,0.2498185685,-1.299298023
147.575,0.9021339594,0.2173942204,0.2173942204,-1.294615513
147.6,0.8822912264,0.1850894441,0.1850894441,-1.289734864
147.625,0.860742027,0.152908999,0.152908999,-1.284671581
147.65,0.83752804,0.1208572595,0.1208572595,-1.279440965
147.675,0.8126941644,0.08893821977,0.08893821977,-1.274058067
147.7,0.7862884321,0.05715550203,0.05715550203,-1.268537629
147.725,0.7583619153,0.02551236477,0.02551236477,-1.262894014
147.75,0.7289686274,-0.005988288427,-0.005988288427,-1.257141155
147.775,0.698165419,-0.03734389468,-0.03734389468,-1.251292473
147.8,0.6660118674,-0.06855222059,-0.06855222059,-1.245360817
147.825,0.6325701619,-0.09961134621,-0.09961134621,-1.239358388
147.85,0.5979049831,-0.1305196461,-0.1305196461,-1.233296659
147.875,0.5620833779,-0.1612757739,-0.1612757739,-1.227186314
147.9,0.52517463,-0.1918786394,-0.1918786394,-1.221037168
147.925,0.4872501257,-0.222327383,-0.222327383,-1.214858077
147.95,0.4483832161,-0.2526213588,-0.2526213588,-1.208656895
147.975,0.4086490747,-0.2827601008,-0.2827601008,-1.202440381
148,0.3681245527,-0.3127432969,-0.3127432969,-1.19621413
148.025,0.3268880297,-0.3425707628,-0.3425707628,-1.189982524
148.05,0.2850192625,-0.3722424049,-0.3722424049,-1.18374865
148.075,0.2425992308,-0.401758191,-0.401758191,-1.177514258
148.1,0.1997099805,-0.431118117,-0.431118117,-1.171279702
148.125,0.156434465,-0.4603221662,-0.4603221662,-1.165043894
148.15,0.1128563849,-0.4893702799,-0.4893702799,-1.158804268
148.175,0.06906002571,-0.5182623147,-0.5182623147,-1.152556748
148.2,0.02513009544,-0.5469980049,-0.5469980049,-1.146295719
148.225,-0.01884843972,-0.5755769288,-0.5755769288,-1.14001402
148.25,-0.06279051953,-0.6039984618,-0.6039984618,-1.133702932
148.275,-0.1066111543,-0.6322617447,-0.6322617447,-1.127352183
148.3,-0.1502255891,-0.6603656429,-0.6603656429,-1.120949963
148.325,-0.1935494681,-0.6883087035,-0.6883087035,-1.114482949
148.35,-0.236498997,-0.7160891268,-0.7160891268,-1.107936338
148.375,-0.278991106,-0.743704723,-0.743704723,-1.101293891
148.4,-0.3209436098,-0.7711528764,-0.7711528764,-1.094538001
148.425,-0.3622753667,-0.7984305196,-0.7984305196,-1.087649747
148.45,-0.4029064357,-0.8255340941,-0.8255340941,-1.08060898
148.475,-0.442758231,-0.8524595206,-0.8524595206,-1.073394427
148.5,-0.4817536741,-0.8792021807,-0.8792021807,-1.065983768
148.525,-0.5198173426,-0.9057568824,-0.9057568824,-1.058353752
148.55,-0.5568756165,-0.9321178402,-0.9321178402,-1.050480354
148.575,-0.5928568202,-0.9582786651,-0.9582786651,-1.042338853
148.6,-0.6276913613,-0.9842323388,-0.9842323388,-1.033903993
148.625,-0.6613118653,-1.009971206,-1.009971206,-1.025150156
148.65,-0.6936533058,-1.035486973,-1.035486973,-1.016051466
148.675,-0.7246531302,-1.06077069,-1.06077069,-1.006581971
148.7,-0.7542513807,-1.085812765,-1.085812765,-0.9967158209
148.725,-0.7823908106,-1.110602962,-1.110602962,-0.9864273927
148.75,-0.8090169944,-1.135130406,-1.135130406,-0.9756914854
148.775,-0.8340784336,-1.159383602,-1.159383602,-0.964483476
148.8,-0.8575266562,-1.183350446,-1.183350446,-0.9527794712
148.825,-0.8793163102,-1.20701825,-1.20701825,-0.9405564867
148.85,-0.8994052516,-1.230373762,-1.230373762,-0.9277925765
148.875,-0.9177546257,-1.253403198,-1.253403198,-0.9144669993
148.9,-0.9343289425,-1.27609227,-1.27609227,-0.9005603422
148.925,-0.949096145,-1.298426222,-1.298426222,-0.8860546557
148.95,-0.9620276716,-1.320389874,-1.320389874,-0.8709335678
148.975,-0.973098511,-1.34196765,-1.34196765,-0.8551823847
149,-0.9822872507,-1.363143634,-1.363143634,-0.8387881849
149.025,-0.9895761186,-1.383901608,-1.383901608,-0.8217398869
149.05,-0.994951017,-1.4042251,-1.4042251,-0.8040283142
149.075,-0.9984015501,-1.424097435,-1.424097435,-0.7856462294
149.1,-0.9999210442,-1.44350178,-1.44350178,-0.7665883658
149.125,-0.9995065604,-1.462421194,-1.462421194,-0.7468514267
149.15,-0.9971589003,-1.48083868,-1.48083868,-0.7264340833
149.175,-0.9928826046,-1.498737233,-1.498737233,-0.7053369376
149.2,-0.9866859442,-1.516099883,-1.516099883,-0.6835624881
149.225,-0.9785809043,-1.532909748,-1.532909748,-0.6611150582
149.25,-0.9685831611,-1.549150077,-1.549150077,-0.638000732
149.275,-0.9567120516,-1.564804292,-1.564804292,-0.6142272513
149.3,-0.9429905359,-1.579856024,-1.579856024,-0.589803926
149.325,-0.9274451533,-1.594289162,-1.594289162,-0.5647415042
149.35,-0.9101059707,-1.608087874,-1.608087874,-0.5390520628
149.375,-0.8910065242,-1.62123665,-1.62123665,-0.5127488568
149.4,-0.8701837547,-1.633720321,-1.633720321,-0.4858461947
149.425,-0.8476779361,-1.64552409,-1.64552409,-0.4583592765
149.45,-0.8235325976,-1.656633549,-1.656633549,-0.4303040567
149.475,-0.7977944395,-1.667034695,-1.667034695,-0.401697083
149.5,-0.7705132428,-1.676713947,-1.676713947,-0.3725553463
149.525,-0.7417417727,-1.68565815,-1.68565815,-0.342896134
149.55,-0.7115356772,-1.693854586,-1.693854586,-0.3127368686
149.575,-0.6799533787,-1.701290972,-1.701290972,-0.2820949816
149.6,-0.6470559616,-1.707955457,-1.707955457,-0.2509877494
149.625,-0.6129070537,-1.713836623,-1.713836623,-0.2194321838
149.65,-0.5775727034,-1.718923469,-1.718923469,-0.1874448893
149.675,-0.5411212521,-1.723205404,-1.723205404,-0.1550419457
149.7,-0.5036232016,-1.726672232,-1.726672232,-0.1222388101
149.725,-0.4651510781,-1.729314132,-1.729314132,-0.08905019775
149.75,-0.4257792916,-1.731121645,-1.731121645,-0.05549000575
149.775,-0.3855839923,-1.732085645,-1.732085645,-0.0215712219
149.8,-0.3446429232,-1.732197319,-1.732197319,0.01269414456
149.825,-0.3030352696,-1.731448141,-1.731448141,0.04729512708
149.85,-0.2608415063,-1.729829848,-1.729829848,0.08222185466
149.875,-0.2181432414,-1.727334407,-1.727334407,0.1174655975
149.9,-0.175023059,-1.72395399,-1.72395399,0.1530188011
149.925,-0.1315643591,-1.719680941,-1.719680941,0.1888751152
149.95,-0.08785119655,-1.714507751,-1.714507751,0.225029411
149.975,-0.04396811832,-1.70842702,-1.70842702,0.2614777944
150,3.923821602e-15,-1.701431433,-1.701431433,0.2982176084
150.025,0.04396811832,-1.693513723,-1.693513723,0.3352474319
150.05,0.08785119655,-1.684666647,-1.684666647,0.3725670703
150.075,0.1315643591,-1.674882947,-1.674882947,0.4101775395
150.1,0.175023059,-1.664155328,-1.664155328,0.4480810477
150.125,0.2181432414,-1.652476425,-1.652476425,0.4862809658
150.15,0.2608415063,-1.639838772,-1.639838772,0.524781799
150.175,0.3030352696,-1.626234781,-1.626234781,0.5635891495
150.2,0.3446429232,-1.611656705,-1.611656705,0.602709671
150.225,0.3855839923,-1.596096624,-1.596096624,0.6421510293
150.25,0.4257792916,-1.579546409,-1.579546409,0.6819218401
150.275,0.4651510781,-1.561997707,-1.561997707,0.7220316163
150.3,0.5036232016,-1.543441917,-1.543441917,0.7624907048
150.325,0.5411212521,-1.523870169,-1.523870169,0.8033102012
150.35,0.5775727034,-1.503273306,-1.503273306,0.8445018858
150.375,0.6129070537,-1.48164187,-1.48164187,0.8860781258
150.4,0.6470559616,-1.458966088,-1.458966088,0.9280517643
150.425,0.6799533787,-1.43523586,-1.43523586,0.9704360335
150.45,0.7115356772,-1.410440752,-1.410440752,1.013244407
150.475,0.7417417727,-1.384569992,-1.384569992,1.056490455
150.5,0.7705132428,-1.357612469,-1.357612469,1.10018772
150.525,0.7977944395,-1.329556735,-1.329556735,1.144349503
150.55,0.8235325976,-1.300391016,-1.300391016,1.188988648
150.575,0.8476779361,-1.270103223,-1.270103223,1.234117376
150.6,0.8701837547,-1.23868097,-1.23868097,1.279747021
150.625,0.8910065242,-1.206111613,-1.206111613,1.325887606
150.65,0.9101059707,-1.172382263,-1.172382263,1.372547716
150.675,0.9274451533,-1.137479841,-1.137479841,1.419734044
150.7,0.9429905359,-1.101391138,-1.101391138,1.467450927
150.725,0.9567120516,-1.064102861,-1.064102861,1.515699968
150.75,0.9685831611,-1.025601716,-1.025601716,1.564479525
150.775,0.9785809043,-0.985874508,-0.985874508,1.613784034
150.8,0.9866859442,-0.9449082226,-0.9449082226,1.663603518
150.825,0.9928826046,-0.9026901647,-0.9026901647,1.713922796
150.85,0.9971589003,-0.8592080931,-0.8592080931,1.764720704
150.875,0.9995065604,-0.8144503709,-0.8144503709,1.815969323
150.9,0.9999210442,-0.7684061661,-0.7684061661,1.867632942
150.925,0.9984015501,-0.7210656328,-0.7210656328,1.91966717
150.95,0.994951017,-0.6724201682,-0.6724201682,1.972017749
150.975,0.9895761186,-0.6224626492,-0.6224626492,2.024619483
151,0.9822872507,-0.5711877427,-0.5711877427,2.077394938
151.025,0.973098511,-0.5185922082,-0.5185922082,2.130253218
151.05,0.9620276716,-0.4646752681,-0.4646752681,2.18308857
151.075,0.949096145,-0.4094389824,-0.4094389824,2.235779069
151.1,0.9343289425,-0.3528886785,-0.3528886785,2.288185214
151.125,0.9177546257,-0.295033406,-0.295033406,2.340148595
151.15,0.8994052516,-0.2358864212,-0.2358864212,2.391490614
151.175,0.8793163102,-0.175465713,-0.175465713,2.442011301
151.2,0.8575266562,-0.1137945471,-0.1137945471,2.491488304
151.225,0.8340784336,-0.05090203482,-0.05090203482,2.539676111
151.25,0.8090169944,0.01317627866,0.01317627866,2.586305552
151.275,0.7823908106,0.07839782177,0.07839782177,2.631083689
151.3,0.7542513807,0.1447124055,0.1447124055,2.673694166
151.325,0.7246531302,0.2120616482,0.2120616482,2.713798107
151.35,0.6936533058,0.2803784299,0.2803784299,2.751035656
151.375,0.6613118653,0.349586394,0.349586394,2.785028243
151.4,0.6276913613,0.4195995184,0.4195995184,2.81538164
151.425,0.5928568202,0.4903217689,0.4903217689,2.84168992
151.45,0.5568756165,0.5616468655,0.5616468655,2.863540264
151.475,0.5198173426,0.6334581811,0.6334581811,2.880518709
151.5,0.4817536741,0.7056287941,0.7056287941,2.892216799
151.525,0.442758231,0.7780217162,0.7780217162,2.898239
151.55,0.4029064357,0.8504903163,0.8504903163,2.898210822
151.575,0.3622753667,0.9228789534,0.9228789534,2.89178744
151.6,0.3209436098,0.9950238295,0.9950238295,2.8786626
151.625,0.278991106,1.066754065,1.066754065,2.858577507
151.65,0.236498997,1.137892995,1.137892995,2.831329383
151.675,0.1935494681,1.208259665,1.208259665,2.796779344
151.7,0.1502255891,1.277670524,1.277670524,2.754859249
151.725,0.1066111543,1.345941256,1.345941256,2.705577141
151.75,0.06279051953,1.412888741,1.412888741,2.649020986
151.775,0.01884843972,1.478333079,1.478333079,2.585360447
151.8,-0.02513009544,1.54209963,1.54209963,2.514846498
151.825,-0.06906002571,1.604021019,1.604021019,2.437808797
151.85,-0.1128563849,1.663939049,1.663939049,2.354650848
151.875,-0.156434465,1.721706463,1.721706463,2.265843064
151.9,-0.1997099805,1.777188511,1.777188511,2.171913982
151.925,-0.2425992308,1.830264278,1.830264278,2.073439967
151.95,-0.2850192625,1.880827734,1.880827734,1.971033745
151.975,-0.3268880297,1.928788501,1.928788501,1.86533227
152,-0.3681245527,1.974072296,1.974072296,1.756984507
152.025,-0.4086490747,2.016621083,2.016621083,1.646639167
152.05,-0.4483832161,2.056392923,2.056392923,1.534933405
152.075,-0.4872501257,2.093361552,2.093361552,1.4224824
152.1,-0.52517463,2.127515711,2.127515711,1.309870172
152.125,-0.5620833779,2.158858273,2.158858273,1.197642036
152.15,-0.5979049831,2.187405198,2.187405198,1.086298586
152.175,-0.6325701619,2.213184352,2.213184352,0.9762913412
152.2,-0.6660118674,2.236234246,2.236234246,0.8680199999
152.225,-0.698165419,2.256602722,2.256602722,0.7618311927
152.25,-0.7289686274,2.274345622,2.274345622,0.6580185797
152.275,-0.7583619153,2.289525482,2.289525482,0.5568241098
152.3,-0.7862884321,2.302210262,2.302210262,0.4584402517
152.325,-0.8126941644,2.312472145,2.312472145,0.3630129824
152.35,-0.83752804,2.320386419,2.320386419,0.2706453251
152.375,-0.860742027,2.326030451,2.326030451,0.1814012654
152.4,-0.8822912264,2.329482763,2.329482763,0.0953098877
152.425,-0.9021339594,2.330822211,2.330822211,0.01236955067
152.45,-0.9202318474,2.33012727,2.33012727,-0.06744797554
152.475,-0.9365498867,2.327475418,2.327475418,-0.1441935271
152.5,-0.9510565163,2.322942617,2.322942617,-0.2179367849
152.525,-0.9637236783,2.316602892,2.316602892,-0.2887627849
152.55,-0.9745268728,2.308527981,2.308527981,-0.3567687308
152.575,-0.983445205,2.29878707,2.29878707,-0.4220611263
152.6,-0.9904614257,2.287446595,2.287446595,-0.4847532315
152.625,-0.9955619646,2.274570097,2.274570097,-0.5449628361
152.65,-0.9987369566,2.260218138,2.260218138,-0.6028103367
152.675,-0.9999802609,2.244448253,2.244448253,-0.6584170987
152.7,-0.9992894726,2.227314947,2.227314947,-0.7119040808
152.725,-0.996665928,2.208869718,2.208869718,-0.7633906973
152.75,-0.9921147013,2.189161107,2.189161107,-0.8129938948
152.775,-0.9856445951,2.16823477,2.16823477,-0.8608274164
152.8,-0.9772681236,2.146133565,2.146133565,-0.9070012303
152.825,-0.9670014878,2.122897656,2.122897656,-0.9516210996
152.85,-0.9548645447,2.098564615,2.098564615,-0.9947882721
152.875,-0.940880769,2.073169543,2.073169543,-1.036599273
152.9,-0.9250772068,2.046745187,2.046745187,-1.077145781
152.925,-0.9074844245,2.019322067,2.019322067,-1.116514567
152.95,-0.8881364488,1.99092859,1.99092859,-1.154787498
152.975,-0.8670707012,1.961591181,1.961591181,-1.192041574
153,-0.8443279255,1.931334399,1.931334399,-1.228348998
153.025,-0.8199521093,1.900181056,1.900181056,-1.263777272
153.05,-0.7939903986,1.868152336,1.868152336,-1.298389309
153.075,-0.7664930068,1.835267904,1.835267904,-1.332243544
153.1,-0.7375131174,1.801546022,1.801546022,-1.365394065
153.125,-0.7071067812,1.767003649,1.767003649,-1.397890717
153.15,-0.6753328081,1.731656553,1.731656553,-1.42977923
153.175,-0.6422526532,1.695519406,1.695519406,-1.461101308
153.2,-0.6079302977,1.658605892,1.658605892,-1.491894732
153.225,-0.5724321256,1.620928791,1.620928791,-1.522193429
153.25,-0.535826795,1.582500091,1.582500091,-1.552027536
153.275,-0.4981851053,1.543331065,1.543331065,-1.581423446
153.3,-0.4595798606,1.50343238,1.50343238,-1.610403825
153.325,-0.4200857284,1.462814178,1.462814178,-1.638987629
153.35,-0.3797790955,1.421486175,1.421486175,-1.667190078
153.375,-0.3387379202,1.379457756,1.379457756,-1.695022629
153.4,-0.2970415816,1.336738061,1.336738061,-1.72249292
153.425,-0.2547707257,1.293336096,1.293336096,-1.749604686
153.45,-0.2120071099,1.249260816,1.249260816,-1.776357681
153.475,-0.1688334447,1.204521237,1.204521237,-1.802747543
153.5,-0.1253332336,1.159126535,1.159126535,-1.828765683
153.525,-0.08159061157,1.113086157,1.113086157,-1.854399121
153.55,-0.03769018267,1.06640993,1.06640993,-1.87963033
153.575,0.006283143966,1.019108176,1.019108176,-1.904437068
153.6,0.05024431818,0.9711918391,0.9711918391,-1.928792175
153.625,0.09410831332,0.9226725982,0.9226725982,-1.95266341
153.65,0.1377902907,0.8735630119,0.8735630119,-1.976013234
153.675,0.1812057636,0.8238766386,0.8238766386,-1.998798642
153.7,0.2242707609,0.7736281871,0.7736281871,-2.020970971
153.725,0.2669019893,0.7228336516,0.7228336516,-2.042475742
153.75,0.3090169944,0.671510465,0.671510465,-2.063252515
153.775,0.3505343202,0.6196776452,0.6196776452,-2.083234777
153.8,0.3913736668,0.5673559508,0.5673559508,-2.102349869
153.825,0.4314560457,0.5145680334,0.5145680334,-2.12051896
153.85,0.4707039322,0.4613385926,0.4613385926,-2.137657077
153.875,0.5090414158,0.4076945276,0.4076945276,-2.153673216
153.9,0.5463943467,0.3536650873,0.3536650873,-2.168470509
153.925,0.5826904797,0.2992820114,0.2992820114,-2.181946516
153.95,0.6178596131,0.2445796681,0.2445796681,-2.193993583
153.975,0.6518337253,0.1895951752,0.1895951752,-2.204499346
154,0.6845471059,0.1343685146,0.1343685146,-2.213347332
154.025,0.715936483,0.07894262155,0.07894262155,-2.220417705
154.05,0.7459411454,0.02336346162,0.02336346162,-2.225588154
154.075,0.7745030602,-0.03231992193,-0.03231992193,-2.228734897
154.1,0.8015669849,-0.08805538474,-0.08805538474,-2.229733857
154.125,0.8270805743,-0.1437876903,-0.1437876903,-2.22846196
154.15,0.8509944818,-0.1994585525,-0.1994585525,-2.224798561
154.175,0.8732624548,-0.2550067156,-0.2550067156,-2.218627006
154.2,0.8938414242,-0.3103680743,-0.3103680743,-2.209836272
154.225,0.9126915874,-0.3654758363,-0.3654758363,-2.198322716
154.25,0.9297764859,-0.4202607294,-0.4202607294,-2.183991854
154.275,0.9450630752,-0.4746512522,-0.4746512522,-2.16676017
154.3,0.958521789,-0.5285739708,-0.5285739708,-2.146556906
154.325,0.9701265965,-0.5819538608,-0.5819538608,-2.123325799
154.35,0.9798550524,-0.6347146893,-0.6347146893,-2.097026715
154.375,0.9876883406,-0.6867794374,-0.6867794374,-2.067637135
154.4,0.9936113105,-0.7380707564,-0.7380707564,-2.035153453
154.425,0.9976125064,-0.7885114562,-0.7885114562,-1.999592045
154.45,0.9996841893,-0.8380250145,-0.8380250145,-1.960990061
154.475,0.9998223524,-0.8865361023,-0.8865361023,-1.919405912
154.5,0.9980267284,-0.9339711181,-0.9339711181,-1.87491943
154.525,0.9943007904,-0.9802587236,-0.9802587236,-1.827631666
154.55,0.9886517447,-1.025330366,-1.025330366,-1.777664339
154.575,0.9810905174,-1.069120785,-1.069120785,-1.72515893
154.6,0.9716317329,-1.11156849,-1.11156849,-1.670275419
154.625,0.9602936857,-1.152616208,-1.152616208,-1.61319071
154.65,0.947098305,-1.192211279,-1.192211279,-1.554096779
154.675,0.9320711125,-1.230306008,-1.230306008,-1.493198552
154.7,0.9152411726,-1.266857965,-1.266857965,-1.4307116
154.725,0.8966410368,-1.301830213,-1.301830213,-1.366859725
154.75,0.87630668,-1.335191488,-1.335191488,-1.301872377
154.775,0.8542774317,-1.366916307,-1.366916307,-1.235982157
154.8,0.8305958992,-1.396985016,-1.396985016,-1.169422248
154.825,0.8053078857,-1.425383768,-1.425383768,-1.102424012
154.85,0.7784623016,-1.452104459,-1.452104459,-1.035214662
154.875,0.7501110696,-1.477144585,-1.477144585,-0.9680151476
154.9,0.7203090249,-1.500507074,-1.500507074,-0.9010382308
154.925,0.6891138084,-1.522200046,-1.522200046,-0.8344868027
154.95,0.6565857558,-1.54223656,-1.54223656,-0.7685524602
154.975,0.6227877805,-1.560634307,-1.560634307,-0.7034143264
155,0.5877852523,-1.577415297,-1.577415297,-0.6392381641
155.025,0.5516458706,-1.592605501,-1.592605501,-0.5761757137
155.05,0.5144395338,-1.606234511,-1.606234511,-0.5143643074
155.075,0.4762382037,-1.618335169,-1.618335169,-0.4539266924
155.1,0.4371157667,-1.6289432,-1.6289432,-0.3949710752
155.125,0.3971478906,-1.638096859,-1.638096859,-0.337591342
155.15,0.3564118787,-1.645836569,-1.645836569,-0.281867452
155.175,0.3149865197,-1.652204588,-1.652204588,-0.2278659485
155.2,0.2729519355,-1.657244672,-1.657244672,-0.1756405972
155.225,0.2303894267,-1.66100177,-1.66100177,-0.1252330976
155.25,0.1873813146,-1.663521731,-1.663521731,-0.0766738555
155.275,0.1440107826,-1.664851033,-1.664851033,-0.02998280622
155.3,0.1003617149,-1.665036528,-1.665036528,0.01482975259
155.325,0.05651853448,-1.664125215,-1.664125215,0.05776231726
155.35,0.01256603988,-1.662164027,-1.662164027,0.09882134548
155.375,-0.03141075908,-1.659199648,-1.659199648,0.138020445
155.4,-0.07532680553,-1.655278339,-1.655278339,0.1753795945
155.425,-0.1190971601,-1.65044579,-1.65044579,0.2109244029
155.45,-0.1626371652,-1.644746985,-1.644746985,0.2446854098
155.475,-0.2058626088,-1.638226095,-1.638226095,0.2766974384
155.5,-0.2486898872,-1.630926368,-1.630926368,0.3069989994
155.525,-0.2910361668,-1.622890053,-1.622890053,0.3356317352
155.55,-0.3328195445,-1.61415832,-1.61415832,0.3626399336
155.575,-0.3739592057,-1.604771207,-1.604771207,0.3880700718
155.6,-0.414375581,-1.594767565,-1.594767565,0.4119704242
155.625,-0.4539904997,-1.58418502,-1.58418502,0.4343907073
155.65,-0.4927273415,-1.57305994,-1.57305994,0.4553817702
155.675,-0.5305111843,-1.561427411,-1.561427411,0.4749953257
155.7,-0.5672689491,-1.549321217,-1.549321217,0.4932837214
155.725,-0.6029295417,-1.536773828,-1.536773828,0.5102997324
155.75,-0.6374239897,-1.523816391,-1.523816391,0.5260964121
155.775,-0.6706855765,-1.510478725,-1.510478725,0.5407269258
155.8,-0.7026499698,-1.49678932,-1.49678932,0.5542444595
155.825,-0.7332553462,-1.482775335,-1.482775335,0.5667021163
155.85,-0.762442511,-1.468462605,-1.468462605,0.5781528337
155.875,-0.7901550124,-1.453875645,-1.453875645,0.5886493381
155.9,-0.8163392507,-1.439037653,-1.439037653,0.5982440888
155.925,-0.8409445823,-1.42397052,-1.42397052,0.6069892461
155.95,-0.8639234172,-1.408694838,-1.408694838,0.6149366485
155.975,-0.8852313113,-1.393229907,-1.393229907,0.6221377917
156,-0.9048270525,-1.377593741,-1.377593741,0.6286438183
156.025,-0.9226727399,-1.361803085,-1.361803085,0.6345055103
156.05,-0.9387338577,-1.345873415,-1.345873415,0.6397732834
156.075,-0.9529793415,-1.329818953,-1.329818953,0.6444971847
156.1,-0.9653816388,-1.313652674,-1.313652674,0.6487268901
156.125,-0.9759167619,-1.297386316,-1.297386316,0.652511702
156.15,-0.9845643345,-1.281030388,-1.281030388,0.6559005465
156.175,-0.9913076311,-1.264594184,-1.264594184,0.6589419672
156.2,-0.9961336091,-1.248085784,-1.248085784,0.6616841202
156.225,-0.9990329347,-1.231512073,-1.231512073,0.6641747635
156.25,-1,-1.214878747,-1.214878747,0.6664612442
156.275,-0.9990329347,-1.198190321,-1.198190321,0.6685904859
156.3,-0.9961336091,-1.181450145,-1.181450145,0.6706089678
156.325,-0.9913076311,-1.164660413,-1.164660413,0.6725627019
156.35,-0.9845643345,-1.147822171,-1.147822171,0.6744972134
156.375,-0.9759167619,-1.130935336,-1.130935336,0.6764575071
156.4,-0.9653816388,-1.11399871,-1.11399871,0.6784880328
156.425,-0.9529793415,-1.097009985,-1.097009985,0.6806326602
156.45,-0.9387338577,-1.079965765,-1.079965765,0.6829346386
156.475,-0.9226727399,-1.062861586,-1.062861586,0.6854365397
156.5,-0.9048270525,-1.045691924,-1.045691924,0.6881802367
156.525,-0.8852313113,-1.028450216,-1.028450216,0.6912068513
156.55,-0.8639234172,-1.011128886,-1.011128886,0.6945566951
156.575,-0.8409445823,-0.993719359,-0.993719359,0.6982692247
156.6,-0.8163392507,-0.9762120818,-0.9762120818,0.7023829992
156.625,-0.7901550124,-0.9585965511,-0.9585965511,0.7069356134
156.65,-0.762442511,-0.9408613389,-0.9408613389,0.7119636398
156.675,-0.7332553462,-0.9229941118,-0.9229941118,0.7175025861
156.7,-0.7026499698,-0.9049816647,-0.9049816647,0.7235868239
156.725,-0.6706855765,-0.8868099498,-0.8868099498,0.7302495284
156.75,-0.6374239897,-0.8684641016,-0.8684641016,0.7375226288
156.775,-0.6029295417,-0.8499284759,-0.8499284759,0.7454367324
156.8,-0.5672689491,-0.8311866797,-0.8311866797,0.7540210683
156.825,-0.5305111843,-0.8122216051,-0.8122216051,0.7633034248
156.85,-0.4927273415,-0.793015472,-0.793015472,0.7733100725
156.875,-0.4539904997,-0.7735498598,-0.7735498598,0.7840657089
156.9,-0.414375581,-0.7538057523,-0.7538057523,0.7955933797
156.925,-0.3739592057,-0.7337635792,-0.7337635792,0.8079144072
156.95,-0.3328195445,-0.7134032572,-0.7134032572,0.8210483206
156.975,-0.2910361668,-0.6927042414,-0.6927042414,0.8350127663
157,-0.2486898872,-0.6716455666,-0.6716455666,0.8498234379
157.025,-0.2058626088,-0.6502059032,-0.6502059032,0.8654939782
157.05,-0.1626371652,-0.6283636058,-0.6283636058,0.8820358924
157.075,-0.1190971601,-0.6060967691,-0.6060967691,0.8994584483
157.1,-0.07532680553,-0.5833832865,-0.5833832865,0.917768567
157.125,-0.03141075908,-0.5602009064,-0.5602009064,0.9369707158
157.15,0.01256603988,-0.5365273007,-0.5365273007,0.9570667759
157.175,0.05651853448,-0.5123401244,-0.5123401244,0.9780559214
157.2,0.1003617149,-0.4876170921,-0.4876170921,0.9999344621
157.225,0.1440107826,-0.4623360446,-0.4623360446,1.022695702
157.25,0.1873813146,-0.4364750326,-0.4364750326,1.046329757
157.275,0.2303894267,-0.4100123926,-0.4100123926,1.070823384
157.3,0.2729519355,-0.3829268393,-0.3829268393,1.096159773
157.325,0.3149865197,-0.3551975514,-0.3551975514,1.122318343
157.35,0.3564118787,-0.3268042744,-0.3268042744,1.149274503
157.375,0.3971478906,-0.2977274187,-0.2977274187,1.17699942
157.4,0.4371157667,-0.2679481736,-0.2679481736,1.205459739
157.425,0.4762382037,-0.2374486199,-0.2374486199,1.234617321
157.45,0.5144395338,-0.2062118556,-0.2062118556,1.26442894
157.475,0.5516458706,-0.1742221263,-0.1742221263,1.294845978
157.5,0.5877852523,-0.1414649627,-0.1414649627,1.325814107
157.525,0.6227877805,-0.1079273297,-0.1079273297,1.357272955
157.55,0.6565857558,-0.07359778,-0.07359778,1.389155778
157.575,0.6891138084,-0.03846661787,-0.03846661787,1.421389119
157.6,0.7203090249,-0.002526071777,-0.002526071777,1.453892478
157.625,0.7501110696,0.03422952615,0.03422952615,1.486577992
157.65,0.7784623016,0.07180355192,0.07180355192,1.519350131
157.675,0.8053078857,0.1101968946,0.1101968946,1.552105426
157.7,0.8305958992,0.1494077548,0.1494077548,1.584732237
157.725,0.8542774317,0.189431438,0.189431438,1.617110562
157.75,0.87630668,0.2302601441,0.2302601441,1.649111926
157.775,0.8966410368,0.2718827537,0.2718827537,1.680599336
157.8,0.9152411726,0.314284618,0.314284618,1.711427339
157.825,0.9320711125,0.3574473469,0.3574473469,1.741442185
157.85,0.947098305,0.401348605,0.401348605,1.770482129
157.875,0.9602936857,0.4459619205,0.4459619205,1.798377862
157.9,0.9716317329,0.4912564962,0.4912564962,1.824953136
157.925,0.9810905174,0.5371970547,0.5371970547,1.850025514
157.95,0.9886517447,0.5837436857,0.5837436857,1.873407394
157.975,0.9943007904,0.6308517401,0.6308517401,1.894907129
158,0.9980267284,0.6784717395,0.6784717395,1.914330482
158.025,0.9998223524,0.7265493331,0.7265493331,1.93148216
158.05,0.9996841893,0.7750252955,0.7750252955,1.94616769
158.075,0.9976125064,0.8238355676,0.8238355676,1.958195379
158.1,0.9936113105,0.8729113576,0.8729113576,1.967378531
158.125,0.9876883406,0.9221792926,0.9221792926,1.973537792
158.15,0.9798550524,0.9715616317,0.9715616317,1.976503599
158.175,0.9701265965,1.020976546,1.020976546,1.976118744
158.2,0.958521789,1.070338456,1.070338456,1.972240936
158.225,0.9450630752,1.119558439,1.119558439,1.964745327
158.25,0.9297764859,1.168544693,1.168544693,1.953526968
158.275,0.9126915874,1.217203068,1.217203068,1.938503075
158.3,0.8938414242,1.265437639,1.265437639,1.919615073
158.325,0.8732624548,1.313151341,1.313151341,1.896830326
158.35,0.8509944818,1.36024663,1.36024663,1.870143511
158.375,0.8270805743,1.406626182,1.406626182,1.839577563
158.4,0.8015669849,1.452193605,1.452193605,1.805184143
158.425,0.7745030602,1.496854156,1.496854156,1.767043606
158.45,0.7459411454,1.540515455,1.540515455,1.725264442
158.475,0.715936483,1.583088178,1.583088178,1.679982191
158.5,0.6845471059,1.624486708,1.624486708,1.631357859
158.525,0.6518337253,1.664629751,1.664629751,1.579575825
158.55,0.6178596131,1.703440891,1.703440891,1.524841353
158.575,0.5826904797,1.740849072,1.740849072,1.467377736
158.6,0.5463943467,1.776789016,1.776789016,1.407423118
158.625,0.5090414158,1.811201547,1.811201547,1.345227137
158.65,0.4707039322,1.844033841,1.844033841,1.281047497
158.675,0.4314560457,1.875239575,1.875239575,1.215146351
158.7,0.3913736668,1.904779008,1.904779008,1.147787039
158.725,0.3505343202,1.932618952,1.932618952,1.079230533
158.75,0.3090169944,1.958732692,1.958732692,1.009732608
158.775,0.2669019893,1.983099804,1.983099804,0.9395408296
158.8,0.2242707609,2.005705929,2.005705929,0.8688921565
158.825,0.1812057636,2.026542477,2.026542477,0.7980107531
158.85,0.1377902907,2.045606278,2.045606278,0.7271062317
158.875,0.09410831332,2.062899214,2.062899214,0.6563722723
158.9,0.05024431818,2.078427792,2.078427792,0.5859855982
158.925,0.006283143966,2.092202719,2.092202719,0.5161053402
158.95,-0.03769018267,2.10423846,2.10423846,0.4468727235
158.975,-0.08159061157,2.114552785,2.114552785,0.3784110692
159,-0.1253332336,2.123166324,2.123166324,0.3108260697
159.025,-0.1688334447,2.130102136,2.130102136,0.2442062937
159.05,-0.2120071099,2.135385288,2.135385288,0.1786238976
159.075,-0.2547707257,2.139042452,2.139042452,0.1141354869
159.1,-0.2970415816,2.141101533,2.141101533,0.05078309249
159.125,-0.3387379202,2.141591315,2.141591315,-0.01140475146
159.15,-0.3797790955,2.140541137,2.140541137,-0.07241189093
159.175,-0.4200857284,2.137980603,2.137980603,-0.1322334151
159.2,-0.4595798606,2.133939306,2.133939306,-0.1908744937
159.225,-0.4981851053,2.1284466,2.1284466,-0.2483492669
159.25,-0.535826795,2.121531381,2.121531381,-0.3046797507
159.275,-0.5724321256,2.113221909,2.113221909,-0.3598947942
159.3,-0.6079302977,2.103545648,2.103545648,-0.4140291072
159.325,-0.6422526532,2.092529131,2.092529131,-0.4671223461
159.35,-0.6753328081,2.080197843,2.080197843,-0.5192182658
159.375,-0.7071067812,2.066576136,2.066576136,-0.5703639588
159.4,-0.7375131174,2.05168715,2.05168715,-0.6206091532
159.425,-0.7664930068,2.035552752,2.035552752,-0.6700055844
159.45,-0.7939903986,2.018193501,2.018193501,-0.7186064453
159.475,-0.8199521093,1.999628609,1.999628609,-0.7664658826
159.5,-0.8443279255,1.979875929,1.979875929,-0.8136385713
159.525,-0.8670707012,1.958951946,1.958951946,-0.8601793326
159.55,-0.8881364488,1.936871773,1.936871773,-0.9061428045
159.575,-0.9074844245,1.913649165,1.913649165,-0.9515831623
159.6,-0.9250772068,1.889296529,1.889296529,-0.9965538651
159.625,-0.940880769,1.863824947,1.863824947,-1.041107454
159.65,-0.9548645447,1.837244203,1.837244203,-1.085295356
159.675,-0.9670014878,1.809562809,1.809562809,-1.129167735
159.7,-0.9772681236,1.780788039,1.780788039,-1.172773334
159.725,-0.9856445951,1.750925971,1.750925971,-1.216159355
159.75,-0.9921147013,1.719981521,1.719981521,-1.259371324
159.775,-0.996665928,1.687958491,1.687958491,-1.302452977
159.8,-0.9992894726,1.654859609,1.654859609,-1.34544613
159.825,-0.9999802609,1.62068659,1.62068659,-1.388390545
159.85,-0.9987369566,1.585440174,1.585440174,-1.431323801
159.875,-0.9955619646,1.549120198,1.549120198,-1.474281112
159.9,-0.9904614257,1.511725646,1.511725646,-1.517295173
159.925,-0.983445205,1.473254715,1.473254715,-1.560395948
159.95,-0.9745268728,1.4337049,1.4337049,-1.603610419
159.975,-0.9637236783,1.393073048,1.393073048,-1.646962361
160,-0.9510565163,1.351355466,1.351355466,-1.690471992
160.025,-0.9365498867,1.308547998,1.308547998,-1.73415566
160.05,-0.9202318474,1.26464613,1.26464613,-1.778025452
160.075,-0.9021339594,1.219645112,1.219645112,-1.822088704
160.1,-0.8822912264,1.173540063,1.173540063,-1.866347585
160.125,-0.860742027,1.12632613,1.12632613,-1.910798455
160.15,-0.83752804,1.077998623,1.077998623,-1.955431309
160.175,-0.8126941644,1.028553188,1.028553188,-2.000229083
160.2,-0.7862884321,0.9779859999,0.9779859999,-2.045166868
160.225,-0.7583619153,0.9262939534,0.9262939534,-2.090211183
160.25,-0.7289686274,0.8734749087,0.8734749087,-2.135318997
160.275,-0.698165419,0.8195279164,0.8195279164,-2.1804369
160.3,-0.6660118674,0.7644535167,0.7644535167,-2.225500016
160.325,-0.6325701619,0.7082540126,0.7082540126,-2.270431054
160.35,-0.5979049831,0.6509338177,0.6509338177,-2.315139163
160.375,-0.5620833779,0.5924997868,0.5924997868,-2.359518907
160.4,-0.52517463,0.5329616134,0.5329616134,-2.403449129
160.425,-0.4872501257,0.472332221,0.472332221,-2.446791937
160.45,-0.4483832161,0.4106282031,0.4106282031,-2.489391677
160.475,-0.4086490747,0.3478702767,0.3478702767,-2.531074052
160.5,-0.3681245527,0.2840837541,0.2840837541,-2.571645369
160.525,-0.3268880297,0.2192990414,0.2192990414,-2.61089197
160.55,-0.2850192625,0.1535521388,0.1535521388,-2.648579935
160.575,-0.2425992308,0.08688514625,0.08688514625,-2.684455082
160.6,-0.1997099805,0.01934676968,0.01934676968,-2.71824336
160.625,-0.156434465,-0.04900719392,-0.04900719392,-2.749651691
160.65,-0.1128563849,-0.1181133967,-0.1181133967,-2.778369331
160.675,-0.06906002571,-0.187900521,-0.187900521,-2.804069819
160.7,-0.02513009544,-0.2582889179,-0.2582889179,-2.826413586
160.725,0.01884843972,-0.3291903181,-0.3291903181,-2.845051249
160.75,0.06279051953,-0.4005076364,-0.4005076364,-2.859627614
160.775,0.1066111543,-0.4721348845,-0.4721348845,-2.869786447
160.8,0.1502255891,-0.5439572112,-0.5439572112,-2.875175932
160.825,0.1935494681,-0.6158510879,-0.6158510879,-2.875454785
160.85,0.236498997,-0.6876846546,-0.6876846546,-2.870298921
160.875,0.278991106,-0.7593182378,-0.7593182378,-2.859408569
160.9,0.3209436098,-0.8306050503,-0.8306050503,-2.842515624
160.925,0.3622753667,-0.9013920755,-0.9013920755,-2.819391036
160.95,0.4029064357,-0.9715211335,-0.9715211335,-2.789851996
160.975,0.442758231,-1.040830123,-1.040830123,-2.753768637
161,0.4817536741,-1.10915442,-1.10915442,-2.71106998
161.025,0.5198173426,-1.176328416,-1.176328416,-2.661748835
161.05,0.5568756165,-1.242187157,-1.242187157,-2.605865411
161.075,0.5928568202,-1.306568062,-1.306568062,-2.543549398
161.1,0.6276913613,-1.369312666,-1.369312666,-2.475000359
161.125,0.6613118653,-1.430268353,-1.430268353,-2.400486344
161.15,0.6936533058,-1.489290036,-1.489290036,-2.320340686
161.175,0.7246531302,-1.546241723,-1.546241723,-2.234957053
161.2,0.7542513807,-1.600997955,-1.600997955,-2.144782903
161.225,0.7823908106,-1.653445048,-1.653445048,-2.050311541
161.25,0.8090169944,-1.703482132,-1.703482132,-1.952073095
161.275,0.8340784336,-1.751021949,-1.751021949,-1.850624732
161.3,0.8575266562,-1.795991401,-1.795991401,-1.746540501
161.325,0.8793163102,-1.838331847,-1.838331847,-1.640400977
161.35,0.8994052516,-1.877999138,-1.877999138,-1.532783516
161.375,0.9177546257,-1.914963419,-1.914963419,-1.4242528
161.4,0.9343289425,-1.949208705,-1.949208705,-1.3153525
161.425,0.949096145,-1.980732268,-1.980732268,-1.206597985
161.45,0.9620276716,-2.009543839,-2.009543839,-1.098470176
161.475,0.973098511,-2.035664692,-2.035664692,-0.9914108485
161.5,0.9822872507,-2.059126624,-2.059126624,-0.8858191758
161.525,0.9895761186,-2.079970848,-2.079970848,-0.7820495821
161.55,0.994951017,-2.098246872,-2.098246872,-0.680410809
161.575,0.9984015501,-2.114011351,-2.114011351,-0.5811660465
161.6,0.9999210442,-2.127326959,-2.127326959,-0.4845340057
161.625,0.9995065604,-2.138261303,-2.138261303,-0.3906907811
161.65,0.9971589003,-2.146885881,-2.146885881,-0.2997723028
161.675,0.9928826046,-2.153275123,-2.153275123,-0.2118772778
161.7,0.9866859442,-2.157505489,-2.157505489,-0.1270704331
161.725,0.9785809043,-2.159654671,-2.159654671,-0.04538593409
161.75,0.9685831611,-2.159800871,-2.159800871,0.03316912113
161.775,0.9567120516,-2.158022162,-2.158022162,0.1086112394
161.8,0.9429905359,-2.154395948,-2.154395948,0.1809771781
161.825,0.9274451533,-2.148998493,-2.148998493,0.2503207561
161.85,0.9101059707,-2.141904534,-2.141904534,0.3167098754
161.875,0.8910065242,-2.133186962,-2.133186962,0.3802237806
161.9,0.8701837547,-2.122916573,-2.122916573,0.4409505735
161.925,0.8476779361,-2.111161871,-2.111161871,0.4989849892
161.95,0.8235325976,-2.097988932,-2.097988932,0.55442643
161.975,0.7977944395,-2.083461305,-2.083461305,0.6073772524
162,0.7705132428,-2.06763996,-2.06763996,0.6579412888
162.025,0.7417417727,-2.050583263,-2.050583263,0.7062225909
162.05,0.7115356772,-2.032346992,-2.032346992,0.7523243769
162.075,0.6799533787,-2.012984361,-2.012984361,0.7963481627
162.1,0.6470559616,-1.992546074,-1.992546074,0.8383930573
162.125,0.6129070537,-1.971080396,-1.971080396,0.8785552002
162.15,0.5775727034,-1.94863323,-1.94863323,0.9169273302
162.175,0.5411212521,-1.925248204,-1.925248204,0.9535984625
162.2,0.5036232016,-1.900966772,-1.900966772,0.9886536576
162.225,0.4651510781,-1.875828311,-1.875828311,1.022173872
162.25,0.4257792916,-1.849870228,-1.849870228,1.054235877
162.275,0.3855839923,-1.823128063,-1.823128063,1.084912227
162.3,0.3446429232,-1.795635593,-1.795635593,1.114271277
162.325,0.3030352696,-1.767424941,-1.767424941,1.14237724
162.35,0.2608415063,-1.738526671,-1.738526671,1.16929026
162.375,0.2181432414,-1.7089699,-1.7089699,1.195066522
162.4,0.175023059,-1.678782381,-1.678782381,1.219758364
162.425,0.1315643591,-1.647990612,-1.647990612,1.243414414
162.45,0.08785119655,-1.616619916,-1.616619916,1.266079722
162.475,0.04396811832,-1.584694535,-1.584694535,1.287795906
162.5,-4.214641931e-14,-1.55223771,-1.55223771,1.30860129
162.525,-0.04396811832,-1.519271766,-1.519271766,1.328531057
162.55,-0.08785119655,-1.485818185,-1.485818185,1.347617377
162.575,-0.1315643591,-1.451897681,-1.451897681,1.365889554
162.6,-0.175023059,-1.41753027,-1.41753027,1.383374156
162.625,-0.2181432414,-1.382735335,-1.382735335,1.40009514
162.65,-0.2608415063,-1.347531696,-1.347531696,1.416073985
162.675,-0.3030352696,-1.311937661,-1.311937661,1.431329792
162.7,-0.3446429232,-1.275971091,-1.275971091,1.445879415
162.725,-0.3855839923,-1.239649452,-1.239649452,1.459737551
162.75,-0.4257792916,-1.20298987,-1.20298987,1.472916852
162.775,-0.4651510781,-1.166009177,-1.166009177,1.485428015
162.8,-0.5036232016,-1.128723963,-1.128723963,1.497279873
162.825,-0.5411212521,-1.091150618,-1.091150618,1.508479493
162.85,-0.5775727034,-1.053305378,-1.053305378,1.519032244
162.875,-0.6129070537,-1.015204365,-1.015204365,1.528941893
162.9,-0.6470559616,-0.9768636237,-0.9768636237,1.538210676
162.925,-0.6799533787,-0.9382991643,-0.9382991643,1.546839381
162.95,-0.7115356772,-0.8995269933,-0.8995269933,1.554827425
162.975,-0.7417417727,-0.8605631471,-0.8605631471,1.562172926
163,-0.7705132428,-0.8214237269,-0.8214237269,1.568872791
163.025,-0.7977944395,-0.782124923,-0.782124923,1.574922786
163.05,-0.8235325976,-0.7426830469,-0.7426830469,1.580317624
163.075,-0.8476779361,-0.7031145534,-0.7031145534,1.585051051
163.1,-0.8701837547,-0.6634360653,-0.6634360653,1.589115922
163.125,-0.8910065242,-0.6236643945,-0.6236643945,1.592504314
163.15,-0.9101059707,-0.5838165587,-0.5838165587,1.5952076
163.175,-0.9274451533,-0.5439098003,-0.5439098003,1.597216567
163.2,-0.9429905359,-0.5039615971,-0.5039615971,1.598521519
163.225,-0.9567120516,-0.463989675,-0.463989675,1.59911238
163.25,-0.9685831611,-0.4240120148,-0.4240120148,1.598978833
163.275,-0.9785809043,-0.3840468572,-0.3840468572,1.598110421
163.3,-0.9866859442,-0.3441127048,-0.3441127048,1.5964967
163.325,-0.9928826046,-0.3042283191,-0.3042283191,1.594127358
163.35,-0.9971589003,-0.2644127175,-0.2644127175,1.590992366
163.375,-0.9995065604,-0.2246851614,-0.2246851614,1.587082127
163.4,-0.9999210442,-0.1850651469,-0.1850651469,1.582387617
163.425,-0.9984015501,-0.1455723855,-0.1455723855,1.576900553
163.45,-0.994951017,-0.1062267859,-0.1062267859,1.570613537
163.475,-0.9895761186,-0.06704842816,-0.06704842816,1.563520227
163.5,-0.9822872507,-0.02805753677,-0.02805753677,1.555615487
163.525,-0.973098511,0.01072555241,0.01072555241,1.546895546
163.55,-0.9620276716,0.04928042794,0.04928042794,1.537358154
163.575,-0.949096145,0.08758664269,0.08758664269,1.527002732
163.6,-0.9343289425,0.1256237574,0.1256237574,1.51583051
163.625,-0.9177546257,0.1633713874,0.1633713874,1.503844667
163.65,-0.8994052516,0.2008092536,0.2008092536,1.49105045
163.675,-0.8793163102,0.2379172348,0.2379172348,1.477455288
163.7,-0.8575266562,0.2746754237,0.2746754237,1.463068886
163.725,-0.8340784336,0.3110641853,0.3110641853,1.447903312
163.75,-0.8090169944,0.3470642162,0.3470642162,1.43197305
163.775,-0.7823908106,0.3826566059,0.3826566059,1.415295051
163.8,-0.7542513807,0.417822899,0.417822899,1.397888752
163.825,-0.7246531302,0.4525451563,0.4525451563,1.379776077
163.85,-0.6936533058,0.4868060189,0.4868060189,1.360981411
163.875,-0.6613118653,0.5205887664,0.5205887664,1.341531559
163.9,-0.6276913613,0.5538773792,0.5538773792,1.321455668
163.925,-0.5928568202,0.5866565939,0.5866565939,1.300785139
163.95,-0.5568756165,0.6189119597,0.6189119597,1.2795535
163.975,-0.5198173426,0.6506298885,0.6506298885,1.257796275
164,-0.4817536741,0.6817977043,0.6817977043,1.235550813
164.025,-0.442758231,0.712403685,0.712403685,1.212856105
164.05,-0.4029064357,0.7424371025,0.7424371025,1.189752585
164.075,-0.3622753667,0.7718882544,0.7718882544,1.166281907
164.1,-0.3209436098,0.8007484934,0.8007484934,1.142486713
164.125,-0.278991106,0.8290102471,0.8290102471,1.118410389
164.15,-0.236498997,0.8566670355,0.8566670355,1.094096802
164.175,-0.1935494681,0.8837134776,0.8837134776,1.069590053
164.2,-0.1502255891,0.9101452955,0.9101452955,1.04493419
164.225,-0.1066111543,0.9359593094,0.9359593094,1.020172971
164.25,-0.06279051953,0.9611534259,0.9611534259,0.9953495631
164.275,-0.01884843972,0.9857266226,0.9857266226,0.9705063203
164.3,0.02513009544,1.009678921,1.009678921,0.945684502
164.325,0.06906002571,1.033011359,1.033011359,0.9209240464
164.35,0.1128563849,1.055725955,1.055725955,0.8962633387
164.375,0.156434465,1.077825663,1.077825663,0.8717389856
164.4,0.1997099805,1.09931433,1.09931433,0.8473856319
164.425,0.2425992308,1.120196641,1.120196641,0.8232357588
164.45,0.2850192625,1.140478066,1.140478066,0.79931954
164.475,0.3268880297,1.160164796,1.160164796,0.7756646809
164.5,0.3681245527,1.179263688,1.179263688,0.7522963092
164.525,0.4086490747,1.197782187,1.197782187,0.7292368638
164.55,0.4483832161,1.21572827,1.21572827,0.7065060184
164.575,0.4872501257,1.233110368,1.233110368,0.6841206214
164.6,0.52517463,1.249937297,1.249937297,0.6620946543
164.625,0.5620833779,1.266218189,1.266218189,0.6404392173
164.65,0.5979049831,1.281962415,1.281962415,0.6191625248
164.675,0.6325701619,1.297179517,1.297179517,0.59826993
164.7,0.6660118674,1.311879134,1.311879134,0.5777639581
164.725,0.698165419,1.326070935,1.326070935,0.5576443618
164.75,0.7289686274,1.339764548,1.339764548,0.5379081914
164.775,0.7583619153,1.352969494,1.352969494,0.5185498736
164.8,0.7862884321,1.365695124,1.365695124,0.4995613159
164.825,0.8126941644,1.377950555,1.377950555,0.480932002
164.85,0.83752804,1.389744612,1.389744612,0.4626491239
164.875,0.860742027,1.401085773,1.401085773,0.4446976939
164.9,0.8822912264,1.411982117,1.411982117,0.4270606907
164.925,0.9021339594,1.422441271,1.422441271,0.4097191922
164.95,0.9202318474,1.432470367,1.432470367,0.3926525214
164.975,0.9365498867,1.442076002,1.442076002,0.3758384038
165,0.9510565163,1.451264195,1.451264195,0.3592531018
165.025,0.9637236783,1.460040356,1.460040356,0.3428715905
165.05,0.9745268728,1.468409254,1.468409254,0.3266676902
165.075,0.983445205,1.476374994,1.476374994,0.3106142326
165.1,0.9904614257,1.483940987,1.483940987,0.2946832131
165.125,0.9955619646,1.491109936,1.491109936,0.2788459269
165.15,0.9987369566,1.497883821,1.497883821,0.2630731387
165.175,0.9999802609,1.504263883,1.504263883,0.247335202
165.2,0.9992894726,1.510250622,1.510250622,0.231602212
165.225,0.996665928,1.515843785,1.515843785,0.2158441395
165.25,0.9921147013,1.521042369,1.521042369,0.2000309459
165.275,0.9856445951,1.525844624,1.525844624,0.1841327242
165.3,0.9772681236,1.53024805,1.53024805,0.1681197953
165.325,0.9670014878,1.534249413,1.534249413,0.1519628294
165.35,0.9548645447,1.53784475,1.53784475,0.1356329403
165.375,0.940880769,1.541029382,1.541029382,0.1191017799
165.4,0.9250772068,1.543797931,1.543797931,0.1023416254
165.425,0.9074844245,1.54614433,1.54614433,0.08532545177
165.45,0.8881364488,1.548061851,1.548061851,0.068027006
165.475,0.8670707012,1.549543116,1.549543116,0.05042086245
165.5,0.8443279255,1.550580125,1.550580125,0.03248247854
165.525,0.8199521093,1.551164274,1.551164274,0.01418823572
165.55,0.7939903986,1.551286382,1.551286382,-0.004484524034
165.575,0.7664930068,1.550936713,1.550936713,-0.02355747181
165.6,0.7375131174,1.550105001,1.550105001,-0.04305127323
165.625,0.7071067812,1.548780478,1.548780478,-0.06298557726
165.65,0.6753328081,1.546951896,1.546951896,-0.08337901313
165.675,0.6422526532,1.544607554,1.544607554,-0.104249195
165.7,0.6079302977,1.541735325,1.541735325,-0.1256127322
165.725,0.5724321256,1.538322676,1.538322676,-0.1474852485
165.75,0.535826795,1.534356698,1.534356698,-0.1698814041
165.775,0.4981851053,1.529824127,1.529824127,-0.1928149285
165.8,0.4595798606,1.524711366,1.524711366,-0.2162986508
165.825,0.4200857284,1.51900451,1.51900451,-0.2403445461
165.85,0.3797790955,1.512689361,1.512689361,-0.2649637717
165.875,0.3387379202,1.505751456,1.505751456,-0.290166719
165.9,0.2970415816,1.49817608,1.49817608,-0.3159630673
165.925,0.2547707257,1.489948283,1.489948283,-0.3423618238
165.95,0.2120071099,1.481052898,1.481052898,-0.3693713896
165.975,0.1688334447,1.471474558,1.471474558,-0.3969996154
166,0.1253332336,1.461197701,1.461197701,-0.425253842
166.025,0.08159061157,1.450206591,1.450206591,-0.4541409661
166.05,0.03769018267,1.438485324,1.438485324,-0.4836674972
166.075,-0.006283143966,1.426017837,1.426017837,-0.5138395928
166.1,-0.05024431818,1.412787916,1.412787916,-0.5446631148
166.125,-0.09410831332,1.398779206,1.398779206,-0.5761436763
166.15,-0.1377902907,1.383975212,1.383975212,-0.6082866688
166.175,-0.1812057636,1.368359309,1.368359309,-0.6410973007
166.2,-0.2242707609,1.351914741,1.351914741,-0.6745806223
166.225,-0.2669019893,1.334624631,1.334624631,-0.7087415387
166.25,-0.3090169944,1.316471978,1.316471978,-0.7435848178
166.275,-0.3505343202,1.297439665,1.297439665,-0.7791150865
166.3,-0.3913736668,1.277510461,1.277510461,-0.8153368176
166.325,-0.4314560457,1.256667026,1.256667026,-0.8522542914
166.35,-0.4707039322,1.234891915,1.234891915,-0.8898715561
166.375,-0.5090414158,1.212167585,1.212167585,-0.9281923738
166.4,-0.5463943467,1.188476405,1.188476405,-0.9672201169
166.425,-0.5826904797,1.163800665,1.163800665,-1.006957676
166.45,-0.6178596131,1.138122587,1.138122587,-1.047407357
166.475,-0.6518337253,1.111424348,1.111424348,-1.088570694
166.5,-0.6845471059,1.0836881,1.0836881,-1.130448253
166.525,-0.715936483,1.054895989,1.054895989,-1.173039493
166.55,-0.7459411454,1.025030193,1.025030193,-1.216342459
166.575,-0.7745030602,0.9940729649,0.9940729649,-1.26035348
166.6,-0.8015669849,0.9620066655,0.9620066655,-1.305066917
166.625,-0.8270805743,0.9288138307,0.9288138307,-1.350474727
166.65,-0.8509944818,0.8944772331,0.8944772331,-1.396566043
166.675,-0.8732624548,0.858979949,0.858979949,-1.443326771
166.7,-0.8938414242,0.8223054639,0.8223054639,-1.490738963
166.725,-0.9126915874,0.7844377574,0.7844377574,-1.538780312
166.75,-0.9297764859,0.7453614311,0.7453614311,-1.58742347
166.775,-0.9450630752,0.7050618434,0.7050618434,-1.63663531
166.8,-0.958521789,0.6635252546,0.6635252546,-1.686376208
166.825,-0.9701265965,0.620739014,0.620739014,-1.736599117
166.85,-0.9798550524,0.5766917403,0.5766917403,-1.787248729
166.875,-0.9876883406,0.5313735572,0.5313735572,-1.838260421
166.9,-0.9936113105,0.4847763233,0.4847763233,-1.889559282
166.925,-0.9976125064,0.4368939159,0.4368939159,-1.94105896
166.95,-0.9996841893,0.3877225223,0.3877225223,-1.992660566
166.975,-0.9998223524,0.3372609722,0.3372609722,-2.044251481
167,-0.9980267284,0.2855110957,0.2855110957,-2.095704188
167.025,-0.9943007904,0.2324781065,0.2324781065,-2.14687511
167.05,-0.9886517447,0.1781710228,0.1781710228,-2.197603469
167.075,-0.9810905174,0.1226031076,0.1226031076,-2.247710254
167.1,-0.9716317329,0.06579233606,0.06579233606,-2.296997288
167.125,-0.9602936857,0.007761886358,0.007761886358,-2.34524646
167.15,-0.947098305,-0.05145935579,-0.05145935579,-2.392219198
167.175,-0.9320711125,-0.1118362816,-0.1118362816,-2.43765621
167.2,-0.9152411726,-0.1733270417,-0.1733270417,-2.48127759
167.225,-0.8966410368,-0.2358825364,-0.2358825364,-2.522783343
167.25,-0.87630668,-0.2994459245,-0.2994459245,-2.561854412
167.275,-0.8542774317,-0.3639521677,-0.3639521677,-2.598154262
167.3,-0.8305958992,-0.4293276168,-0.4293276168,-2.631331142
167.325,-0.8053078857,-0.4954896684,-0.4954896684,-2.661020982
167.35,-0.7784623016,-0.5623465021,-0.5623465021,-2.686851067
167.375,-0.7501110696,-0.6297969162,-0.6297969162,-2.708444492
167.4,-0.7203090249,-0.6977302866,-0.6977302866,-2.725425311
167.425,-0.6891138084,-0.7660266638,-0.7660266638,-2.737424455
167.45,-0.6565857558,-0.8345570259,-0.8345570259,-2.744086303
167.475,-0.6227877805,-0.9031837012,-0.9031837012,-2.745075749
167.5,-0.5877852523,-0.9717609744,-0.9717609744,-2.740085669
167.525,-0.5516458706,-1.040135881,-1.040135881,-2.728844558
167.55,-0.5144395338,-1.108149194,-1.108149194,-2.711124105
167.575,-0.4762382037,-1.175636593,-1.175636593,-2.686746444
167.6,-0.4371157667,-1.242430015,-1.242430015,-2.655590768
167.625,-0.3971478906,-1.308359146,-1.308359146,-2.617599045
167.65,-0.3564118787,-1.373253057,-1.373253057,-2.572780532
167.675,-0.3149865197,-1.436941926,-1.436941926,-2.521214831
167.7,-0.2729519355,-1.499258814,-1.499258814,-2.463053295
167.725,-0.2303894267,-1.560041462,-1.560041462,-2.398518621
167.75,-0.1873813146,-1.619134049,-1.619134049,-2.327902578
167.775,-0.1440107826,-1.676388869,-1.676388869,-2.251561874
167.8,-0.1003617149,-1.731667887,-1.731667887,-2.169912279
167.825,-0.05651853448,-1.784844125,-1.784844125,-2.083421198
167.85,-0.01256603988,-1.835802845,-1.835802845,-1.992598942
167.875,0.03141075908,-1.884442502,-1.884442502,-1.897988999
167.9,0.07532680553,-1.930675447,-1.930675447,-1.800157728
167.925,0.1190971601,-1.974428367,-1.974428367,-1.699683918
167.95,0.1626371652,-2.015642462,-2.015642462,-1.597148163
167.975,0.2058626088,-2.054273369,-2.054273369,-1.493123179
168,0.2486898872,-2.090290848,-2.090290848,-1.388164568
168.025,0.2910361668,-2.123678247,-2.123678247,-1.282802729
168.05,0.3328195445,-2.154431787,-2.154431787,-1.177536038
168.075,0.3739592057,-2.182559693,-2.182559693,-1.072825283
168.1,0.414375581,-2.208081189,-2.208081189,-0.9690894955
168.125,0.4539904997,-2.231025426,-2.231025426,-0.8667031452
168.15,0.4927273415,-2.251430341,-2.251430341,-0.7659946133
168.175,0.5305111843,-2.2693415,-2.2693415,-0.6672458366
168.2,0.5672689491,-2.284810945,-2.284810945,-0.5706929936
168.225,0.6029295417,-2.297896062,-2.297896062,-0.4765280637
168.25,0.6374239897,-2.308658508,-2.308658508,-0.3849010957
168.275,0.6706855765,-2.3171632,-2.3171632,-0.295923007
168.3,0.7026499698,-2.323477367,-2.323477367,-0.2096688001
168.325,0.7332553462,-2.327669701,-2.327669701,-0.1261809869
168.35,0.762442511,-2.32980959,-2.32980959,-0.04547313985
168.375,0.7901550124,-2.329966432,-2.329966432,0.03246654172
168.4,0.8163392507,-2.328209055,-2.328209055,0.107671756
168.425,0.8409445823,-2.324605201,-2.324605201,0.1801947705
168.45,0.8639234172,-2.319221107,-2.319221107,0.2501032951
168.475,0.8852313113,-2.312121157,-2.312121157,0.3174775918
168.5,0.9048270525,-2.303367597,-2.303367597,0.3824078432
168.525,0.9226727399,-2.293020319,-2.293020319,0.4449917885
168.55,0.9387338577,-2.281136701,-2.281136701,0.5053326292
168.575,0.9529793415,-2.267771491,-2.267771491,0.5635371955
168.6,0.9653816388,-2.252976736,-2.252976736,0.6197143638
168.625,0.9759167619,-2.236801754,-2.236801754,0.6739737065
168.65,0.9845643345,-2.219293123,-2.219293123,0.7264243566
168.675,0.9913076311,-2.20049471,-2.20049471,0.7771740676
168.7,0.9961336091,-2.180447713,-2.180447713,0.8263284468
168.725,0.9990329347,-2.159190724,-2.159190724,0.8739903443
168.75,1,-2.136759802,-2.136759802,0.9202593743
168.775,0.9990329347,-2.113188562,-2.113188562,0.9652315524
168.8,0.9961336091,-2.088508263,-2.088508263,1.008999032
168.825,0.9913076311,-2.062747914,-2.062747914,1.051649922
168.85,0.9845643345,-2.035934371,-2.035934371,1.093268178
168.875,0.9759167619,-2.008092444,-2.008092444,1.133933535
168.9,0.9653816388,-1.979245004,-1.979245004,1.173721503
168.925,0.9529793415,-1.949413086,-1.949413086,1.212703379
168.95,0.9387338577,-1.918615992,-1.918615992,1.250946296
168.975,0.9226727399,-1.886871403,-1.886871403,1.288513277
169,0.9048270525,-1.854195469,-1.854195469,1.325463309
169.025,0.8852313113,-1.820602919,-1.820602919,1.361851418
169.05,0.8639234172,-1.786107153,-1.786107153,1.397728734
169.075,0.8409445823,-1.750720343,-1.750720343,1.433142569
169.1,0.8163392507,-1.714453523,-1.714453523,1.468136461
169.125,0.7901550124,-1.677316687,-1.677316687,1.502750228
169.15,0.762442511,-1.639318877,-1.639318877,1.537019988
169.175,0.7332553462,-1.600468283,-1.600468283,1.570978175
169.2,0.7026499698,-1.560772324,-1.560772324,1.60465352
169.225,0.6706855765,-1.520237755,-1.520237755,1.638071016
169.25,0.6374239897,-1.478870745,-1.478870745,1.671251866
169.275,0.6029295417,-1.436676988,-1.436676988,1.704213387
169.3,0.5672689491,-1.393661792,-1.393661792,1.736968903
169.325,0.5305111843,-1.349830181,-1.349830181,1.769527602
169.35,0.4927273415,-1.30518701,-1.30518701,1.801894357
169.375,0.4539904997,-1.259737058,-1.259737058,1.834069543
169.4,0.414375581,-1.213485164,-1.213485164,1.866048781
169.425,0.3739592057,-1.166436329,-1.166436329,1.897822708
169.45,0.3328195445,-1.11859586,-1.11859586,1.929376661
169.475,0.2910361668,-1.069969497,-1.069969497,1.960690379
169.5,0.2486898872,-1.020563559,-1.020563559,1.991737663
169.525,0.2058626088,-0.9703851032,-0.9703851032,2.022485993
169.55,0.1626371652,-0.9194420749,-0.9194420749,2.052896182
169.575,0.1190971601,-0.8677434956,-0.8677434956,2.082921943
169.6,0.07532680553,-0.815299627,-0.815299627,2.112509527
169.625,0.03141075908,-0.7621221821,-0.7621221821,2.141597284
169.65,-0.01256603988,-0.7082245082,-0.7082245082,2.17011531
169.675,-0.05651853448,-0.6536218166,-0.6536218166,2.197985039
169.7,-0.1003617149,-0.5983313857,-0.5983313857,2.225118938
169.725,-0.1440107826,-0.5423728058,-0.5423728058,2.251420188
169.75,-0.1873813146,-0.4857681985,-0.4857681985,2.276782474
169.775,-0.2303894267,-0.4285424704,-0.4285424704,2.301089828
169.8,-0.2729519355,-0.3707235431,-0.3707235431,2.324216579
169.825,-0.3149865197,-0.3123426044,-0.3123426044,2.346027435
169.85,-0.3564118787,-0.2534343407,-0.2534343407,2.366377691
169.875,-0.3971478906,-0.19403717,-0.19403717,2.385113613
169.9,-0.4371157667,-0.1341934623,-0.1341934623,2.402073015
169.925,-0.4762382037,-0.0739497374,-0.0739497374,2.417086024
169.95,-0.5144395338,-0.01335685041,-0.01335685041,2.429976114
169.975,-0.5516458706,0.04752986188,0.04752986188,2.440561337
170,-0.5877852523,0.1086504611,0.1086504611,2.44865586
170.025,-0.6227877805,0.1699403329,0.1699403329,2.454071741
170.05,-0.6565857558,0.2313301589,0.2313301589,2.456620977
170.075,-0.6891138084,0.2927459438,0.2927459438,2.456117816
170.1,-0.7203090249,0.3541091029,0.3541091029,2.452381302
170.125,-0.7501110696,0.4153366164,0.4153366164,2.445238043
170.15,-0.7784623016,0.4763412544,0.4763412544,2.434525138
170.175,-0.8053078857,0.5370318771,0.5370318771,2.420093228
170.2,-0.8305958992,0.5973138126,0.5973138126,2.401809614
170.225,-0.8542774317,0.6570893124,0.6570893124,2.379561346
170.25,-0.87630668,0.7162580824,0.7162580824,2.353258226
170.275,-0.8966410368,0.7747178872,0.7747178872,2.322835616
170.3,-0.9152411726,0.8323652213,0.8323652213,2.288256975
170.325,-0.9320711125,0.8890960409,0.8890960409,2.249516031
170.35,-0.947098305,0.9448065417,0.9448065417,2.206638499
170.375,-0.9602936857,0.9993939757,0.9993939757,2.159683265
170.4,-0.9716317329,1.052757487,1.052757487,2.108742983
170.425,-0.9810905174,1.10479896,1.10479896,2.053944036
170.45,-0.9886517447,1.155423853,1.155423853,1.99544582
170.475,-0.9943007904,1.204542008,1.204542008,1.933439368
170.5,-0.9980267284,1.252068417,1.252068417,1.868145334
170.525,-0.9998223524,1.297923935,1.297923935,1.799811353
170.55,-0.9996841893,1.342035908,1.342035908,1.728708873
170.575,-0.9976125064,1.384338733,1.384338733,1.655129533
170.6,-0.9936113105,1.424774307,1.424774307,1.579381214
170.625,-0.9876883406,1.463292382,1.463292382,1.501783769
170.65,-0.9798550524,1.499850815,1.499850815,1.422664743
170.675,-0.9701265965,1.534415697,1.534415697,1.342355007
170.7,-0.958521789,1.566961392,1.566961392,1.261184484
170.725,-0.9450630752,1.59747046,1.59747046,1.179478228
170.75,-0.9297764859,1.625933479,1.625933479,1.097552545
170.775,-0.9126915874,1.652348799,1.652348799,1.015711808
170.8,-0.8938414242,1.676722193,1.676722193,0.9342454096
170.825,-0.8732624548,1.699066462,1.699066462,0.8534254066
170.85,-0.8509944818,1.719400962,1.719400962,0.773504498
170.875,-0.8270805743,1.737751117,1.737751117,0.6947146072
170.9,-0.8015669849,1.754147875,1.754147875,0.6172658603
170.925,-0.7745030602,1.768627158,1.768627158,0.5413460695
170.95,-0.7459411454,1.781229304,1.781229304,0.4671206015
170.975,-0.715936483,1.791998506,1.791998506,0.3947326362
171,-0.6845471059,1.800982267,1.800982267,0.3243037245
171.025,-0.6518337253,1.808230864,1.808230864,0.2559346456
171.05,-0.6178596131,1.813796845,1.813796845,0.1897064536
171.075,-0.5826904797,1.817734553,1.817734553,0.1256817037
171.1,-0.5463943467,1.820099675,1.820099675,0.06390580646
171.125,-0.5090414158,1.820948835,1.820948835,0.004408439915
171.15,-0.4707039322,1.820339217,1.820339217,-0.05279498734
171.175,-0.4314560457,1.818328227,1.818328227,-0.1077018729
171.2,-0.3913736668,1.814973191,1.814973191,-0.1603209816
171.225,-0.3505343202,1.810331089,1.810331089,-0.2106710533
171.25,-0.3090169944,1.80445832,1.80445832,-0.2587794764
171.275,-0.2669019893,1.797410507,1.797410507,-0.3046810376
171.3,-0.2242707609,1.789242319,1.789242319,-0.3484167607
171.325,-0.1812057636,1.780007334,1.780007334,-0.3900328408
171.35,-0.1377902907,1.769757921,1.769757921,-0.4295796756
171.375,-0.09410831332,1.758545147,1.758545147,-0.4671109853
171.4,-0.05024431818,1.7464187,1.7464187,-0.5026830404
171.425,-0.006283143965,1.733426838,1.733426838,-0.5363539753
171.45,0.03769018267,1.719616349,1.719616349,-0.5681831819
171.475,0.08159061157,1.705032525,1.705032525,-0.5982308051
171.5,0.1253332336,1.689719151,1.689719151,-0.6265572897
171.525,0.1688334447,1.6737185,1.6737185,-0.6532230199
171.55,0.2120071099,1.65707134,1.65707134,-0.6782880062
171.575,0.2547707257,1.639816944,1.639816944,-0.7018116409
171.6,0.2970415816,1.621993114,1.621993114,-0.7238524969
171.625,0.3387379202,1.603636196,1.603636196,-0.7444681792
171.65,0.3797790955,1.58478111,1.58478111,-0.7637152082
171.675,0.4200857284,1.565461379,1.565461379,-0.7816489487
171.7,0.4595798606,1.545709155,1.545709155,-0.7983235566
171.725,0.4981851053,1.525555253,1.525555253,-0.8137919618
171.75,0.535826795,1.505029177,1.505029177,-0.8281058669
171.775,0.5724321256,1.484159159,1.484159159,-0.8413157673
171.8,0.6079302977,1.462972178,1.462972178,-0.8534709792
171.825,0.6422526532,1.441493997,1.441493997,-0.8646196931
171.85,0.6753328081,1.419749188,1.419749188,-0.8748090212
171.875,0.7071067812,1.397761156,1.397761156,-0.8840850588
171.9,0.7375131174,1.375552169,1.375552169,-0.8924929588
171.925,0.7664930068,1.353143374,1.353143374,-0.9000769887
171.95,0.7939903986,1.330554823,1.330554823,-0.9068806112
171.975,0.8199521093,1.307805491,1.307805491,-0.9129465527
172,0.8443279255,1.284913292,1.284913292,-0.9183168686
172.025,0.8670707012,1.261895098,1.261895098,-0.9230330219
172.05,0.8881364488,1.238766751,1.238766751,-0.9271359365
172.075,0.9074844245,1.215543075,1.215543075,-0.930666067
172.1,0.9250772068,1.192237887,1.192237887,-0.9336634543
172.125,0.940880769,1.168864011,1.168864011,-0.9361677735
172.15,0.9548645447,1.145433279,1.145433279,-0.9382183892
172.175,0.9670014878,1.121956546,1.121956546,-0.9398543892
172.2,0.9772681236,1.098443691,1.098443691,-0.9411146231
172.225,0.9856445951,1.074903625,1.074903625,-0.9420377338
172.25,0.9921147013,1.051344293,1.051344293,-0.9426621754
172.275,0.996665928,1.027772685,1.027772685,-0.9430262334
172.3,0.9992894726,1.004194834,1.004194834,-0.9431680328
172.325,0.9999802609,0.9806158195,0.9806158195,-0.9431255419
172.35,0.9987369566,0.9570397773,0.9570397773,-0.9429365668
172.375,0.9955619646,0.9334698984,0.9334698984,-0.9426387426
172.4,0.9904614257,0.909908435,0.909908435,-0.9422695193
172.425,0.983445205,0.8863567068,0.8863567068,-0.9418661314
172.45,0.9745268728,0.8628151051,0.8628151051,-0.9414655719
172.475,0.9637236783,0.8392830988,0.8392830988,-0.9411045623
172.5,0.9510565163,0.8157592433,0.8157592433,-0.9408195044
172.525,0.9365498867,0.7922411903,0.7922411903,-0.9406464206
172.55,0.9202318474,0.768725693,0.768725693,-0.9406209276
172.575,0.9021339594,0.7452086208,0.7452086208,-0.9407781609
172.6,0.8822912264,0.7216849735,0.7216849735,-0.9411526998
172.625,0.860742027,0.6981488921,0.6981488921,-0.9417785184
172.65,0.83752804,0.6745936758,0.6745936758,-0.9426889049
172.675,0.8126941644,0.6510118041,0.6510118041,-0.9439163678
172.7,0.7862884321,0.6273949516,0.6273949516,-0.9454925713
172.725,0.7583619153,0.6037340126,0.6037340126,-0.9474482413
172.75,0.7289686274,0.5800191294,0.5800191294,-0.949813058
172.775,0.698165419,0.5562397123,0.5562397123,-0.9526155829
172.8,0.6660118674,0.5323844743,0.5323844743,-0.9558831432
172.825,0.6325701619,0.508441463,0.508441463,-0.9596417253
172.85,0.5979049831,0.4843980912,0.4843980912,-0.9639158814
172.875,0.5620833779,0.4602411803,0.4602411803,-0.9687285987
172.9,0.52517463,0.4359569952,0.4359569952,-0.9741012001
172.925,0.4872501257,0.4115312912,0.4115312912,-0.9800532169
172.95,0.4483832161,0.3869493587,0.3869493587,-0.9866022675
172.975,0.4086490747,0.362196072,0.362196072,-0.9937639359
173,0.3681245527,0.3372559443,0.3372559443,-1.001551636
173.025,0.3268880297,0.3121131799,0.3121131799,-1.009976486
173.05,0.2850192625,0.2867517374,0.2867517374,-1.019047168
173.075,0.2425992308,0.261155388,0.261155388,-1.028769792
173.1,0.1997099805,0.2353077858,0.2353077858,-1.03914775
173.125,0.156434465,0.2091925341,0.2091925341,-1.050181576
173.15,0.1128563849,0.1827932611,0.1827932611,-1.061868792
173.175,0.06906002571,0.1560936957,0.1560936957,-1.074203762
173.2,0.02513009544,0.1290777487,0.1290777487,-1.087177535
173.225,-0.01884843972,0.1017295981,0.1017295981,-1.100777691
173.25,-0.06279051953,0.07403377698,0.07403377698,-1.114988185
173.275,-0.1066111543,0.04597526678,0.04597526678,-1.129789189
173.3,-0.1502255891,0.01753959358,0.01753959358,-1.145156933
173.325,-0.1935494681,-0.01128707165,-0.01128707165,-1.161063554
173.35,-0.236498997,-0.04051780838,-0.04051780838,-1.177476938
173.375,-0.278991106,-0.07016483859,-0.07016483859,-1.194360574
173.4,-0.3209436098,-0.1002394151,-0.1002394151,-1.21167341
173.425,-0.3622753667,-0.1307517061,-0.1307517061,-1.229369722
173.45,-0.4029064357,-0.1617106771,-0.1617106771,-1.24739899
173.475,-0.442758231,-0.1931239697,-0.1931239697,-1.26570579
173.5,-0.4817536741,-0.2249977774,-0.2249977774,-1.284229702
173.525,-0.5198173426,-0.2573367197,-0.2573367197,-1.302905245
173.55,-0.5568756165,-0.2901437165,-0.2901437165,-1.32166183
173.575,-0.5928568202,-0.3234198572,-0.3234198572,-1.340423749
173.6,-0.6276913613,-0.3571642763,-0.3571642763,-1.359110196
173.625,-0.6613118653,-0.3913740242,-0.3913740242,-1.37763533
173.65,-0.6936533058,-0.4260439434,-0.4260439434,-1.395908384
173.675,-0.7246531302,-0.4611665481,-0.4611665481,-1.413833824
173.7,-0.7542513807,-0.496731905,-0.496731905,-1.431311566
173.725,-0.7823908106,-0.5327275271,-0.5327275271,-1.448237255
173.75,-0.8090169944,-0.569138266,-0.569138266,-1.464502613
173.775,-0.8340784336,-0.6059462244,-0.6059462244,-1.479995863
173.8,-0.8575266562,-0.6431306693,-0.6431306693,-1.494602203
173.825,-0.8793163102,-0.6806679673,-0.6806679673,-1.50820443
173.85,-0.8994052516,-0.7185315314,-0.7185315314,-1.520683529
173.875,-0.9177546257,-0.7566917844,-0.7566917844,-1.531919483
173.9,-0.9343289425,-0.7951161435,-0.7951161435,-1.541792023
173.925,-0.949096145,-0.8337690271,-0.8337690271,-1.550181596
173.95,-0.9620276716,-0.8726118814,-0.8726118814,-1.556970259
173.975,-0.973098511,-0.9116032379,-0.9116032379,-1.562042781
174,-0.9822872507,-0.9506987888,-0.9506987888,-1.565287667
174.025,-0.9895761186,-0.9898515009,-0.9898515009,-1.566598332
174.05,-0.994951017,-1.029011747,-1.029011747,-1.565874223
174.075,-0.9984015501,-1.068127475,-1.068127475,-1.563021984
174.1,-0.9999210442,-1.107144401,-1.107144401,-1.557956614
174.125,-0.9995065604,-1.146006231,-1.146006231,-1.550602561
174.15,-0.9971589003,-1.184654911,-1.184654911,-1.540894789
174.175,-0.9928826046,-1.223030906,-1.223030906,-1.528779754
174.2,-0.9866859442,-1.261073491,-1.261073491,-1.514216263
174.225,-0.9785809043,-1.298721078,-1.298721078,-1.497176233
174.25,-0.9685831611,-1.335911542,-1.335911542,-1.477645279
174.275,-0.9567120516,-1.372582577,-1.372582577,-1.455623143
174.3,-0.9429905359,-1.408672053,-1.408672053,-1.431123947
174.325,-0.9274451533,-1.444118367,-1.444118367,-1.404176246
174.35,-0.9101059707,-1.478860814,-1.478860814,-1.374822874
174.375,-0.8910065242,-1.512839933,-1.512839933,-1.343120598
174.4,-0.8701837547,-1.54599785,-1.54599785,-1.309139568
174.425,-0.8476779361,-1.578278608,-1.578278608,-1.272962562
174.45,-0.8235325976,-1.609628463,-1.609628463,-1.234684065
174.475,-0.7977944395,-1.639996172,-1.639996172,-1.194409183
174.5,-0.7705132428,-1.669333238,-1.669333238,-1.152252398
174.525,-0.7417417727,-1.697594129,-1.697594129,-1.10833625
174.55,-0.7115356772,-1.724736463,-1.724736463,-1.062789865
174.575,-0.6799533787,-1.750721155,-1.750721155,-1.015747501
174.6,-0.6470559616,-1.77551252,-1.77551252,-0.9673470012
174.625,-0.6129070537,-1.799078353,-1.799078353,-0.9177282905
174.65,-0.5775727034,-1.821389953,-1.821389953,-0.8670318772
174.675,-0.5411212521,-1.84242213,-1.84242213,-0.8153974527
174.7,-0.5036232016,-1.862153156,-1.862153156,-0.7629624718
174.725,-0.4651510781,-1.880564701,-1.880564701,-0.7098610007
174.75,-0.4257792916,-1.897641732,-1.897641732,-0.6562225004
174.775,-0.3855839923,-1.913372385,-1.913372385,-0.6021708875
174.8,-0.3446429232,-1.927747815,-1.927747815,-0.5478236318
174.825,-0.3030352696,-1.940762025,-1.940762025,-0.4932910678
174.85,-0.2608415063,-1.952411682,-1.952411682,-0.4386758046
174.875,-0.2181432414,-1.962695915,-1.962695915,-0.3840723043
174.9,-0.175023059,-1.971616114,-1.971616114,-0.3295665853
174.925,-0.1315643591,-1.979175707,-1.979175707,-0.2752360568
174.95,-0.08785119655,-1.985379952,-1.985379952,-0.2211494736
174.975,-0.04396811832,-1.990235717,-1.990235717,-0.1673669962
175,2.352559816e-14,-1.993751269,-1.993751269,-0.1139403483
175.025,0.04396811832,-1.995936065,-1.995936065,-0.0609130511
175.05,0.08785119655,-1.996800549,-1.996800549,-0.008320734839
175.075,0.1315643591,-1.996355963,-1.996355963,0.04380850133
175.1,0.175023059,-1.99461416,-1.99461416,0.09545368304
175.125,0.2181432414,-1.991587433,-1.991587433,0.1466005192
175.15,0.2608415063,-1.987288355,-1.987288355,0.197240941
175.175,0.3030352696,-1.981729627,-1.981729627,0.2473726385
175.2,0.3446429232,-1.974923939,-1.974923939,0.2969985612
175.225,0.3855839923,-1.96688385,-1.96688385,0.3461264758
175.25,0.4257792916,-1.957621666,-1.957621666,0.3947684733
175.275,0.4651510781,-1.947149343,-1.947149343,0.4429405366
175.3,0.5036232016,-1.935478394,-1.935478394,0.4906621078
175.325,0.5411212521,-1.922619806,-1.922619806,0.5379556639
175.35,0.5775727034,-1.908583969,-1.908583969,0.5848463542
175.375,0.6129070537,-1.893380617,-1.893380617,0.6313616062
175.4,0.6470559616,-1.877018773,-1.877018773,0.6775308209
175.425,0.6799533787,-1.859506702,-1.859506702,0.7233850236
175.45,0.7115356772,-1.840851877,-1.840851877,0.7689566066
175.475,0.7417417727,-1.821060948,-1.821060948,0.8142790319
175.5,0.7705132428,-1.800139716,-1.800139716,0.8593866034
175.525,0.7977944395,-1.778093117,-1.778093117,0.9043142302
175.55,0.8235325976,-1.75492521,-1.75492521,0.9490972052
175.575,0.8476779361,-1.730639167,-1.730639167,0.9937710289
175.6,0.8701837547,-1.705237272,-1.705237272,1.038371187
175.625,0.8910065242,-1.678720927,-1.678720927,1.082933002
175.65,0.9101059707,-1.65109065,-1.65109065,1.127491446
175.675,0.9274451533,-1.622346095,-1.622346095,1.172080941
175.7,0.9429905359,-1.592486063,-1.592486063,1.216735229
175.725,0.9567120516,-1.561508519,-1.561508519,1.261487162
175.75,0.9685831611,-1.529410626,-1.529410626,1.306368484
175.775,0.9785809043,-1.496188763,-1.496188763,1.351409689
175.8,0.9866859442,-1.461838567,-1.461838567,1.396639752
175.825,0.9928826046,-1.426354975,-1.426354975,1.442085863
175.85,0.9971589003,-1.389732263,-1.389732263,1.487773227
175.875,0.9995065604,-1.35196411,-1.35196411,1.533724701
175.9,0.9999210442,-1.313043659,-1.313043659,1.579960446
175.925,0.9984015501,-1.272963576,-1.272963576,1.626497622
175.95,0.994951017,-1.23171615,-1.23171615,1.673349873
175.975,0.9895761186,-1.189293376,-1.189293376,1.720526887
176,0.9822872507,-1.145687053,-1.145687053,1.768033909
176.025,0.973098511,-1.100888927,-1.100888927,1.815871034
176.05,0.9620276716,-1.054890797,-1.054890797,1.864032665
176.075,0.949096145,-1.007684688,-1.007684688,1.912506718
176.1,0.9343289425,-0.9592630175,-0.9592630175,1.961273812
176.125,0.9177546257,-0.9096187811,-0.9096187811,2.010306452
176.15,0.8994052516,-0.8587457847,-0.8587457847,2.059567977
176.175,0.8793163102,-0.8066388614,-0.8066388614,2.109011637
176.2,0.8575266562,-0.7532941653,-0.7532941653,2.158579382
176.225,0.8340784336,-0.6987094415,-0.6987094415,2.208200781
176.25,0.8090169944,-0.642884376,-0.642884376,2.257791706
176.275,0.7823908106,-0.5858209312,-0.5858209312,2.307253127
176.3,0.7542513807,-0.5275237545,-0.5275237545,2.356469741
176.325,0.7246531302,-0.4680005865,-0.4680005865,2.405308709
176.35,0.6936533058,-0.4072627241,-0.4072627241,2.453618341
176.375,0.6613118653,-0.3453255062,-0.3453255062,2.501226879
176.4,0.6276913613,-0.2822088246,-0.2822088246,2.54794139
176.425,0.5928568202,-0.2179376723,-0.2179376723,2.5935468
176.45,0.5568756165,-0.1525427036,-0.1525427036,2.637805165
176.475,0.5198173426,-0.08606081041,-0.08606081041,2.680455233
176.5,0.4817536741,-0.01853570989,-0.01853570989,2.72121237
176.525,0.442758231,0.0499814764,0.0499814764,2.759768946
176.55,0.4029064357,0.1194316576,0.1194316576,2.79579525
176.575,0.3622753667,0.1897472398,0.1897472398,2.828941043
176.6,0.3209436098,0.2608516386,0.2608516386,2.858837807
176.625,0.278991106,0.33265886,0.33265886,2.885101787
176.65,0.236498997,0.4050731645,0.4050731645,2.907337888
176.675,0.1935494681,0.4779888417,0.4779888417,2.925144411
176.7,0.1502255891,0.5512901147,0.5512901147,2.938118711
176.725,0.1066111543,0.624851196,0.624851196,2.945863722
176.75,0.06279051953,0.6985365159,0.6985365159,2.947995226
176.775,0.01884843972,0.7722011419,0.7722011419,2.944149816
176.8,-0.02513009544,0.8456914041,0.8456914041,2.933993335
176.825,-0.06906002571,0.9188457351,0.9188457351,2.917229595
176.85,-0.1128563849,0.9914957283,0.9914957283,2.893609068
176.875,-0.156434465,1.06346741,1.06346741,2.862937268
176.9,-0.1997099805,1.134582714,1.134582714,2.825082458
176.925,-0.2425992308,1.204661135,1.204661135,2.779982356
176.95,-0.2850192625,1.273521537,1.273521537,2.727649476
176.975,-0.3268880297,1.340984072,1.340984072,2.668174805
177,-0.3681245527,1.406872167,1.406872167,2.601729571
177.025,-0.4086490747,1.471014533,1.471014533,2.528564895
177.05,-0.4483832161,1.533247133,1.533247133,2.449009275
177.075,-0.4872501257,1.593415063,1.593415063,2.363463883
177.1,-0.52517463,1.651374289,1.651374289,2.272395837
177.125,-0.5620833779,1.706993191,1.706993191,2.17632963
177.15,-0.5979049831,1.760153875,1.760153875,2.075837095
177.175,-0.6325701619,1.810753219,1.810753219,1.971526196
177.2,-0.6660118674,1.85870363,1.85870363,1.864029156
177.225,-0.698165419,1.903933497,1.903933497,1.753990461
177.25,-0.7289686274,1.946387349,1.946387349,1.642054853
177.275,-0.7583619153,1.986025719,1.986025719,1.528856155
177.3,-0.7862884321,2.022824744,2.022824744,1.415007027
177.325,-0.8126941644,2.056775515,2.056775515,1.301089854
177.35,-0.83752804,2.087883221,2.087883221,1.187649256
177.375,-0.860742027,2.116166135,2.116166135,1.075186084
177.4,-0.8822912264,2.141654457,2.141654457,0.9641530218
177.425,-0.9021339594,2.164389067,2.164389067,0.8549517926
177.45,-0.9202318474,2.184420238,2.184420238,0.747931821
177.475,-0.9365498867,2.201806325,2.201806325,0.6433902264
177.5,-0.9510565163,2.216612466,2.216612466,0.541572974
177.525,-0.9637236783,2.228909331,2.228909331,0.4426769919
177.55,-0.9745268728,2.238771927,2.238771927,0.3468530394
177.575,-0.983445205,2.246278494,2.246278494,0.2542091312
177.6,-0.9904614257,2.25150947,2.25150947,0.1648143837
177.625,-0.9955619646,2.254546583,2.254546583,0.07870302933
177.65,-0.9987369566,2.25547202,2.25547202,-0.004121461093
177.675,-0.9999802609,2.254367713,2.254367713,-0.08368230675
177.7,-0.9992894726,2.251314724,2.251314724,-0.1600254817
177.725,-0.996665928,2.246392716,2.246392716,-0.2332159882
177.75,-0.9921147013,2.239679528,2.239679528,-0.3033343893
177.775,-0.9856445951,2.231250825,2.231250825,-0.3704736351
177.8,-0.9772681236,2.221179821,2.221179821,-0.4347361994
177.825,-0.9670014878,2.209537077,2.209537077,-0.4962315325
177.85,-0.9548645447,2.196390354,2.196390354,-0.5550738253
177.875,-0.940880769,2.18180452,2.18180452,-0.6113800732
177.9,-0.9250772068,2.165841499,2.165841499,-0.6652684207
177.925,-0.9074844245,2.148560265,2.148560265,-0.7168567669
177.95,-0.8881364488,2.130016856,2.130016856,-0.7662616087
177.975,-0.8670707012,2.110264428,2.110264428,-0.8135970948
178,-0.8443279255,2.08935332,2.08935332,-0.8589742695
178.025,-0.8199521093,2.067331138,2.067331138,-0.9025004815
178.05,-0.7939903986,2.044242859,2.044242859,-0.9442789378
178.075,-0.7664930068,2.020130932,2.020130932,-0.9844083753
178.1,-0.7375131174,1.995035397,1.995035397,-1.02298284
178.125,-0.7071067812,1.968994003,1.968994003,-1.060091549
178.15,-0.6753328081,1.94204233,1.94204233,-1.095818829
178.175,-0.6422526532,1.91421391,1.91421391,-1.130244107
178.2,-0.6079302977,1.885540352,1.885540352,-1.163441945
178.225,-0.5724321256,1.856051459,1.856051459,-1.19548212
178.25,-0.535826795,1.825775349,1.825775349,-1.226429719
178.275,-0.4981851053,1.794738572,1.794738572,-1.256345266
178.3,-0.4595798606,1.762966218,1.762966218,-1.285284842
178.325,-0.4200857284,1.730482031,1.730482031,-1.31330024
178.35,-0.3797790955,1.697308509,1.697308509,-1.340439098
178.375,-0.3387379202,1.663467016,1.663467016,-1.366745047
178.4,-0.2970415816,1.628977865,1.628977865,-1.392257849
178.425,-0.2547707257,1.593860432,1.593860432,-1.417013535
178.45,-0.2120071099,1.558133227,1.558133227,-1.441044526
178.475,-0.1688334447,1.521814002,1.521814002,-1.464379761
178.5,-0.1253332336,1.484919823,1.484919823,-1.487044796
178.525,-0.08159061157,1.447467161,1.447467161,-1.509061913
178.55,-0.03769018267,1.409471967,1.409471967,-1.530450205
178.575,0.006283143966,1.370949756,1.370949756,-1.55122565
178.6,0.05024431818,1.331915683,1.331915683,-1.571401188
178.625,0.09410831332,1.292384612,1.292384612,-1.590986773
178.65,0.1377902907,1.252371201,1.252371201,-1.609989426
178.675,0.1812057636,1.211889964,1.211889964,-1.628413273
178.7,0.2242707609,1.17095535,1.17095535,-1.646259577
178.725,0.2669019893,1.12958181,1.12958181,-1.66352677
178.75,0.3090169944,1.087783873,1.087783873,-1.680210467
178.775,0.3505343202,1.045576209,1.045576209,-1.696303486
178.8,0.3913736668,1.002973703,1.002973703,-1.711795863
178.825,0.4314560457,0.9599915261,0.9599915261,-1.726674866
178.85,0.4707039322,0.916645199,0.916645199,-1.740925006
178.875,0.5090414158,0.8729506673,0.8729506673,-1.754528059
178.9,0.5463943467,0.8289243624,0.8289243624,-1.767463089
178.925,0.5826904797,0.7845832758,0.7845832758,-1.779706476
178.95,0.6178596131,0.7399450206,0.7399450206,-1.791231959
178.975,0.6518337253,0.6950278999,0.6950278999,-1.802010686
179,0.6845471059,0.6498509701,0.6498509701,-1.812011291
179.025,0.715936483,0.6044341007,0.6044341007,-1.821199966
179.05,0.7459411454,0.5587980383,0.5587980383,-1.829540587
179.075,0.7745030602,0.5129644573,0.5129644573,-1.836994823
179.1,0.8015669849,0.4669560194,0.4669560194,-1.843522314
179.125,0.8270805743,0.420796416,0.420796416,-1.849080836
179.15,0.8509944818,0.3745104174,0.3745104174,-1.853626532
179.175,0.8732624548,0.3281239064,0.3281239064,-1.857114156
179.2,0.8938414242,0.281663913,0.281663913,-1.859497347
179.225,0.9126915874,0.2351586355,0.2351586355,-1.860728967
179.25,0.9297764859,0.1886374576,0.1886374576,-1.860761435
179.275,0.9450630752,0.1421309536,0.1421309536,-1.859547136
179.3,0.958521789,0.09567088443,0.09567088443,-1.857038835
179.325,0.9701265965,0.04929018215,0.04929018215,-1.853190148
179.35,0.9798550524,0.003022922815,0.003022922815,-1.847956029
179.375,0.9876883406,-0.04309571351,-0.04309571351,-1.841293293
179.4,0.9936113105,-0.08902949609,-0.08902949609,-1.833161162
179.425,0.9976125064,-0.1347412106,-0.1347412106,-1.823521823
179.45,0.9996841893,-0.1801927404,-0.1801927404,-1.81234101
179.475,0.9998223524,-0.2253451629,-0.2253451629,-1.79958858
179.5,0.9980267284,-0.2701588592,-0.2701588592,-1.785239087
179.525,0.9943007904,-0.3145936386,-0.3145936386,-1.769272344
179.55,0.9886517447,-0.3586088776,-0.3586088776,-1.751673968
179.575,0.9810905174,-0.4021636709,-0.4021636709,-1.732435882
179.6,0.9716317329,-0.4452169946,-0.4452169946,-1.711556781
179.625,0.9602936857,-0.4877278815,-0.4877278815,-1.689042541
179.65,0.947098305,-0.5296556052,-0.5296556052,-1.664906569
179.675,0.9320711125,-0.5709598702,-0.5709598702,-1.639170077
179.7,0.9152411726,-0.6116010123,-0.6116010123,-1.611862275
179.725,0.8966410368,-0.6515401986,-0.6515401986,-1.583020479
179.75,0.87630668,-0.6907396295,-0.6907396295,-1.552690126
179.775,0.8542774317,-0.7291627434,-0.7291627434,-1.520924686
179.8,0.8305958992,-0.7667744138,-0.7667744138,-1.487785482
179.825,0.8053078857,-0.8035411416,-0.8035411416,-1.45334141
179.85,0.7784623016,-0.8394312425,-0.8394312425,-1.417668552
179.875,0.7501110696,-0.8744150177,-0.8744150177,-1.380849716
179.9,0.7203090249,-0.9084649182,-0.9084649182,-1.342973865
179.925,0.6891138084,-0.9415556887,-0.9415556887,-1.30413549
179.95,0.6565857558,-0.973664498,-0.973664498,-1.264433904
179.975,0.6227877805,-1.004771051,-1.004771051,-1.22397247
180,0.5877852523,-1.034857677,-1.034857677,-1.182857819
180.025,0.5516458706,-1.063909406,-1.063909406,-1.141198973
180.05,0.5144395338,-1.091914013,-1.091914013,-1.099106536
180.075,0.4762382037,-1.118862047,-1.118862047,-1.05669178
180.1,0.4371157667,-1.144746842,-1.144746842,-1.014065852
180.125,0.3971478906,-1.169564498,-1.169564498,-0.9713388783
180.15,0.3564118787,-1.193313848,-1.193313848,-0.9286192324
180.175,0.3149865197,-1.215996403,-1.215996403,-0.8860127169
180.2,0.2729519355,-1.237616283,-1.237616283,-0.8436219197
180.225,0.2303894267,-1.25818012,-1.25818012,-0.8015455208
180.25,0.1873813146,-1.277696966,-1.277696966,-0.7598777587
180.275,0.1440107826,-1.296178159,-1.296178159,-0.7187078894
180.3,0.1003617149,-1.31363721,-1.31363721,-0.6781197813
180.325,0.05651853448,-1.330089648,-1.330089648,-0.6381915335
180.35,0.01256603988,-1.345552887,-1.345552887,-0.5989952066
180.375,-0.03141075908,-1.360046058,-1.360046058,-0.5605965972
180.4,-0.07532680553,-1.373589861,-1.373589861,-0.5230551
180.425,-0.1190971601,-1.386206399,-1.386206399,-0.4864236235
180.45,-0.1626371652,-1.397919014,-1.397919014,-0.4507485741
180.475,-0.2058626088,-1.408752132,-1.408752132,-0.4160698895
180.5,-0.2486898872,-1.418731093,-1.418731093,-0.3824211292
180.525,-0.2910361668,-1.427882001,-1.427882001,-0.3498295996
180.55,-0.3328195445,-1.436231562,-1.436231562,-0.3183165306
180.575,-0.3739592057,-1.443806944,-1.443806944,-0.2878972689
180.6,-0.414375581,-1.450635623,-1.450635623,-0.2585815157
180.625,-0.4539904997,-1.456745253,-1.456745253,-0.2303735692
180.65,-0.4927273415,-1.462163528,-1.462163528,-0.2032725979
180.675,-0.5305111843,-1.466918061,-1.466918061,-0.1772729168
180.7,-0.5672689491,-1.471036267,-1.471036267,-0.1523642737
180.725,-0.6029295417,-1.474545247,-1.474545247,-0.1285321452
180.75,-0.6374239897,-1.477471692,-1.477471692,-0.1057580204
180.775,-0.6706855765,-1.479841781,-1.479841781,-0.08401970242
180.8,-0.7026499698,-1.481681096,-1.481681096,-0.06329158107
180.825,-0.7332553462,-1.483014539,-1.483014539,-0.04354492615
180.85,-0.762442511,-1.483866259,-1.483866259,-0.02474814625
180.875,-0.7901550124,-1.484259578,-1.484259578,-0.006867062901
180.9,-0.8163392507,-1.484216939,-1.484216939,0.0101348458
180.925,-0.8409445823,-1.483759841,-1.483759841,0.02629619605
180.95,-0.8639234172,-1.482908797,-1.482908797,0.04165747105
180.975,-0.8852313113,-1.481683284,-1.481683284,0.05626079858
181,-0.9048270525,-1.48010171,-1.48010171,0.07014974375
181.025,-0.9226727399,-1.478181377,-1.478181377,0.08336910352
181.05,-0.9387338577,-1.475938453,-1.475938453,0.09596473485
181.075,-0.9529793415,-1.473387949,-1.473387949,0.1079833502
181.1,-0.9653816388,-1.470543699,-1.470543699,0.1194723791
181.125,-0.9759167619,-1.467418344,-1.467418344,0.130479789
181.15,-0.9845643345,-1.46402332,-1.46402332,0.1410539393
181.175,-0.9913076311,-1.460368852,-1.460368852,0.1512434515
181.2,-0.9961336091,-1.456463947,-1.456463947,0.1610970531
181.225,-0.9990329347,-1.452316392,-1.452316392,0.1706634741
181.25,-1,-1.447932761,-1.447932761,0.1799913182
181.275,-0.9990329347,-1.443318412,-1.443318412,0.1891289389
181.3,-0.9961336091,-1.438477499,-1.438477499,0.1981243578
181.325,-0.9913076311,-1.433412982,-1.433412982,0.2070251487
181.35,-0.9845643345,-1.428126638,-1.428126638,0.2158783288
181.375,-0.9759167619,-1.422619076,-1.422619076,0.2247303056
181.4,-0.9653816388,-1.416889752,-1.416889752,0.2336267671
181.425,-0.9529793415,-1.410936992,-1.410936992,0.2426126003
181.45,-0.9387338577,-1.40475801,-1.40475801,0.2517318368
181.475,-0.9226727399,-1.398348929,-1.398348929,0.2610275724
181.5,-0.9048270525,-1.39170481,-1.39170481,0.2705418976
181.525,-0.8852313113,-1.384819671,-1.384819671,0.2803158555
181.55,-0.8639234172,-1.37768652,-1.37768652,0.2903893756
181.575,-0.8409445823,-1.370297382,-1.370297382,0.3008012265
181.6,-0.8163392507,-1.362643326,-1.362643326,0.3115889793
181.625,-0.7901550124,-1.354714497,-1.354714497,0.3227889606
181.65,-0.762442511,-1.346500151,-1.346500151,0.3344362241
181.675,-0.7332553462,-1.337988677,-1.337988677,0.3465645212
181.7,-0.7026499698,-1.329167645,-1.329167645,0.3592062751
181.725,-0.6706855765,-1.320023826,-1.320023826,0.3723925659
181.75,-0.6374239897,-1.310543231,-1.310543231,0.3861531137
181.775,-0.6029295417,-1.300711148,-1.300711148,0.4005162712
181.8,-0.5672689491,-1.29051217,-1.29051217,0.4155090192
181.825,-0.5305111843,-1.279930236,-1.279930236,0.431156966
181.85,-0.4927273415,-1.26894866,-1.26894866,0.4474843528
181.875,-0.4539904997,-1.257550165,-1.257550165,0.4645140595
181.9,-0.414375581,-1.245716924,-1.245716924,0.4822676193
181.925,-0.3739592057,-1.233430584,-1.233430584,0.5007652311
181.95,-0.3328195445,-1.220672304,-1.220672304,0.5200257754
181.975,-0.2910361668,-1.20742279,-1.20742279,0.5400668383
182,-0.2486898872,-1.193662322,-1.193662322,0.5609047262
182.025,-0.2058626088,-1.179370788,-1.179370788,0.5825544895
182.05,-0.1626371652,-1.164527717,-1.164527717,0.6050299454
182.075,-0.1190971601,-1.149112305,-1.149112305,0.6283436935
182.1,-0.07532680553,-1.133103451,-1.133103451,0.6525071365
182.125,-0.03141075908,-1.116479782,-1.116479782,0.6775304951
182.15,0.01256603988,-1.099219684,-1.099219684,0.7034228165
182.175,0.05651853448,-1.081301333,-1.081301333,0.7301919803
182.2,0.1003617149,-1.062702722,-1.062702722,0.7578446975
182.225,0.1440107826,-1.043401689,-1.043401689,0.7863864996
182.25,0.1873813146,-1.023375952,-1.023375952,0.8158217153
182.275,0.2303894267,-1.002603132,-1.002603132,0.8461534458
182.3,0.2729519355,-0.9810607925,-0.9810607925,0.8773835123
182.325,0.3149865197,-0.9587264664,-0.9587264664,0.909512396
182.35,0.3564118787,-0.9355776898,-0.9355776898,0.9425391705
182.375,0.3971478906,-0.911592045,-0.911592045,0.9764613837
182.4,0.4371157667,-0.8867471927,-0.8867471927,1.011274958
182.425,0.4762382037,-0.8610209169,-0.8610209169,1.046974041
182.45,0.5144395338,-0.8343911759,-0.8343911759,1.083550818
182.475,0.5516458706,-0.8068361443,-0.8068361443,1.120995345
182.5,0.5877852523,-0.7783342792,-0.7783342792,1.15929528
182.525,0.6227877805,-0.7488643764,-0.7488643764,1.19843564
182.55,0.6565857558,-0.7184056418,-0.7184056418,1.238398495
182.575,0.6891138084,-0.6869377736,-0.6869377736,1.2791626
182.6,0.7203090249,-0.6544410409,-0.6544410409,1.32070305
182.625,0.7501110696,-0.6208963923,-0.6208963923,1.362990795
182.65,0.7784623016,-0.5862855525,-0.5862855525,1.405992216
182.675,0.8053078857,-0.5505911556,-0.5505911556,1.44966855
182.7,0.8305958992,-0.5137968694,-0.5137968694,1.493975353
182.725,0.8542774317,-0.4758875554,-0.4758875554,1.538861843
182.75,0.87630668,-0.4368494257,-0.4368494257,1.584270257
182.775,0.8966410368,-0.3966702366,-0.3966702366,1.630135103
182.8,0.9152411726,-0.3553394807,-0.3553394807,1.676382433
182.825,0.9320711125,-0.3128486183,-0.3128486183,1.722929009
182.85,0.947098305,-0.2691913114,-0.2691913114,1.769681517
182.875,0.9602936857,-0.2243636916,-0.2243636916,1.8165357
182.9,0.9716317329,-0.1783646427,-0.1783646427,1.86337552
182.925,0.9810905174,-0.1311961037,-0.1311961037,1.910072338
182.95,0.9886517447,-0.08286339711,-0.08286339711,1.956484099
182.975,0.9943007904,-0.03337557176,-0.03337557176,2.002454608
183,0.9980267284,0.01725423542,0.01725423542,2.047812878
183.025,0.9998223524,0.06900842186,0.06900842186,2.092372598
183.05,0.9996841893,0.1218645318,0.1218645318,2.13593177
183.075,0.9976125064,0.1757948613,0.1757948613,2.178272542
183.1,0.9936113105,0.230766063,0.230766063,2.219161285
183.125,0.9876883406,0.2867387546,0.2867387546,2.258348975
183.15,0.9798550524,0.3436671423,0.3436671423,2.295571906
183.175,0.9701265965,0.4014986698,0.4014986698,2.330552792
183.2,0.958521789,0.4601736907,0.4601736907,2.363002351
183.225,0.9450630752,0.5196252002,0.5196252002,2.392621272
183.25,0.9297764859,0.5797786109,0.5797786109,2.41910281
183.275,0.9126915874,0.6405516034,0.6405516034,2.442135816
183.3,0.8938414242,0.7018540629,0.7018540629,2.461408326
183.325,0.8732624548,0.763588108,0.763588108,2.476611712
183.35,0.8509944818,0.8256482297,0.8256482297,2.487445241
183.375,0.8270805743,0.8879215509,0.8879215509,2.49362109
183.4,0.8015669849,0.9502882169,0.9502882169,2.494869698
183.425,0.7745030602,1.012621919,1.012621919,2.4909453
183.45,0.7459411454,1.074790561,1.074790561,2.481631539
183.475,0.715936483,1.136657062,1.136657062,2.466746978
183.5,0.6845471059,1.198080297,1.198080297,2.446150328
183.525,0.6518337253,1.25891616,1.25891616,2.419745204
183.55,0.6178596131,1.319018743,1.319018743,2.387484195
183.575,0.5826904797,1.378241596,1.378241596,2.34937208
183.6,0.5463943467,1.436439066,1.436439066,2.305468016
183.625,0.5090414158,1.49346767,1.49346767,2.255886563
183.65,0.4707039322,1.549187481,1.549187481,2.200797444
183.675,0.4314560457,1.603463491,1.603463491,2.140423999
183.7,0.3913736668,1.656166917,1.656166917,2.075040339
183.725,0.3505343202,1.707176419,1.707176419,2.004967268
183.75,0.3090169944,1.756379211,1.756379211,1.930567077
183.775,0.2669019893,1.803672018,1.803672018,1.852237367
183.8,0.2242707609,1.848961877,1.848961877,1.770404143
183.825,0.1812057636,1.892166751,1.892166751,1.685514421
183.85,0.1377902907,1.933215961,1.933215961,1.598028479
183.875,0.09410831332,1.972050422,1.972050422,1.508412159
183.9,0.05024431818,2.008622686,2.008622686,1.417129447
183.925,0.006283143966,2.042896804,2.042896804,1.324635328
183.95,-0.03769018267,2.074848027,2.074848027,1.231369485
183.975,-0.08159061157,2.104462344,2.104462344,1.137750596
184,-0.1253332336,2.131735897,2.131735897,1.044171606
184.025,-0.1688334447,2.156674293,2.156674293,0.9509959271
184.05,-0.2120071099,2.179291823,2.179291823,0.8585545713
184.075,-0.2547707257,2.199610624,2.199610624,0.7671442387
184.1,-0.2970415816,2.217659814,2.217659814,0.6770262963
184.125,-0.3387379202,2.2334746,2.2334746,0.5884265604
184.15,-0.3797790955,2.247095393,2.247095393,0.5015357982
184.175,-0.4200857284,2.258566948,2.258566948,0.4165108444
184.2,-0.4595798606,2.26793753,2.26793753,0.3334762142
184.225,-0.4981851053,2.275258137,2.275258137,0.2525260974
184.25,-0.535826795,2.280581765,2.280581765,0.1737266561
184.275,-0.5724321256,2.283962737,2.283962737,0.0971185006
184.3,-0.6079302977,2.285456102,2.285456102,0.02271924112
184.325,-0.6422526532,2.285117088,2.285117088,-0.04947389089
184.35,-0.6753328081,2.283000625,2.283000625,-0.1194814951
184.375,-0.7071067812,2.27916093,2.27916093,-0.1873395273
184.4,-0.7375131174,2.273651157,2.273651157,-0.2530969543
184.425,-0.7664930068,2.266523092,2.266523092,-0.3168135627
184.45,-0.7939903986,2.257826916,2.257826916,-0.3785579406
184.475,-0.8199521093,2.247611002,2.247611002,-0.4384056424
184.5,-0.8443279255,2.235921766,2.235921766,-0.4964375416
184.525,-0.8670707012,2.222803551,2.222803551,-0.5527383679
184.55,-0.8881364488,2.208298546,2.208298546,-0.6073954252
184.575,-0.9074844245,2.192446738,2.192446738,-0.6604974799
184.6,-0.9250772068,2.175285887,2.175285887,-0.712133805
184.625,-0.940880769,2.156851521,2.156851521,-0.7623933745
184.65,-0.9548645447,2.137176957,2.137176957,-0.81136419
184.675,-0.9670014878,2.11629333,2.11629333,-0.8591327244
184.7,-0.9772681236,2.094229635,2.094229635,-0.9057834707
184.725,-0.9856445951,2.071012786,2.071012786,-0.9513985847
184.75,-0.9921147013,2.046667672,2.046667672,-0.9960576069
184.775,-0.996665928,2.021217233,2.021217233,-1.039837248
184.8,-0.9992894726,1.994682523,1.994682523,-1.082811237
184.825,-0.9999802609,1.967082795,1.967082795,-1.125050209
184.85,-0.9987369566,1.938435575,1.938435575,-1.166621635
184.875,-0.9955619646,1.90875674,1.90875674,-1.207589778
184.9,-0.9904614257,1.878060604,1.878060604,-1.24801567
184.925,-0.983445205,1.846359992,1.846359992,-1.287957106
184.95,-0.9745268728,1.81366633,1.81366633,-1.327468637
184.975,-0.9637236783,1.779989715,1.779989715,-1.366601581
185,-0.9510565163,1.745339004,1.745339004,-1.405404016
185.025,-0.9365498867,1.709721894,1.709721894,-1.443920773
185.05,-0.9202318474,1.673144999,1.673144999,-1.482193418
185.075,-0.9021339594,1.635613937,1.635613937,-1.520260219
185.1,-0.8822912264,1.597133411,1.597133411,-1.558156085
185.125,-0.860742027,1.557707294,1.557707294,-1.595912499
185.15,-0.83752804,1.517338714,1.517338714,-1.633557417
185.175,-0.8126941644,1.476030149,1.476030149,-1.671115125
185.2,-0.7862884321,1.433783513,1.433783513,-1.708606105
185.225,-0.7583619153,1.390600262,1.390600262,-1.746046809
185.25,-0.7289686274,1.346481489,1.346481489,-1.783449462
185.275,-0.698165419,1.30142804,1.30142804,-1.820821774
185.3,-0.6660118674,1.255440628,1.255440628,-1.858166636
185.325,-0.6325701619,1.208519953,1.208519953,-1.895481792
185.35,-0.5979049831,1.160666849,1.160666849,-1.932759405
185.375,-0.5620833779,1.111882409,1.111882409,-1.969985684
185.4,-0.52517463,1.06216816,1.06216816,-2.007140351
185.425,-0.4872501257,1.011526214,1.011526214,-2.044196167
185.45,-0.4483832161,0.9599594623,0.9599594623,-2.081118358
185.475,-0.4086490747,0.9074717648,0.9074717648,-2.117864018
185.5,-0.3681245527,0.8540681599,0.8540681599,-2.154381512
185.525,-0.3268880297,0.7997550966,0.7997550966,-2.190609794
185.55,-0.2850192625,0.7445406696,0.7445406696,-2.226477786
185.575,-0.2425992308,0.6884348882,0.6884348882,-2.261903677
185.6,-0.1997099805,0.6314499432,0.6314499432,-2.296794297
185.625,-0.156434465,0.5736005066,0.5736005066,-2.33104447
185.65,-0.1128563849,0.5149040346,0.5149040346,-2.364536443
185.675,-0.06906002571,0.4553810892,0.4553810892,-2.397139369
185.7,-0.02513009544,0.3950556742,0.3950556742,-2.428708896
185.725,0.01884843972,0.3339555701,0.3339555701,-2.45908688
185.75,0.06279051953,0.2721126895,0.2721126895,-2.488101257
185.775,0.1066111543,0.2095634166,0.2095634166,-2.51556611
185.8,0.1502255891,0.146348955,0.146348955,-2.541281981
185.825,0.1935494681,0.08251565927,0.08251565927,-2.565036442
185.85,0.236498997,0.01811534614,0.01811534614,-2.586604986
185.875,0.278991106,-0.0467944158,-0.0467944158,-2.605752279
185.9,0.3209436098,-0.112150055,-0.112150055,-2.622233781
185.925,0.3622753667,-0.1778817933,-0.1778817933,-2.635797778
185.95,0.4029064357,-0.2439134952,-0.2439134952,-2.646187867
185.975,0.442758231,-0.3101625857,-0.3101625857,-2.653145863
186,0.4817536741,-0.3765400475,-0.3765400475,-2.656415126
186.025,0.5198173426,-0.4429505054,-0.4429505054,-2.65574433
186.05,0.5568756165,-0.5092924103,-0.5092924103,-2.650891575
186.075,0.5928568202,-0.575458329,-0.575458329,-2.641628809
186.1,0.6276913613,-0.6413353481,-0.6413353481,-2.627746468
186.125,0.6613118653,-0.7068055955,-0.7068055955,-2.609058226
186.15,0.6936533058,-0.7717468814,-0.7717468814,-2.585405749
186.175,0.7246531302,-0.8360334558,-0.8360334558,-2.556663275
186.2,0.7542513807,-0.8995368763,-0.8995368763,-2.522741896
186.225,0.7823908106,-0.9621269792,-0.9621269792,-2.483593374
186.25,0.8090169944,-1.023672936,-1.023672936,-2.439213329
186.275,0.8340784336,-1.084044385,-1.084044385,-2.389643672
186.3,0.8575266562,-1.143112607,-1.143112607,-2.334974122
186.325,0.8793163102,-1.200751729,-1.200751729,-2.275342736
186.35,0.8994052516,-1.256839931,-1.256839931,-2.21093537
186.375,0.9177546257,-1.31126062,-1.31126062,-2.141984054
186.4,0.9343289425,-1.363903553,-1.363903553,-2.06876429
186.425,0.949096145,-1.414665881,-1.414665881,-1.991591323
186.45,0.9620276716,-1.463453087,-1.463453087,-1.910815521
186.475,0.973098511,-1.510179794,-1.510179794,-1.82681698
186.5,0.9822872507,-1.55477044,-1.55477044,-1.73999953
186.525,0.9895761186,-1.597159786,-1.597159786,-1.650784293
186.55,0.994951017,-1.637293271,-1.637293271,-1.559603134
186.575,0.9984015501,-1.675127194,-1.675127194,-1.466892027
186.6,0.9999210442,-1.710628738,-1.710628738,-1.37308461
186.625,0.9995065604,-1.743775838,-1.743775838,-1.278606254
186.65,0.9971589003,-1.774556893,-1.774556893,-1.183868419
186.675,0.9928826046,-1.802970376,-1.802970376,-1.089263939
186.7,0.9866859442,-1.829024292,-1.829024292,-0.9951627571
186.725,0.9785809043,-1.852735581,-1.852735581,-0.9019086815
186.75,0.9685831611,-1.87412942,-1.87412942,-0.8098167859
186.775,0.9567120516,-1.893238485,-1.893238485,-0.7191716751
186.8,0.9429905359,-1.910102178,-1.910102178,-0.6302264838
186.825,0.9274451533,-1.924765829,-1.924765829,-0.5432025633
186.85,0.9101059707,-1.937279907,-1.937279907,-0.4582897988
186.875,0.8910065242,-1.947699247,-1.947699247,-0.3756474403
186.9,0.8701837547,-1.95608229,-1.95608229,-0.2954054149
186.925,0.8476779361,-1.96249038,-1.96249038,-0.2176659444
186.95,0.8235325976,-1.966987086,-1.966987086,-0.1425054694
186.975,0.7977944395,-1.96963759,-1.96963759,-0.06997673834
187,0.7705132428,-1.97050812,-1.97050812,-0.0001110080715
187.025,0.7417417727,-1.969665437,-1.969665437,0.06707970747
187.05,0.7115356772,-1.967176389,-1.967176389,0.1316003993
187.075,0.6799533787,-1.963107506,-1.963107506,0.1934708821
187.1,0.6470559616,-1.957524662,-1.957524662,0.2527237043
187.125,0.6129070537,-1.950492776,-1.950492776,0.3094021762
187.15,0.5775727034,-1.942075572,-1.942075572,0.363558537
187.175,0.5411212521,-1.932335373,-1.932335373,0.4152522724
187.2,0.5036232016,-1.921332938,-1.921332938,0.4645485842
187.225,0.4651510781,-1.909127343,-1.909127343,0.5115170232
187.25,0.4257792916,-1.895775881,-1.895775881,0.5562302753
187.275,0.3855839923,-1.881334,-1.881334,0.5987630981
187.3,0.3446429232,-1.865855264,-1.865855264,0.6391913936
187.325,0.3030352696,-1.849391333,-1.849391333,0.6775914232
187.35,0.2608415063,-1.831991962,-1.831991962,0.7140391406
187.375,0.2181432414,-1.813705019,-1.813705019,0.7486096303
187.4,0.175023059,-1.794576509,-1.794576509,0.7813766602
187.425,0.1315643591,-1.774650613,-1.774650613,0.8124123111
187.45,0.08785119655,-1.753969736,-1.753969736,0.8417866937
187.475,0.04396811832,-1.732574556,-1.732574556,0.8695677349
187.5,-6.174819586e-14,-1.71050408,-1.71050408,0.8958210206
187.525,-0.04396811832,-1.687795709,-1.687795709,0.9206096977
187.55,-0.08785119655,-1.664485295,-1.664485295,0.9439944151
187.575,-0.1315643591,-1.640607203,-1.640607203,0.9660333061
187.6,-0.175023059,-1.61619438,-1.61619438,0.9867820033
187.625,-0.2181432414,-1.591278411,-1.591278411,1.006293676
187.65,-0.2608415063,-1.565889581,-1.565889581,1.024619093
187.675,-0.3030352696,-1.540056937,-1.540056937,1.041806705
187.7,-0.3446429232,-1.513808341,-1.513808341,1.057902726
187.725,-0.3855839923,-1.48717053,-1.48717053,1.072951255
187.75,-0.4257792916,-1.460169157,-1.460169157,1.086994365
187.775,-0.4651510781,-1.432828854,-1.432828854,1.100072241
187.8,-0.5036232016,-1.405173268,-1.405173268,1.112223282
187.825,-0.5411212521,-1.377225107,-1.377225107,1.123484231
187.85,-0.5775727034,-1.34900618,-1.34900618,1.1338903
187.875,-0.6129070537,-1.320537434,-1.320537434,1.14347528
187.9,-0.6470559616,-1.291838987,-1.291838987,1.152271672
187.925,-0.6799533787,-1.262930161,-1.262930161,1.160310795
187.95,-0.7115356772,-1.233829506,-1.233829506,1.167622902
187.975,-0.7417417727,-1.20455483,-1.20455483,1.174237292
188,-0.7705132428,-1.175123218,-1.175123218,1.180182403
188.025,-0.7977944395,-1.145551056,-1.145551056,1.18548593
188.05,-0.8235325976,-1.115854043,-1.115854043,1.190174902
188.075,-0.8476779361,-1.086047212,-1.086047212,1.194275779
188.1,-0.8701837547,-1.056144938,-1.056144938,1.197814535
188.125,-0.8910065242,-1.026160956,-1.026160956,1.200816732
188.15,-0.9101059707,-0.9961083627,-0.9961083627,1.203307597
188.175,-0.9274451533,-0.9659996292,-0.9659996292,1.205312079
188.2,-0.9429905359,-0.9358466058,-0.9358466058,1.20685491
188.225,-0.9567120516,-0.9056605261,-0.9056605261,1.207960663
188.25,-0.9685831611,-0.8754520111,-0.8754520111,1.208653788
188.275,-0.9785809043,-0.8452310721,-0.8452310721,1.208958658
188.3,-0.9866859442,-0.815007111,-0.815007111,1.208899595
188.325,-0.9928826046,-0.7847889226,-0.7847889226,1.208500899
188.35,-0.9971589003,-0.754584694,-0.754584694,1.207786867
188.375,-0.9995065604,-0.7244020045,-0.7244020045,1.206781798
188.4,-0.9999210442,-0.6942478267,-0.6942478267,1.205510006
188.425,-0.9984015501,-0.6641285244,-0.6641285244,1.203995809
188.45,-0.994951017,-0.6340498536,-0.6340498536,1.202263526
188.475,-0.9895761186,-0.6040169629,-0.6040169629,1.200337456
188.5,-0.9822872507,-0.5740343936,-0.5740343936,1.198241855
188.525,-0.973098511,-0.5441060813,-0.5441060813,1.196000911
188.55,-0.9620276716,-0.5142353584,-0.5142353584,1.193638701
188.575,-0.949096145,-0.4844249575,-0.4844249575,1.191179145
188.6,-0.9343289425,-0.4546770149,-0.4546770149,1.188645968
188.625,-0.9177546257,-0.4249930765,-0.4249930765,1.186062638
188.65,-0.8994052516,-0.3953741079,-0.3953741079,1.183452288
188.675,-0.8793163102,-0.3658204981,-0.3658204981,1.180837674
188.7,-0.8575266562,-0.3363320735,-0.3363320735,1.178241093
188.725,-0.8340784336,-0.3069081116,-0.3069081116,1.175684285
188.75,-0.8090169944,-0.277547352,-0.277547352,1.173188374
188.775,-0.7823908106,-0.248248015,-0.248248015,1.170773771
188.8,-0.7542513807,-0.2190078223,-0.2190078223,1.168460072
188.825,-0.7246531302,-0.1898240146,-0.1898240146,1.166265975
188.85,-0.6936533058,-0.1606933791,-0.1606933791,1.16420917
188.875,-0.6613118653,-0.1316122735,-0.1316122735,1.162306242
188.9,-0.6276913613,-0.1025766562,-0.1025766562,1.160572562
188.925,-0.5928568202,-0.07358211751,-0.07358211751,1.159022181
188.95,-0.5568756165,-0.04462391408,-0.04462391408,1.157667723
188.975,-0.5198173426,-0.01569700584,-0.01569700584,1.156520274
189,-0.4817536741,0.01320390384,0.01320390384,1.155589274
189.025,-0.442758231,0.04208432614,0.04208432614,1.15488241
189.05,-0.4029064357,0.07094994125,0.07094994125,1.154405508
189.075,-0.3622753667,0.0998065506,0.0998065506,1.154162427
189.1,-0.3209436098,0.1286600267,0.1286600267,1.154154964
189.125,-0.278991106,0.1575162599,0.1575162599,1.154382748
189.15,-0.236498997,0.1863811032,0.1863811032,1.154843154
189.175,-0.1935494681,0.2152603154,0.2152603154,1.155531214
189.2,-0.1502255891,0.2441595001,0.2441595001,1.156439537
189.225,-0.1066111543,0.273084046,0.273084046,1.157558236
189.25,-0.06279051953,0.302039062,0.302039062,1.158874865
189.275,-0.01884843972,0.331029314,0.331029314,1.160374367
189.3,0.02513009544,0.3600591575,0.3600591575,1.162039029
189.325,0.06906002571,0.3891324725,0.3891324725,1.16384845
189.35,0.1128563849,0.4182525946,0.4182525946,1.16577953
189.375,0.156434465,0.4474222485,0.4474222485,1.167806459
189.4,0.1997099805,0.4766434795,0.4766434795,1.169900737
189.425,0.2425992308,0.5059175877,0.5059175877,1.172031199
189.45,0.2850192625,0.5352450601,0.5352450601,1.174164065
189.475,0.3268880297,0.564625509,0.564625509,1.176263002
189.5,0.3681245527,0.5940576048,0.5940576048,1.17828922
189.525,0.4086490747,0.6235390218,0.6235390218,1.180201567
189.55,0.4483832161,0.6530663735,0.6530663735,1.181956669
189.575,0.4872501257,0.6826351664,0.6826351664,1.183509076
189.6,0.52517463,0.7122397445,0.7122397445,1.184811429
189.625,0.5620833779,0.7418732456,0.7418732456,1.185814683
189.65,0.5979049831,0.7715275654,0.7715275654,1.186468283
189.675,0.6325701619,0.8011933152,0.8011933152,1.186720455
189.7,0.6660118674,0.830859803,0.830859803,1.186518444
189.725,0.698165419,0.8605150071,0.8605150071,1.185808787
189.75,0.7289686274,0.8901455634,0.8901455634,1.184537663
189.775,0.7583619153,0.9197367622,0.9197367622,1.182651169
189.8,0.7862884321,0.9492725467,0.9492725467,1.180095688
189.825,0.8126941644,0.9787355299,0.9787355299,1.17681824
189.85,0.83752804,1.008107009,1.008107009,1.172766826
189.875,0.860742027,1.037366999,1.037366999,1.167890835
189.9,0.8822912264,1.066494271,1.066494271,1.162141374
189.925,0.9021339594,1.095466399,1.095466399,1.155471685
189.95,0.9202318474,1.124259817,1.124259817,1.147837477
189.975,0.9365498867,1.152849889,1.152849889,1.139197315
190,0.9510565163,1.18121098,1.18121098,1.12951294
190.025,0.9637236783,1.209316543,1.209316543,1.118749617
190.05,0.9745268728,1.23713921,1.23713921,1.106876416
190.075,0.983445205,1.26465089,1.26465089,1.093866505
190.1,0.9904614257,1.291822874,1.291822874,1.079697372
190.125,0.9955619646,1.318625948,1.318625948,1.064351044
190.15,0.9987369566,1.345030504,1.345030504,1.047814235
190.175,0.9999802609,1.371006667,1.371006667,1.030078475
190.2,0.9992894726,1.396524405,1.396524405,1.011140174
190.225,0.996665928,1.421553664,1.421553664,0.9910006494
190.25,0.9921147013,1.446064478,1.446064478,0.9696660973
190.275,0.9856445951,1.4700271,1.4700271,0.9471475148
190.3,0.9772681236,1.493412116,1.493412116,0.9234605812
190.325,0.9670014878,1.51619056,1.51619056,0.898625476
190.35,0.9548645447,1.538334025,1.538334025,0.8726666706
190.375,0.940880769,1.559814766,1.559814766,0.8456126595
190.4,0.9250772068,1.580605799,1.580605799,0.8174956686
190.425,0.9074844245,1.600680987,1.600680987,0.7883513192
190.45,0.8881364488,1.620015125,1.620015125,0.7582182663
190.475,0.8670707012,1.638584005,1.638584005,0.7271378178
190.5,0.8443279255,1.656364483,1.656364483,0.6951535252
190.525,0.8199521093,1.673334527,1.673334527,0.6623107762
190.55,0.7939903986,1.689473258,1.689473258,0.6286563672
190.575,0.7664930068,1.704760979,1.704760979,0.5942380844
190.6,0.7375131174,1.719179199,1.719179199,0.5591042921
190.625,0.7071067812,1.732710636,1.732710636,0.5233035112
190.65,0.6753328081,1.745339219,1.745339219,0.486884059
190.675,0.6422526532,1.757050081,1.757050081,0.4498936289
190.7,0.6079302977,1.767829533,1.767829533,0.4123789994
190.725,0.5724321256,1.777665042,1.777665042,0.3743856617
190.75,0.535826795,1.786545193,1.786545193,0.3359575544
190.775,0.4981851053,1.794459648,1.794459648,0.2971367942
190.8,0.4595798606,1.801399095,1.801399095,0.2579634346
190.825,0.4200857284,1.807355197,1.807355197,0.2184752812
190.85,0.3797790955,1.812320531,1.812320531,0.1787077077
190.875,0.3387379202,1.816288529,1.816288529,0.1386935347
190.9,0.2970415816,1.819253405,1.819253405,0.09846291321
190.925,0.2547707257,1.8212101,1.8212101,0.05804325588
190.95,0.2120071099,1.822154199,1.822154199,0.01745918463
190.975,0.1688334447,1.822081871,1.822081871,-0.02326748961
191,0.1253332336,1.820989795,1.820989795,-0.06411776685
191.025,0.08159061157,1.818875089,1.818875089,-0.1050754349
191.05,0.03769018267,1.815735241,1.815735241,-0.1461270282
191.075,-0.006283143966,1.811568045,1.811568045,-0.1872617694
191.1,-0.05024431818,1.806371529,1.806371529,-0.2284714959
191.125,-0.09410831332,1.800143893,1.800143893,-0.2697505774
191.15,-0.1377902907,1.792883449,1.792883449,-0.3110958159
191.175,-0.1812057636,1.784588559,1.784588559,-0.3525063496
191.2,-0.2242707609,1.775257577,1.775257577,-0.3939835345
191.225,-0.2669019893,1.764888798,1.764888798,-0.4355308387
191.25,-0.3090169944,1.753480406,1.753480406,-0.4771537173
191.275,-0.3505343202,1.741030422,1.741030422,-0.5188594941
191.3,-0.3913736668,1.727536665,1.727536665,-0.5606572457
191.325,-0.4314560457,1.712996705,1.712996705,-0.6025576617
191.35,-0.4707039322,1.697407825,1.697407825,-0.6445729441
191.375,-0.5090414158,1.680766988,1.680766988,-0.6867166663
191.4,-0.5463943467,1.663070798,1.663070798,-0.72900365
191.425,-0.5826904797,1.644315479,1.644315479,-0.7714498585
191.45,-0.6178596131,1.624496838,1.624496838,-0.8140722421
191.475,-0.6518337253,1.60361025,1.60361025,-0.8568886293
191.5,-0.6845471059,1.581650635,1.581650635,-0.8999176046
191.525,-0.715936483,1.558612439,1.558612439,-0.9431783387
191.55,-0.7459411454,1.534489623,1.534489623,-0.9866904765
191.575,-0.7745030602,1.509275653,1.509275653,-1.030473997
191.6,-0.8015669849,1.482963494,1.482963494,-1.074549015
191.625,-0.8270805743,1.455545606,1.455545606,-1.118935632
191.65,-0.8509944818,1.427013949,1.427013949,-1.163653784
191.675,-0.8732624548,1.39735999,1.39735999,-1.208722994
191.7,-0.8938414242,1.366574717,1.366574717,-1.254162132
191.725,-0.9126915874,1.334648651,1.334648651,-1.29998925
191.75,-0.9297764859,1.301571878,1.301571878,-1.346221269
191.775,-0.9450630752,1.267334084,1.267334084,-1.392873598
191.8,-0.958521789,1.231924583,1.231924583,-1.43995993
191.825,-0.9701265965,1.195332373,1.195332373,-1.487491792
191.85,-0.9798550524,1.157546205,1.157546205,-1.535478072
191.875,-0.9876883406,1.118554634,1.118554634,-1.583924651
191.9,-0.9936113105,1.078346115,1.078346115,-1.63283382
191.925,-0.9976125064,1.036909103,1.036909103,-1.682203633
191.95,-0.9996841893,0.9942321494,0.9942321494,-1.732027397
191.975,-0.9998223524,0.9503040507,0.9503040507,-1.782292809
192,-0.9980267284,0.905113983,0.905113983,-1.832981235
192.025,-0.9943007904,0.858651676,0.858651676,-1.884066847
192.05,-0.9886517447,0.8109076122,0.8109076122,-1.935515596
192.075,-0.9810905174,0.761873227,0.761873227,-1.987284292
192.1,-0.9716317329,0.7115411745,0.7115411745,-2.039319375
192.125,-0.9602936857,0.6599055768,0.6599055768,-2.091555831
192.15,-0.947098305,0.6069623493,0.6069623493,-2.143915845
192.175,-0.9320711125,0.5527095164,0.5527095164,-2.196307559
192.2,-0.9152411726,0.4971475966,0.4971475966,-2.248623639
192.225,-0.8966410368,0.4402799947,0.4402799947,-2.300739932
192.25,-0.87630668,0.3821134456,0.3821134456,-2.352514043
192.275,-0.8542774317,0.3226584883,0.3226584883,-2.403783979
192.3,-0.8305958992,0.2619299664,0.2619299664,-2.454366867
192.325,-0.8053078857,0.1999475714,0.1999475714,-2.504057764
192.35,-0.7784623016,0.1367364047,0.1367364047,-2.552628673
192.375,-0.7501110696,0.07232756292,0.07232756292,-2.599827793
192.4,-0.7203090249,0.006758740344,0.006758740344,-2.645379081
192.425,-0.6891138084,-0.05992516331,-0.05992516331,-2.688982226
192.45,-0.6565857558,-0.1276714418,-0.1276714418,-2.730313109
192.475,-0.6227877805,-0.1964189986,-0.1964189986,-2.769024847
192.5,-0.5877852523,-0.2660977973,-0.2660977973,-2.804749515
192.525,-0.5516458706,-0.3366283653,-0.3366283653,-2.837100613
192.55,-0.5144395338,-0.4079213702,-0.4079213702,-2.865676409
192.575,-0.4762382037,-0.4798772873,-0.4798772873,-2.890064148
192.6,-0.4371157667,-0.5523861883,-0.5523861883,-2.909845189
192.625,-0.3971478906,-0.6253276683,-0.6253276683,-2.924601109
192.65,-0.3564118787,-0.6985709365,-0.6985709365,-2.933920684
192.675,-0.3149865197,-0.7719750913,-0.7719750913,-2.937407664
192.7,-0.2729519355,-0.8453895992,-0.8453895992,-2.934689225
192.725,-0.2303894267,-0.918654992,-0.918654992,-2.925424899
192.75,-0.1873813146,-0.9916037894,-0.9916037894,-2.909315717
192.775,-0.1440107826,-1.064061651,-1.064061651,-2.886113267
192.8,-0.1003617149,-1.135848746,-1.135848746,-2.85562833
192.825,-0.05651853448,-1.206781341,-1.206781341,-2.817738731
192.85,-0.01256603988,-1.276673552,-1.276673552,-2.772396026
192.875,0.03141075908,-1.345339264,-1.345339264,-2.719630672
192.9,0.07532680553,-1.412594146,-1.412594146,-2.659555366
192.925,0.1190971601,-1.478257728,-1.478257728,-2.592366305
192.95,0.1626371652,-1.542155481,-1.542155481,-2.518342187
192.975,0.2058626088,-1.604120841,-1.604120841,-2.437840915
193,0.2486898872,-1.663997127,-1.663997127,-2.351294033
193.025,0.2910361668,-1.721639292,-1.721639292,-2.259199071
193.05,0.3328195445,-1.776915452,-1.776915452,-2.162110069
193.075,0.3739592057,-1.829708167,-1.829708167,-2.060626655
193.1,0.414375581,-1.879915435,-1.879915435,-1.955382034
193.125,0.4539904997,-1.927451374,-1.927451374,-1.847030447
193.15,0.4927273415,-1.972246591,-1.972246591,-1.736234721
193.175,0.5305111843,-2.014248237,-2.014248237,-1.623653699
193.2,0.5672689491,-2.05341977,-2.05341977,-1.50993115
193.225,0.6029295417,-2.089740443,-2.089740443,-1.395685279
193.25,0.6374239897,-2.12320455,-2.12320455,-1.281499867
193.275,0.6706855765,-2.153820471,-2.153820471,-1.167917012
193.3,0.7026499698,-2.181609559,-2.181609559,-1.055431495
193.325,0.7332553462,-2.206604901,-2.206604901,-0.9444868454
193.35,0.762442511,-2.228850007,-2.228850007,-0.8354730431
193.375,0.7901550124,-2.248397456,-2.248397456,-0.7287257055
193.4,0.8163392507,-2.265307542,-2.265307542,-0.6245266042
193.425,0.8409445823,-2.279646948,-2.279646948,-0.5231053118
193.45,0.8639234172,-2.291487469,-2.291487469,-0.4246417815
193.475,0.8852313113,-2.30090481,-2.30090481,-0.3292696259
193.5,0.9048270525,-2.307977481,-2.307977481,-0.2370798919
193.525,0.9226727399,-2.312785773,-2.312785773,-0.1481251972
193.55,0.9387338577,-2.315410861,-2.315410861,-0.06242398422
193.575,0.9529793415,-2.315933997,-2.315933997,0.0200351862
193.6,0.9653816388,-2.314435816,-2.314435816,0.09928943887
193.625,0.9759167619,-2.310995747,-2.310995747,0.1753975716
193.65,0.9845643345,-2.30569152,-2.30569152,0.2484362917
193.675,0.9913076311,-2.298598755,-2.298598755,0.3184967462
193.7,0.9961336091,-2.28979065,-2.28979065,0.3856813702
193.725,0.9990329347,-2.279337729,-2.279337729,0.4501010691
193.75,1,-2.267307664,-2.267307664,0.5118727313
193.775,0.9990329347,-2.253765154,-2.253765154,0.5711170631
193.8,0.9961336091,-2.23877185,-2.23877185,0.6279567297
193.825,0.9913076311,-2.222386331,-2.222386331,0.6825147809
193.85,0.9845643345,-2.204664106,-2.204664106,0.7349133368
193.875,0.9759167619,-2.185657658,-2.185657658,0.7852725099
193.9,0.9653816388,-2.165416498,-2.165416498,0.8337095361
193.925,0.9529793415,-2.143987251,-2.143987251,0.8803380902
193.95,0.9387338577,-2.121413749,-2.121413749,0.9252677593
193.975,0.9226727399,-2.097737143,-2.097737143,0.9686036546
194,0.9048270525,-2.07299601,-2.07299601,1.01044614
194.025,0.8852313113,-2.047226484,-2.047226484,1.050890656
194.05,0.8639234172,-2.020462373,-2.020462373,1.090027623
194.075,0.8409445823,-1.992735286,-1.992735286,1.127942411
194.1,0.8163392507,-1.964074766,-1.964074766,1.164715362
194.125,0.7901550124,-1.934508404,-1.934508404,1.200421843
194.15,0.762442511,-1.904061972,-1.904061972,1.235132342
194.175,0.7332553462,-1.872759538,-1.872759538,1.268912576
194.2,0.7026499698,-1.840623585,-1.840623585,1.30182361
194.225,0.6706855765,-1.807675129,-1.807675129,1.333921998
194.25,0.6374239897,-1.773933822,-1.773933822,1.365259902
194.275,0.6029295417,-1.73941807,-1.73941807,1.395885239
194.3,0.5672689491,-1.704145132,-1.704145132,1.425841791
194.325,0.5305111843,-1.668131222,-1.668131222,1.455169333
194.35,0.4927273415,-1.631391607,-1.631391607,1.483903731
194.375,0.4539904997,-1.59394071,-1.59394071,1.51207704
194.4,0.414375581,-1.555792193,-1.555792193,1.539717576
194.425,0.3739592057,-1.516959064,-1.516959064,1.566849988
194.45,0.3328195445,-1.477453752,-1.477453752,1.593495295
194.475,0.2910361668,-1.437288212,-1.437288212,1.619670921
194.5,0.2486898872,-1.396474004,-1.396474004,1.64539071
194.525,0.2058626088,-1.355022389,-1.355022389,1.670664917
194.55,0.1626371652,-1.312944415,-1.312944415,1.695500192
194.575,0.1190971601,-1.27025101,-1.27025101,1.719899545
194.6,0.07532680553,-1.226953076,-1.226953076,1.743862289
194.625,0.03141075908,-1.18306157,-1.18306157,1.767383981
194.65,-0.01256603988,-1.13858762,-1.13858762,1.790456338
194.675,-0.05651853448,-1.093542599,-1.093542599,1.813067154
194.7,-0.1003617149,-1.047938242,-1.047938242,1.835200194
194.725,-0.1440107826,-1.001786739,-1.001786739,1.856835093
194.75,-0.1873813146,-0.9551008422,-0.9551008422,1.877947246
194.775,-0.2303894267,-0.9078939737,-0.9078939737,1.898507694
194.8,-0.2729519355,-0.8601803321,-0.8601803321,1.91848302
194.825,-0.3149865197,-0.8119750139,-0.8119750139,1.937835241
194.85,-0.3564118787,-0.7632941165,-0.7632941165,1.956521726
194.875,-0.3971478906,-0.7141548686,-0.7141548686,1.974495115
194.9,-0.4371157667,-0.6645757365,-0.6645757365,1.99170327
194.925,-0.4762382037,-0.6145765552,-0.6145765552,2.008089249
194.95,-0.5144395338,-0.5641786388,-0.5641786388,2.023591319
194.975,-0.5516458706,-0.5134049077,-0.5134049077,2.038143008
195,-0.5877852523,-0.4622799996,-0.4622799996,2.051673206
195.025,-0.6227877805,-0.4108303886,-0.4108303886,2.06410632
195.05,-0.6565857558,-0.3590844903,-0.3590844903,2.075362499
195.075,-0.6891138084,-0.3070727689,-0.3070727689,2.085357926
195.1,-0.7203090249,-0.2548278278,-0.2548278278,2.094005191
195.125,-0.7501110696,-0.202384498,-0.202384498,2.101213737
195.15,-0.7784623016,-0.149779906,-0.149779906,2.106890424
195.175,-0.8053078857,-0.09705353446,-0.09705353446,2.110940151
195.2,-0.8305958992,-0.04424725908,-0.04424725908,2.113266607
195.225,-0.8542774317,0.008594629379,0.008594629379,2.113773099
195.25,-0.87630668,0.06142542792,0.06142542792,2.112363488
195.275,-0.8966410368,0.1141960475,0.1141960475,2.108943212
195.3,-0.9152411726,0.1668550663,0.1668550663,2.103420394
195.325,-0.9320711125,0.2193488112,0.2193488112,2.095707031
195.35,-0.947098305,0.2716214707,0.2716214707,2.085720238
195.375,-0.9602936857,0.3236152385,0.3236152385,2.073383541
195.4,-0.9716317329,0.3752704899,0.3752704899,2.05862819
195.425,-0.9810905174,0.4265259921,0.4265259921,2.041394483
195.45,-0.9886517447,0.4773191464,0.4773191464,2.021633059
195.475,-0.9943007904,0.5275862626,0.5275862626,1.99930614
195.5,-0.9980267284,0.5772628619,0.5772628619,1.974388691
195.525,-0.9998223524,0.6262840114,0.6262840114,1.946869478
195.55,-0.9996841893,0.6745846791,0.6745846791,1.916751975
195.575,-0.9976125064,0.7221001113,0.7221001113,1.884055105
195.6,-0.9936113105,0.7687662261,0.7687662261,1.848813792
195.625,-0.9876883406,0.8145200195,0.8145200195,1.811079295
195.65,-0.9798550524,0.8592999741,0.8592999741,1.770919303
195.675,-0.9701265965,0.9030464677,0.9030464677,1.728417795
195.7,-0.958521789,0.9457021788,0.9457021788,1.683674638
195.725,-0.9450630752,0.9872124746,0.9872124746,1.636804942
195.75,-0.9297764859,1.02752578,1.02752578,1.587938178
195.775,-0.9126915874,1.066593927,1.066593927,1.537217047
195.8,-0.8938414242,1.104372465,1.104372465,1.484796164
195.825,-0.8732624548,1.140820943,1.140820943,1.430840566
195.85,-0.8509944818,1.17590315,1.17590315,1.37552403
195.875,-0.8270805743,1.209587309,1.209587309,1.319027338
195.9,-0.8015669849,1.241846231,1.241846231,1.261536414
195.925,-0.7745030602,1.27265742,1.27265742,1.203240448
195.95,-0.7459411454,1.302003133,1.302003133,1.144330042
195.975,-0.715936483,1.329870387,1.329870387,1.084995317
196,-0.6845471059,1.356250931,1.356250931,1.025424226
196.025,-0.6518337253,1.381141163,1.381141163,0.9658008024
196.05,-0.6178596131,1.404542026,1.404542026,0.906303719
196.075,-0.5826904797,1.426458836,1.426458836,0.8471048263
196.1,-0.5463943467,1.44690112,1.44690112,0.7883680103
196.125,-0.5090414158,1.465882381,1.465882381,0.7302481037
196.15,-0.4707039322,1.483419877,1.483419877,0.6728900793
196.175,-0.4314560457,1.499534357,1.499534357,0.6164283544
196.2,-0.3913736668,1.514249795,1.514249795,0.5609863266
196.225,-0.3505343202,1.527593108,1.527593108,0.5066760508
196.25,-0.3090169944,1.53959387,1.53959387,0.4535980957
196.275,-0.2669019893,1.550284028,1.550284028,0.4018415376
196.3,-0.2242707609,1.559697609,1.559697609,0.3514840973
196.325,-0.1812057636,1.56787045,1.56787045,0.3025923816
196.35,-0.1377902907,1.574839911,1.574839911,0.2552222361
196.375,-0.09410831332,1.580644623,1.580644623,0.2094191732
196.4,-0.05024431818,1.585324229,1.585324229,0.1652188633
196.425,-0.006283143966,1.588919145,1.588919145,0.1226476884
196.45,0.03769018267,1.591470339,1.591470339,0.08172331582
196.475,0.08159061157,1.593019116,1.593019116,0.04245530244
196.5,0.1253332336,1.593606926,1.593606926,0.004845710377
196.525,0.1688334447,1.593275183,1.593275183,-0.03111028418
196.55,0.2120071099,1.592065101,1.592065101,-0.06542378612
196.575,0.2547707257,1.590017543,1.590017543,-0.09811159501
196.6,0.2970415816,1.587172887,1.587172887,-0.1291956413
196.625,0.3387379202,1.583570905,1.583570905,-0.1587024476
196.65,0.3797790955,1.579250654,1.579250654,-0.1866626222
196.675,0.4200857284,1.574250379,1.574250379,-0.2131103883
196.7,0.4595798606,1.568607427,1.568607427,-0.2380831367
196.725,0.4981851053,1.562358179,1.562358179,-0.2616210278
196.75,0.535826795,1.555537979,1.555537979,-0.2837666147
196.775,0.5724321256,1.54818108,1.54818108,-0.3045645083
196.8,0.6079302977,1.540320598,1.540320598,-0.3240610723
196.825,0.6422526532,1.531988472,1.531988472,-0.3423041476
196.85,0.6753328081,1.523215428,1.523215428,-0.3593428069
196.875,0.7071067812,1.514030952,1.514030952,-0.3752271433
196.9,0.7375131174,1.504463266,1.504463266,-0.3900080609
196.925,0.7664930068,1.494539314,1.494539314,-0.4037371315
196.95,0.7939903986,1.484284741,1.484284741,-0.4164664159
196.975,0.8199521093,1.473723888,1.473723888,-0.4282483522
197,0.8443279255,1.462879779,1.462879779,-0.439135643
197.025,0.8670707012,1.451774121,1.451774121,-0.4491811381
197.05,0.8881364488,1.440427296,1.440427296,-0.4584377667
197.075,0.9074844245,1.428858365,1.428858365,-0.4669584535
197.1,0.9250772068,1.417085066,1.417085066,-0.4747960464
197.125,0.940880769,1.405123816,1.405123816,-0.4820032687
197.15,0.9548645447,1.392989718,1.392989718,-0.4886326574
197.175,0.9670014878,1.380696563,1.380696563,-0.4947365177
197.2,0.9772681236,1.368256837,1.368256837,-0.5003668835
197.225,0.9856445951,1.355681733,1.355681733,-0.505575469
197.25,0.9921147013,1.342981151,1.342981151,-0.5104136377
197.275,0.996665928,1.330163713,1.330163713,-0.5149323623
197.3,0.9992894726,1.317236774,1.317236774,-0.5191821856
197.325,0.9999802609,1.304206427,1.304206427,-0.5232131917
197.35,0.9987369566,1.291077524,1.291077524,-0.5270749639
197.375,0.9955619646,1.277853681,1.277853681,-0.530816549
197.4,0.9904614257,1.264537294,1.264537294,-0.5344864266
197.425,0.983445205,1.251129557,1.251129557,-0.5381324632
197.45,0.9745268728,1.237630476,1.237630476,-0.5418018749
197.475,0.9637236783,1.224038881,1.224038881,-0.5455411956
197.5,0.9510565163,1.210352451,1.210352451,-0.5493962298
197.525,0.9365498867,1.19656773,1.19656773,-0.5534120026
197.55,0.9202318474,1.182680144,1.182680144,-0.5576327371
197.575,0.9021339594,1.168684023,1.168684023,-0.5621018016
197.6,0.8822912264,1.154572629,1.154572629,-0.5668616557
197.625,0.860742027,1.140338171,1.140338171,-0.5719538208
197.65,0.83752804,1.125971831,1.125971831,-0.5774188359
197.675,0.8126941644,1.111463792,1.111463792,-0.5832962029
197.7,0.7862884321,1.096803264,1.096803264,-0.5896243471
197.725,0.7583619153,1.081978508,1.081978508,-0.5964405806
197.75,0.7289686274,1.066976866,1.066976866,-0.6037810486
197.775,0.698165419,1.051784795,1.051784795,-0.6116806895
197.8,0.6660118674,1.036387891,1.036387891,-0.6201731989
197.825,0.6325701619,1.020770924,1.020770924,-0.6292909783
197.85,0.5979049831,1.004917872,1.004917872,-0.6390651002
197.875,0.5620833779,0.9888119514,0.9888119514,-0.6495252683
197.9,0.52517463,0.9724356554,0.9724356554,-0.6606997713
197.925,0.4872501257,0.9557707865,0.9557707865,-0.6726154504
197.95,0.4483832161,0.9387984945,0.9387984945,-0.6852976566
197.975,0.4086490747,0.921499317,0.921499317,-0.6987702078
198,0.3681245527,0.9038532121,0.9038532121,-0.7130553551
198.025,0.3268880297,0.8858396049,0.8858396049,-0.7281737336
198.05,0.2850192625,0.8674374236,0.8674374236,-0.744144324
198.075,0.2425992308,0.8486251422,0.8486251422,-0.7609844061
198.1,0.1997099805,0.8293808276,0.8293808276,-0.7787095056
198.125,0.156434465,0.809682177,0.809682177,-0.797333349
198.15,0.1128563849,0.789506571,0.789506571,-0.816867797
198.175,0.06906002571,0.7688311157,0.7688311157,-0.8373227876
198.2,0.02513009544,0.7476326936,0.7476326936,-0.8587062628
198.225,-0.01884843972,0.7258880159,0.7258880159,-0.8810240862
198.25,-0.06279051953,0.7035736714,0.7035736714,-0.904279963
198.275,-0.1066111543,0.680666188,0.680666188,-0.9284753269
198.3,-0.1502255891,0.6571420831,0.6571420831,-0.9536092432
198.325,-0.1935494681,0.6329779323,0.6329779323,-0.9796782672
198.35,-0.236498997,0.6081504273,0.6081504273,-1.006676315
198.375,-0.278991106,0.582636448,0.582636448,-1.034594494
198.4,-0.3209436098,0.556413133,0.556413133,-1.06342093
198.425,-0.3622753667,0.5294579571,0.5294579571,-1.093140571
198.45,-0.4029064357,0.5017488139,0.5017488139,-1.123734956
198.475,-0.442758231,0.4732641028,0.4732641028,-1.155181983
198.5,-0.4817536741,0.4439828251,0.4439828251,-1.18745563
198.525,-0.5198173426,0.4138846835,0.4138846835,-1.220525668
198.55,-0.5568756165,0.3829501933,0.3829501933,-1.254357335
198.575,-0.5928568202,0.3511607987,0.3511607987,-1.288910991
198.6,-0.6276913613,0.3184989996,0.3184989996,-1.324141745
198.625,-0.6613118653,0.2849484887,0.2849484887,-1.359999051
198.65,-0.6936533058,0.2504942957,0.2504942957,-1.396426295
198.675,-0.7246531302,0.2151229486,0.2151229486,-1.433360337
198.7,-0.7542513807,0.1788226379,0.1788226379,-1.470731065
198.725,-0.7823908106,0.1415834004,0.1415834004,-1.508460906
198.75,-0.8090169944,0.1033973103,0.1033973103,-1.546464353
198.775,-0.8340784336,0.06425868303,0.06425868303,-1.584647485
198.8,-0.8575266562,0.02416429272,0.02416429272,-1.622907498
198.825,-0.8793163102,-0.01688640078,-0.01688640078,-1.661132254
198.85,-0.8994052516,-0.05889101334,-0.05889101334,-1.699199878
198.875,-0.9177546257,-0.1018439884,-0.1018439884,-1.736978395
198.9,-0.9343289425,-0.1457363405,-0.1457363405,-1.774325444
198.925,-0.949096145,-0.1905553933,-0.1905553933,-1.811088073
198.95,-0.9620276716,-0.2362845134,-0.2362845134,-1.847102661
198.975,-0.973098511,-0.2829028437,-0.2829028437,-1.882194956
199,-0.9822872507,-0.3303850392,-0.3303850392,-1.916180292
199.025,-0.9895761186,-0.3787010137,-0.3787010137,-1.948863972
199.05,-0.994951017,-0.4278156926,-0.4278156926,-1.980041894
199.075,-0.9984015501,-0.4776887901,-0.4776887901,-2.009501359
199.1,-0.9999210442,-0.5282746074,-0.5282746074,-2.037022231
199.125,-0.9995065604,-0.5795218621,-0.5795218621,-2.062378255
199.15,-0.9971589003,-0.6313735585,-0.6313735585,-2.085338785
199.175,-0.9928826046,-0.6837668968,-0.6837668968,-2.105670739
199.2,-0.9866859442,-0.7366332459,-0.7366332459,-2.123140875
199.225,-0.9785809043,-0.7898981675,-0.7898981675,-2.137518398
199.25,-0.9685831611,-0.8434815121,-0.8434815121,-2.148577755
199.275,-0.9567120516,-0.8972975904,-0.8972975904,-2.156101763
199.3,-0.9429905359,-0.951255422,-0.951255422,-2.159884865
199.325,-0.9274451533,-1.005259067,-1.005259067,-2.159736532
199.35,-0.9101059707,-1.059208047,-1.059208047,-2.155484734
199.375,-0.8910065242,-1.11299785,-1.11299785,-2.146979383
199.4,-0.8701837547,-1.166520522,-1.166520522,-2.134095648
199.425,-0.8476779361,-1.219665333,-1.219665333,-2.116737042
199.45,-0.8235325976,-1.272319529,-1.272319529,-2.094838207
199.475,-0.7977944395,-1.324369132,-1.324369132,-2.068367251
199.5,-0.7705132428,-1.375699809,-1.375699809,-2.037327568
199.525,-0.7417417727,-1.426197761,-1.426197761,-2.001759046
199.55,-0.7115356772,-1.475750651,-1.475750651,-1.961738605
199.575,-0.6799533787,-1.524248529,-1.524248529,-1.917380006
199.6,-0.6470559616,-1.571584738,-1.571584738,-1.868832908
199.625,-0.6129070537,-1.617656794,-1.617656794,-1.816281197
199.65,-0.5775727034,-1.662367216,-1.662367216,-1.759940585
199.675,-0.5411212521,-1.705624279,-1.705624279,-1.700055556
199.7,-0.5036232016,-1.747342698,-1.747342698,-1.636895742
199.725,-0.4651510781,-1.787444195,-1.787444195,-1.570751853
199.75,-0.4257792916,-1.82585798,-1.82585798,-1.501931186
199.775,-0.3855839923,-1.862521106,-1.862521106,-1.430752984
199.8,-0.3446429232,-1.897378703,-1.897378703,-1.357543721
199.825,-0.3030352696,-1.930384107,-1.930384107,-1.282632266
199.85,-0.2608415063,-1.961498858,-1.961498858,-1.20634551
199.875,-0.2181432414,-1.990692595,-1.990692595,-1.129003941
199.9,-0.175023059,-2.017942854,-2.017942854,-1.05091786
199.925,-0.1315643591,-2.043234761,-2.043234761,-0.9723838798
199.95,-0.08785119655,-2.066560654,-2.066560654,-0.8936819964
199.975,-0.04396811832,-2.087919642,-2.087919642,-0.815073191
200,4.312737471e-14,-2.107317097,-2.107317097,-0.7367975417
200.025,0.04396811832,-2.124764117,-2.124764117,-0.6590729126
200.05,0.08785119655,-2.140276964,-2.140276964,-0.5820941361
200.075,0.1315643591,-2.153876475,-2.153876475,-0.5060326768
200.1,0.175023059,-2.165587484,-2.165587484,-0.4310367315
200.125,0.2181432414,-2.175438242,-2.175438242,-0.3572317008
200.15,0.2608415063,-2.18345986,-2.18345986,-0.2847209835
200.175,0.3030352696,-2.18968577,-2.18968577,-0.2135870378
200.2,0.3446429232,-2.194151213,-2.194151213,-0.1438926371
200.225,0.3855839923,-2.196892773,-2.196892773,-0.07568227322
200.25,0.4257792916,-2.19794793,-2.19794793,-0.008983682244
200.275,0.4651510781,-2.197354664,-2.197354664,0.05619061401
200.3,0.5036232016,-2.195151095,-2.195151095,0.119841721
200.325,0.5411212521,-2.191375164,-2.191375164,0.1819828168
200.35,0.5775727034,-2.186064343,-2.186064343,0.2426376396
200.375,0.6129070537,-2.179255396,-2.179255396,0.3018390439
200.4,0.6470559616,-2.170984166,-2.170984166,0.3596276388
200.425,0.6799533787,-2.161285396,-2.161285396,0.4160505226
200.45,0.7115356772,-2.150192585,-2.150192585,0.4711601125
200.475,0.7417417727,-2.137737864,-2.137737864,0.525013085
200.5,0.7705132428,-2.123951903,-2.123951903,0.5776694213
200.525,0.7977944395,-2.108863845,-2.108863845,0.6291915517
200.55,0.8235325976,-2.092501244,-2.092501244,0.6796435988
200.575,0.8476779361,-2.074890039,-2.074890039,0.7290907216
200.6,0.8701837547,-2.056054535,-2.056054535,0.7775985393
200.625,0.8910065242,-2.036017393,-2.036017393,0.8252326358
200.65,0.9101059707,-2.014799641,-2.014799641,0.8720581454
200.675,0.9274451533,-1.992420688,-1.992420688,0.9181393911
200.7,0.9429905359,-1.968898347,-1.968898347,0.96353959
200.725,0.9567120516,-1.944248868,-1.944248868,1.008320607
200.75,0.9685831611,-1.918486973,-1.918486973,1.052542743
200.775,0.9785809043,-1.891625899,-1.891625899,1.096264577
200.8,0.9866859442,-1.863677441,-1.863677441,1.13954281
200.825,0.9928826046,-1.834651999,-1.834651999,1.182432165
200.85,0.9971589003,-1.804558634,-1.804558634,1.224985267
200.875,0.9995065604,-1.773405116,-1.773405116,1.267252571
200.9,0.9999210442,-1.741197985,-1.741197985,1.309282262
200.925,0.9984015501,-1.707942601,-1.707942601,1.351120184
200.95,0.994951017,-1.673643211,-1.673643211,1.39280974
200.975,0.9895761186,-1.638303009,-1.638303009,1.434391807
201,0.9822872507,-1.601924197,-1.601924197,1.475904619
201.025,0.973098511,-1.564508059,-1.564508059,1.517383635
201.05,0.9620276716,-1.526055024,-1.526055024,1.558861409
201.075,0.949096145,-1.486564752,-1.486564752,1.600367382
201.1,0.9343289425,-1.446036202,-1.446036202,1.641927714
201.125,0.9177546257,-1.404467723,-1.404467723,1.683565021
201.15,0.8994052516,-1.361857152,-1.361857152,1.725298095
201.175,0.8793163102,-1.318201897,-1.318201897,1.767141619
201.2,0.8575266562,-1.273499064,-1.273499064,1.809105749
201.225,0.8340784336,-1.227745559,-1.227745559,1.85119576
201.25,0.8090169944,-1.180938226,-1.180938226,1.893411548
201.275,0.7823908106,-1.133073983,-1.133073983,1.935747108
201.3,0.7542513807,-1.084149973,-1.084149973,1.978190005
201.325,0.7246531302,-1.034163749,-1.034163749,2.020720666
201.35,0.6936533058,-0.9831134338,-0.9831134338,2.063311782
201.375,0.6613118653,-0.9309979522,-0.9309979522,2.105927474
201.4,0.6276913613,-0.8778172294,-0.8778172294,2.148522563
201.425,0.5928568202,-0.8235724541,-0.8235724541,2.191041669
201.45,0.5568756165,-0.7682663296,-0.7682663296,2.233418346
201.475,0.5198173426,-0.711903374,-0.711903374,2.275574134
201.5,0.4817536741,-0.6544902214,-0.6544902214,2.317417628
201.525,0.442758231,-0.5960359689,-0.5960359689,2.358843499
201.55,0.4029064357,-0.5365525237,-0.5365525237,2.399731582
201.575,0.3622753667,-0.4760549994,-0.4760549994,2.439945955
201.6,0.3209436098,-0.4145621066,-0.4145621066,2.479334132
201.625,0.278991106,-0.3520965871,-0.3520965871,2.517726334
201.65,0.236498997,-0.2886856485,-0.2886856485,2.554934927
201.675,0.1935494681,-0.2243614147,-0.2243614147,2.59075405
201.7,0.1502255891,-0.1591613879,-0.1591613879,2.624959494
201.725,0.1066111543,-0.09312890246,-0.09312890246,2.657308883
201.75,0.06279051953,-0.02631357314,-0.02631357314,2.687542217
201.775,0.01884843972,0.0412282737,0.0412282737,2.71538285
201.8,-0.02513009544,0.109433202,0.109433202,2.740538938
201.825,-0.06906002571,0.1782303101,0.1782303101,2.762705425
201.85,-0.1128563849,0.2475409311,0.2475409311,2.781566622
201.875,-0.156434465,0.3172784056,0.3172784056,2.796799408
201.9,-0.1997099805,0.3873479419,0.3873479419,2.808077053
201.925,-0.2425992308,0.4576465812,0.4576465812,2.81507367
201.95,-0.2850192625,0.5280632805,0.5280632805,2.817469312
201.975,-0.3268880297,0.5984791303,0.5984791303,2.814955568
202,-0.3681245527,0.6687677176,0.6687677176,2.807241637
202.025,-0.4086490747,0.7387956457,0.7387956457,2.794060722
202.05,-0.4483832161,0.8084232166,0.8084232166,2.7751766
202.075,-0.4872501257,0.8775052774,0.8775052774,2.750390161
202.1,-0.52517463,0.9458922273,0.9458922273,2.719545709
202.125,-0.5620833779,1.013431177,1.013431177,2.68253678
202.15,-0.5979049831,1.079967245,1.079967245,2.639311251
202.175,-0.6325701619,1.145344971,1.145344971,2.589875486
202.2,-0.6660118674,1.209409815,1.209409815,2.534297312
202.225,-0.698165419,1.272009723,1.272009723,2.472707645
202.25,-0.7289686274,1.332996702,1.332996702,2.405300612
202.275,-0.7583619153,1.392228391,1.392228391,2.332332119
202.3,-0.7862884321,1.44956957,1.44956957,2.254116836
202.325,-0.8126941644,1.504893571,1.504893571,2.171023662
202.35,-0.83752804,1.558083569,1.558083569,2.083469822
202.375,-0.860742027,1.6090337,1.6090337,1.991913735
202.4,-0.8822912264,1.657649993,1.657649993,1.896846965
202.425,-0.9021339594,1.703851089,1.703851089,1.798785523
202.45,-0.9202318474,1.74756874,1.74756874,1.698260809
202.475,-0.9365498867,1.788748082,1.788748082,1.595810413
202.5,-0.9510565163,1.827347676,1.827347676,1.491969453
202.525,-0.9637236783,1.86333934,1.86333934,1.387262052
202.55,-0.9745268728,1.896707779,1.896707779,1.282193937
202.575,-0.983445205,1.927450046,1.927450046,1.177245792
202.6,-0.9904614257,1.95557483,1.95557483,1.072867685
202.625,-0.9955619646,1.981101649,1.981101649,0.9694747322
202.65,-0.9987369566,2.004059928,2.004059928,0.867443832
202.675,-0.9999802609,2.024488008,2.024488008,0.7671115741
202.7,-0.9992894726,2.042432133,2.042432133,0.668773212
202.725,-0.996665928,2.057945411,2.057945411,0.5726825861
202.75,-0.9921147013,2.071086782,2.071086782,0.4790529124
202.775,-0.9856445951,2.081920025,2.081920025,0.388058269
202.8,-0.9772681236,2.090512806,2.090512806,0.2998356476
202.825,-0.9670014878,2.096935771,2.096935771,0.2144874906
202.85,-0.9548645447,2.101261731,2.101261731,0.1320844686
202.875,-0.940880769,2.103564894,2.103564894,0.05266850429
202.9,-0.9250772068,2.10392019,2.10392019,-0.02374413449
202.925,-0.9074844245,2.102402668,2.102402668,-0.09715974141
202.95,-0.8881364488,2.099086967,2.099086967,-0.1676041448
202.975,-0.8670707012,2.09404687,2.09404687,-0.2351198098
203,-0.8443279255,2.087354916,2.087354916,-0.2997631092
203.025,-0.8199521093,2.079082089,2.079082089,-0.3616017949
203.05,-0.7939903986,2.06929756,2.06929756,-0.4207126853
203.075,-0.7664930068,2.05806849,2.05806849,-0.47717958
203.1,-0.7375131174,2.045459874,2.045459874,-0.5310914019
203.125,-0.7071067812,2.031534442,2.031534442,-0.5825405633
203.15,-0.6753328081,2.016352581,2.016352581,-0.6316215456
203.175,-0.6422526532,1.999972305,1.999972305,-0.6784296794
203.2,-0.6079302977,1.982449245,1.982449245,-0.723060109
203.225,-0.5724321256,1.963836663,1.963836663,-0.7656069306
203.25,-0.535826795,1.944185491,1.944185491,-0.8061624845
203.275,-0.4981851053,1.923544382,1.923544382,-0.8448167786
203.3,-0.4595798606,1.901959769,1.901959769,-0.8816570381
203.325,-0.4200857284,1.879475945,1.879475945,-0.9167673615
203.35,-0.3797790955,1.856135143,1.856135143,-0.9502284628
203.375,-0.3387379202,1.831977621,1.831977621,-0.9821174971
203.4,-0.2970415816,1.807041755,1.807041755,-1.012507951
203.425,-0.2547707257,1.78136413,1.78136413,-1.041469588
203.45,-0.2120071099,1.754979631,1.754979631,-1.069068439
203.475,-0.1688334447,1.727921544,1.727921544,-1.095366837
203.5,-0.1253332336,1.700221636,1.700221636,-1.120423473
203.525,-0.08159061157,1.671910258,1.671910258,-1.144293482
203.55,-0.03769018267,1.643016419,1.643016419,-1.167028546
203.575,0.006283143966,1.613567885,1.613567885,-1.188677016
203.6,0.05024431818,1.583591246,1.583591246,-1.209284028
203.625,0.09410831332,1.55311201,1.55311201,-1.228891654
203.65,0.1377902907,1.522154665,1.522154665,-1.247539027
203.675,0.1812057636,1.490742757,1.490742757,-1.265262484
203.7,0.2242707609,1.458898959,1.458898959,-1.282095718
203.725,0.2669019893,1.426645129,1.426645129,-1.298069899
203.75,0.3090169944,1.394002382,1.394002382,-1.313213833
203.775,0.3505343202,1.360991135,1.360991135,-1.327554076
203.8,0.3913736668,1.327631171,1.327631171,-1.341115081
203.825,0.4314560457,1.293941687,1.293941687,-1.353919315
203.85,0.4707039322,1.25994134,1.25994134,-1.365987382
203.875,0.5090414158,1.225648295,1.225648295,-1.377338149
203.9,0.5463943467,1.191080266,1.191080266,-1.387988847
203.925,0.5826904797,1.156254555,1.156254555,-1.397955193
203.95,0.6178596131,1.121188089,1.121188089,-1.407251481
203.975,0.6518337253,1.085897456,1.085897456,-1.415890696
204,0.6845471059,1.050398932,1.050398932,-1.4238846
204.025,0.715936483,1.014708515,1.014708515,-1.431243829
204.05,0.7459411454,0.9788419494,0.9788419494,-1.437977986
204.075,0.7745030602,0.942814752,0.942814752,-1.444095721
204.1,0.8015669849,0.906642235,0.906642235,-1.44960482
204.125,0.8270805743,0.8703395245,0.8703395245,-1.454512284
204.15,0.8509944818,0.8339215817,0.8339215817,-1.458824405
204.175,0.8732624548,0.7974032182,0.7974032182,-1.462546853
204.2,0.8938414242,0.7607991103,0.7607991103,-1.465684736
204.225,0.9126915874,0.724123814,0.724123814,-1.468242688
204.25,0.9297764859,0.6873917734,0.6873917734,-1.470224932
204.275,0.9450630752,0.6506173325,0.6506173325,-1.471635352
204.3,0.958521789,0.6138147408,0.6138147408,-1.47247757
204.325,0.9701265965,0.5769981604,0.5769981604,-1.472755
204.35,0.9798550524,0.54018167,0.54018167,-1.472470933
204.375,0.9876883406,0.5033792661,0.5033792661,-1.471628591
204.4,0.9936113105,0.4666048659,0.4666048659,-1.470231192
204.425,0.9976125064,0.4298723047,0.4298723047,-1.468282027
204.45,0.9996841893,0.3931953342,0.3931953342,-1.465784505
204.475,0.9998223524,0.3565876192,0.3565876192,-1.46274223
204.5,0.9980267284,0.3200627303,0.3200627303,-1.459159052
204.525,0.9943007904,0.2836341396,0.2836341396,-1.455039123
204.55,0.9886517447,0.2473152096,0.2473152096,-1.450386963
204.575,0.9810905174,0.2111191857,0.2111191857,-1.445207501
204.6,0.9716317329,0.175059184,0.175059184,-1.439506131
204.625,0.9602936857,0.1391481793,0.1391481793,-1.43328876
204.65,0.947098305,0.1033989923,0.1033989923,-1.426561848
204.675,0.9320711125,0.0678242745,0.0678242745,-1.419332448
204.7,0.9152411726,0.03243649347,0.03243649347,-1.411608241
204.725,0.8966410368,-0.002752083452,-0.002752083452,-1.403397567
204.75,0.87630668,-0.03772940595,-0.03772940595,-1.394709447
204.775,0.8542774317,-0.07248365791,-0.07248365791,-1.385553603
204.8,0.8305958992,-0.1070032752,-0.1070032752,-1.375940472
204.825,0.8053078857,-0.1412769636,-0.1412769636,-1.365881211
204.85,0.7784623016,-0.1752937167,-0.1752937167,-1.355387695
204.875,0.7501110696,-0.2090428342,-0.2090428342,-1.344472514
204.9,0.7203090249,-0.2425139391,-0.2425139391,-1.333148954
204.925,0.6891138084,-0.2756969949,-0.2756969949,-1.321430979
204.95,0.6565857558,-0.3085823229,-0.3085823229,-1.309333199
204.975,0.6227877805,-0.3411606165,-0.3411606165,-1.296870836
205,0.5877852523,-0.3734229579,-0.3734229579,-1.284059678
205.025,0.5516458706,-0.4053608295,-0.4053608295,-1.270916028
205.05,0.5144395338,-0.4369661281,-0.4369661281,-1.257456648
205.075,0.4762382037,-0.4682311738,-0.4682311738,-1.243698695
205.1,0.4371157667,-0.4991487203,-0.4991487203,-1.229659645
205.125,0.3971478906,-0.5297119613,-0.5297119613,-1.215357224
205.15,0.3564118787,-0.5599145357,-0.5599145357,-1.200809321
205.175,0.3149865197,-0.5897505315,-0.5897505315,-1.186033906
205.2,0.2729519355,-0.6192144847,-0.6192144847,-1.171048935
205.225,0.2303894267,-0.6483013807,-0.6483013807,-1.155872262
205.25,0.1873813146,-0.6770066476,-0.6770066476,-1.140521543
205.275,0.1440107826,-0.7053261521,-0.7053261521,-1.125014135
205.3,0.1003617149,-0.7332561903,-0.7332561903,-1.109367007
205.325,0.05651853448,-0.7607934755,-0.7607934755,-1.093596633
205.35,0.01256603988,-0.7879351274,-0.7879351274,-1.077718907
205.375,-0.03141075908,-0.8146786535,-0.8146786535,-1.061749044
205.4,-0.07532680553,-0.8410219322,-0.8410219322,-1.045701487
205.425,-0.1190971601,-0.866963194,-0.866963194,-1.029589829
205.45,-0.1626371652,-0.8925009953,-0.8925009953,-1.013426724
205.475,-0.2058626088,-0.9176341985,-0.9176341985,-0.9972238124
205.5,-0.2486898872,-0.9423619428,-0.9423619428,-0.9809916574
205.525,-0.2910361668,-0.9666836163,-0.9666836163,-0.9647396699
205.55,-0.3328195445,-0.9905988298,-0.9905988298,-0.9484760656
205.575,-0.3739592057,-1.014107381,-1.014107381,-0.9322078105
205.6,-0.414375581,-1.037209229,-1.037209229,-0.9159405806
205.625,-0.4539904997,-1.059904456,-1.059904456,-0.8996787386
205.65,-0.4927273415,-1.082193236,-1.082193236,-0.8834253043
205.675,-0.5305111843,-1.104075805,-1.104075805,-0.8671819472
205.7,-0.5672689491,-1.125552421,-1.125552421,-0.8509489844
205.725,-0.6029295417,-1.146623333,-1.146623333,-0.8347253807
205.75,-0.6374239897,-1.167288749,-1.167288749,-0.8185087717
205.775,-0.6706855765,-1.187548799,-1.187548799,-0.8022954829
205.8,-0.7026499698,-1.207403509,-1.207403509,-0.7860805612
205.825,-0.7332553462,-1.226852763,-1.226852763,-0.7698578237
205.85,-0.762442511,-1.245896274,-1.245896274,-0.753619895
205.875,-0.7901550124,-1.26453356,-1.26453356,-0.7373582731
205.9,-0.8163392507,-1.282763911,-1.282763911,-0.7210633892
205.925,-0.8409445823,-1.300586365,-1.300586365,-0.7047246709
205.95,-0.8639234172,-1.317999684,-1.317999684,-0.6883306296
205.975,-0.8852313113,-1.335002332,-1.335002332,-0.6718689241
206,-0.9048270525,-1.351592457,-1.351592457,-0.6553264558
206.025,-0.9226727399,-1.367767868,-1.367767868,-0.6386894525
206.05,-0.9387338577,-1.383526022,-1.383526022,-0.6219435496
206.075,-0.9529793415,-1.398864014,-1.398864014,-0.6050738963
206.1,-0.9653816388,-1.413778559,-1.413778559,-0.5880652299
206.125,-0.9759167619,-1.428265987,-1.428265987,-0.5709019804
206.15,-0.9845643345,-1.442322238,-1.442322238,-0.5535683589
206.175,-0.9913076311,-1.455942853,-1.455942853,-0.5360484397
206.2,-0.9961336091,-1.469122975,-1.469122975,-0.5183262627
206.225,-0.9990329347,-1.481857348,-1.481857348,-0.5003859024
206.25,-1,-1.49414032,-1.49414032,-0.482211562
206.275,-0.9990329347,-1.505965846,-1.505965846,-0.463787645
206.3,-0.9961336091,-1.517327494,-1.517327494,-0.445098827
206.325,-0.9913076311,-1.528218455,-1.528218455,-0.4261301305
206.35,-0.9845643345,-1.538631547,-1.538631547,-0.406866977
206.375,-0.9759167619,-1.548559232,-1.548559232,-0.3872952544
206.4,-0.9653816388,-1.557993625,-1.557993625,-0.3674013572
206.425,-0.9529793415,-1.566926506,-1.566926506,-0.3471722383
206.45,-0.9387338577,-1.575349339,-1.575349339,-0.3265954405
206.475,-0.9226727399,-1.583253282,-1.583253282,-0.3056591294
206.5,-0.9048270525,-1.590629206,-1.590629206,-0.2843521163
206.525,-0.8852313113,-1.597467711,-1.597467711,-0.2626638735
206.55,-0.8639234172,-1.603759141,-1.603759141,-0.2405845462
206.575,-0.8409445823,-1.609493602,-1.609493602,-0.2181049524
206.6,-0.8163392507,-1.614660982,-1.614660982,-0.1952165835
206.625,-0.7901550124,-1.61925096,-1.61925096,-0.1719115896
206.65,-0.762442511,-1.623253029,-1.623253029,-0.1481827694
206.675,-0.7332553462,-1.626656511,-1.626656511,-0.1240235429
206.7,-0.7026499698,-1.629450569,-1.629450569,-0.09942793084
206.725,-0.6706855765,-1.631624226,-1.631624226,-0.07439051746
206.75,-0.6374239897,-1.633166373,-1.633166373,-0.04890642009
206.775,-0.6029295417,-1.634065788,-1.634065788,-0.02297124402
206.8,-0.5672689491,-1.634311143,-1.634311143,0.003418955756
206.825,-0.5305111843,-1.633891018,-1.633891018,0.03026772577
206.85,-0.4927273415,-1.632793909,-1.632793909,0.05757825853
206.875,-0.4539904997,-1.631008233,-1.631008233,0.08535344771
206.9,-0.414375581,-1.628522342,-1.628522342,0.1135959352
206.925,-0.3739592057,-1.625324522,-1.625324522,0.1423081719
206.95,-0.3328195445,-1.621403,-1.621403,0.171492464
206.975,-0.2910361668,-1.616745946,-1.616745946,0.2011510298
207,-0.2486898872,-1.611341478,-1.611341478,0.2312860592
207.025,-0.2058626088,-1.605177654,-1.605177654,0.2618997532
207.05,-0.1626371652,-1.598242482,-1.598242482,0.2929943869
207.075,-0.1190971601,-1.590523907,-1.590523907,0.3245723549
207.1,-0.07532680553,-1.582009815,-1.582009815,0.3566362123
207.125,-0.03141075908,-1.572688025,-1.572688025,0.3891887289
207.15,0.01256603988,-1.562546282,-1.562546282,0.4222329215
207.175,0.05651853448,-1.551572254,-1.551572254,0.4557720925
207.2,0.1003617149,-1.539753522,-1.539753522,0.4898098659
207.225,0.1440107826,-1.527077573,-1.527077573,0.5243502096
207.25,0.1873813146,-1.513531788,-1.513531788,0.5593974603
207.275,0.2303894267,-1.499103436,-1.499103436,0.5949563395
207.3,0.2729519355,-1.483779665,-1.483779665,0.6310319614
207.325,0.3149865197,-1.467547486,-1.467547486,0.6676298349
207.35,0.3564118787,-1.450393772,-1.450393772,0.7047558585
207.375,0.3971478906,-1.43230524,-1.43230524,0.7424163036
207.4,0.4371157667,-1.413268448,-1.413268448,0.7806177857
207.425,0.4762382037,-1.393269784,-1.393269784,0.8193672351
207.45,0.5144395338,-1.37229546,-1.37229546,0.8586718396
207.475,0.5516458706,-1.350331505,-1.350331505,0.89853898
207.5,0.5877852523,-1.327363761,-1.327363761,0.938976166
207.525,0.6227877805,-1.303377883,-1.303377883,0.979990918
207.55,0.6565857558,-1.27835934,-1.27835934,1.02159066
207.575,0.6891138084,-1.252293415,-1.252293415,1.063782608
207.6,0.7203090249,-1.225165217,-1.225165217,1.106573566
207.625,0.7501110696,-1.196959693,-1.196959693,1.149969753
207.65,0.7784623016,-1.16766164,-1.16766164,1.193976628
207.675,0.8053078857,-1.137255734,-1.137255734,1.238598598
207.7,0.8305958992,-1.105726559,-1.105726559,1.283838713
207.725,0.8542774317,-1.073058636,-1.073058636,1.329698429
207.75,0.87630668,-1.039236478,-1.039236478,1.376177169
207.775,0.8966410368,-1.004244644,-1.004244644,1.423271909
207.8,0.9152411726,-0.9680677964,-0.9680677964,1.470976794
207.825,0.9320711125,-0.9306907953,-0.9306907953,1.519282507
207.85,0.947098305,-0.8920987749,-0.8920987749,1.568175777
207.875,0.9602936857,-0.8522772567,-0.8522772567,1.617638728
207.9,0.9716317329,-0.8112122833,-0.8112122833,1.667648098
207.925,0.9810905174,-0.7688905408,-0.7688905408,1.718174579
207.95,0.9886517447,-0.7252995453,-0.7252995453,1.769181851
207.975,0.9943007904,-0.6804278076,-0.6804278076,1.820625744
208,0.9980267284,-0.6342650591,-0.6342650591,1.872453183
208.025,0.9998223524,-0.5868024743,-0.5868024743,1.924601155
208.05,0.9996841893,-0.5380329446,-0.5380329446,1.976995544
208.075,0.9976125064,-0.4879513597,-0.4879513597,2.029549962
208.1,0.9936113105,-0.4365549418,-0.4365549418,2.082164468
208.125,0.9876883406,-0.3838435875,-0.3838435875,2.13472433
208.15,0.9798550524,-0.3298202658,-0.3298202658,2.187098692
208.175,0.9701265965,-0.2744914293,-0.2744914293,2.239139319
208.2,0.958521789,-0.217867466,-0.217867466,2.290679353
208.225,0.9450630752,-0.1599631824,-0.1599631824,2.341532156
208.25,0.9297764859,-0.1007983079,-0.1007983079,2.391490295
208.275,0.9126915874,-0.04039802607,-0.04039802607,2.440324709
208.3,0.8938414242,0.02120647542,0.02120647542,2.487784117
208.325,0.8732624548,0.0839774463,0.0839774463,2.533594761
208.35,0.8509944818,0.1478700122,0.1478700122,2.577460528
208.375,0.8270805743,0.2128316225,0.2128316225,2.619063563
208.4,0.8015669849,0.2788015196,0.2788015196,2.658065434
208.425,0.7745030602,0.3457102455,0.3457102455,2.694108934
208.45,0.7459411454,0.4134792045,0.4134792045,2.726820602
208.475,0.715936483,0.4820202933,0.4820202933,2.755814048
208.5,0.6845471059,0.5512356291,0.5512356291,2.780694042
208.525,0.6518337253,0.6210173902,0.6210173902,2.801061519
208.55,0.6178596131,0.6912477893,0.6912477893,2.816519393
208.575,0.5826904797,0.7617992047,0.7617992047,2.826679152
208.6,0.5463943467,0.8325344842,0.8325344842,2.831168166
208.625,0.5090414158,0.9033074404,0.9033074404,2.829637568
208.65,0.4707039322,0.9739635472,0.9739635472,2.8217705
208.675,0.4314560457,1.044340844,1.044340844,2.807290496
208.7,0.3913736668,1.11427105,1.11427105,2.785969735
208.725,0.3505343202,1.183580879,1.183580879,2.757636844
208.75,0.3090169944,1.25209354,1.25209354,2.722183929
208.775,0.2669019893,1.319630401,1.319630401,2.679572498
208.8,0.2242707609,1.386012784,1.386012784,2.629837962
208.825,0.1812057636,1.451063852,1.451063852,2.573092444
208.85,0.1377902907,1.514610541,1.514610541,2.509525678
208.875,0.09410831332,1.57648549,1.57648549,2.43940387
208.9,0.05024431818,1.636528919,1.636528919,2.363066464
208.925,0.006283143965,1.694590395,1.694590395,2.280920885
208.95,-0.03769018267,1.750530449,1.750530449,2.193435401
208.975,-0.08159061157,1.80422199,1.80422199,2.101130343
209,-0.1253332336,1.855551481,1.855551481,2.004568043
209.025,-0.1688334447,1.904419854,1.904419854,1.904341856
209.05,-0.2120071099,1.950743147,1.950743147,1.801064703
209.075,-0.2547707257,1.994452839,1.994452839,1.695357403
209.1,-0.2970415816,2.035495917,2.035495917,1.587837648
209.125,-0.3387379202,2.073834657,2.073834657,1.479109362
209.15,-0.3797790955,2.109446162,2.109446162,1.369753279
209.175,-0.4200857284,2.142321678,2.142321678,1.260318768
209.2,-0.4595798606,2.172465719,2.172465719,1.151317023
209.225,-0.4981851053,2.199895047,2.199895047,1.04321581
209.25,-0.535826795,2.224637533,2.224637533,0.9364357479
209.275,-0.5724321256,2.246730951,2.246730951,0.8313480349
209.3,-0.6079302977,2.266221725,2.266221725,0.7282735539
209.325,-0.6422526532,2.283163677,2.283163677,0.6274831985
209.35,-0.6753328081,2.297616785,2.297616785,0.5291992408
209.375,-0.7071067812,2.309646003,2.309646003,0.4335975617
209.4,-0.7375131174,2.31932013,2.31932013,0.3408105427
209.425,-0.7664930068,2.326710765,2.326710765,0.2509304749
209.45,-0.7939903986,2.331891353,2.331891353,0.1640132563
209.475,-0.8199521093,2.334936321,2.334936321,0.08008226999
209.5,-0.8443279255,2.335920315,2.335920315,-0.0008676818966
209.525,-0.8670707012,2.334917535,2.334917535,-0.07886652372
209.55,-0.8881364488,2.332001162,2.332001162,-0.1539651951
209.575,-0.9074844245,2.327242877,2.327242877,-0.2262321506
209.6,-0.9250772068,2.320712466,2.320712466,-0.2957501154
209.625,-0.940880769,2.312477498,2.312477498,-0.3626131249
209.65,-0.9548645447,2.30260308,2.30260308,-0.4269238618
209.675,-0.9670014878,2.291151667,2.291151667,-0.4887912934
209.7,-0.9772681236,2.278182934,2.278182934,-0.548328603
209.725,-0.9856445951,2.263753692,2.263753692,-0.6056514025
209.75,-0.9921147013,2.247917847,2.247917847,-0.6608762086
209.775,-0.996665928,2.230726396,2.230726396,-0.7141191624
209.8,-0.9992894726,2.212227448,2.212227448,-0.7654949688
209.825,-0.9999802609,2.19246627,2.19246627,-0.8151160327
209.85,-0.9987369566,2.171485356,2.171485356,-0.8630917711
209.875,-0.9955619646,2.149324509,2.149324509,-0.9095280769
209.9,-0.9904614257,2.12602093,2.12602093,-0.9545269138
209.925,-0.983445205,2.101609326,2.101609326,-0.9981860219
209.95,-0.9745268728,2.076122015,2.076122015,-1.040598718
209.975,-0.9637236783,2.049589036,2.049589036,-1.081853774
210,-0.9510565163,2.02203827,2.02203827,-1.12203536
210.025,-0.9365498867,1.99349555,1.99349555,-1.161223027
210.05,-0.9202318474,1.963984775,1.963984775,-1.199491748
210.075,-0.9021339594,1.933528032,1.933528032,-1.236911969
210.1,-0.8822912264,1.902145697,1.902145697,-1.273549689
210.125,-0.860742027,1.869856553,1.869856553,-1.309466555
210.15,-0.83752804,1.836677897,1.836677897,-1.344719958
210.175,-0.8126941644,1.80262564,1.80262564,-1.379363132
210.2,-0.7862884321,1.767714414,1.767714414,-1.41344525
210.225,-0.7583619153,1.731957675,1.731957675,-1.447011515
210.25,-0.7289686274,1.695367792,1.695367792,-1.480103231
210.275,-0.698165419,1.657956155,1.657956155,-1.512757874
210.3,-0.6660118674,1.619733259,1.619733259,-1.54500913
210.325,-0.6325701619,1.580708809,1.580708809,-1.576886929
210.35,-0.5979049831,1.540891805,1.540891805,-1.608417453
210.375,-0.5620833779,1.500290643,1.500290643,-1.639623119
210.4,-0.52517463,1.4589132,1.4589132,-1.670522549
210.425,-0.4872501257,1.416766943,1.416766943,-1.701130501
210.45,-0.4483832161,1.373859013,1.373859013,-1.731457796
210.475,-0.4086490747,1.330196334,1.330196334,-1.7615112
210.5,-0.3681245527,1.285785713,1.285785713,-1.791293294
210.525,-0.3268880297,1.240633943,1.240633943,-1.820802322
210.55,-0.2850192625,1.194747924,1.194747924,-1.85003199
210.575,-0.2425992308,1.148134762,1.148134762,-1.878971288
210.6,-0.1997099805,1.10080191,1.10080191,-1.907604237
210.625,-0.156434465,1.052757279,1.052757279,-1.935909658
210.65,-0.1128563849,1.004009377,1.004009377,-1.963860904
210.675,-0.06906002571,0.9545674536,0.9545674536,-1.991425575
210.7,-0.02513009544,0.9044416378,0.9044416378,-2.018565243
210.725,0.01884843972,0.8536431045,0.8536431045,-2.045235142
210.75,0.06279051953,0.8021842216,0.8021842216,-2.071383894
210.775,0.1066111543,0.7500787364,0.7500787364,-2.096953206
210.8,0.1502255891,0.6973419335,0.6973419335,-2.121877618
210.825,0.1935494681,0.6439908349,0.6439908349,-2.146084246
210.85,0.236498997,0.5900443715,0.5900443715,-2.169492586
210.875,0.278991106,0.5355235915,0.5355235915,-2.192014348
210.9,0.3209436098,0.4804518416,0.4804518416,-2.213553362
210.925,0.3622753667,0.424854978,0.424854978,-2.234005557
210.95,0.4029064357,0.3687615513,0.3687615513,-2.253259021
210.975,0.442758231,0.3122030105,0.3122030105,-2.271194195
211,0.4817536741,0.2552138833,0.2552138833,-2.28768415
211.025,0.5198173426,0.1978319598,0.1978319598,-2.302595049
211.05,0.5568756165,0.1400984563,0.1400984563,-2.315786721
211.075,0.5928568202,0.08205816351,0.08205816351,-2.327113447
211.1,0.6276913613,0.02375957698,0.02375957698,-2.336424892
211.125,0.6613118653,-0.03474500572,-0.03474500572,-2.34356726
211.15,0.6936533058,-0.09339941123,-0.09339941123,-2.34838463
211.175,0.7246531302,-0.1521435578,-0.1521435578,-2.350720501
211.2,0.7542513807,-0.2109134618,-0.2109134618,-2.350419533
211.225,0.7823908106,-0.2696412905,-0.2696412905,-2.347329474
211.25,0.8090169944,-0.3282554654,-0.3282554654,-2.34130326
211.275,0.8340784336,-0.3866808193,-0.3866808193,-2.332201255
211.3,0.8575266562,-0.4448388112,-0.4448388112,-2.319893598
211.325,0.8793163102,-0.5026478008,-0.5026478008,-2.304262627
211.35,0.8994052516,-0.5600233848,-0.5600233848,-2.285205325
211.375,0.9177546257,-0.6168787924,-0.6168787924,-2.262635713
211.4,0.9343289425,-0.6731253403,-0.6731253403,-2.236487163
211.425,0.949096145,-0.7286729435,-0.7286729435,-2.206714534
211.45,0.9620276716,-0.783430678,-0.783430678,-2.173296097
211.475,0.973098511,-0.8373073865,-0.8373073865,-2.136235144
211.5,0.9822872507,-0.8902123201,-0.8902123201,-2.095561256
211.525,0.9895761186,-0.9420558068,-0.9420558068,-2.051331155
211.55,0.994951017,-0.9927499371,-0.9927499371,-2.003629107
211.575,0.9984015501,-1.042209252,-1.042209252,-1.952566833
211.6,0.9999210442,-1.090351425,-1.090351425,-1.898282916
211.625,0.9995065604,-1.137097914,-1.137097914,-1.840941715
211.65,0.9971589003,-1.182374598,-1.182374598,-1.780731769
211.675,0.9928826046,-1.226112347,-1.226112347,-1.717863753
211.7,0.9866859442,-1.26824755,-1.26824755,-1.652568031
211.725,0.9785809043,-1.308722574,-1.308722574,-1.585091843
211.75,0.9685831611,-1.347486144,-1.347486144,-1.515696204
211.775,0.9567120516,-1.38449365,-1.38449365,-1.444652658
211.8,0.9429905359,-1.419707365,-1.419707365,-1.372239838
211.825,0.9274451533,-1.453096583,-1.453096583,-1.298740053
211.85,0.9101059707,-1.484637666,-1.484637666,-1.224435963
211.875,0.8910065242,-1.51431401,-1.51431401,-1.149607242
211.9,0.8701837547,-1.542115941,-1.542115941,-1.074527688
211.925,0.8476779361,-1.568040516,-1.568040516,-0.9994622999
211.95,0.8235325976,-1.592091293,-1.592091293,-0.9246649618
211.975,0.7977944395,-1.614278006,-1.614278006,-0.8503762121
212,0.7705132428,-1.634616226,-1.634616226,-0.776821578
212.025,0.7417417727,-1.65312695,-1.65312695,-0.7042101329
212.05,0.7115356772,-1.669836194,-1.669836194,-0.6327335288
212.075,0.6799533787,-1.684774536,-1.684774536,-0.5625653151
212.1,0.6470559616,-1.697976661,-1.697976661,-0.4938606295
212.125,0.6129070537,-1.709480908,-1.709480908,-0.4267561726
212.15,0.5775727034,-1.719328798,-1.719328798,-0.3613704698
212.175,0.5411212521,-1.727564599,-1.727564599,-0.2978043476
212.2,0.5036232016,-1.734234882,-1.734234882,-0.2361416299
212.225,0.4651510781,-1.73938811,-1.73938811,-0.1764499758
212.25,0.4257792916,-1.743074247,-1.743074247,-0.1187818412
212.275,0.3855839923,-1.745344388,-1.745344388,-0.06317554247
212.3,0.3446429232,-1.74625042,-1.74625042,-0.009656359647
212.325,0.3030352696,-1.745844713,-1.745844713,0.04176232426
212.35,0.2608415063,-1.744179832,-1.744179832,0.09107787834
212.375,0.2181432414,-1.741308289,-1.741308289,0.1382972991
212.4,0.175023059,-1.737282308,-1.737282308,0.1834361182
212.425,0.1315643591,-1.732153631,-1.732153631,0.2265173576
212.45,0.08785119655,-1.725973342,-1.725973342,0.2675705409
212.475,0.04396811832,-1.718791713,-1.718791713,0.3066307716
212.5,-2.450655356e-14,-1.71065808,-1.71065808,0.3437378844
212.525,-0.04396811832,-1.701620731,-1.701620731,0.3789356578
212.55,-0.08785119655,-1.691726818,-1.691726818,0.4122711124
212.575,-0.1315643591,-1.681022282,-1.681022282,0.443793879
212.6,-0.175023059,-1.669551799,-1.669551799,0.4735556248
212.625,-0.2181432414,-1.657358733,-1.657358733,0.5016095703
212.65,-0.2608415063,-1.6444851,-1.6444851,0.5280100433
212.675,-0.3030352696,-1.630971551,-1.630971551,0.5528121164
212.7,-0.3446429232,-1.616857352,-1.616857352,0.5760712805
212.725,-0.3855839923,-1.60218038,-1.60218038,0.5978431846
212.75,-0.4257792916,-1.586977123,-1.586977123,0.6181834056
212.775,-0.4651510781,-1.57128268,-1.57128268,0.6371472779
212.8,-0.5036232016,-1.555130771,-1.555130771,0.6547897354
212.825,-0.5411212521,-1.538553751,-1.538553751,0.6711652165
212.85,-0.5775727034,-1.521582619,-1.521582619,0.6863275672
212.875,-0.6129070537,-1.504247038,-1.504247038,0.7003299865
212.9,-0.6470559616,-1.486575348,-1.486575348,0.7132249934
212.925,-0.6799533787,-1.468594585,-1.468594585,0.7250644015
212.95,-0.7115356772,-1.450330499,-1.450330499,0.7358993158
212.975,-0.7417417727,-1.43180757,-1.43180757,0.7457801404
213,-0.7705132428,-1.413049028,-1.413049028,0.7547565969
213.025,-0.7977944395,-1.394076867,-1.394076867,0.7628777445
213.05,-0.8235325976,-1.374911864,-1.374911864,0.7701920154
213.075,-0.8476779361,-1.355573592,-1.355573592,0.776747246
213.1,-0.8701837547,-1.336080433,-1.336080433,0.7825907122
213.125,-0.8910065242,-1.316449598,-1.316449598,0.7877691714
213.15,-0.9101059707,-1.296697131,-1.296697131,0.7923288939
213.175,-0.9274451533,-1.276837927,-1.276837927,0.7963157026
213.2,-0.9429905359,-1.256885742,-1.256885742,0.799775007
213.225,-0.9567120516,-1.236853197,-1.236853197,0.8027518309
213.25,-0.9685831611,-1.216751798,-1.216751798,0.805290845
213.275,-0.9785809043,-1.196591934,-1.196591934,0.8074363865
213.3,-0.9866859442,-1.176382891,-1.176382891,0.8092324793
213.325,-0.9928826046,-1.156132858,-1.156132858,0.8107228505
213.35,-0.9971589003,-1.135848934,-1.135848934,0.8119509372
213.375,-0.9995065604,-1.115537137,-1.115537137,0.8129598925
213.4,-0.9999210442,-1.095202408,-1.095202408,0.8137925833
213.425,-0.9984015501,-1.074848622,-1.074848622,0.814491586
213.45,-0.994951017,-1.05447859,-1.05447859,0.8150991721
213.475,-0.9895761186,-1.034094075,-1.034094075,0.8156572911
213.5,-0.9822872507,-1.013695791,-1.013695791,0.8162075527
213.525,-0.973098511,-0.993283419,-0.993283419,0.816791194
213.55,-0.9620276716,-0.9728556133,-0.9728556133,0.8174490433
213.575,-0.949096145,-0.9524100126,-0.9524100126,0.8182214934
213.6,-0.9343289425,-0.9319432503,-0.9319432503,0.8191484589
213.625,-0.9177546257,-0.9114509729,-0.9114509729,0.8202693065
213.65,-0.8994052516,-0.8909278466,-0.8909278466,0.8216228316
213.675,-0.8793163102,-0.8703675745,-0.8703675745,0.8232471959
213.7,-0.8575266562,-0.849762917,-0.849762917,0.8251798555
213.725,-0.8340784336,-0.829105707,-0.829105707,0.8274575064
213.75,-0.8090169944,-0.8083868677,-0.8083868677,0.8301160257
213.775,-0.7823908106,-0.7875964395,-0.7875964395,0.8331903845
213.8,-0.7542513807,-0.7667235999,-0.7667235999,0.8367145833
213.825,-0.7246531302,-0.7457566868,-0.7457566868,0.8407215837
213.85,-0.6936533058,-0.7246832314,-0.7246832314,0.8452432106
213.875,-0.6613118653,-0.7034899826,-0.7034899826,0.8503100833
213.9,-0.6276913613,-0.6821629385,-0.6821629385,0.8559515311
213.925,-0.5928568202,-0.6606873845,-0.6606873845,0.8621954911
213.95,-0.5568756165,-0.6390479223,-0.6390479223,0.8690684347
213.975,-0.5198173426,-0.617228513,-0.617228513,0.8765952624
214,-0.4817536741,-0.5952125163,-0.5952125163,0.8847992077
214.025,-0.442758231,-0.5729827304,-0.5729827304,0.8937017443
214.05,-0.4029064357,-0.5505214435,-0.5505214435,0.903322469
214.075,-0.3622753667,-0.5278104747,-0.5278104747,0.9136790095
214.1,-0.3209436098,-0.5048312311,-0.5048312311,0.9247868988
214.125,-0.278991106,-0.4815647569,-0.4815647569,0.9366594693
214.15,-0.236498997,-0.4579917928,-0.4579917928,0.9493077264
214.175,-0.1935494681,-0.4340928346,-0.4340928346,0.9627402245
214.2,-0.1502255891,-0.4098481957,-0.4098481957,0.9769629362
214.225,-0.1066111543,-0.3852380748,-0.3852380748,0.9919791123
214.25,-0.06279051953,-0.3602426238,-0.3602426238,1.007789141
214.275,-0.01884843972,-0.3348420232,-0.3348420232,1.024390395
214.3,0.02513009544,-0.3090165579,-0.3090165579,1.041777074
214.325,0.06906002571,-0.2827466995,-0.2827466995,1.059940038
214.35,0.1128563849,-0.2560131914,-0.2560131914,1.078866638
214.375,0.156434465,-0.228797139,-0.228797139,1.09854053
214.4,0.1997099805,-0.201080105,-0.201080105,1.11894149
214.425,0.2425992308,-0.172844207,-0.172844207,1.140045216
214.45,0.2850192625,-0.1440722246,-0.1440722246,1.161823125
214.475,0.3268880297,-0.114747707,-0.114747707,1.184242144
214.5,0.3681245527,-0.08485508823,-0.08485508823,1.207264497
214.525,0.4086490747,-0.05437980867,-0.05437980867,1.230847486
214.55,0.4483832161,-0.02330843924,-0.02330843924,1.254943269
214.575,0.4872501257,0.008371186316,0.008371186316,1.27949865
214.6,0.52517463,0.04066983509,0.04066983509,1.304454856
214.625,0.5620833779,0.07359673305,0.07359673305,1.329747334
214.65,0.5979049831,0.1071594181,0.1071594181,1.355305561
214.675,0.6325701619,0.1413635885,0.1413635885,1.381052861
214.7,0.6660118674,0.176212947,0.176212947,1.406906253
214.725,0.698165419,0.211709042,0.211709042,1.432776331
214.75,0.7289686274,0.2478511052,0.2478511052,1.458567172
214.775,0.7583619153,0.284635888,0.284635888,1.484176297
214.8,0.7862884321,0.3220574991,0.3220574991,1.509494685
214.825,0.8126941644,0.3601072389,0.3601072389,1.534406849
214.85,0.83752804,0.3987734429,0.3987734429,1.558790982
214.875,0.860742027,0.4380413238,0.4380413238,1.582519199
214.9,0.8822912264,0.4778928246,0.4778928246,1.605457852
214.925,0.9021339594,0.5183064802,0.5183064802,1.627467981
214.95,0.9202318474,0.5592572895,0.5592572895,1.64840582
214.975,0.9365498867,0.6007166043,0.6007166043,1.668123529
215,0.9510565163,0.6426520384,0.6426520384,1.686469898
215.025,0.9637236783,0.6850273922,0.6850273922,1.703291361
215.05,0.9745268728,0.7278026076,0.7278026076,1.718432973
215.075,0.983445205,0.7709337497,0.7709337497,1.731739682
215.1,0.9904614257,0.8143730173,0.8143730173,1.743057574
215.125,0.9955619646,0.8580687931,0.8580687931,1.752235377
215.15,0.9987369566,0.9019657246,0.9019657246,1.759125967
215.175,0.9999802609,0.9460048513,0.9460048513,1.763588022
215.2,0.9992894726,0.9901237705,0.9901237705,1.76548773
215.225,0.996665928,1.034256844,1.034256844,1.76470051
215.25,0.9921147013,1.078335455,1.078335455,1.761112787
215.275,0.9856445951,1.122288301,1.122288301,1.754623697
215.3,0.9772681236,1.166041736,1.166041736,1.745146738
215.325,0.9670014878,1.209520146,1.209520146,1.732611328
215.35,0.9548645447,1.252646367,1.252646367,1.716964193
215.375,0.940880769,1.29534213,1.29534213,1.698170568
215.4,0.9250772068,1.337528541,1.337528541,1.676215184
215.425,0.9074844245,1.379126576,1.379126576,1.651102972
215.45,0.8881364488,1.42005759,1.42005759,1.622859481
215.475,0.8670707012,1.460243836,1.460243836,1.591530986
215.5,0.8443279255,1.499608982,1.499608982,1.557184257
215.525,0.8199521093,1.538078614,1.538078614,1.519906
215.55,0.7939903986,1.575580728,1.575580728,1.479801963
215.575,0.7664930068,1.61204619,1.61204619,1.436995722
215.6,0.7375131174,1.647409158,1.647409158,1.391627197
215.625,0.7071067812,1.681607481,1.681607481,1.343850874
215.65,0.6753328081,1.714583027,1.714583027,1.293833831
215.675,0.6422526532,1.746281977,1.746281977,1.241753609
215.7,0.6079302977,1.776655059,1.776655059,1.187795896
215.725,0.5724321256,1.805657721,1.805657721,1.132152236
215.75,0.535826795,1.833250246,1.833250246,1.07501763
215.775,0.4981851053,1.859397813,1.859397813,1.016588245
215.8,0.4595798606,1.884070495,1.884070495,0.9570591558
215.825,0.4200857284,1.907243207,1.907243207,0.896622255
215.85,0.3797790955,1.928895601,1.928895601,0.8354642989
215.875,0.3387379202,1.949011914,1.949011914,0.773765157
215.9,0.2970415816,1.967580781,1.967580781,0.711696295
215.925,0.2547707257,1.984594999,1.984594999,0.6494194539
215.95,0.2120071099,2.000051282,2.000051282,0.5870856163
215.975,0.1688334447,2.01394997,2.01394997,0.5248341652
216,0.1253332336,2.02629474,2.02629474,0.4627923159
216.025,0.08159061157,2.037092292,2.037092292,0.4010747464
216.05,0.03769018267,2.046352033,2.046352033,0.3397834484
216.075,-0.006283143966,2.054085764,2.054085764,0.2790077603
216.1,-0.05024431818,2.060307362,2.060307362,0.2188245708
216.125,-0.09410831332,2.065032473,2.065032473,0.1592986681
216.15,-0.1377902907,2.068278219,2.068278219,0.1004832031
216.175,-0.1812057636,2.070062908,2.070062908,0.04242026192
216.2,-0.2242707609,2.070405769,2.070405769,-0.0148584928
216.225,-0.2669019893,2.069326703,2.069326703,-0.07133112843
216.25,-0.3090169944,2.066846041,2.066846041,-0.1269847011
216.275,-0.3505343202,2.062984335,2.062984335,-0.1818145038
216.3,-0.3913736668,2.057762159,2.057762159,-0.2358233184
216.325,-0.4314560457,2.051199933,2.051199933,-0.2890206439
216.35,-0.4707039322,2.043317762,2.043317762,-0.3414219965
216.375,-0.5090414158,2.034135294,2.034135294,-0.3930481751
216.4,-0.5463943467,2.023671602,2.023671602,-0.4439246218
216.425,-0.5826904797,2.011945067,2.011945067,-0.4940807661
216.45,-0.6178596131,1.998973293,1.998973293,-0.543549458
216.475,-0.6518337253,1.984773026,1.984773026,-0.5923664091
216.5,-0.6845471059,1.969360087,1.969360087,-0.640569701
216.525,-0.715936483,1.952749322,1.952749322,-0.6881993262
216.55,-0.7459411454,1.934954556,1.934954556,-0.7352967735
216.575,-0.7745030602,1.915988563,1.915988563,-0.7819046595
216.6,-0.8015669849,1.895863041,1.895863041,-0.8280663858
216.625,-0.8270805743,1.874588596,1.874588596,-0.873825848
216.65,-0.8509944818,1.852174733,1.852174733,-0.9192271567
216.675,-0.8732624548,1.828629855,1.828629855,-0.9643144057
216.7,-0.8938414242,1.803961264,1.803961264,-1.009131447
216.725,-0.9126915874,1.778175173,1.778175173,-1.0537217
216.75,-0.9297764859,1.751276712,1.751276712,-1.098127968
216.775,-0.9450630752,1.723269957,1.723269957,-1.142392264
216.8,-0.958521789,1.694157939,1.694157939,-1.186555665
216.825,-0.9701265965,1.663942681,1.663942681,-1.230658131
216.85,-0.9798550524,1.632625218,1.632625218,-1.274738373
216.875,-0.9876883406,1.600205636,1.600205636,-1.318833675
216.9,-0.9936113105,1.566683111,1.566683111,-1.362979714
216.925,-0.9976125064,1.532055944,1.532055944,-1.407210411
216.95,-0.9996841893,1.496321618,1.496321618,-1.45155768
216.975,-0.9998223524,1.459476841,1.459476841,-1.496051239
217,-0.9980267284,1.421517608,1.421517608,-1.54071836
217.025,-0.9943007904,1.382439271,1.382439271,-1.58558354
217.05,-0.9886517447,1.342236602,1.342236602,-1.630668245
217.075,-0.9810905174,1.300903877,1.300903877,-1.67599052
217.1,-0.9716317329,1.258434977,1.258434977,-1.721564548
217.125,-0.9602936857,1.214823468,1.214823468,-1.767400279
217.15,-0.947098305,1.170062738,1.170062738,-1.813502822
217.175,-0.9320711125,1.124146105,1.124146105,-1.85987194
217.2,-0.9152411726,1.077066968,1.077066968,-1.906501406
217.225,-0.8966410368,1.028818971,1.028818971,-1.953378241
217.25,-0.87630668,0.9793961622,0.9793961622,-2.000482047
217.275,-0.8542774317,0.9287932146,0.9287932146,-2.047784044
217.3,-0.8305958992,0.8770056224,0.8770056224,-2.095246259
217.325,-0.8053078857,0.8240299651,0.8240299651,-2.142820459
217.35,-0.7784623016,0.7698641588,0.7698641588,-2.190447146
217.375,-0.7501110696,0.7145077659,0.7145077659,-2.238054418
217.4,-0.7203090249,0.6579623076,0.6579623076,-2.28555682
217.425,-0.6891138084,0.6002316299,0.6002316299,-2.332854123
217.45,-0.6565857558,0.5413222742,0.5413222742,-2.379830135
217.475,-0.6227877805,0.4812439071,0.4812439071,-2.426351456
217.5,-0.5877852523,0.4200097502,0.4200097502,-2.472266336
217.525,-0.5516458706,0.3576370645,0.3576370645,-2.517403552
217.55,-0.5144395338,0.2941476447,0.2941476447,-2.561571436
217.575,-0.4762382037,0.229568339,0.229568339,-2.604557067
217.6,-0.4371157667,0.1639315932,0.1639315932,-2.646125686
217.625,-0.3971478906,0.09727599773,0.09727599773,-2.686020416
217.65,-0.3564118787,0.02964684001,0.02964684001,-2.723962349
217.675,-0.3149865197,-0.03890334877,-0.03890334877,-2.759651086
217.7,-0.2729519355,-0.1083142693,-0.1083142693,-2.792765793
217.725,-0.2303894267,-0.178517363,-0.178517363,-2.822966878
217.75,-0.1873813146,-0.2494353704,-0.2494353704,-2.849898346
217.775,-0.1440107826,-0.3209819584,-0.3209819584,-2.873190887
217.8,-0.1003617149,-0.3930614354,-0.3930614354,-2.892465772
217.825,-0.05651853448,-0.4655685714,-0.4655685714,-2.907339584
217.85,-0.01256603988,-0.5383885488,-0.5383885488,-2.917429721
217.875,0.03141075908,-0.6113970606,-0.6113970606,-2.922360718
217.9,0.07532680553,-0.6844605747,-0.6844605747,-2.921771267
217.925,0.1190971601,-0.757436782,-0.757436782,-2.9153218
217.95,0.1626371652,-0.8301752388,-0.8301752388,-2.902702486
217.975,0.2058626088,-0.9025182124,-0.9025182124,-2.883641406
218,0.2486898872,-0.9743017306,-0.9743017306,-2.857912665
218.025,0.2910361668,-1.045356831,-1.045356831,-2.825344133
218.05,0.3328195445,-1.115510993,-1.115510993,-2.785824496
218.075,0.3739592057,-1.184589739,-1.184589739,-2.739309308
218.1,0.414375581,-1.252418367,-1.252418367,-2.685825717
218.125,0.4539904997,-1.318823782,-1.318823782,-2.625475605
218.15,0.4927273415,-1.383636388,-1.383636388,-2.558436915
218.175,0.5305111843,-1.446691981,-1.446691981,-2.484963005
218.2,0.5672689491,-1.50783361,-1.50783361,-2.405379975
218.225,0.6029295417,-1.566913338,-1.566913338,-2.320081993
218.25,0.6374239897,-1.623793867,-1.623793867,-2.229524733
218.275,0.6706855765,-1.678349977,-1.678349977,-2.134217175
218.3,0.7026499698,-1.730469737,-1.730469737,-2.034712029
218.325,0.7332553462,-1.780055475,-1.780055475,-1.931595209
218.35,0.762442511,-1.827024463,-1.827024463,-1.825474622
218.375,0.7901550124,-1.871309329,-1.871309329,-1.716968844
218.4,0.8163392507,-1.912858184,-1.912858184,-1.606696108
218.425,0.8409445823,-1.951634476,-1.951634476,-1.49526364
218.45,0.8639234172,-1.987616599,-1.987616599,-1.383258197
218.475,0.8852313113,-2.02079727,-2.02079727,-1.271237634
218.5,0.9048270525,-2.051182715,-2.051182715,-1.159723811
218.525,0.9226727399,-2.078791698,-2.078791698,-1.04919705
218.55,0.9387338577,-2.103654429,-2.103654429,-0.9400920221
218.575,0.9529793415,-2.125811382,-2.125811382,-0.8327951009
218.6,0.9653816388,-2.145312072,-2.145312072,-0.7276431046
218.625,0.9759167619,-2.162213817,-2.162213817,-0.6249232607
218.65,0.9845643345,-2.176580505,-2.176580505,-0.5248742463
218.675,0.9913076311,-2.188481401,-2.188481401,-0.4276881432
218.7,0.9961336091,-2.197990016,-2.197990016,-0.3335130926
218.725,0.9990329347,-2.205183052,-2.205183052,-0.2424564737
218.75,1,-2.210139421,-2.210139421,-0.154588492
218.775,0.9990329347,-2.212939363,-2.212939363,-0.06994593157
218.8,0.9961336091,-2.213663663,-2.213663663,0.01146398133
218.825,0.9913076311,-2.212392955,-2.212392955,0.08965975126
218.85,0.9845643345,-2.209207128,-2.209207128,0.1646819045
218.875,0.9759167619,-2.204184819,-2.204184819,0.2365894658
218.9,0.9653816388,-2.197402994,-2.197402994,0.3054566715
218.925,0.9529793415,-2.188936604,-2.188936604,0.3713699504
218.95,0.9387338577,-2.178858315,-2.178858315,0.4344251914
218.975,0.9226727399,-2.167238305,-2.167238305,0.4947253045
219,0.9048270525,-2.154144112,-2.154144112,0.5523780715
219.025,0.8852313113,-2.13964054,-2.13964054,0.6074942782
219.05,0.8639234172,-2.123789601,-2.123789601,0.6601861092
219.075,0.8409445823,-2.106650502,-2.106650502,0.7105657913
219.1,0.8163392507,-2.088279653,-2.088279653,0.7587444592
219.125,0.7901550124,-2.068730711,-2.068730711,0.8048312238
219.15,0.762442511,-2.048054637,-2.048054637,0.848932423
219.175,0.7332553462,-2.026299777,-2.026299777,0.8911510306
219.2,0.7026499698,-2.003511947,-2.003511947,0.9315862021
219.225,0.6706855765,-1.979734536,-1.979734536,0.9703329391
219.25,0.6374239897,-1.955008613,-1.955008613,1.007481858
219.275,0.6029295417,-1.929373039,-1.929373039,1.043119039
219.3,0.5672689491,-1.902864579,-1.902864579,1.077325949
219.325,0.5305111843,-1.875518019,-1.875518019,1.110179421
219.35,0.4927273415,-1.847366284,-1.847366284,1.141751681
219.375,0.4539904997,-1.818440547,-1.818440547,1.172110407
219.4,0.414375581,-1.788770348,-1.788770348,1.201318825
219.425,0.3739592057,-1.7583837,-1.7583837,1.229435814
219.45,0.3328195445,-1.727307196,-1.727307196,1.256516041
219.475,0.2910361668,-1.695566115,-1.695566115,1.28261009
219.5,0.2486898872,-1.66318452,-1.66318452,1.30776461
219.525,0.2058626088,-1.630185355,-1.630185355,1.332022452
219.55,0.1626371652,-1.596590542,-1.596590542,1.355422824
219.575,0.1190971601,-1.562421061,-1.562421061,1.378001418
219.6,0.07532680553,-1.527697049,-1.527697049,1.399790562
219.625,0.03141075908,-1.492437869,-1.492437869,1.420819332
219.65,-0.01256603988,-1.456662201,-1.456662201,1.441113696
219.675,-0.05651853448,-1.420388112,-1.420388112,1.460696611
219.7,-0.1003617149,-1.383633131,-1.383633131,1.479588146
219.725,-0.1440107826,-1.346414322,-1.346414322,1.497805574
219.75,-0.1873813146,-1.308748348,-1.308748348,1.515363468
219.775,-0.2303894267,-1.270651544,-1.270651544,1.532273789
219.8,-0.2729519355,-1.232139976,-1.232139976,1.548545959
219.825,-0.3149865197,-1.193229506,-1.193229506,1.564186939
219.85,-0.3564118787,-1.15393585,-1.15393585,1.579201292
219.875,-0.3971478906,-1.114274643,-1.114274643,1.593591246
219.9,-0.4371157667,-1.074261491,-1.074261491,1.607356752
219.925,-0.4762382037,-1.033912028,-1.033912028,1.620495538
219.95,-0.5144395338,-0.9932419733,-0.9932419733,1.633003164
219.975,-0.5516458706,-0.9522671831,-0.9522671831,1.64487307
220,-0.5877852523,-0.9110037054,-0.9110037054,1.65609664
220.025,-0.6227877805,-0.8694678253,-0.8694678253,1.666663243
220.05,-0.6565857558,-0.827676122,-0.827676122,1.676560304
220.075,-0.6891138084,-0.7856455099,-0.7856455099,1.685773362
220.1,-0.7203090249,-0.743393289,-0.743393289,1.694286139
220.125,-0.7501110696,-0.7009371883,-0.7009371883,1.702080625
220.15,-0.7784623016,-0.6582954068,-0.6582954068,1.709137153
220.175,-0.8053078857,-0.6154866566,-0.6154866566,1.715434515
220.2,-0.8305958992,-0.5725301959,-0.5725301959,1.720950054
220.225,-0.8542774317,-0.5294458685,-0.5294458685,1.725659802
220.25,-0.87630668,-0.4862541301,-0.4862541301,1.729538615
220.275,-0.8966410368,-0.44297608,-0.44297608,1.732560322
220.3,-0.9152411726,-0.3996334815,-0.3996334815,1.734697916
220.325,-0.9320711125,-0.3562487822,-0.3562487822,1.735923718
220.35,-0.947098305,-0.3128451281,-0.3128451281,1.736209616
220.375,-0.9602936857,-0.2694463702,-0.2694463702,1.735527264
220.4,-0.9716317329,-0.2260770696,-0.2260770696,1.733848355
220.425,-0.9810905174,-0.1827624909,-0.1827624909,1.731144865
220.45,-0.9886517447,-0.1395285935,-0.1395285935,1.727389348
220.475,-0.9943007904,-0.09640201229,-0.09640201229,1.722555228
220.5,-0.9980267284,-0.05341003249,-0.05341003249,1.716617113
220.525,-0.9998223524,-0.01058055609,-0.01058055609,1.709551122
220.55,-0.9996841893,0.03205794032,0.03205794032,1.701335212
220.575,-0.9976125064,0.07447645569,0.07447645569,1.691949528
220.6,-0.9936113105,0.1166455234,0.1166455234,1.681376736
220.625,-0.9876883406,0.1585352785,0.1585352785,1.669602368
220.65,-0.9798550524,0.2001155338,0.2001155338,1.656615156
220.675,-0.9701265965,0.2413558636,0.2413558636,1.642407355
220.7,-0.958521789,0.2822256962,0.2822256962,1.626975051
220.725,-0.9450630752,0.3226944126,0.3226944126,1.610318447
220.75,-0.9297764859,0.3627314529,0.3627314529,1.592442122
220.775,-0.9126915874,0.4023064294,0.4023064294,1.573355259
220.8,-0.8938414242,0.4413892432,0.4413892432,1.553071836
220.825,-0.8732624548,0.4799502061,0.4799502061,1.531610779
220.85,-0.8509944818,0.5179601669,0.5179601669,1.508996061
220.875,-0.8270805743,0.5553906363,0.5553906363,1.485256762
220.9,-0.8015669849,0.5922139169,0.5922139169,1.460427071
220.925,-0.7745030602,0.628403229,0.628403229,1.434546233
220.95,-0.7459411454,0.6639328359,0.6639328359,1.407658448
220.975,-0.715936483,0.6987781672,0.6987781672,1.379812702
221,-0.6845471059,0.7329159332,0.7329159332,1.35106256
221.025,-0.6518337253,0.7663242395,0.7663242395,1.321465886
221.05,-0.6178596131,0.7989826876,0.7989826876,1.291084533
221.075,-0.5826904797,0.8308724718,0.8308724718,1.25998397
221.1,-0.5463943467,0.8619764642,0.8619764642,1.228232874
221.125,-0.5090414158,0.8922792891,0.8922792891,1.195902691
221.15,-0.4707039322,0.9217673869,0.9217673869,1.163067148
221.175,-0.4314560457,0.9504290642,0.9504290642,1.129801768
221.2,-0.3913736668,0.9782545329,0.9782545329,1.096183336
221.225,-0.3505343202,1.005235935,1.005235935,1.062289386
221.25,-0.3090169944,1.031367354,1.031367354,1.028197653
221.275,-0.2669019893,1.056644815,1.056644815,0.993985563
221.3,-0.2242707609,1.081066268,1.081066268,0.9597297
221.325,-0.1812057636,1.104631563,1.104631563,0.9255053123
221.35,-0.1377902907,1.127342408,1.127342408,0.891385836
221.375,-0.09410831332,1.149202322,1.149202322,0.857442434
221.4,-0.05024431818,1.170216569,1.170216569,0.8237435917
221.425,-0.006283143966,1.190392086,1.190392086,0.7903547165
221.45,0.03769018267,1.209737406,1.209737406,0.7573378104
221.475,0.08159061157,1.228262563,1.228262563,0.7247511499
221.5,0.1253332336,1.245979002,1.245979002,0.6926490383
221.525,0.1688334447,1.262899471,1.262899471,0.6610815747
221.55,0.2120071099,1.279037919,1.279037919,0.630094487
221.575,0.2547707257,1.294409377,1.294409377,0.5997289903
221.6,0.2970415816,1.309029854,1.309029854,0.5700216984
221.625,0.3387379202,1.322916215,1.322916215,0.5410045647
221.65,0.3797790955,1.336086063,1.336086063,0.5127048678
221.675,0.4200857284,1.348557626,1.348557626,0.4851452246
221.7,0.4595798606,1.360349642,1.360349642,0.4583436406
221.725,0.4981851053,1.371481239,1.371481239,0.4323135844
221.75,0.535826795,1.381971827,1.381971827,0.4070640924
221.775,0.5724321256,1.391840989,1.391840989,0.3825998904
221.8,0.6079302977,1.401108372,1.401108372,0.3589215431
221.825,0.6422526532,1.409793587,1.409793587,0.3360256104
221.85,0.6753328081,1.417916113,1.417916113,0.3139048291
221.875,0.7071067812,1.425495198,1.425495198,0.2925482944
221.9,0.7375131174,1.432549778,1.432549778,0.2719416621
221.925,0.7664930068,1.439098385,1.439098385,0.2520673468
221.95,0.7939903986,1.445159077,1.445159077,0.2329047337
221.975,0.8199521093,1.450749358,1.450749358,0.2144303876
222,0.8443279255,1.455886115,1.455886115,0.1966182645
222.025,0.8670707012,1.460585553,1.460585553,0.1794399274
222.05,0.8881364488,1.464863139,1.464863139,0.162864748
222.075,0.9074844245,1.468733546,1.468733546,0.1468601301
222.1,0.9250772068,1.472210614,1.472210614,0.1313916911
222.125,0.940880769,1.475307299,1.475307299,0.1164234897
222.15,0.9548645447,1.478035646,1.478035646,0.1019181946
222.175,0.9670014878,1.480406746,1.480406746,0.08783729177
222.2,0.9772681236,1.482430718,1.482430718,0.07414126475
222.225,0.9856445951,1.48411668,1.48411668,0.06078975904
222.25,0.9921147013,1.485472735,1.485472735,0.04774178043
222.275,0.996665928,1.486505953,1.486505953,0.03495582842
222.3,0.9992894726,1.487222362,1.487222362,0.02239007369
222.325,0.9999802609,1.487626942,1.487626942,0.01000250356
222.35,0.9987369566,1.487723621,1.487723621,-0.002248939157
222.375,0.9955619646,1.487515279,1.487515279,-0.01440621401
222.4,0.9904614257,1.487003748,1.487003748,-0.02651105875
222.425,0.983445205,1.486189818,1.486189818,-0.03860486501
222.45,0.9745268728,1.485073255,1.485073255,-0.05072856574
222.475,0.9637236783,1.483652804,1.483652804,-0.0629225278
222.5,0.9510565163,1.481926212,1.481926212,-0.07522645242
222.525,0.9365498867,1.479890241,1.479890241,-0.08767928382
222.55,0.9202318474,1.477540689,1.477540689,-0.1003191238
222.575,0.9021339594,1.474872416,1.474872416,-0.1131831556
222.6,0.8822912264,1.471879361,1.471879361,-0.1263075731
222.625,0.860742027,1.468554574,1.468554574,-0.1397275199
222.65,0.83752804,1.464890239,1.464890239,-0.1534770333
222.675,0.8126941644,1.460877702,1.460877702,-0.1675889977
222.7,0.7862884321,1.456507504,1.456507504,-0.1820951046
222.725,0.7583619153,1.451769408,1.451769408,-0.1970258189
222.75,0.7289686274,1.446652431,1.446652431,-0.212410355
222.775,0.698165419,1.441144875,1.441144875,-0.2282766561
222.8,0.6660118674,1.435234361,1.435234361,-0.2446513848
222.825,0.6325701619,1.428907857,1.428907857,-0.2615599161
222.85,0.5979049831,1.422151716,1.422151716,-0.2790263406
222.875,0.5620833779,1.4149517,1.4149517,-0.2970734699
222.9,0.52517463,1.407293023,1.407293023,-0.3157228535
222.925,0.4872501257,1.399160369,1.399160369,-0.3349947935
222.95,0.4483832161,1.390537936,1.390537936,-0.3549083716
222.975,0.4086490747,1.381409455,1.381409455,-0.3754814785
223,0.3681245527,1.371758226,1.371758226,-0.3967308402
223.025,0.3268880297,1.361567147,1.361567147,-0.4186720642
223.05,0.2850192625,1.350818736,1.350818736,-0.4413196713
223.075,0.2425992308,1.339495164,1.339495164,-0.4646871345
223.1,0.1997099805,1.327578276,1.327578276,-0.488786933
223.125,0.156434465,1.315049619,1.315049619,-0.5136305851
223.15,0.1128563849,1.301890459,1.301890459,-0.5392286916
223.175,0.06906002571,1.288081815,1.288081815,-0.5655909879
223.2,0.02513009544,1.273604468,1.273604468,-0.592726374
223.225,-0.01884843972,1.258438986,1.258438986,-0.6206429533
223.25,-0.06279051953,1.242565749,1.242565749,-0.6493480715
223.275,-0.1066111543,1.225964957,1.225964957,-0.6788483373
223.3,-0.1502255891,1.208616656,1.208616656,-0.7091496455
223.325,-0.1935494681,1.190500755,1.190500755,-0.7402571908
223.35,-0.236498997,1.171597041,1.171597041,-0.7721754697
223.375,-0.278991106,1.151885194,1.151885194,-0.8049082742
223.4,-0.3209436098,1.131344813,1.131344813,-0.8384586658
223.425,-0.3622753667,1.109955428,1.109955428,-0.8728289494
223.45,-0.4029064357,1.08769652,1.08769652,-0.9080206173
223.475,-0.442758231,1.064547547,1.064547547,-0.944034268
223.5,-0.4817536741,1.04048796,1.04048796,-0.9808695393
223.525,-0.5198173426,1.015497234,1.015497234,-1.018524979
223.55,-0.5568756165,0.9895548987,0.9895548987,-1.056997888
223.575,-0.5928568202,0.9626405619,0.9626405619,-1.096284201
223.6,-0.6276913613,0.9347339563,0.9347339563,-1.136378243
223.625,-0.6613118653,0.905814981,0.905814981,-1.1772725
223.65,-0.6936533058,0.8758637422,0.8758637422,-1.218957395
223.675,-0.7246531302,0.8448606213,0.8448606213,-1.261420916
223.7,-0.7542513807,0.8127863308,0.8127863308,-1.304648301
223.725,-0.7823908106,0.7796219884,0.7796219884,-1.348621651
223.75,-0.8090169944,0.7453492101,0.7453492101,-1.393319427
223.775,-0.8340784336,0.7099501924,0.7099501924,-1.438716025
223.8,-0.8575266562,0.6734078361,0.6734078361,-1.484781151
223.825,-0.8793163102,0.6357058585,0.6357058585,-1.531479263
223.85,-0.8994052516,0.596828942,0.596828942,-1.578768867
223.875,-0.9177546257,0.5567628854,0.5567628854,-1.626601809
223.9,-0.9343289425,0.5154947848,0.5154947848,-1.674922477
223.925,-0.949096145,0.473013227,0.473013227,-1.723666967
223.95,-0.9620276716,0.4293085111,0.4293085111,-1.772762177
223.975,-0.973098511,0.3843728858,0.3843728858,-1.822124884
224,-0.9822872507,0.3382008208,0.3382008208,-1.871660739
224.025,-0.9895761186,0.2907892897,0.2907892897,-1.921263291
224.05,-0.994951017,0.2421380927,0.2421380927,-1.970812943
224.075,-0.9984015501,0.1922501938,0.1922501938,-2.020175962
224.1,-0.9999210442,0.141132086,0.141132086,-2.069203499
224.125,-0.9995065604,0.0887941836,0.0887941836,-2.117730672
224.15,-0.9971589003,0.03525123168,0.03525123168,-2.16557575
224.175,-0.9928826046,-0.01947726414,-0.01947726414,-2.212539473
224.2,-0.9866859442,-0.07536659163,-0.07536659163,-2.258404548
224.225,-0.9785809043,-0.1323863779,-0.1323863779,-2.302935382
224.25,-0.9685831611,-0.1905001314,-0.1905001314,-2.345878103
224.275,-0.9567120516,-0.2496647888,-0.2496647888,-2.386960924
224.3,-0.9429905359,-0.3098302755,-0.3098302755,-2.425894922
224.325,-0.9274451533,-0.3709390916,-0.3709390916,-2.462375273
224.35,-0.9101059707,-0.4329259376,-0.4329259376,-2.49608302
224.375,-0.8910065242,-0.4957173844,-0.4957173844,-2.526687441
224.4,-0.8701837547,-0.5592316198,-0.5592316198,-2.553848963
224.425,-0.8476779361,-0.6233782689,-0.6233782689,-2.577222817
224.45,-0.8235325976,-0.6880583148,-0.6880583148,-2.596463263
224.475,-0.7977944395,-0.7531641357,-0.7531641357,-2.611228463
224.5,-0.7705132428,-0.8185796692,-0.8185796692,-2.621185958
224.525,-0.7417417727,-0.8841807205,-0.8841807205,-2.626018627
224.55,-0.7115356772,-0.949835424,-0.949835424,-2.625431026
224.575,-0.6799533787,-1.015404867,-1.015404867,-2.619155965
224.6,-0.6470559616,-1.080743879,-1.080743879,-2.606961154
224.625,-0.6129070537,-1.145701989,-1.145701989,-2.588655679
224.65,-0.5775727034,-1.210124531,-1.210124531,-2.564096082
224.675,-0.5411212521,-1.273853905,-1.273853905,-2.533191821
224.7,-0.5036232016,-1.336730957,-1.336730957,-2.495909839
224.725,-0.4651510781,-1.398596464,-1.398596464,-2.452278043
224.75,-0.4257792916,-1.459292685,-1.459292685,-2.402387467
224.775,-0.3855839923,-1.518664954,-1.518664954,-2.346392984
224.8,-0.3446429232,-1.576563267,-1.576563267,-2.284512454
224.825,-0.3030352696,-1.63284383,-1.63284383,-2.217024281
224.85,-0.2608415063,-1.687370528,-1.687370528,-2.144263412
224.875,-0.2181432414,-1.740016267,-1.740016267,-2.066615894
224.9,-0.175023059,-1.790664177,-1.790664177,-1.984512131
224.925,-0.1315643591,-1.839208621,-1.839208621,-1.898419116
224.95,-0.08785119655,-1.885556009,-1.885556009,-1.808831884
224.975,-0.04396811832,-1.929625379,-1.929625379,-1.716264557
225,6.272915126e-14,-1.971348768,-1.971348768,-1.621241067
225.025,0.04396811832,-2.01067134,-2.01067134,-1.524286303
225.05,0.08785119655,-2.047551304,-2.047551304,-1.425917467
225.075,0.1315643591,-2.081959616,-2.081959616,-1.326636217
225.1,0.175023059,-2.113879513,-2.113879513,-1.226921763
225.125,0.2181432414,-2.143305861,-2.143305861,-1.127224857
225.15,0.2608415063,-2.170244391,-2.170244391,-1.027963034
225.175,0.3030352696,-2.194710821,-2.194710821,-0.9295169718
225.2,0.3446429232,-2.216729894,-2.216729894,-0.8322279891
225.225,0.3855839923,-2.236334379,-2.236334379,-0.7363966628
225.25,0.4257792916,-2.253564048,-2.253564048,-0.6422824392
225.275,0.4651510781,-2.268464645,-2.268464645,-0.5501041345
225.3,0.5036232016,-2.281086893,-2.281086893,-0.4600411922
225.325,0.5411212521,-2.291485526,-2.291485526,-0.3722355706
225.35,0.5775727034,-2.299718381,-2.299718381,-0.2867941047
225.375,0.6129070537,-2.30584556,-2.30584556,-0.2037912061
225.4,0.6470559616,-2.309928645,-2.309928645,-0.1232718245
225.425,0.6799533787,-2.312030008,-2.312030008,-0.0452544945
225.45,0.7115356772,-2.312212186,-2.312212186,0.03026557466
225.475,0.7417417727,-2.310537336,-2.310537336,0.1033134615
225.5,0.7705132428,-2.307066765,-2.307066765,0.1739316089
225.525,0.7977944395,-2.301860531,-2.301860531,0.2421770588
225.55,0.8235325976,-2.294977111,-2.294977111,0.3081188798
225.575,0.8476779361,-2.28647313,-2.28647313,0.3718358082
225.6,0.8701837547,-2.276403144,-2.276403144,0.4334141137
225.625,0.8910065242,-2.264819481,-2.264819481,0.4929456946
225.65,0.9101059707,-2.251772118,-2.251772118,0.5505263964
225.675,0.9274451533,-2.2373086,-2.2373086,0.6062545483
225.7,0.9429905359,-2.221473999,-2.221473999,0.6602297033
225.725,0.9567120516,-2.204310892,-2.204310892,0.7125515662
225.75,0.9685831611,-2.185859373,-2.185859373,0.7633190967
225.775,0.9785809043,-2.166157077,-2.166157077,0.8126297678
225.8,0.9866859442,-2.145239229,-2.145239229,0.860578965
225.825,0.9928826046,-2.1231387,-2.1231387,0.9072595041
225.85,0.9971589003,-2.099886076,-2.099886076,0.9527612579
225.875,0.9995065604,-2.075509737,-2.075509737,0.9971708744
225.9,0.9999210442,-2.050035939,-2.050035939,1.040571571
225.925,0.9984015501,-2.023488902,-2.023488902,1.08304299
225.95,0.994951017,-1.995890899,-1.995890899,1.124661115
225.975,0.9895761186,-1.967262354,-1.967262354,1.165498217
226,0.9822872507,-1.937621925,-1.937621925,1.205622845
226.025,0.973098511,-1.906986607,-1.906986607,1.245099831
226.05,0.9620276716,-1.87537182,-1.87537182,1.283990317
226.075,0.949096145,-1.842791499,-1.842791499,1.32235179
226.1,0.9343289425,-1.809258189,-1.809258189,1.36023812
226.125,0.9177546257,-1.774783132,-1.774783132,1.397699598
226.15,0.8994052516,-1.739376359,-1.739376359,1.434782966
226.175,0.8793163102,-1.703046774,-1.703046774,1.471531445
226.2,0.8575266562,-1.665802246,-1.665802246,1.507984732
226.225,0.8340784336,-1.627649695,-1.627649695,1.544179002
226.25,0.8090169944,-1.588595181,-1.588595181,1.580146869
226.275,0.7823908106,-1.548643995,-1.548643995,1.615917341
226.3,0.7542513807,-1.507800746,-1.507800746,1.65151574
226.325,0.7246531302,-1.466069462,-1.466069462,1.686963592
226.35,0.6936533058,-1.423453673,-1.423453673,1.72227851
226.375,0.6613118653,-1.37995653,-1.37995653,1.757474001
226.4,0.6276913613,-1.335580891,-1.335580891,1.792559294
226.425,0.5928568202,-1.290329443,-1.290329443,1.827539092
226.45,0.5568756165,-1.244204815,-1.244204815,1.862413304
226.475,0.5198173426,-1.197209699,-1.197209699,1.897176757
226.5,0.4817536741,-1.149346987,-1.149346987,1.931818822
226.525,0.442758231,-1.100619904,-1.100619904,1.966323087
226.55,0.4029064357,-1.051032168,-1.051032168,2.000666897
226.575,0.3622753667,-1.000588139,-1.000588139,2.03482095
226.6,0.3209436098,-0.9492930032,-0.9492930032,2.068748803
226.625,0.278991106,-0.8971529493,-0.8971529493,2.102406384
226.65,0.236498997,-0.8441753687,-0.8441753687,2.135741476
226.675,0.1935494681,-0.790369068,-0.790369068,2.168693176
226.7,0.1502255891,-0.7357444863,-0.7357444863,2.201191382
226.725,0.1066111543,-0.6803139405,-0.6803139405,2.233156243
226.75,0.06279051953,-0.6240918666,-0.6240918666,2.264497674
226.775,0.01884843972,-0.5670950888,-0.5670950888,2.295114873
226.8,-0.02513009544,-0.5093430879,-0.5093430879,2.324895913
226.825,-0.06906002571,-0.4508582859,-0.4508582859,2.353717397
226.85,-0.1128563849,-0.3916663372,-0.3916663372,2.381444216
226.875,-0.156434465,-0.3317964184,-0.3317964184,2.407929434
226.9,-0.1997099805,-0.2712815317,-0.2712815317,2.433014316
226.925,-0.2425992308,-0.2101587887,-0.2101587887,2.456528541
226.95,-0.2850192625,-0.1484697024,-0.1484697024,2.478290635
226.975,-0.3268880297,-0.08626045524,-0.08626045524,2.498108633
227,-0.3681245527,-0.02358214866,-0.02358214866,2.515781016
227.025,-0.4086490747,0.03950896906,0.03950896906,2.53109797
227.05,-0.4483832161,0.1029513176,0.1029513176,2.543842922
227.075,-0.4872501257,0.1666778374,0.1666778374,2.553794462
227.1,-0.52517463,0.2306158958,0.2306158958,2.5607286
227.125,-0.5620833779,0.2946872552,0.2946872552,2.564421358
227.15,-0.5979049831,0.3588081086,0.3588081086,2.564651717
227.175,-0.6325701619,0.4228891949,0.4228891949,2.561204886
227.2,-0.6660118674,0.4868359971,0.4868359971,2.553875814
227.225,-0.698165419,0.5505490327,0.5505490327,2.542472946
227.25,-0.7289686274,0.6139242388,0.6139242388,2.526822095
227.275,-0.7583619153,0.6768534566,0.6768534566,2.506770399
227.3,-0.7862884321,0.7392250129,0.7392250129,2.482190197
227.325,-0.8126941644,0.8009243971,0.8009243971,2.452982762
227.35,-0.83752804,0.8618350282,0.8618350282,2.419081739
227.375,-0.860742027,0.9218391026,0.9218391026,2.380456173
227.4,-0.8822912264,0.9808185123,0.9808185123,2.33711302
227.425,-0.9021339594,1.038655818,1.038655818,2.289098999
227.45,-0.9202318474,1.095235257,1.095235257,2.236501717
227.475,-0.9365498867,1.150443772,1.150443772,2.179449975
227.5,-0.9510565163,1.204172037,1.204172037,2.118113226
227.525,-0.9637236783,1.256315454,1.256315454,2.052700138
227.55,-0.9745268728,1.306775111,1.306775111,1.983456306
227.575,-0.983445205,1.355458666,1.355458666,1.910661154
227.6,-0.9904614257,1.402281146,1.402281146,1.834624106
227.625,-0.9955619646,1.447165641,1.447165641,1.755680122
227.65,-0.9987369566,1.490043886,1.490043886,1.674184749
227.675,-0.9999802609,1.530856705,1.530856705,1.590508875
227.7,-0.9992894726,1.56955433,1.56955433,1.505033227
227.725,-0.996665928,1.606096577,1.606096577,1.418142881
227.75,-0.9921147013,1.640452889,1.640452889,1.330222021
227.775,-0.9856445951,1.672602243,1.672602243,1.241648656
227.8,-0.9772681236,1.70253295,1.70253295,1.152790193
227.825,-0.9670014878,1.730242319,1.730242319,1.063999048
227.85,-0.9548645447,1.755736253,1.755736253,0.9756091932
227.875,-0.940880769,1.779028733,1.779028733,0.8879330585
227.9,-0.9250772068,1.800141265,1.800141265,0.8012592631
227.925,-0.9074844245,1.81910225,1.81910225,0.7158508756
227.95,-0.8881364488,1.835946331,1.835946331,0.6319443415
227.975,-0.8670707012,1.850713734,1.850713734,0.5497489773
228,-0.8443279255,1.863449567,1.863449567,0.4694469926
228.025,-0.8199521093,1.874203165,1.874203165,0.3911939735
228.05,-0.7939903986,1.883027429,1.883027429,0.3151197549
228.075,-0.7664930068,1.889978193,1.889978193,0.2413296394
228.1,-0.7375131174,1.895113636,1.895113636,0.1699058281
228.125,-0.7071067812,1.898493716,1.898493716,0.1009090852
228.15,-0.6753328081,1.900179663,1.900179663,0.03438049243
228.175,-0.6422526532,1.900233506,1.900233506,-0.02965671076
228.2,-0.6079302977,1.898717653,1.898717653,-0.09119526924
228.225,-0.5724321256,1.895694511,1.895694511,-0.1502420736
228.25,-0.535826795,1.891226157,1.891226157,-0.2068163742
228.275,-0.4981851053,1.88537405,1.88537405,-0.2609480749
228.3,-0.4595798606,1.878198786,1.878198786,-0.3126761257
228.325,-0.4200857284,1.869759888,1.869759888,-0.3620470294
228.35,-0.3797790955,1.860115639,1.860115639,-0.4091134658
228.375,-0.3387379202,1.84932294,1.84932294,-0.4539330467
228.4,-0.2970415816,1.8374372,1.8374372,-0.4965671978
228.425,-0.2547707257,1.824512257,1.824512257,-0.5370801626
228.45,-0.2120071099,1.810600317,1.810600317,-0.5755381244
228.475,-0.1688334447,1.795751914,1.795751914,-0.6120084527
228.5,-0.1253332336,1.780015892,1.780015892,-0.646559046
228.525,-0.08159061157,1.763439394,1.763439394,-0.679257776
228.55,-0.03769018267,1.746067874,1.746067874,-0.7101720327
228.575,0.006283143966,1.727945109,1.727945109,-0.7393683326
228.6,0.05024431818,1.709113228,1.709113228,-0.766912022
228.625,0.09410831332,1.689612746,1.689612746,-0.7928670285
228.65,0.1377902907,1.669482596,1.669482596,-0.8172956828
228.675,0.1812057636,1.648760176,1.648760176,-0.8402585834
228.7,0.2242707609,1.627481391,1.627481391,-0.8618145104
228.725,0.2669019893,1.605680701,1.605680701,-0.8820203737
228.75,0.3090169944,1.583391164,1.583391164,-0.9009311957
228.775,0.3505343202,1.56064449,1.56064449,-0.9186001217
228.8,0.3913736668,1.537471079,1.537471079,-0.9350784473
228.825,0.4314560457,1.513900076,1.513900076,-0.9504156755
228.85,0.4707039322,1.489959406,1.489959406,-0.9646595767
228.875,0.5090414158,1.465675823,1.465675823,-0.9778562646
228.9,0.5463943467,1.441074948,1.441074948,-0.9900502933
228.925,0.5826904797,1.416181305,1.416181305,-1.001284734
228.95,0.6178596131,1.39101836,1.39101836,-1.011601286
228.975,0.6518337253,1.365608552,1.365608552,-1.021040374
229,0.6845471059,1.339973326,1.339973326,-1.029641239
229.025,0.715936483,1.314133157,1.314133157,-1.037442061
229.05,0.7459411454,1.28810758,1.28810758,-1.044480035
229.075,0.7745030602,1.261915209,1.261915209,-1.050791487
229.1,0.8015669849,1.235573763,1.235573763,-1.056411962
229.125,0.8270805743,1.209100079,1.209100079,-1.061376308
229.15,0.8509944818,1.18251013,1.18251013,-1.065718778
229.175,0.8732624548,1.155819041,1.155819041,-1.069473093
229.2,0.8938414242,1.129041099,1.129041099,-1.072672534
229.225,0.9126915874,1.102189764,1.102189764,-1.07535
229.25,0.9297764859,1.075277677,1.075277677,-1.077538075
229.275,0.9450630752,1.048316669,1.048316669,-1.079269093
229.3,0.958521789,1.021317764,1.021317764,-1.080575175
229.325,0.9701265965,0.9942911852,0.9942911852,-1.081488283
229.35,0.9798550524,0.9672463592,0.9672463592,-1.082040255
229.375,0.9876883406,0.9401919173,0.9401919173,-1.08226283
229.4,0.9936113105,0.9131356988,0.9131356988,-1.082187677
229.425,0.9976125064,0.8860847512,0.8860847512,-1.081846406
229.45,0.9996841893,0.859045333,0.859045333,-1.081270578
229.475,0.9998223524,0.8320229144,0.8320229144,-1.080491705
229.5,0.9980267284,0.8050221777,0.8050221777,-1.079541245
229.525,0.9943007904,0.7780470203,0.7780470203,-1.078450588
229.55,0.9886517447,0.7511005559,0.7511005559,-1.077251029
229.575,0.9810905174,0.7241851167,0.7241851167,-1.07597375
229.6,0.9716317329,0.6973022571,0.6973022571,-1.074649786
229.625,0.9602936857,0.6704527592,0.6704527592,-1.073309967
229.65,0.947098305,0.6436366364,0.6436366364,-1.071984884
229.675,0.9320711125,0.6168531399,0.6168531399,-1.070704838
229.7,0.9152411726,0.5901007686,0.5901007686,-1.069499769
229.725,0.8966410368,0.5633772805,0.5633772805,-1.068399173
229.75,0.87630668,0.5366796982,0.5366796982,-1.06743207
229.775,0.8542774317,0.5100043272,0.5100043272,-1.066626894
229.8,0.8305958992,0.4833467724,0.4833467724,-1.066011403
229.825,0.8053078857,0.4567019515,0.4567019515,-1.065612613
229.85,0.7784623016,0.4300641172,0.4300641172,-1.065456691
229.875,0.7501110696,0.4034268825,0.4034268825,-1.065568841
229.9,0.7203090249,0.37678324,0.37678324,-1.065973227
229.925,0.6891138084,0.3501255937,0.3501255937,-1.066692846
229.95,0.6565857558,0.3234457895,0.3234457895,-1.067749416
229.975,0.6227877805,0.296735145,0.296735145,-1.069163271
230,0.5877852523,0.2699844912,0.2699844912,-1.070953226
230.025,0.5516458706,0.243184206,0.243184206,-1.073136471
230.05,0.5144395338,0.2163242611,0.2163242611,-1.075728435
230.075,0.4762382037,0.1893942648,0.1893942648,-1.078742665
230.1,0.4371157667,0.1623835123,0.1623835123,-1.082190694
230.125,0.3971478906,0.1352810362,0.1352810362,-1.086081914
230.15,0.3564118787,0.1080756634,0.1080756634,-1.090423444
230.175,0.3149865197,0.08075607145,0.08075607145,-1.09522
230.2,0.2729519355,0.05331085257,0.05331085257,-1.100473763
230.225,0.2303894267,0.02572857658,0.02572857658,-1.106184251
230.25,0.1873813146,-0.002002139576,-0.002002139576,-1.112348191
230.275,0.1440107826,-0.029892561,-0.029892561,-1.118959391
230.3,0.1003617149,-0.05795376022,-0.05795376022,-1.126008618
230.325,0.05651853448,-0.08619653976,-0.08619653976,-1.133483484
230.35,0.01256603988,-0.1146313518,-0.1146313518,-1.141368325
230.375,-0.03141075908,-0.1432682148,-0.1432682148,-1.149644101
230.4,-0.07532680553,-0.1721166279,-0.1721166279,-1.158288292
230.425,-0.1190971601,-0.2011854831,-0.2011854831,-1.167274811
230.45,-0.1626371652,-0.2304829746,-0.2304829746,-1.176573922
230.475,-0.2058626088,-0.2600165064,-0.2600165064,-1.186152175
230.5,-0.2486898872,-0.2897926004,-0.2897926004,-1.195972351
230.525,-0.2910361668,-0.3198167992,-0.3198167992,-1.205993426
230.55,-0.3328195445,-0.3500935732,-0.3500935732,-1.216170554
230.575,-0.3739592057,-0.3806262229,-0.3806262229,-1.226455067
230.6,-0.414375581,-0.4114167852,-0.4114167852,-1.236794503
230.625,-0.4539904997,-0.4424659384,-0.4424659384,-1.247132654
230.65,-0.4927273415,-0.4737729093,-0.4737729093,-1.25740965
230.675,-0.5305111843,-0.5053353838,-0.5053353838,-1.267562065
230.7,-0.5672689491,-0.5371494183,-0.5371494183,-1.27752306
230.725,-0.6029295417,-0.5692093585,-0.5692093585,-1.287222566
230.75,-0.6374239897,-0.6015077594,-0.6015077594,-1.296587496
230.775,-0.6706855765,-0.6340353137,-0.6340353137,-1.305542011
230.8,-0.7026499698,-0.6667807883,-0.6667807883,-1.31400779
230.825,-0.7332553462,-0.699730961,-0.699730961,-1.32190443
230.85,-0.762442511,-0.7328705822,-0.7328705822,-1.32914976
230.875,-0.7901550124,-0.7661823261,-0.7661823261,-1.33566032
230.9,-0.8163392507,-0.7996467728,-0.7996467728,-1.341351819
230.925,-0.8409445823,-0.8332423864,-0.8332423864,-1.346139629
230.95,-0.8639234172,-0.8669455202,-0.8669455202,-1.349939387
230.975,-0.8852313113,-0.900730425,-0.900730425,-1.352667516
231,-0.9048270525,-0.934569281,-0.934569281,-1.354241917
231.025,-0.9226727399,-0.9684322386,-0.9684322386,-1.354582551
231.05,-0.9387338577,-1.002287482,-1.002287482,-1.353612161
231.075,-0.9529793415,-1.036101305,-1.036101305,-1.351256903
231.1,-0.9653816388,-1.069838205,-1.069838205,-1.34744707
231.125,-0.9759167619,-1.103460994,-1.103460994,-1.342117727
231.15,-0.9845643345,-1.136930931,-1.136930931,-1.335209406
231.175,-0.9913076311,-1.17020786,-1.17020786,-1.32666871
231.2,-0.9961336091,-1.203250372,-1.203250372,-1.316448921
231.225,-0.9990329347,-1.236015982,-1.236015982,-1.304510541
231.25,-1,-1.26846131,-1.26846131,-1.290821765
231.275,-0.9990329347,-1.300542284,-1.300542284,-1.27535891
231.3,-0.9961336091,-1.332214342,-1.332214342,-1.258106727
231.325,-0.9913076311,-1.363432652,-1.363432652,-1.239058653
231.35,-0.9845643345,-1.394152326,-1.394152326,-1.218216956
231.375,-0.9759167619,-1.424328643,-1.424328643,-1.195592773
231.4,-0.9653816388,-1.453917274,-1.453917274,-1.171206052
231.425,-0.9529793415,-1.482874494,-1.482874494,-1.145085386
231.45,-0.9387338577,-1.5111574,-1.5111574,-1.117267734
231.475,-0.9226727399,-1.538724112,-1.538724112,-1.08779806
231.5,-0.9048270525,-1.565533971,-1.565533971,-1.056728846
231.525,-0.8852313113,-1.591547718,-1.591547718,-1.024119545
231.55,-0.8639234172,-1.616727661,-1.616727661,-0.9900359399
231.575,-0.8409445823,-1.641037823,-1.641037823,-0.9545494302
231.6,-0.8163392507,-1.664444076,-1.664444076,-0.9177362886
231.625,-0.7901550124,-1.68691425,-1.68691425,-0.8796768243
231.65,-0.762442511,-1.708418227,-1.708418227,-0.8404545946
231.675,-0.7332553462,-1.728928006,-1.728928006,-0.8001555046
231.7,-0.7026499698,-1.748417757,-1.748417757,-0.7588670238
231.725,-0.6706855765,-1.766863846,-1.766863846,-0.7166772775
231.75,-0.6374239897,-1.784244844,-1.784244844,-0.6736743287
231.775,-0.6029295417,-1.800541513,-1.800541513,-0.629945314
231.8,-0.5672689491,-1.815736773,-1.815736773,-0.5855757961
231.825,-0.5305111843,-1.82981566,-1.82981566,-0.5406490633
231.85,-0.4927273415,-1.842765254,-1.842765254,-0.4952455255
231.875,-0.4539904997,-1.854574606,-1.854574606,-0.4494421961
231.9,-0.414375581,-1.865234642,-1.865234642,-0.4033122044
231.925,-0.3739592057,-1.874738069,-1.874738069,-0.3569244275
231.95,-0.3328195445,-1.883079253,-1.883079253,-0.3103431521
231.975,-0.2910361668,-1.890254111,-1.890254111,-0.263627842
232,-0.2486898872,-1.896259983,-1.896259983,-0.2168329506
232.025,-0.2058626088,-1.901095508,-1.901095508,-0.1700078143
232.05,-0.1626371652,-1.904760492,-1.904760492,-0.1231965977
232.075,-0.1190971601,-1.90725578,-1.90725578,-0.07643830012
232.1,-0.07532680553,-1.908583131,-1.908583131,-0.02976680825
232.125,-0.03141075908,-1.908745086,-1.908745086,0.01678900308
232.15,0.01256603988,-1.907744846,-1.907744846,0.06320513495
232.175,0.05651853448,-1.905586155,-1.905586155,0.109462295
232.2,0.1003617149,-1.902273181,-1.902273181,0.1555457006
232.225,0.1440107826,-1.897810407,-1.897810407,0.2014448616
232.25,0.1873813146,-1.892202528,-1.892202528,0.2471533512
232.275,0.2303894267,-1.885454351,-1.885454351,0.2926685532
232.3,0.2729519355,-1.877570704,-1.877570704,0.3379914263
232.325,0.3149865197,-1.868556348,-1.868556348,0.3831262299
232.35,0.3564118787,-1.858415899,-1.858415899,0.4280802927
232.375,0.3971478906,-1.847153756,-1.847153756,0.4728637457
232.4,0.4371157667,-1.834774028,-1.834774028,0.5174892774
232.425,0.4762382037,-1.821280484,-1.821280484,0.5619719174
232.45,0.5144395338,-1.806676482,-1.806676482,0.6063287618
232.475,0.5516458706,-1.790964935,-1.790964935,0.6505787954
232.5,0.5877852523,-1.774148261,-1.774148261,0.6947426644
232.525,0.6227877805,-1.756228337,-1.756228337,0.738842444
232.55,0.6565857558,-1.737206478,-1.737206478,0.7829014913
232.575,0.6891138084,-1.717083399,-1.717083399,0.8269442348
232.6,0.7203090249,-1.695859191,-1.695859191,0.8709959661
232.625,0.7501110696,-1.673533308,-1.673533308,0.9150827167
232.65,0.7784623016,-1.650104543,-1.650104543,0.9592310787
232.675,0.8053078857,-1.625571017,-1.625571017,1.003467968
232.7,0.8305958992,-1.59993018,-1.59993018,1.047820539
232.725,0.8542774317,-1.573178799,-1.573178799,1.092315996
232.75,0.87630668,-1.545312963,-1.545312963,1.136981384
232.775,0.8966410368,-1.516328091,-1.516328091,1.18184339
232.8,0.9152411726,-1.486218938,-1.486218938,1.226928225
232.825,0.9320711125,-1.454979609,-1.454979609,1.272261379
232.85,0.947098305,-1.422603594,-1.422603594,1.317867314
232.875,0.9602936857,-1.389083778,-1.389083778,1.363769321
232.9,0.9716317329,-1.354412479,-1.354412479,1.409989232
232.925,0.9810905174,-1.318581497,-1.318581497,1.456547049
232.95,0.9886517447,-1.281582162,-1.281582162,1.503460621
232.975,0.9943007904,-1.243405374,-1.243405374,1.550745342
233,0.9980267284,-1.204041695,-1.204041695,1.598413641
233.025,0.9998223524,-1.16348142,-1.16348142,1.646474491
233.05,0.9996841893,-1.121714656,-1.121714656,1.694932998
233.075,0.9976125064,-1.07873145,-1.07873145,1.743789682
233.1,0.9936113105,-1.034521893,-1.034521893,1.793039879
233.125,0.9876883406,-0.9890762614,-0.9890762614,1.842673058
233.15,0.9798550524,-0.9423851902,-0.9423851902,1.89267191
233.175,0.9701265965,-0.8944398238,-0.8944398238,1.943011609
233.2,0.958521789,-0.8452320448,-0.8452320448,1.993658747
233.225,0.9450630752,-0.7947546799,-0.7947546799,2.044570367
233.25,0.9297764859,-0.7430017662,-0.7430017662,2.095692818
233.275,0.9126915874,-0.6899688244,-0.6899688244,2.146960581
233.3,0.8938414242,-0.6356531777,-0.6356531777,2.198295005
233.325,0.8732624548,-0.5800542898,-0.5800542898,2.249603
233.35,0.8509944818,-0.5231741509,-0.5231741509,2.300775671
233.375,0.8270805743,-0.4650176794,-0.4650176794,2.351686961
233.4,0.8015669849,-0.4055931804,-0.4055931804,2.402192249
233.425,0.7745030602,-0.3449128156,-0.3449128156,2.452127048
233.45,0.7459411454,-0.2829931224,-0.2829931224,2.501305733
233.475,0.715936483,-0.2198555557,-0.2198555557,2.54952043
233.5,0.6845471059,-0.1555270534,-0.1555270534,2.59654009
233.525,0.6518337253,-0.09004062725,-0.09004062725,2.642109817
233.55,0.6178596131,-0.02343596396,-0.02343596396,2.685950534
233.575,0.5826904797,0.04423997121,0.04423997121,2.72775907
233.6,0.5463943467,0.1129323386,0.1129323386,2.767208758
233.625,0.5090414158,0.1825778495,0.1825778495,2.803950626
233.65,0.4707039322,0.2531042313,0.2531042313,2.83761528
233.675,0.4314560457,0.3244297485,0.3244297485,2.867815574
233.7,0.3913736668,0.3964627986,0.3964627986,2.89415013
233.725,0.3505343202,0.469101614,0.469101614,2.916207703
233.75,0.3090169944,0.5422340774,0.5422340774,2.93357259
233.775,0.2669019893,0.6157376861,0.6157376861,2.94583085
233.8,0.2242707609,0.6894796848,0.6894796848,2.952577437
233.825,0.1812057636,0.7633173849,0.7633173849,2.953424124
233.85,0.1377902907,0.8370986913,0.8370986913,2.948008029
233.875,0.09410831332,0.910662846,0.910662846,2.936000551
233.9,0.05024431818,0.9838413993,0.9838413993,2.917116469
233.925,0.006283143965,1.056459407,1.056459407,2.891122878
233.95,-0.03769018267,1.128336844,1.128336844,2.857847632
233.975,-0.08159061157,1.199290222,1.199290222,2.81718691
234,-0.1253332336,1.269134379,1.269134379,2.769111556
234.025,-0.1688334447,1.337684407,1.337684407,2.71367183
234.05,-0.2120071099,1.404757682,1.404757682,2.651000283
234.075,-0.2547707257,1.47017593,1.47017593,2.581312514
234.1,-0.2970415816,1.533767293,1.533767293,2.504905672
234.125,-0.3387379202,1.595368326,1.595368326,2.422154674
234.15,-0.3797790955,1.654825864,1.654825864,2.333506195
234.175,-0.4200857284,1.711998728,1.711998728,2.239470639
234.2,-0.4595798606,1.766759194,1.766759194,2.140612355
234.225,-0.4981851053,1.818994207,1.818994207,2.037538497
234.25,-0.535826795,1.8686063,1.8686063,1.930886958
234.275,-0.5724321256,1.915514208,1.915514208,1.821313917
234.3,-0.6079302977,1.959653167,1.959653167,1.70948117
234.325,-0.6422526532,2.000974903,2.000974903,1.596044292
234.35,-0.6753328081,2.039447339,2.039447339,1.481641368
234.375,-0.7071067812,2.07505402,2.07505402,1.366883025
234.4,-0.7375131174,2.107793329,2.107793329,1.25234397
234.425,-0.7664930068,2.137677492,2.137677492,1.138556046
234.45,-0.7939903986,2.164731437,2.164731437,1.026002995
234.475,-0.8199521093,2.188991548,2.188991548,0.9151169088
234.5,-0.8443279255,2.210504342,2.210504342,0.8062762454
234.525,-0.8670707012,2.229325122,2.229325122,0.6998053061
234.55,-0.8881364488,2.245516627,2.245516627,0.5959750018
234.575,-0.9074844245,2.25914772,2.25914772,0.4950046976
234.6,-0.9250772068,2.270292129,2.270292129,0.3970649294
234.625,-0.940880769,2.279027274,2.279027274,0.3022807725
234.65,-0.9548645447,2.285433171,2.285433171,0.2107357248
234.675,-0.9670014878,2.289591446,2.289591446,0.1224758065
234.7,-0.9772681236,2.291584452,2.291584452,0.03751383952
234.725,-0.9856445951,2.291494493,2.291494493,-0.04416629485
234.75,-0.9921147013,2.289403151,2.289403151,-0.1226055113
234.775,-0.996665928,2.285390715,2.285390715,-0.197865571
234.8,-0.9992894726,2.279535711,2.279535711,-0.2700253884
234.825,-0.9999802609,2.271914512,2.271914512,-0.3391776364
234.85,-0.9987369566,2.262601034,2.262601034,-0.405425672
234.875,-0.9955619646,2.251666504,2.251666504,-0.4688807927
234.9,-0.9904614257,2.239179296,2.239179296,-0.5296598217
234.925,-0.983445205,2.225204812,2.225204812,-0.5878830099
234.95,-0.9745268728,2.209805428,2.209805428,-0.6436722377
234.975,-0.9637236783,2.193040467,2.193040467,-0.6971494967
235,-0.9510565163,2.174966212,2.174966212,-0.7484356261
235.025,-0.9365498867,2.155635955,2.155635955,-0.797649276
235.05,-0.9202318474,2.135100054,2.135100054,-0.8449060768
235.075,-0.9021339594,2.113406024,2.113406024,-0.8903179857
235.1,-0.8822912264,2.09059863,2.09059863,-0.9339927897
235.125,-0.860742027,2.066719999,2.066719999,-0.9760337394
235.15,-0.83752804,2.041809736,2.041809736,-1.016539295
235.175,-0.8126941644,2.015905048,2.015905048,-1.055602967
235.2,-0.7862884321,1.989040865,1.989040865,-1.093313234
235.225,-0.7583619153,1.961249969,1.961249969,-1.129753521
235.25,-0.7289686274,1.932563117,1.932563117,-1.165002229
235.275,-0.698165419,1.903009173,1.903009173,-1.199132806
235.3,-0.6660118674,1.872615222,1.872615222,-1.232213834
235.325,-0.6325701619,1.841406694,1.841406694,-1.264309156
235.35,-0.5979049831,1.809407484,1.809407484,-1.295477998
235.375,-0.5620833779,1.776640058,1.776640058,-1.325775113
235.4,-0.52517463,1.743125571,1.743125571,-1.355250915
235.425,-0.4872501257,1.70888397,1.70888397,-1.383951622
235.45,-0.4483832161,1.673934097,1.673934097,-1.411919393
235.475,-0.4086490747,1.638293789,1.638293789,-1.439192447
235.5,-0.3681245527,1.601979976,1.601979976,-1.465805189
235.525,-0.3268880297,1.565008775,1.565008775,-1.491788315
235.55,-0.2850192625,1.52739558,1.52739558,-1.517168904
235.575,-0.2425992308,1.489155154,1.489155154,-1.541970506
235.6,-0.1997099805,1.450301711,1.450301711,-1.566213204
235.625,-0.156434465,1.410849012,1.410849012,-1.589913675
235.65,-0.1128563849,1.370810434,1.370810434,-1.613085228
235.675,-0.06906002571,1.330199074,1.330199074,-1.635737835
235.7,-0.02513009544,1.289027811,1.289027811,-1.657878144
235.725,0.01884843972,1.247309407,1.247309407,-1.679509484
235.75,0.06279051953,1.205056577,1.205056577,-1.700631856
235.775,0.1066111543,1.162282082,1.162282082,-1.721241912
235.8,0.1502255891,1.118998806,1.118998806,-1.741332933
235.825,0.1935494681,1.075219844,1.075219844,-1.760894793
235.85,0.236498997,1.030958589,1.030958589,-1.779913915
235.875,0.278991106,0.9862288122,0.9862288122,-1.798373234
235.9,0.3209436098,0.9410447624,0.9410447624,-1.816252148
235.925,0.3622753667,0.8954212423,0.8954212423,-1.833526479
235.95,0.4029064357,0.8493737071,0.8493737071,-1.850168433
235.975,0.442758231,0.8029183516,0.8029183516,-1.866146571
236,0.4817536741,0.7560722016,0.7560722016,-1.88142579
236.025,0.5198173426,0.7088532086,0.7088532086,-1.895967321
236.05,0.5568756165,0.6612803354,0.6612803354,-1.909728741
236.075,0.5928568202,0.6133736551,0.6133736551,-1.922664022
236.1,0.6276913613,0.5651544311,0.5651544311,-1.934723585
236.125,0.6613118653,0.5166452142,0.5166452142,-1.945854417
236.15,0.6936533058,0.4678699182,0.4678699182,-1.956000196
236.175,0.7246531302,0.4188539077,0.4188539077,-1.965101481
236.2,0.7542513807,0.3696240671,0.3696240671,-1.973095938
236.225,0.7823908106,0.320208875,0.320208875,-1.979918617
236.25,0.8090169944,0.2706384608,0.2706384608,-1.985502295
236.275,0.8340784336,0.2209446608,0.2209446608,-1.98977786
236.3,0.8575266562,0.1711610563,0.1711610563,-1.992674781
236.325,0.8793163102,0.1213230057,0.1213230057,-1.994121614
236.35,0.8994052516,0.07146765789,0.07146765789,-1.994046594
236.375,0.9177546257,0.02163395374,0.02163395374,-1.992378278
236.4,0.9343289425,-0.02813739127,-0.02813739127,-1.989046252
236.425,0.949096145,-0.07780392206,-0.07780392206,-1.983981897
236.45,0.9620276716,-0.127321499,-0.127321499,-1.977119204
236.475,0.973098511,-0.1766443737,-0.1766443737,-1.968395629
236.5,0.9822872507,-0.2257252868,-0.2257252868,-1.957752989
236.525,0.9895761186,-0.2745155883,-0.2745155883,-1.945138371
236.55,0.994951017,-0.3229653808,-0.3229653808,-1.930505056
236.575,0.9984015501,-0.3710236862,-0.3710236862,-1.913813432
236.6,0.9999210442,-0.4186386341,-0.4186386341,-1.895031888
236.625,0.9995065604,-0.4657576722,-0.4657576722,-1.874137651
236.65,0.9971589003,-0.5123277984,-0.5123277984,-1.851117588
236.675,0.9928826046,-0.5582958101,-0.5582958101,-1.825968907
236.7,0.9866859442,-0.6036085702,-0.6036085702,-1.798699766
236.725,0.9785809043,-0.6482132879,-0.6482132879,-1.769329778
236.75,0.9685831611,-0.6920578105,-0.6920578105,-1.737890368
236.775,0.9567120516,-0.7350909202,-0.7350909202,-1.704424999
236.8,0.9429905359,-0.7772626371,-0.7772626371,-1.668989239
236.825,0.9274451533,-0.8185245219,-0.8185245219,-1.63165066
236.85,0.9101059707,-0.8588299714,-0.8588299714,-1.592488583
236.875,0.8910065242,-0.8981345074,-0.8981345074,-1.551593639
236.9,0.8701837547,-0.9363960546,-0.9363960546,-1.509067182
236.925,0.8476779361,-0.973575196,-0.973575196,-1.465020544
236.95,0.8235325976,-1.009635415,-1.009635415,-1.419574137
236.975,0.7977944395,-1.044543307,-1.044543307,-1.372856441
237,0.7705132428,-1.07826877,-1.07826877,-1.325002889
237.025,0.7417417727,-1.110785161,-1.110785161,-1.276154628
237.05,0.7115356772,-1.142069424,-1.142069424,-1.226457276
237.075,0.6799533787,-1.172102188,-1.172102188,-1.176059573
237.1,0.6470559616,-1.200867821,-1.200867821,-1.125112074
237.125,0.6129070537,-1.228354469,-1.228354469,-1.073765807
237.15,0.5775727034,-1.254554041,-1.254554041,-1.022170994
237.175,0.5411212521,-1.279462183,-1.279462183,-0.9704757993
237.2,0.5036232016,-1.303078204,-1.303078204,-0.9188251725
237.225,0.4651510781,-1.325404986,-1.325404986,-0.8673597588
237.25,0.4257792916,-1.346448865,-1.346448865,-0.816214927
237.275,0.3855839923,-1.366219483,-1.366219483,-0.7655198991
237.3,0.3446429232,-1.384729629,-1.384729629,-0.7153970004
237.325,0.3030352696,-1.40199506,-1.40199506,-0.6659610381
237.35,0.2608415063,-1.418034298,-1.418034298,-0.6173187891
237.375,0.2181432414,-1.432868436,-1.432868436,-0.5695686274
237.4,0.175023059,-1.446520913,-1.446520913,-0.5228002499
237.425,0.1315643591,-1.459017306,-1.459017306,-0.4770945281
237.45,0.08785119655,-1.470385098,-1.470385098,-0.4325234526
237.475,0.04396811832,-1.480653462,-1.480653462,-0.3891501769
237.5,-4.410833011e-14,-1.489853044,-1.489853044,-0.3470291409
237.525,-0.04396811832,-1.49801574,-1.49801574,-0.3062062735
237.55,-0.08785119655,-1.505174492,-1.505174492,-0.2667192472
237.575,-0.1315643591,-1.511363084,-1.511363084,-0.228597799
237.6,-0.175023059,-1.516615948,-1.516615948,-0.1918640784
237.625,-0.2181432414,-1.520967979,-1.520967979,-0.1565330372
237.65,-0.2608415063,-1.524454359,-1.524454359,-0.1226128402
237.675,-0.3030352696,-1.527110395,-1.527110395,-0.09010528409
237.7,-0.3446429232,-1.528971362,-1.528971362,-0.05900623591
237.725,-0.3855839923,-1.530072365,-1.530072365,-0.0293060613
237.75,-0.4257792916,-1.530448201,-1.530448201,-0.0009900522256
237.775,-0.4651510781,-1.530133242,-1.530133242,0.02596115085
237.8,-0.5036232016,-1.529161322,-1.529161322,0.05157115568
237.825,-0.5411212521,-1.527565633,-1.527565633,0.07586742769
237.85,-0.5775727034,-1.525378641,-1.525378641,0.09888091812
237.875,-0.6129070537,-1.522631994,-1.522631994,0.1206457097
237.9,-0.6470559616,-1.519356455,-1.519356455,0.1411986897
237.925,-0.6799533787,-1.51558183,-1.51558183,0.1605792343
237.95,-0.7115356772,-1.511336917,-1.511336917,0.1788289241
237.975,-0.7417417727,-1.506649446,-1.506649446,0.195991273
238,-0.7705132428,-1.501546038,-1.501546038,0.2121114836
238.025,-0.7977944395,-1.496052167,-1.496052167,0.2272362135
238.05,-0.8235325976,-1.490192124,-1.490192124,0.2414133785
238.075,-0.8476779361,-1.483988987,-1.483988987,0.254691937
238.1,-0.8701837547,-1.4774646,-1.4774646,0.2671217445
238.125,-0.8910065242,-1.470639552,-1.470639552,0.2787533668
238.15,-0.9101059707,-1.463533158,-1.463533158,0.289637943
238.175,-0.9274451533,-1.45616345,-1.45616345,0.2998270587
238.2,-0.9429905359,-1.448547168,-1.448547168,0.3093726009
238.225,-0.9567120516,-1.440699749,-1.440699749,0.3183266663
238.25,-0.9685831611,-1.432635329,-1.432635329,0.3267414449
238.275,-0.9785809043,-1.424366736,-1.424366736,0.334669119
238.3,-0.9866859442,-1.415905498,-1.415905498,0.3421617869
238.325,-0.9928826046,-1.407261839,-1.407261839,0.3492713615
238.35,-0.9971589003,-1.398444692,-1.398444692,0.3560495027
238.375,-0.9995065604,-1.389461698,-1.389461698,0.3625475417
238.4,-0.9999210442,-1.380319224,-1.380319224,0.368816399
238.425,-0.9984015501,-1.371022367,-1.371022367,0.3749065317
238.45,-0.994951017,-1.36157497,-1.36157497,0.3808678623
238.475,-0.9895761186,-1.351979637,-1.351979637,0.3867497076
238.5,-0.9822872507,-1.342237742,-1.342237742,0.3926007349
238.525,-0.973098511,-1.332349456,-1.332349456,0.3984689002
238.55,-0.9620276716,-1.322313761,-1.322313761,0.4044013734
238.575,-0.949096145,-1.312128466,-1.312128466,0.4104445116
238.6,-0.9343289425,-1.301790234,-1.301790234,0.4166437956
238.625,-0.9177546257,-1.291294603,-1.291294603,0.4230437708
238.65,-0.8994052516,-1.28063601,-1.28063601,0.429688009
238.675,-0.8793163102,-1.269807812,-1.269807812,0.436619064
238.7,-0.8575266562,-1.25880232,-1.25880232,0.4438784168
238.725,-0.8340784336,-1.247610819,-1.247610819,0.4515064374
238.75,-0.8090169944,-1.236223599,-1.236223599,0.4595423512
238.775,-0.7823908106,-1.224629985,-1.224629985,0.4680241908
238.8,-0.7542513807,-1.212818367,-1.212818367,0.4769887644
238.825,-0.7246531302,-1.200776227,-1.200776227,0.486471627
238.85,-0.6936533058,-1.18849018,-1.18849018,0.4965070424
238.875,-0.6613118653,-1.175945996,-1.175945996,0.5071279603
238.9,-0.6276913613,-1.163128639,-1.163128639,0.5183659911
238.925,-0.5928568202,-1.150022301,-1.150022301,0.5302513793
238.95,-0.5568756165,-1.136610435,-1.136610435,0.5428129878
238.975,-0.5198173426,-1.122875787,-1.122875787,0.5560782781
239,-0.4817536741,-1.108800439,-1.108800439,0.5700732931
239.025,-0.442758231,-1.094365836,-1.094365836,0.5848226466
239.05,-0.4029064357,-1.079552827,-1.079552827,0.6003495082
239.075,-0.3622753667,-1.0643417,-1.0643417,0.6166755931
239.1,-0.3209436098,-1.048712218,-1.048712218,0.6338211528
239.125,-0.278991106,-1.032643657,-1.032643657,0.6518049622
239.15,-0.236498997,-1.01611484,-1.01611484,0.6706443111
239.175,-0.1935494681,-0.9991041792,-0.9991041792,0.6903549909
239.2,-0.1502255891,-0.9815897102,-0.9815897102,0.7109512785
239.225,-0.1066111543,-0.9635491289,-0.9635491289,0.7324459222
239.25,-0.06279051953,-0.9449598338,-0.9449598338,0.7548501159
239.275,-0.01884843972,-0.9257989632,-0.9257989632,0.7781734737
239.3,0.02513009544,-0.9060434331,-0.9060434331,0.8024239982
239.325,0.06906002571,-0.8856699834,-0.8856699834,0.8276080312
239.35,0.1128563849,-0.8646552134,-0.8646552134,0.8537302119
239.375,0.156434465,-0.8429756303,-0.8429756303,0.880793406
239.4,0.1997099805,-0.8206076926,-0.8206076926,0.9087986327
239.425,0.2425992308,-0.7975278552,-0.7975278552,0.9377449794
239.45,0.2850192625,-0.773712625,-0.773712625,0.967629481
239.475,0.3268880297,-0.7491386054,-0.7491386054,0.9984470134
239.5,0.3681245527,-0.7237825602,-0.7237825602,1.030190128
239.525,0.4086490747,-0.6976214681,-0.6976214681,1.062848895
239.55,0.4483832161,-0.6706325891,-0.6706325891,1.096410707
239.575,0.4872501257,-0.6427935359,-0.6427935359,1.130860049
239.6,0.52517463,-0.6140823449,-0.6140823449,1.166178263
239.625,0.5620833779,-0.5844775653,-0.5844775653,1.202343245
239.65,0.5979049831,-0.5539583404,-0.5539583404,1.239329155
239.675,0.6325701619,-0.5225045149,-0.5225045149,1.277106036
239.7,0.6660118674,-0.4900967327,-0.4900967327,1.315639463
239.725,0.698165419,-0.4567165637,-0.4567165637,1.354890082
239.75,0.7289686274,-0.422346623,-0.422346623,1.394813183
239.775,0.7583619153,-0.3869707203,-0.3869707203,1.435358172
239.8,0.7862884321,-0.350574005,-0.350574005,1.476468065
239.825,0.8126941644,-0.3131431403,-0.3131431403,1.518078893
239.85,0.83752804,-0.2746664799,-0.2746664799,1.560119126
239.875,0.860742027,-0.2351342674,-0.2351342674,1.602509038
239.9,0.8822912264,-0.1945388495,-0.1945388495,1.64516007
239.925,0.9021339594,-0.1528749022,-0.1528749022,1.687974183
239.95,0.9202318474,-0.1101396795,-0.1101396795,1.730843203
239.975,0.9365498867,-0.06633327258,-0.06633327258,1.773648194
240,0.9510565163,-0.02145888608,-0.02145888608,1.816258856
240.025,0.9637236783,0.02447686914,0.02447686914,1.858532973
240.05,0.9745268728,0.07146367325,0.07146367325,1.900315946
240.075,0.983445205,0.1194871825,0.1194871825,1.941440407
240.1,0.9904614257,0.1685287066,0.1685287066,1.981725981
240.125,0.9955619646,0.2185648823,0.2185648823,2.020979196
240.15,0.9987369566,0.2695673462,0.2695673462,2.058993592
240.175,0.9999802609,0.3215024157,0.3215024157,2.095550053
240.2,0.9992894726,0.3743307766,0.3743307766,2.130417423
240.225,0.996665928,0.4280071945,0.4280071945,2.163353391
240.25,0.9921147013,0.482480252,0.482480252,2.194105753
240.275,0.9856445951,0.5376921164,0.5376921164,2.222414005
240.3,0.9772681236,0.5935783621,0.5935783621,2.248011327
240.325,0.9670014878,0.6500678365,0.6500678365,2.270627025
240.35,0.9548645447,0.7070826002,0.7070826002,2.289989271
240.375,0.940880769,0.7645379387,0.7645379387,2.305828375
240.4,0.9250772068,0.8223424571,0.8223424571,2.317880333
240.425,0.9074844245,0.8803982718,0.8803982718,2.325890734
240.45,0.8881364488,0.9386013037,0.9386013037,2.32961897
240.475,0.8670707012,0.9968416757,0.9968416757,2.328842592
240.5,0.8443279255,1.055004223,1.055004223,2.323361779
240.525,0.8199521093,1.112969113,1.112969113,2.313003764
240.55,0.7939903986,1.170612579,1.170612579,2.297627128
240.575,0.7664930068,1.227807752,1.227807752,2.277125759
240.6,0.7375131174,1.284425589,1.284425589,2.25143239
240.625,0.7071067812,1.34033588,1.34033588,2.220521529
240.65,0.6753328081,1.395408327,1.395408327,2.184411686
240.675,0.6422526532,1.449513659,1.449513659,2.143166751
240.7,0.6079302977,1.502524774,1.502524774,2.096896447
240.725,0.5724321256,1.554317883,1.554317883,2.045755803
240.75,0.535826795,1.604773624,1.604773624,1.989943618
240.775,0.4981851053,1.653778124,1.653778124,1.929699935
240.8,0.4595798606,1.701223997,1.701223997,1.865302575
240.825,0.4200857284,1.747011226,1.747011226,1.797062852
240.85,0.3797790955,1.791047945,1.791047945,1.725320581
240.875,0.3387379202,1.833251084,1.833251084,1.65043849
240.9,0.2970415816,1.873546866,1.873546866,1.572796298
240.925,0.2547707257,1.911871153,1.911871153,1.492784657
240.95,0.2120071099,1.948169648,1.948169648,1.41079889
240.975,0.1688334447,1.982397933,1.982397933,1.32723318
241,0.1253332336,2.014521372,2.014521372,1.242474863
241.025,0.08159061157,2.04451487,2.04451487,1.156899298
241.05,0.03769018267,2.072362523,2.072362523,1.070865351
241.075,-0.006283143966,2.098057145,2.098057145,0.9847114368
241.1,-0.05024431818,2.121599725,2.121599725,0.898752386
241.125,-0.09410831332,2.142998802,2.142998802,0.813276984
241.15,-0.1377902907,2.162269788,2.162269788,0.7285462462
241.175,-0.1812057636,2.179434263,2.179434263,0.6447923989
241.2,-0.2242707609,2.194519249,2.194519249,0.5622184916
241.225,-0.2669019893,2.207556479,2.207556479,0.4809985856
241.25,-0.3090169944,2.218581684,2.218581684,0.4012784483
241.275,-0.3505343202,2.227633895,2.227633895,0.3231766611
241.3,-0.3913736668,2.234754784,2.234754784,0.2467860583
241.325,-0.4314560457,2.239988038,2.239988038,0.1721754395
241.35,-0.4707039322,2.243378783,2.243378783,0.0993914491
241.375,-0.5090414158,2.244973057,2.244973057,0.02846056084
241.4,-0.5463943467,2.244817328,2.244817328,-0.0406088594
241.425,-0.5826904797,2.242958066,2.242958066,-0.1078245164
241.45,-0.6178596131,2.239441372,2.239441372,-0.1732081782
241.475,-0.6518337253,2.234312644,2.234312644,-0.2367937483
241.5,-0.6845471059,2.227616303,2.227616303,-0.2986254417
241.525,-0.715936483,2.21939555,2.21939555,-0.3587560811
241.55,-0.7459411454,2.209692177,2.209692177,-0.4172455287
241.575,-0.7745030602,2.198546405,2.198546405,-0.4741592592
241.6,-0.8015669849,2.185996764,2.185996764,-0.5295670723
241.625,-0.8270805743,2.172079994,2.172079994,-0.5835419487
241.65,-0.8509944818,2.156830982,2.156830982,-0.6361590423
241.675,-0.8732624548,2.140282719,2.140282719,-0.6874948035
241.7,-0.8938414242,2.122466278,2.122466278,-0.7376262177
241.725,-0.9126915874,2.103410804,2.103410804,-0.7866301596
241.75,-0.9297764859,2.08314353,2.08314353,-0.8345828508
241.775,-0.9450630752,2.061689795,2.061689795,-0.8815594016
241.8,-0.958521789,2.03907308,2.03907308,-0.927633437
241.825,-0.9701265965,2.015315045,2.015315045,-0.9728767963
241.85,-0.9798550524,1.990435581,1.990435581,-1.017359285
241.875,-0.9876883406,1.964452858,1.964452858,-1.061148486
241.9,-0.9936113105,1.937383389,1.937383389,-1.104309611
241.925,-0.9976125064,1.909242088,1.909242088,-1.146905382
241.95,-0.9996841893,1.88004233,1.88004233,-1.188995949
241.975,-0.9998223524,1.84979602,1.84979602,-1.23063882
242,-0.9980267284,1.818513662,1.818513662,-1.27188881
242.025,-0.9943007904,1.786204419,1.786204419,-1.312797993
242.05,-0.9886517447,1.752876191,1.752876191,-1.353415666
242.075,-0.9810905174,1.718535677,1.718535677,-1.393788296
242.1,-0.9716317329,1.683188454,1.683188454,-1.433959479
242.125,-0.9602936857,1.646839042,1.646839042,-1.473969867
242.15,-0.947098305,1.609490986,1.609490986,-1.513857096
242.175,-0.9320711125,1.571146925,1.571146925,-1.553655688
242.2,-0.9152411726,1.531808679,1.531808679,-1.593396921
242.225,-0.8966410368,1.491477323,1.491477323,-1.633108701
242.25,-0.87630668,1.450153285,1.450153285,-1.672815356
242.275,-0.8542774317,1.407836426,1.407836426,-1.712537446
242.3,-0.8305958992,1.364526144,1.364526144,-1.752291511
242.325,-0.8053078857,1.320221482,1.320221482,-1.792089761
242.35,-0.7784623016,1.274921223,1.274921223,-1.831939787
242.375,-0.7501110696,1.228624038,1.228624038,-1.871844126
242.4,-0.7203090249,1.181328587,1.181328587,-1.911799893
242.425,-0.6891138084,1.133033686,1.133033686,-1.951798271
242.45,-0.6565857558,1.083738445,1.083738445,-1.991823995
242.475,-0.6227877805,1.033442441,1.033442441,-2.031854797
242.5,-0.5877852523,0.9821459099,0.9821459099,-2.071860736
242.525,-0.5516458706,0.9298499271,0.9298499271,-2.111803591
242.55,-0.5144395338,0.8765566473,0.8765566473,-2.151636071
242.575,-0.4762382037,0.8222695158,0.8222695158,-2.191301133
242.6,-0.4371157667,0.7669935463,0.7669935463,-2.230731129
242.625,-0.3971478906,0.7107355733,0.7107355733,-2.269847054
242.65,-0.3564118787,0.6535045675,0.6535045675,-2.308557684
242.675,-0.3149865197,0.5953119313,0.5953119313,-2.346758811
242.7,-0.2729519355,0.5361718521,0.5361718521,-2.384332425
242.725,-0.2303894267,0.4761016398,0.4761016398,-2.421146023
242.75,-0.1873813146,0.4151221102,0.4151221102,-2.457051939
242.775,-0.1440107826,0.3532579639,0.3532579639,-2.491886831
242.8,-0.1003617149,0.2905381841,0.2905381841,-2.5254713
242.825,-0.05651853448,0.2269964448,0.2269964448,-2.557609706
242.85,-0.01256603988,0.1626715105,0.1626715105,-2.588090224
242.875,0.03141075908,0.09760764199,0.09760764199,-2.616685195
242.9,0.07532680553,0.0318549831,0.0318549831,-2.643151805
242.925,0.1190971601,-0.03453007429,-0.03453007429,-2.667233153
242.95,0.1626371652,-0.1014845546,-0.1014845546,-2.68865976
242.975,0.2058626088,-0.168938608,-0.168938608,-2.707151552
243,0.2486898872,-0.2368152755,-0.2368152755,-2.722420351
243.025,0.2910361668,-0.3050303236,-0.3050303236,-2.734172896
243.05,0.3328195445,-0.373492161,-0.373492161,-2.742114429
243.075,0.3739592057,-0.4421018501,-0.4421018501,-2.745952785
243.1,0.414375581,-0.510753229,-0.510753229,-2.745402977
243.125,0.4539904997,-0.5793331529,-0.5793331529,-2.740192245
243.15,0.4927273415,-0.6477218672,-0.6477218672,-2.730065429
243.175,0.5305111843,-0.7157935161,-0.7157935161,-2.714790587
243.2,0.5672689491,-0.7834167951,-0.7834167951,-2.694164704
243.225,0.6029295417,-0.8504557446,-0.8504557446,-2.668019321
243.25,0.6374239897,-0.9167706819,-0.9167706819,-2.636225922
243.275,0.6706855765,-0.9822192628,-0.9822192628,-2.598700851
243.3,0.7026499698,-1.046657658,-1.046657658,-2.555409567
243.325,0.7332553462,-1.109941824,-1.109941824,-2.506370059
243.35,0.762442511,-1.171928851,-1.171928851,-2.451655225
243.375,0.7901550124,-1.232478351,-1.232478351,-2.391394079
243.4,0.8163392507,-1.291453863,-1.291453863,-2.325771679
243.425,0.8409445823,-1.34872424,-1.34872424,-2.255027722
243.45,0.8639234172,-1.404164985,-1.404164985,-2.179453794
243.475,0.8852313113,-1.457659497,-1.457659497,-2.099389343
243.5,0.9048270525,-1.509100206,-1.509100206,-2.015216489
243.525,0.9226727399,-1.558389565,-1.558389565,-1.927353825
243.55,0.9387338577,-1.605440876,-1.605440876,-1.83624939
243.575,0.9529793415,-1.650178932,-1.650178932,-1.742373116
243.6,0.9653816388,-1.692540465,-1.692540465,-1.646209009
243.625,0.9759167619,-1.732474401,-1.732474401,-1.548247107
243.65,0.9845643345,-1.769941913,-1.769941913,-1.448975935
243.675,0.9913076311,-1.804916288,-1.804916288,-1.348875043
243.7,0.9961336091,-1.837382623,-1.837382623,-1.248408493
243.725,0.9990329347,-1.867337362,-1.867337362,-1.148018938
243.75,1,-1.894787689,-1.894787689,-1.048122614
243.775,0.9990329347,-1.919750827,-1.919750827,-0.9491053993
243.8,0.9961336091,-1.942253232,-1.942253232,-0.851319729
243.825,0.9913076311,-1.962329728,-1.962329728,-0.7550825759
243.85,0.9845643345,-1.980022611,-1.980022611,-0.660674311
243.875,0.9759167619,-1.995380724,-1.995380724,-0.5683384163
243.9,0.9653816388,-2.008458537,-2.008458537,-0.4782819571
243.925,0.9529793415,-2.019315257,-2.019315257,-0.3906766717
243.95,0.9387338577,-2.028013957,-2.028013957,-0.3056606282
243.975,0.9226727399,-2.034620761,-2.034620761,-0.2233402556
244,0.9048270525,-2.039204084,-2.039204084,-0.1437926914
244.025,0.8852313113,-2.041833929,-2.041833929,-0.06706834693
244.05,0.8639234172,-2.042581253,-2.042581253,0.006806440188
244.075,0.8409445823,-2.0415174,-2.0415174,0.07782670663
244.1,0.8163392507,-2.038713596,-2.038713596,0.1460062009
244.125,0.7901550124,-2.034240518,-2.034240518,0.2113748071
244.15,0.762442511,-2.028167919,-2.028167919,0.2739760958
244.175,0.7332553462,-2.020564318,-2.020564318,0.3338650317
244.2,0.7026499698,-2.011496738,-2.011496738,0.3911058597
244.225,0.6706855765,-2.001030498,-2.001030498,0.4457701785
244.25,0.6374239897,-1.989229057,-1.989229057,0.4979352108
244.275,0.6029295417,-1.976153888,-1.976153888,0.5476822627
244.3,0.5672689491,-1.961864394,-1.961864394,0.5950953707
244.325,0.5305111843,-1.946417856,-1.946417856,0.6402601296
244.35,0.4927273415,-1.929869406,-1.929869406,0.6832626889
244.375,0.4539904997,-1.912272024,-1.912272024,0.7241888966
244.4,0.414375581,-1.893676556,-1.893676556,0.7631235903
244.425,0.3739592057,-1.874131746,-1.874131746,0.8001500174
244.45,0.3328195445,-1.853684281,-1.853684281,0.8353493611
244.475,0.2910361668,-1.832378847,-1.832378847,0.8688003733
244.5,0.2486898872,-1.810258197,-1.810258197,0.900579096
244.525,0.2058626088,-1.787363218,-1.787363218,0.9307586528
244.55,0.1626371652,-1.763733006,-1.763733006,0.9594091135
244.575,0.1190971601,-1.739404946,-1.739404946,0.9865974093
244.6,0.07532680553,-1.714414788,-1.714414788,1.012387297
244.625,0.03141075908,-1.688796729,-1.688796729,1.036839364
244.65,-0.01256603988,-1.662583488,-1.662583488,1.060011062
244.675,-0.05651853448,-1.635806391,-1.635806391,1.081956771
244.7,-0.1003617149,-1.608495437,-1.608495437,1.102727879
244.725,-0.1440107826,-1.580679381,-1.580679381,1.12237289
244.75,-0.1873813146,-1.552385795,-1.552385795,1.140937522
244.775,-0.2303894267,-1.523641148,-1.523641148,1.158464845
244.8,-0.2729519355,-1.494470859,-1.494470859,1.174995396
244.825,-0.3149865197,-1.464899366,-1.464899366,1.190567319
244.85,-0.3564118787,-1.434950182,-1.434950182,1.205216497
244.875,-0.3971478906,-1.404645949,-1.404645949,1.218976682
244.9,-0.4371157667,-1.374008491,-1.374008491,1.231879646
244.925,-0.4762382037,-1.34305886,-1.34305886,1.243955289
244.95,-0.5144395338,-1.311817385,-1.311817385,1.255231794
244.975,-0.5516458706,-1.280303708,-1.280303708,1.265735738
245,-0.5877852523,-1.248536827,-1.248536827,1.27549222
245.025,-0.6227877805,-1.216535128,-1.216535128,1.284524988
245.05,-0.6565857558,-1.184316421,-1.184316421,1.292856539
245.075,-0.6891138084,-1.151897966,-1.151897966,1.300508247
245.1,-0.7203090249,-1.119296504,-1.119296504,1.307500453
245.125,-0.7501110696,-1.086528277,-1.086528277,1.313852582
245.15,-0.7784623016,-1.053609054,-1.053609054,1.319583228
245.175,-0.8053078857,-1.020554146,-1.020554146,1.324710247
245.2,-0.8305958992,-0.987378428,-0.987378428,1.329250854
245.225,-0.8542774317,-0.954096351,-0.954096351,1.33322169
245.25,-0.87630668,-0.9207219568,-0.9207219568,1.336638914
245.275,-0.8966410368,-0.8872688876,-0.8872688876,1.339518268
245.3,-0.9152411726,-0.8537503972,-0.8537503972,1.341875141
245.325,-0.9320711125,-0.8201793585,-0.8201793585,1.343724646
245.35,-0.947098305,-0.786568269,-0.786568269,1.345081661
245.375,-0.9602936857,-0.752929257,-0.752929257,1.345960894
245.4,-0.9716317329,-0.7192740843,-0.7192740843,1.346376931
245.425,-0.9810905174,-0.6856141495,-0.6856141495,1.346344273
245.45,-0.9886517447,-0.6519604893,-0.6519604893,1.34587738
245.475,-0.9943007904,-0.6183237786,-0.6183237786,1.344990707
245.5,-0.9980267284,-0.5847143315,-0.5847143315,1.343698721
245.525,-0.9998223524,-0.5511420993,-0.5511420993,1.342015943
245.55,-0.9996841893,-0.5176166695,-0.5176166695,1.339956948
245.575,-0.9976125064,-0.4841472649,-0.4841472649,1.33753639
245.6,-0.9936113105,-0.4507427403,-0.4507427403,1.334769008
245.625,-0.9876883406,-0.4174115811,-0.4174115811,1.331669624
245.65,-0.9798550524,-0.3841619016,-0.3841619016,1.328253144
245.675,-0.9701265965,-0.3510014416,-0.3510014416,1.324534553
245.7,-0.958521789,-0.3179375661,-0.3179375661,1.320528895
245.725,-0.9450630752,-0.2849772634,-0.2849772634,1.31625126
245.75,-0.9297764859,-0.2521271437,-0.2521271437,1.311716758
245.775,-0.9126915874,-0.2193934402,-0.2193934402,1.306940491
245.8,-0.8938414242,-0.1867820085,-0.1867820085,1.301937517
245.825,-0.8732624548,-0.1542983286,-0.1542983286,1.296722818
245.85,-0.8509944818,-0.1219475081,-0.1219475081,1.291311247
245.875,-0.8270805743,-0.0897342845,-0.0897342845,1.285717488
245.9,-0.8015669849,-0.05766303128,-0.05766303128,1.279956002
245.925,-0.7745030602,-0.02573776396,-0.02573776396,1.274040967
245.95,-0.7459411454,0.006037852953,0.006037852953,1.267986228
245.975,-0.715936483,0.03766049537,0.03766049537,1.261805224
246,-0.6845471059,0.06912717025,0.06912717025,1.255510932
246.025,-0.6518337253,0.1004352017,0.1004352017,1.249115789
246.05,-0.6178596131,0.1315822182,0.1315822182,1.242631636
246.075,-0.5826904797,0.1625661353,0.1625661353,1.236069638
246.1,-0.5463943467,0.1933851381,0.1933851381,1.229440209
246.125,-0.5090414158,0.2240376641,0.2240376641,1.222752956
246.15,-0.4707039322,0.254522378,0.254522378,1.216016597
246.175,-0.4314560457,0.2848381493,0.2848381493,1.209238882
246.2,-0.3913736668,0.3149840331,0.3149840331,1.202426552
246.225,-0.3505343202,0.3449592365,0.3449592365,1.195585249
246.25,-0.3090169944,0.3747630917,0.3747630917,1.18871946
246.275,-0.2669019893,0.4043950326,0.4043950326,1.181832468
246.3,-0.2242707609,0.4338545561,0.4338545561,1.174926287
246.325,-0.1812057636,0.4631411929,0.4631411929,1.168001616
246.35,-0.1377902907,0.4922544776,0.4922544776,1.161057801
246.375,-0.09410831332,0.5211939071,0.5211939071,1.154092794
246.4,-0.05024431818,0.5499589116,0.5499589116,1.147103123
246.425,-0.006283143965,0.5785488176,0.5785488176,1.140083878
246.45,0.03769018267,0.6069628066,0.6069628066,1.133028688
246.475,0.08159061157,0.6351998869,0.6351998869,1.125929725
246.5,0.1253332336,0.6632588517,0.6632588517,1.118777705
246.525,0.1688334447,0.6911382411,0.6911382411,1.111561904
246.55,0.2120071099,0.718836314,0.718836314,1.104270183
246.575,0.2547707257,0.746351006,0.746351006,1.096889019
246.6,0.2970415816,0.7736798961,0.7736798961,1.089403563
246.625,0.3387379202,0.8008201804,0.8008201804,1.081797675
246.65,0.3797790955,0.827768633,0.827768633,1.074054006
246.675,0.4200857284,0.8545215786,0.8545215786,1.06615408
246.7,0.4595798606,0.8810748717,0.8810748717,1.058078355
246.725,0.4981851053,0.9074238619,0.9074238619,1.04980634
246.75,0.535826795,0.9335633752,0.9335633752,1.041316711
246.775,0.5724321256,0.9594876995,0.9594876995,1.032587387
246.8,0.6079302977,0.9851905588,0.9851905588,1.023595684
246.825,0.6422526532,1.010665104,1.010665104,1.01431845
246.85,0.6753328081,1.035903906,1.035903906,1.004732165
246.875,0.7071067812,1.060898939,1.060898939,0.9948131119
246.9,0.7375131174,1.08564159,1.08564159,0.9845375249
246.925,0.7664930068,1.110122647,1.110122647,0.973881708
246.95,0.7939903986,1.134332311,1.134332311,0.9628222181
246.975,0.8199521093,1.158260202,1.158260202,0.9513359959
247,0.8443279255,1.181895367,1.181895367,0.9394005165
247.025,0.8670707012,1.205226301,1.205226301,0.9269939508
247.05,0.8881364488,1.228240963,1.228240963,0.9140952853
247.075,0.9074844245,1.250926797,1.250926797,0.9006844824
247.1,0.9250772068,1.273270762,1.273270762,0.8867425937
247.125,0.940880769,1.295259353,1.295259353,0.872251893
247.15,0.9548645447,1.316878646,1.316878646,0.8571959858
247.175,0.9670014878,1.338114317,1.338114317,0.8415599082
247.2,0.9772681236,1.358951694,1.358951694,0.8253302245
247.225,0.9856445951,1.379375783,1.379375783,0.8084950951
247.25,0.9921147013,1.399371318,1.399371318,0.7910443495
247.275,0.996665928,1.418922799,1.418922799,0.7729695257
247.3,0.9992894726,1.438014537,1.438014537,0.7542639137
247.325,0.9999802609,1.456630697,1.456630697,0.734922564
247.35,0.9987369566,1.474755341,1.474755341,0.7149423008
247.375,0.9955619646,1.492372475,1.492372475,0.6943216994
247.4,0.9904614257,1.509466091,1.509466091,0.6730610686
247.425,0.983445205,1.526020211,1.526020211,0.6511623974
247.45,0.9745268728,1.542018924,1.542018924,0.6286293099
247.475,0.9637236783,1.557446432,1.557446432,0.605466983
247.5,0.9510565163,1.572287085,1.572287085,0.5816820764
247.525,0.9365498867,1.586525415,1.586525415,0.557282626
247.55,0.9202318474,1.600146172,1.600146172,0.5322779518
247.575,0.9021339594,1.613134356,1.613134356,0.5066785349
247.6,0.8822912264,1.625475238,1.625475238,0.4804959043
247.625,0.860742027,1.637154394,1.637154394,0.4537425068
247.65,0.83752804,1.648157718,1.648157718,0.4264315756
247.675,0.8126941644,1.658471443,1.658471443,0.3985770011
247.7,0.7862884321,1.668082157,1.668082157,0.3701931856
247.725,0.7583619153,1.676976815,1.676976815,0.3412949213
247.75,0.7289686274,1.685142741,1.685142741,0.3118972368
247.775,0.698165419,1.692567641,1.692567641,0.2820152858
247.8,0.6660118674,1.699239596,1.699239596,0.2516641968
247.825,0.6325701619,1.705147066,1.705147066,0.2208589635
247.85,0.5979049831,1.710278883,1.710278883,0.1896143217
247.875,0.5620833779,1.71462424,1.71462424,0.1579446258
247.9,0.52517463,1.718172688,1.718172688,0.1258637642
247.925,0.4872501257,1.720914113,1.720914113,0.09338503685
247.95,0.4483832161,1.72283873,1.72283873,0.06052107693
247.975,0.4086490747,1.723937056,1.723937056,0.02728376954
248,0.3681245527,1.724199899,1.724199899,-0.006315830668
248.025,0.3268880297,1.723618331,1.723618331,-0.0402675592
248.05,0.2850192625,1.722183664,1.722183664,-0.07456220381
248.075,0.2425992308,1.719887431,1.719887431,-0.1091915515
248.1,0.1997099805,1.716721357,1.716721357,-0.1441484319
248.125,0.156434465,1.712677331,1.712677331,-0.1794267497
248.15,0.1128563849,1.707747383,1.707747383,-0.2150215125
248.175,0.06906002571,1.701923651,1.701923651,-0.250928848
248.2,0.02513009544,1.695198359,1.695198359,-0.287146018
248.225,-0.01884843972,1.687563782,1.687563782,-0.3236714226
248.25,-0.06279051953,1.679012223,1.679012223,-0.3605046004
248.275,-0.1066111543,1.669535982,1.669535982,-0.3976462219
248.3,-0.1502255891,1.659127327,1.659127327,-0.435098076
248.325,-0.1935494681,1.647778469,1.647778469,-0.4728630545
248.35,-0.236498997,1.635481532,1.635481532,-0.5109451258
248.375,-0.278991106,1.622228529,1.622228529,-0.5493493089
248.4,-0.3209436098,1.608011333,1.608011333,-0.5880816392
248.425,-0.3622753667,1.592821654,1.592821654,-0.6271491248
248.45,-0.4029064357,1.576651018,1.576651018,-0.6665597094
248.475,-0.442758231,1.559490737,1.559490737,-0.7063222118
248.5,-0.4817536741,1.541331894,1.541331894,-0.7464462725
248.525,-0.5198173426,1.522165323,1.522165323,-0.7869422927
248.55,-0.5568756165,1.501981588,1.501981588,-0.8278213458
248.575,-0.5928568202,1.480770967,1.480770967,-0.8690951116
248.6,-0.6276913613,1.458523442,1.458523442,-0.9107757788
248.625,-0.6613118653,1.435228682,1.435228682,-0.9528759231
248.65,-0.6936533058,1.410876042,1.410876042,-0.9954084174
248.675,-0.7246531302,1.38545455,1.38545455,-1.038386285
248.7,-0.7542513807,1.358952908,1.358952908,-1.081822527
248.725,-0.7823908106,1.331359497,1.331359497,-1.125729996
248.75,-0.8090169944,1.302662377,1.302662377,-1.170121192
248.775,-0.8340784336,1.272849307,1.272849307,-1.215007984
248.8,-0.8575266562,1.241907756,1.241907756,-1.260401462
248.825,-0.8793163102,1.209824927,1.209824927,-1.306311628
248.85,-0.8994052516,1.176587797,1.176587797,-1.352747002
248.875,-0.9177546257,1.142183144,1.142183144,-1.399714397
248.9,-0.9343289425,1.106597603,1.106597603,-1.447218472
248.925,-0.949096145,1.06981773,1.06981773,-1.49526123
248.95,-0.9620276716,1.031830061,1.031830061,-1.543841631
248.975,-0.973098511,0.9926212048,0.9926212048,-1.592954982
249,-0.9822872507,0.952177945,0.952177945,-1.642592282
249.025,-0.9895761186,0.9104873387,0.9104873387,-1.692739662
249.05,-0.994951017,0.8675368724,0.8675368724,-1.743377503
249.075,-0.9984015501,0.8233145927,0.8233145927,-1.794479704
249.1,-0.9999210442,0.7778092941,0.7778092941,-1.84601275
249.125,-0.9995065604,0.7310107119,0.7310107119,-1.897934718
249.15,-0.9971589003,0.682909742,0.682909742,-1.950194263
249.175,-0.9928826046,0.6334986985,0.6334986985,-2.002729434
249.2,-0.9866859442,0.5827715843,0.5827715843,-2.055466523
249.225,-0.9785809043,0.5307244086,0.5307244086,-2.108318751
249.25,-0.9685831611,0.4773555258,0.4773555258,-2.161184985
249.275,-0.9567120516,0.4226660113,0.4226660113,-2.213948365
249.3,-0.9429905359,0.366660076,0.366660076,-2.266474935
249.325,-0.9274451533,0.3093455028,0.3093455028,-2.318612309
249.35,-0.9101059707,0.250734132,0.250734132,-2.370188345
249.375,-0.8910065242,0.1908423665,0.1908423665,-2.421009951
249.4,-0.8701837547,0.1296917079,0.1296917079,-2.470862018
249.425,-0.8476779361,0.06730932162,0.06730932162,-2.519506558
249.45,-0.8235325976,0.003728614835,0.003728614835,-2.56668212
249.475,-0.7977944395,-0.06101017312,-0.06101017312,-2.612103551
249.5,-0.7705132428,-0.1268593792,-0.1268593792,-2.655462197
249.525,-0.7417417727,-0.1937633372,-0.1937633372,-2.696426618
249.55,-0.7115356772,-0.2616578227,-0.2616578227,-2.734643917
249.575,-0.6799533787,-0.330469542,-0.330469542,-2.769741753
249.6,-0.6470559616,-0.4001156776,-0.4001156776,-2.801331173
249.625,-0.6129070537,-0.4705035167,-0.4705035167,-2.829010226
249.65,-0.5775727034,-0.5415301828,-0.5415301828,-2.852368499
249.675,-0.5411212521,-0.6130824892,-0.6130824892,-2.870992594
249.7,-0.5036232016,-0.6850369411,-0.6850369411,-2.884472435
249.725,-0.4651510781,-0.7572599073,-0.7572599073,-2.892408431
249.75,-0.4257792916,-0.8296079797,-0.8296079797,-2.89441939
249.775,-0.3855839923,-0.9019285384,-0.9019285384,-2.890150967
249.8,-0.3446429232,-0.9740605315,-0.9740605315,-2.879284467
249.825,-0.3030352696,-1.045835478,-1.045835478,-2.861545746
249.85,-0.2608415063,-1.117078692,-1.117078692,-2.836713871
249.875,-0.2181432414,-1.187610714,-1.187610714,-2.804629229
249.9,-0.175023059,-1.257248934,-1.257248934,-2.765200709
249.925,-0.1315643591,-1.325809389,-1.325809389,-2.718411603
249.95,-0.08785119655,-1.39310867,-1.39310867,-2.664323901
249.975,-0.04396811832,-1.458965932,-1.458965932,-2.603080703
250,2.548750896e-14,-1.523204924,-1.523204924,-2.534906527
250.025,0.04396811832,-1.585656012,-1.585656012,-2.460105417
250.05,0.08785119655,-1.646158114,-1.646158114,-2.379056806
250.075,0.1315643591,-1.704560512,-1.704560512,-2.292209267
250.1,0.175023059,-1.760724484,-1.760724484,-2.200072309
250.125,0.2181432414,-1.814524709,-1.814524709,-2.103206544
250.15,0.2608415063,-1.865850402,-1.865850402,-2.002212605
250.175,0.3030352696,-1.914606173,-1.914606173,-1.897719272
250.2,0.3446429232,-1.960712575,-1.960712575,-1.790371192
250.225,0.3855839923,-2.004106347,-2.004106347,-1.680816615
250.25,0.4257792916,-2.044740361,-2.044740361,-1.569695955
250.275,0.4651510781,-2.082583283,-2.082583283,-1.457630849
250.3,0.5036232016,-2.117618988,-2.117618988,-1.345214741
250.325,0.5411212521,-2.14984575,-2.14984575,-1.233004788
250.35,0.5775727034,-2.179275245,-2.179275245,-1.121515323
250.375,0.6129070537,-2.205931423,-2.205931423,-1.011213007
250.4,0.6470559616,-2.229849267,-2.229849267,-0.9025135809
250.425,0.6799533787,-2.2510735,-2.2510735,-0.795780137
250.45,0.7115356772,-2.269657256,-2.269657256,-0.6913227971
250.475,0.7417417727,-2.285660772,-2.285660772,-0.5893996143
250.5,0.7705132428,-2.299150101,-2.299150101,-0.4902184961
250.525,0.7977944395,-2.310195896,-2.310195896,-0.3939399492
250.55,0.8235325976,-2.318872268,-2.318872268,-0.3006804429
250.575,0.8476779361,-2.325255723,-2.325255723,-0.210516233
250.6,0.8701837547,-2.329424217,-2.329424217,-0.1234873863
250.625,0.8910065242,-2.331456296,-2.331456296,-0.03960196517
250.65,0.9101059707,-2.331430352,-2.331430352,0.04115982973
250.675,0.9274451533,-2.329423976,-2.329423976,0.1188416344
250.7,0.9429905359,-2.325513411,-2.325513411,0.1935070945
250.725,0.9567120516,-2.319773094,-2.319773094,0.2652362931
250.75,0.9685831611,-2.312275291,-2.312275291,0.3341224727
250.775,0.9785809043,-2.303089802,-2.303089802,0.4002690706
250.8,0.9866859442,-2.292283744,-2.292283744,0.4637870771
250.825,0.9928826046,-2.279921386,-2.279921386,0.5247927122
250.85,0.9971589003,-2.26606405,-2.26606405,0.5834054102
250.875,0.9995065604,-2.250770049,-2.250770049,0.6397460943
250.9,0.9999210442,-2.23409467,-2.23409467,0.6939357211
250.925,0.9984015501,-2.216090189,-2.216090189,0.7460940708
250.95,0.994951017,-2.196805913,-2.196805913,0.7963387562
250.975,0.9895761186,-2.176288242,-2.176288242,0.8447844299
251,0.9822872507,-2.154580757,-2.154580757,0.8915421613
251.025,0.973098511,-2.131724307,-2.131724307,0.9367189641
251.05,0.9620276716,-2.107757126,-2.107757126,0.9804174482
251.075,0.949096145,-2.082714937,-2.082714937,1.022735579
251.1,0.9343289425,-2.056631073,-2.056631073,1.063766529
251.125,0.9177546257,-2.029536599,-2.029536599,1.103598594
251.15,0.8994052516,-2.001460437,-2.001460437,1.142315182
251.175,0.8793163102,-1.97242948,-1.97242948,1.17999483
251.2,0.8575266562,-1.942468721,-1.942468721,1.216711273
251.225,0.8340784336,-1.911601367,-1.911601367,1.252533526
251.25,0.8090169944,-1.879848958,-1.879848958,1.287525987
251.275,0.7823908106,-1.847231482,-1.847231482,1.321748558
251.3,0.7542513807,-1.813767482,-1.813767482,1.355256756
251.325,0.7246531302,-1.779474169,-1.779474169,1.388101837
251.35,0.6936533058,-1.744367523,-1.744367523,1.420330903
251.375,0.6613118653,-1.708462398,-1.708462398,1.451987014
251.4,0.6276913613,-1.671772619,-1.671772619,1.483109277
251.425,0.5928568202,-1.634311088,-1.634311088,1.513732927
251.45,0.5568756165,-1.596089865,-1.596089865,1.54388939
251.475,0.5198173426,-1.55712028,-1.55712028,1.573606335
251.5,0.4817536741,-1.517413011,-1.517413011,1.602907696
251.525,0.442758231,-1.476978188,-1.476978188,1.631813686
251.55,0.4029064357,-1.435825483,-1.435825483,1.660340784
251.575,0.3622753667,-1.393964199,-1.393964199,1.688501705
251.6,0.3209436098,-1.351403374,-1.351403374,1.716305344
251.625,0.278991106,-1.308151867,-1.308151867,1.74375671
251.65,0.236498997,-1.264218465,-1.264218465,1.770856826
251.675,0.1935494681,-1.219611977,-1.219611977,1.797602622
251.7,0.1502255891,-1.174341346,-1.174341346,1.823986798
251.725,0.1066111543,-1.128415747,-1.128415747,1.849997681
251.75,0.06279051953,-1.081844706,-1.081844706,1.87561906
251.775,0.01884843972,-1.034638213,-1.034638213,1.900830002
251.8,-0.02513009544,-0.9868068396,-0.9868068396,1.925604678
251.825,-0.06906002571,-0.9383618712,-0.9383618712,1.949912147
251.85,-0.1128563849,-0.8893154261,-0.8893154261,1.973716182
251.875,-0.156434465,-0.8396806034,-0.8396806034,1.996975049
251.9,-0.1997099805,-0.7894716104,-0.7894716104,2.019641333
251.925,-0.2425992308,-0.7387039172,-0.7387039172,2.04166175
251.95,-0.2850192625,-0.6873943978,-0.6873943978,2.062976993
251.975,-0.3268880297,-0.6355614878,-0.6355614878,2.0835216
252,-0.3681245527,-0.5832253357,-0.5832253357,2.103223858
252.025,-0.4086490747,-0.5304079629,-0.5304079629,2.122005754
252.05,-0.4483832161,-0.4771334185,-0.4771334185,2.139782984
252.075,-0.4872501257,-0.4234279386,-0.4234279386,2.156465023
252.1,-0.52517463,-0.3693200972,-0.3693200972,2.171955283
252.125,-0.5620833779,-0.3148409579,-0.3148409579,2.186151345
252.15,-0.5979049831,-0.2600242126,-0.2600242126,2.198945313
252.175,-0.6325701619,-0.2049063162,-0.2049063162,2.210224259
252.2,-0.6660118674,-0.1495266018,-0.1495266018,2.219870809
252.225,-0.698165419,-0.0939273875,-0.0939273875,2.227763852
252.25,-0.7289686274,-0.03815405496,-0.03815405496,2.233779381
252.275,-0.7583619153,0.01774488671,0.01774488671,2.237791502
252.3,-0.7862884321,0.07371776944,0.07371776944,2.239673558
252.325,-0.8126941644,0.1297097625,0.1297097625,2.239299426
252.35,-0.83752804,0.1856629033,0.1856629033,2.236544928
252.375,-0.860742027,0.2415161654,0.2415161654,2.231289392
252.4,-0.8822912264,0.2972055665,0.2972055665,2.223417312
252.425,-0.9021339594,0.3526643193,0.3526643193,2.212820097
252.45,-0.9202318474,0.4078230269,0.4078230269,2.199397895
252.475,-0.9365498867,0.462609925,0.462609925,2.183061447
252.5,-0.9510565163,0.5169511697,0.5169511697,2.163733932
252.525,-0.9637236783,0.5707711704,0.5707711704,2.141352771
252.55,-0.9745268728,0.6239929678,0.6239929678,2.115871341
252.575,-0.983445205,0.676538654,0.676538654,2.087260562
252.6,-0.9904614257,0.7283298278,0.7283298278,2.055510286
252.625,-0.9955619646,0.7792880834,0.7792880834,2.02063048
252.65,-0.9987369566,0.8293355245,0.8293355245,1.982652123
252.675,-0.9999802609,0.8783953001,0.8783953001,1.941627811
252.7,-0.9992894726,0.9263921468,0.9263921468,1.897632018
252.725,-0.996665928,0.9732529353,0.9732529353,1.850761008
252.75,-0.9921147013,1.018907211,1.018907211,1.801132372
252.775,-0.9856445951,1.063287719,1.063287719,1.748884199
252.8,-0.9772681236,1.106330899,1.106330899,1.694173884
252.825,-0.9670014878,1.147977351,1.147977351,1.637176614
252.85,-0.9548645447,1.18817226,1.18817226,1.578083513
252.875,-0.940880769,1.226865766,1.226865766,1.517099559
252.9,-0.9250772068,1.264013283,1.264013283,1.454441276
252.925,-0.9074844245,1.299575755,1.299575755,1.390334229
252.95,-0.8881364488,1.333519854,1.333519854,1.325010493
252.975,-0.8670707012,1.365818106,1.365818106,1.258705985
253,-0.8443279255,1.396448957,1.396448957,1.191657899
253.025,-0.8199521093,1.425396772,1.425396772,1.124102169
253.05,-0.7939903986,1.452651772,1.452651772,1.056271056
253.075,-0.7664930068,1.478209919,1.478209919,0.988390945
253.1,-0.7375131174,1.502072734,1.502072734,0.9206802939
253.125,-0.7071067812,1.524247089,1.524247089,0.8533478792
253.15,-0.6753328081,1.544744929,1.544744929,0.7865912418
253.175,-0.6422526532,1.563582995,1.563582995,0.7205954586
253.2,-0.6079302977,1.580782477,1.580782477,0.6555321298
253.225,-0.5724321256,1.596368687,1.596368687,0.5915586855
253.25,-0.535826795,1.610370688,1.610370688,0.5288179084
253.275,-0.4981851053,1.622820925,1.622820925,0.4674377238
253.3,-0.4595798606,1.633754859,1.633754859,0.4075311944
253.325,-0.4200857284,1.643210589,1.643210589,0.3491967213
253.35,-0.3797790955,1.6512285,1.6512285,0.2925184028
253.375,-0.3387379202,1.6578509,1.6578509,0.2375665549
253.4,-0.2970415816,1.663121694,1.663121694,0.184398332
253.425,-0.2547707257,1.667086056,1.667086056,0.1330584473
253.45,-0.2120071099,1.669790132,1.669790132,0.08357996564
253.475,-0.1688334447,1.671280754,1.671280754,0.03598512959
253.5,-0.1253332336,1.67160519,1.67160519,-0.009713779914
253.525,-0.08159061157,1.670810894,1.670810894,-0.05351357836
253.55,-0.03769018267,1.668945297,1.668945297,-0.09541932081
253.575,0.006283143966,1.666055609,1.666055609,-0.1354434652
253.6,0.05024431818,1.662188646,1.662188646,-0.1736050659
253.625,0.09410831332,1.657390671,1.657390671,-0.2099290064
253.65,0.1377902907,1.651707261,1.651707261,-0.2444452792
253.675,0.1812057636,1.645183186,1.645183186,-0.2771883073
253.7,0.2242707609,1.637862305,1.637862305,-0.3081963268
253.725,0.2669019893,1.629787483,1.629787483,-0.3375108189
253.75,0.3090169944,1.621000509,1.621000509,-0.3651759855
253.775,0.3505343202,1.611542041,1.611542041,-0.3912382971
253.8,0.3913736668,1.601451549,1.601451549,-0.4157460646
253.825,0.4314560457,1.590767278,1.590767278,-0.4387490852
253.85,0.4707039322,1.57952621,1.57952621,-0.4602983089
253.875,0.5090414158,1.567764045,1.567764045,-0.4804455707
253.9,0.5463943467,1.555515178,1.555515178,-0.4992433349
253.925,0.5826904797,1.542812684,1.542812684,-0.5167445087
253.95,0.6178596131,1.529688314,1.529688314,-0.5330022441
253.975,0.6518337253,1.516172489,1.516172489,-0.5480698162
254,0.6845471059,1.502294297,1.502294297,-0.5620004966
254.025,0.715936483,1.488081496,1.488081496,-0.5748474387
254.05,0.7459411454,1.473560515,1.473560515,-0.5866636306
254.075,0.7745030602,1.458756464,1.458756464,-0.5975018155
254.1,0.8015669849,1.443693137,1.443693137,-0.6074144477
254.125,0.8270805743,1.42839302,1.42839302,-0.6164536648
254.15,0.8509944818,1.412877301,1.412877301,-0.6246712584
254.175,0.8732624548,1.397165875,1.397165875,-0.6321186602
254.2,0.8938414242,1.38127736,1.38127736,-0.638846932
254.225,0.9126915874,1.365229099,1.365229099,-0.6449067603
254.25,0.9297764859,1.349037173,1.349037173,-0.650348454
254.275,0.9450630752,1.332716411,1.332716411,-0.655221945
254.3,0.958521789,1.316280398,1.316280398,-0.6595767887
254.325,0.9701265965,1.299741484,1.299741484,-0.6634621652
254.35,0.9798550524,1.283110795,1.283110795,-0.6669268787
254.375,0.9876883406,1.266398242,1.266398242,-0.670019357
254.4,0.9936113105,1.249612529,1.249612529,-0.6727876476
254.425,0.9976125064,1.232761164,1.232761164,-0.6752794109
254.45,0.9996841893,1.215850469,1.215850469,-0.6775419132
254.475,0.9998223524,1.198885588,1.198885588,-0.6796220129
254.5,0.9980267284,1.181870501,1.181870501,-0.6815661447
254.525,0.9943007904,1.16480803,1.16480803,-0.6834203041
254.55,0.9886517447,1.147699856,1.147699856,-0.6852300213
254.575,0.9810905174,1.130546524,1.130546524,-0.687040334
254.6,0.9716317329,1.113347463,1.113347463,-0.6888957652
254.625,0.9602936857,1.096100993,1.096100993,-0.6908402854
254.65,0.947098305,1.078804345,1.078804345,-0.6929172684
254.675,0.9320711125,1.06145367,1.06145367,-0.6951694682
254.7,0.9152411726,1.04404406,1.04404406,-0.6976389721
254.725,0.8966410368,1.026569565,1.026569565,-0.7003671399
254.75,0.87630668,1.00902321,1.00902321,-0.7033945731
254.775,0.8542774317,0.9913970112,0.9913970112,-0.7067610664
254.8,0.8305958992,0.9736820053,0.9736820053,-0.7105055432
254.825,0.8053078857,0.9558682672,0.9558682672,-0.714666002
254.85,0.7784623016,0.9379449306,0.9379449306,-0.7192794746
254.875,0.7501110696,0.9199002176,0.9199002176,-0.724381955
254.9,0.7203090249,0.9017214666,0.9017214666,-0.7300083383
254.925,0.6891138084,0.8833951537,0.8833951537,-0.7361923736
254.95,0.6565857558,0.8649069289,0.8649069289,-0.7429665885
254.975,0.6227877805,0.8462416456,0.8462416456,-0.7503622288
255,0.5877852523,0.8273833894,0.8273833894,-0.7584092011
255.025,0.5516458706,0.8083155196,0.8083155196,-0.7671359937
255.05,0.5144395338,0.7890206994,0.7890206994,-0.7765696192
255.075,0.4762382037,0.7694809355,0.7694809355,-0.7867355418
255.1,0.4371157667,0.7496776207,0.7496776207,-0.7976575998
255.125,0.3971478906,0.7295915694,0.7295915694,-0.8093579432
255.15,0.3564118787,0.7092030673,0.7092030673,-0.8218569444
255.175,0.3149865197,0.6884919121,0.6884919121,-0.8351731274
255.2,0.2729519355,0.6674374622,0.6674374622,-0.849323081
255.225,0.2303894267,0.6460186881,0.6460186881,-0.8643213676
255.25,0.1873813146,0.6242142199,0.6242142199,-0.8801804386
255.275,0.1440107826,0.6020024071,0.6020024071,-0.8969105236
255.3,0.1003617149,0.5793613686,0.5793613686,-0.9145195389
255.325,0.05651853448,0.5562690592,0.5562690592,-0.9330129613
255.35,0.01256603988,0.5327033255,0.5327033255,-0.9523937186
255.375,-0.03141075908,0.508641976,0.508641976,-0.9726620499
255.4,-0.07532680553,0.4840628473,0.4840628473,-0.9938153714
255.425,-0.1190971601,0.458943878,0.458943878,-1.01584812
255.45,-0.1626371652,0.4332631843,0.4332631843,-1.038751592
255.475,-0.2058626088,0.4069991416,0.4069991416,-1.062513763
255.5,-0.2486898872,0.3801304687,0.3801304687,-1.087119099
255.525,-0.2910361668,0.3526363196,0.3526363196,-1.112548348
255.55,-0.3328195445,0.3244963774,0.3244963774,-1.138778321
255.575,-0.3739592057,0.2956909578,0.2956909578,-1.165781649
255.6,-0.414375581,0.2662011139,0.2662011139,-1.19352654
255.625,-0.4539904997,0.2360087538,0.2360087538,-1.221976502
255.65,-0.4927273415,0.2050967575,0.2050967575,-1.251090065
255.675,-0.5305111843,0.1734491084,0.1734491084,-1.280820482
255.7,-0.5672689491,0.1410510275,0.1410510275,-1.311115424
255.725,-0.6029295417,0.1078891163,0.1078891163,-1.341916661
255.75,-0.6374239897,0.0739515105,0.0739515105,-1.373159736
255.775,-0.6706855765,0.03922803741,0.03922803741,-1.404773647
255.8,-0.7026499698,0.00371038484,0.00371038484,-1.436680521
255.825,-0.7332553462,-0.03260772329,-0.03260772329,-1.468795301
255.85,-0.762442511,-0.06973034384,-0.06973034384,-1.501025456
255.875,-0.7901550124,-0.1076591241,-0.1076591241,-1.533270708
255.9,-0.8163392507,-0.1463931052,-0.1463931052,-1.565422802
255.925,-0.8409445823,-0.18592852,-0.18592852,-1.59736532
255.95,-0.8639234172,-0.2262585878,-0.2262585878,-1.628973553
255.975,-0.8852313113,-0.2673733058,-0.2673733058,-1.660114454
256,-0.9048270525,-0.3092592403,-0.3092592403,-1.690646671
256.025,-0.9226727399,-0.3518993231,-0.3518993231,-1.72042069
256.05,-0.9387338577,-0.395272647,-0.395272647,-1.749279104
256.075,-0.9529793415,-0.4393542758,-0.4393542758,-1.777057001
256.1,-0.9653816388,-0.4841150629,-0.4841150629,-1.803582545
256.125,-0.9759167619,-0.5295214847,-0.5295214847,-1.828677654
256.15,-0.9845643345,-0.5755354985,-0.5755354985,-1.852158988
256.175,-0.9913076311,-0.622114423,-0.622114423,-1.873838954
256.2,-0.9961336091,-0.6692108482,-0.6692108482,-1.893527097
256.225,-0.9990329347,-0.7167725802,-0.7167725802,-1.911031552
256.25,-1,-0.7647426316,-0.7647426316,-1.926160796
256.275,-0.9990329347,-0.8130592482,-0.8130592482,-1.938725534
256.3,-0.9961336091,-0.8616559938,-0.8616559938,-1.948540789
256.325,-0.9913076311,-0.9104618862,-0.9104618862,-1.955428167
256.35,-0.9845643345,-0.9594015881,-0.9594015881,-1.959218202
256.375,-0.9759167619,-1.008395664,-1.008395664,-1.959752824
256.4,-0.9653816388,-1.057360895,-1.057360895,-1.956887861
256.425,-0.9529793415,-1.106210657,-1.106210657,-1.950495505
256.45,-0.9387338577,-1.15485536,-1.15485536,-1.940466715
256.475,-0.9226727399,-1.203202949,-1.203202949,-1.92671349
256.5,-0.9048270525,-1.25115945,-1.25115945,-1.90917091
256.525,-0.8852313113,-1.298629576,-1.298629576,-1.887798915
256.55,-0.8639234172,-1.345517362,-1.345517362,-1.862583745
256.575,-0.8409445823,-1.391726842,-1.391726842,-1.833538989
256.6,-0.8163392507,-1.437162737,-1.437162737,-1.800706175
256.625,-0.7901550124,-1.481731156,-1.481731156,-1.764154899
256.65,-0.762442511,-1.525340297,-1.525340297,-1.72398243
256.675,-0.7332553462,-1.567901127,-1.567901127,-1.680312828
256.7,-0.7026499698,-1.609328035,-1.609328035,-1.633295545
256.725,-0.6706855765,-1.649539442,-1.649539442,-1.583103558
256.75,-0.6374239897,-1.68845837,-1.68845837,-1.529931064
256.775,-0.6029295417,-1.726012927,-1.726012927,-1.473990825
256.8,-0.5672689491,-1.762136746,-1.762136746,-1.415511177
256.825,-0.5305111843,-1.796769327,-1.796769327,-1.354732813
256.85,-0.4927273415,-1.82985631,-1.82985631,-1.291905487
256.875,-0.4539904997,-1.861349654,-1.861349654,-1.22728453
256.9,-0.414375581,-1.891207737,-1.891207737,-1.161127579
256.925,-0.3739592057,-1.919395372,-1.919395372,-1.093691198
256.95,-0.3328195445,-1.945883741,-1.945883741,-1.025227894
256.975,-0.2910361668,-1.970650258,-1.970650258,-0.955983217
257,-0.2486898872,-1.993678361,-1.993678361,-0.8861932296
257.025,-0.2058626088,-2.014957249,-2.014957249,-0.8160823072
257.05,-0.1626371652,-2.034481563,-2.034481563,-0.7458612489
257.075,-0.1190971601,-2.052251029,-2.052251029,-0.6757258183
257.1,-0.07532680553,-2.068270069,-2.068270069,-0.605855599
257.125,-0.03141075908,-2.08254738,-2.08254738,-0.536413239
257.15,0.01256603988,-2.095095512,-2.095095512,-0.4675440215
257.175,0.05651853448,-2.105930427,-2.105930427,-0.3993757448
257.2,0.1003617149,-2.115071065,-2.115071065,-0.332018887
257.225,0.1440107826,-2.122538917,-2.122538917,-0.2655670053
257.25,0.1873813146,-2.128357605,-2.128357605,-0.2000973478
257.275,0.2303894267,-2.132552488,-2.132552488,-0.1356716325
257.3,0.2729519355,-2.135150282,-2.135150282,-0.07233694742
257.325,0.3149865197,-2.13617871,-2.13617871,-0.01012676037
257.35,0.3564118787,-2.135666169,-2.135666169,0.05093801066
257.375,0.3971478906,-2.133641436,-2.133641436,0.1108479075
257.4,0.4371157667,-2.130133393,-2.130133393,0.1696038025
257.425,0.4762382037,-2.125170781,-2.125170781,0.2272158042
257.45,0.5144395338,-2.118781985,-2.118781985,0.2837021876
257.475,0.5516458706,-2.110994842,-2.110994842,0.3390883535
257.5,0.5877852523,-2.101836474,-2.101836474,0.3934058571
257.525,0.6227877805,-2.091333149,-2.091333149,0.4466914957
257.55,0.6565857558,-2.079510156,-2.079510156,0.4989864505
257.575,0.6891138084,-2.066391709,-2.066391709,0.5503355128
257.6,0.7203090249,-2.052000866,-2.052000866,0.6007863762
257.625,0.7501110696,-2.03635946,-2.03635946,0.6503889873
257.65,0.7784623016,-2.019488055,-2.019488055,0.6991949827
257.675,0.8053078857,-2.001405909,-2.001405909,0.7472571723
257.7,0.8305958992,-1.982130949,-1.982130949,0.7946290917
257.725,0.8542774317,-1.961679758,-1.961679758,0.8413646119
257.75,0.87630668,-1.940067573,-1.940067573,0.8875175875
257.775,0.8966410368,-1.917308287,-1.917308287,0.9331415689
257.8,0.9152411726,-1.893414461,-1.893414461,0.9782895321
257.825,0.9320711125,-1.868397342,-1.868397342,1.023013666
257.85,0.947098305,-1.842266883,-1.842266883,1.067365167
257.875,0.9602936857,-1.815031771,-1.815031771,1.111394078
257.9,0.9716317329,-1.786699461,-1.786699461,1.155149125
257.925,0.9810905174,-1.757276203,-1.757276203,1.198677591
257.95,0.9886517447,-1.726767088,-1.726767088,1.242025172
257.975,0.9943007904,-1.695176085,-1.695176085,1.285235864
258,0.9980267284,-1.662506084,-1.662506084,1.328351829
258.025,0.9998223524,-1.628758947,-1.628758947,1.371413262
258.05,0.9996841893,-1.593935556,-1.593935556,1.414458261
258.075,0.9976125064,-1.558035872,-1.558035872,1.457522647
258.1,0.9936113105,-1.521058984,-1.521058984,1.500639819
258.125,0.9876883406,-1.483003183,-1.483003183,1.543840532
258.15,0.9798550524,-1.443866028,-1.443866028,1.587152679
258.175,0.9701265965,-1.403644413,-1.403644413,1.63060105
258.2,0.958521789,-1.362334661,-1.362334661,1.674206994
258.225,0.9450630752,-1.319932603,-1.319932603,1.717988139
258.25,0.9297764859,-1.27643368,-1.27643368,1.761957973
258.275,0.9126915874,-1.231833057,-1.231833057,1.806125412
258.3,0.8938414242,-1.186125728,-1.186125728,1.850494365
258.325,0.8732624548,-1.139306671,-1.139306671,1.895063108
258.35,0.8509944818,-1.091370972,-1.091370972,1.939823771
258.375,0.8270805743,-1.042314004,-1.042314004,1.984761616
258.4,0.8015669849,-0.9921315991,-0.9921315991,2.029854315
258.425,0.7745030602,-0.9408202499,-0.9408202499,2.075071189
258.45,0.7459411454,-0.8883773353,-0.8883773353,2.120372278
258.475,0.715936483,-0.8348013483,-0.8348013483,2.165707506
258.5,0.6845471059,-0.7800921827,-0.7800921827,2.211015606
258.525,0.6518337253,-0.7242514022,-0.7242514022,2.256223175
258.55,0.6178596131,-0.6672825799,-0.6672825799,2.30124353
258.575,0.5826904797,-0.6091916236,-0.6091916236,2.345975672
258.6,0.5463943467,-0.5499871636,-0.5499871636,2.390303141
258.625,0.5090414158,-0.4896809424,-0.4896809424,2.434092967
258.65,0.4707039322,-0.4282882445,-0.4282882445,2.477194622
258.675,0.4314560457,-0.3658283494,-0.3658283494,2.51943908
258.7,0.3913736668,-0.3023249982,-0.3023249982,2.560638003
258.725,0.3505343202,-0.2378068916,-0.2378068916,2.600583101
258.75,0.3090169944,-0.1723081915,-0.1723081915,2.639045727
258.775,0.2669019893,-0.1058690299,-0.1058690299,2.675776768
258.8,0.2242707609,-0.03853602158,-0.03853602158,2.710506909
258.825,0.1812057636,0.02963723967,0.02963723967,2.742947311
258.85,0.1377902907,0.09858970759,0.09858970759,2.77279081
258.875,0.09410831332,0.1682524454,0.1682524454,2.799713682
258.9,0.05024431818,0.2385482408,0.2385482408,2.823378036
258.925,0.006283143966,0.3093912875,0.3093912875,2.843434941
258.95,-0.03769018267,0.3806869576,0.3806869576,2.85952818
258.975,-0.08159061157,0.4523316743,0.4523316743,2.871298866
259,-0.1253332336,0.5242129083,0.5242129083,2.8783907
259.025,-0.1688334447,0.596209317,0.596209317,2.88045594
259.05,-0.2120071099,0.6681910391,0.6681910391,2.877161969
259.075,-0.2547707257,0.74002016,0.74002016,2.868198355
259.1,-0.2970415816,0.8115513585,0.8115513585,2.853284211
259.125,-0.3387379202,0.8826327381,0.8826327381,2.832175664
259.15,-0.3797790955,0.9531068449,0.9531068449,2.804673202
259.175,-0.4200857284,1.022811865,1.022811865,2.770628626
259.2,-0.4595798606,1.091582986,1.091582986,2.729951318
259.225,-0.4981851053,1.159253908,1.159253908,2.682613543
259.25,-0.535826795,1.225658467,1.225658467,2.628654527
259.275,-0.5724321256,1.290632344,1.290632344,2.568183043
259.3,-0.6079302977,1.354014823,1.354014823,2.501378358
259.325,-0.6422526532,1.415650541,1.415650541,2.428489375
259.35,-0.6753328081,1.475391204,1.475391204,2.349831962
259.375,-0.7071067812,1.533097206,1.533097206,2.265784476
259.4,-0.7375131174,1.588639119,1.588639119,2.176781617
259.425,-0.7664930068,1.641899009,1.641899009,2.083306809
259.45,-0.7939903986,1.692771546,1.692771546,1.985883383
259.475,-0.8199521093,1.741164881,1.741164881,1.885064915
259.5,-0.8443279255,1.787001277,1.787001277,1.781424999
259.525,-0.8670707012,1.830217479,1.830217479,1.675546838
259.55,-0.8881364488,1.870764827,1.870764827,1.568013263
259.575,-0.9074844245,1.908609125,1.908609125,1.459396928
259.6,-0.9250772068,1.943730273,1.943730273,1.35025169
259.625,-0.940880769,1.976121705,1.976121705,1.241104854
259.65,-0.9548645447,2.005789632,2.005789632,1.132450634
259.675,-0.9670014878,2.032752153,2.032752153,1.02474502
259.7,-0.9772681236,2.057038249,2.057038249,0.9184019136
259.725,-0.9856445951,2.078686694,2.078686694,0.8137906005
259.75,-0.9921147013,2.097744919,2.097744919,0.7112344821
259.775,-0.996665928,2.114267868,2.114267868,0.6110109163
259.8,-0.9992894726,2.12831685,2.12831685,0.513352055
259.825,-0.9999802609,2.139958427,2.139958427,0.4184465213
259.85,-0.9987369566,2.149263359,2.149263359,0.3264417323
259.875,-0.9955619646,2.156305605,2.156305605,0.2374467524
259.9,-0.9904614257,2.161161403,2.161161403,0.1515354993
259.925,-0.983445205,2.163908437,2.163908437,0.06875015227
259.95,-0.9745268728,2.164625083,2.164625083,-0.0108953265
259.975,-0.9637236783,2.163389752,2.163389752,-0.08741168159
260,-0.9510565163,2.160280313,2.160280313,-0.1608309435
260.025,-0.9365498867,2.155373601,2.155373601,-0.2312031615
260.05,-0.9202318474,2.148745009,2.148745009,-0.2985933377
260.075,-0.9021339594,2.140468145,2.140468145,-0.363078597
260.1,-0.8822912264,2.130614566,2.130614566,-0.4247456103
260.125,-0.860742027,2.119253569,2.119253569,-0.483688282
260.15,-0.83752804,2.10645203,2.10645203,-0.5400056996
260.175,-0.8126941644,2.092274307,2.092274307,-0.5938003405
260.2,-0.7862884321,2.076782167,2.076782167,-0.6451765216
260.225,-0.7583619153,2.060034761,2.060034761,-0.6942390752
260.25,-0.7289686274,2.042088625,2.042088625,-0.7410922381
260.275,-0.698165419,2.022997704,2.022997704,-0.7858387291
260.3,-0.6660118674,2.002813406,2.002813406,-0.8285789994
260.325,-0.6325701619,1.981584659,1.981584659,-0.86941063
260.35,-0.5979049831,1.959357994,1.959357994,-0.9084278659
260.375,-0.5620833779,1.93617763,1.93617763,-0.9457212658
260.4,-0.52517463,1.912085573,1.912085573,-0.9813774463
260.425,-0.4872501257,1.887121712,1.887121712,-1.015478913
260.45,-0.4483832161,1.861323929,1.861323929,-1.048103961
260.475,-0.4086490747,1.8347282,1.8347282,-1.079326637
260.5,-0.3681245527,1.807368701,1.807368701,-1.109216739
260.525,-0.3268880297,1.77927792,1.77927792,-1.137839868
260.55,-0.2850192625,1.750486752,1.750486752,-1.165257497
260.575,-0.2425992308,1.721024611,1.721024611,-1.191527077
260.6,-0.1997099805,1.690919518,1.690919518,-1.216702144
260.625,-0.156434465,1.660198209,1.660198209,-1.240832453
260.65,-0.1128563849,1.628886217,1.628886217,-1.263964112
260.675,-0.06906002571,1.597007969,1.597007969,-1.286139729
260.7,-0.02513009544,1.564586869,1.564586869,-1.30739854
260.725,0.01884843972,1.531645381,1.531645381,-1.327776577
260.75,0.06279051953,1.498205105,1.498205105,-1.347306784
260.775,0.1066111543,1.464286856,1.464286856,-1.366019173
260.8,0.1502255891,1.429910734,1.429910734,-1.38394095
260.825,0.1935494681,1.395096192,1.395096192,-1.401096642
260.85,0.236498997,1.359862102,1.359862102,-1.417508229
260.875,0.278991106,1.324226818,1.324226818,-1.43319525
260.9,0.3209436098,1.288208234,1.288208234,-1.448174928
260.925,0.3622753667,1.25182384,1.25182384,-1.462462262
260.95,0.4029064357,1.215090782,1.215090782,-1.476070141
260.975,0.442758231,1.178025904,1.178025904,-1.489009432
261,0.4817536741,1.140645807,1.140645807,-1.501289071
261.025,0.5198173426,1.102966889,1.102966889,-1.512916158
261.05,0.5568756165,1.065005392,1.065005392,-1.523896028
261.075,0.5928568202,1.02677745,1.02677745,-1.534232347
261.1,0.6276913613,0.9882991199,0.9882991199,-1.543927174
261.125,0.6613118653,0.9495864316,0.9495864316,-1.552981054
261.15,0.6936533058,0.9106554159,0.9106554159,-1.561393082
261.175,0.7246531302,0.8715221447,0.8715221447,-1.569160987
261.2,0.7542513807,0.8322027637,0.8322027637,-1.576281207
261.225,0.7823908106,0.7927135212,0.7927135212,-1.582748962
261.25,0.8090169944,0.7530708016,0.7530708016,-1.588558349
261.275,0.8340784336,0.713291148,0.713291148,-1.59370241
261.3,0.8575266562,0.6733912911,0.6733912911,-1.598173229
261.325,0.8793163102,0.6333881699,0.6333881699,-1.601962025
261.35,0.8994052516,0.5932989528,0.5932989528,-1.605059238
261.375,0.9177546257,0.5531410562,0.5531410562,-1.607454652
261.4,0.9343289425,0.5129321583,0.5129321583,-1.609137479
261.425,0.949096145,0.4726902139,0.4726902139,-1.610096495
261.45,0.9620276716,0.4324334615,0.4324334615,-1.610320151
261.475,0.973098511,0.3921804322,0.3921804322,-1.609796698
261.5,0.9822872507,0.3519499509,0.3519499509,-1.608514339
261.525,0.9895761186,0.3117611373,0.3117611373,-1.606461348
261.55,0.994951017,0.2716334014,0.2716334014,-1.603626239
261.575,0.9984015501,0.2315864356,0.2315864356,-1.59999791
261.6,0.9999210442,0.1916402043,0.1916402043,-1.595565799
261.625,0.9995065604,0.1518149262,0.1518149262,-1.590320061
261.65,0.9971589003,0.1121310565,0.1121310565,-1.584251725
261.675,0.9928826046,0.0726092614,0.0726092614,-1.577352866
261.7,0.9866859442,0.03327039046,0.03327039046,-1.569616781
261.725,0.9785809043,-0.00586455604,-0.00586455604,-1.561038152
261.75,0.9685831611,-0.04477446411,-0.04477446411,-1.55161322
261.775,0.9567120516,-0.08343814698,-0.08343814698,-1.541339946
261.8,0.9429905359,-0.12183439,-0.12183439,-1.53021817
261.825,0.9274451533,-0.1599419996,-0.1599419996,-1.518249758
261.85,0.9101059707,-0.1977398556,-0.1977398556,-1.505438746
261.875,0.8910065242,-0.2352069673,-0.2352069673,-1.491791461
261.9,0.8701837547,-0.2723225318,-0.2723225318,-1.477316636
261.925,0.8476779361,-0.3090659958,-0.3090659958,-1.462025506
261.95,0.8235325976,-0.345417119,-0.345417119,-1.445931883
261.975,0.7977944395,-0.3813560388,-0.3813560388,-1.429052214
262,0.7705132428,-0.4168633378,-0.4168633378,-1.411405611
262.025,0.7417417727,-0.4519201091,-0.4519201091,-1.393013865
262.05,0.7115356772,-0.4865080246,-0.4865080246,-1.373901432
262.075,0.6799533787,-0.5206094,-0.5206094,-1.35409539
262.1,0.6470559616,-0.5542072602,-0.5542072602,-1.333625376
262.125,0.6129070537,-0.5872854026,-0.5872854026,-1.312523492
262.15,0.5775727034,-0.6198284557,-0.6198284557,-1.290824189
262.175,0.5411212521,-0.6518219384,-0.6518219384,-1.268564122
262.2,0.5036232016,-0.6832523107,-0.6832523107,-1.245781988
262.225,0.4651510781,-0.7141070247,-0.7141070247,-1.222518327
262.25,0.4257792916,-0.7443745655,-0.7443745655,-1.198815325
262.275,0.3855839923,-0.7740444926,-0.7740444926,-1.174716566
262.3,0.3446429232,-0.8031074687,-0.8031074687,-1.15026681
262.325,0.3030352696,-0.8315552882,-0.8315552882,-1.125511706
262.35,0.2608415063,-0.8593808952,-0.8593808952,-1.100497552
262.375,0.2181432414,-0.8865783956,-0.8865783956,-1.075270986
262.4,0.175023059,-0.9131430638,-0.9131430638,-1.049878728
262.425,0.1315643591,-0.9390713389,-0.9390713389,-1.024367279
262.45,0.08785119655,-0.964360818,-0.964360818,-0.9987826444
262.475,0.04396811832,-0.9890102386,-0.9890102386,-0.9731700588
262.5,-6.371010666e-14,-1.013019456,-1.013019456,-0.9475736985
262.525,-0.04396811832,-1.036389417,-1.036389417,-0.9220364458
262.55,-0.08785119655,-1.059122116,-1.059122116,-0.896599609
262.575,-0.1315643591,-1.081220564,-1.081220564,-0.8713027185
262.6,-0.175023059,-1.102688731,-1.102688731,-0.8461832852
262.625,-0.2181432414,-1.123531502,-1.123531502,-0.8212766177
262.65,-0.2608415063,-1.14375461,-1.14375461,-0.7966156361
262.675,-0.3030352696,-1.163364585,-1.163364585,-0.7722307149
262.7,-0.3446429232,-1.182368678,-1.182368678,-0.7481495518
262.725,-0.3855839923,-1.200774802,-1.200774802,-0.7243970465
262.75,-0.4257792916,-1.218591454,-1.218591454,-0.7009952187
262.775,-0.4651510781,-1.235827645,-1.235827645,-0.6779631311
262.8,-0.5036232016,-1.252492826,-1.252492826,-0.6553168503
262.825,-0.5411212521,-1.268596812,-1.268596812,-0.6330694165
262.85,-0.5775727034,-1.284149705,-1.284149705,-0.6112308427
262.875,-0.6129070537,-1.29916182,-1.29916182,-0.58980813
262.9,-0.6470559616,-1.313643611,-1.313643611,-0.5688053001
262.925,-0.6799533787,-1.327605594,-1.327605594,-0.5482234524
262.95,-0.7115356772,-1.341058278,-1.341058278,-0.5280608255
262.975,-0.7417417727,-1.354012092,-1.354012092,-0.5083128894
263,-0.7705132428,-1.366477319,-1.366477319,-0.4889724332
263.025,-0.7977944395,-1.378464029,-1.378464029,-0.4700296837
263.05,-0.8235325976,-1.389982016,-1.389982016,-0.4514724177
263.075,-0.8476779361,-1.401040741,-1.401040741,-0.433286096
263.1,-0.8701837547,-1.411649273,-1.411649273,-0.4154540008
263.125,-0.8910065242,-1.421816238,-1.421816238,-0.3979573735
263.15,-0.9101059707,-1.431549766,-1.431549766,-0.3807755774
263.175,-0.9274451533,-1.440857454,-1.440857454,-0.3638862313
263.2,-0.9429905359,-1.449746316,-1.449746316,-0.3472653879
263.225,-0.9567120516,-1.458222749,-1.458222749,-0.3308876728
263.25,-0.9685831611,-1.466292504,-1.466292504,-0.3147264533
263.275,-0.9785809043,-1.473960645,-1.473960645,-0.2987539991
263.3,-0.9866859442,-1.481231538,-1.481231538,-0.2829416245
263.325,-0.9928826046,-1.488108816,-1.488108816,-0.2672598679
263.35,-0.9971589003,-1.494595369,-1.494595369,-0.2516786182
263.375,-0.9995065604,-1.500693329,-1.500693329,-0.2361672794
263.4,-0.9999210442,-1.506404058,-1.506404058,-0.2206949145
263.425,-0.9984015501,-1.51172814,-1.51172814,-0.2052303713
263.45,-0.994951017,-1.516665381,-1.516665381,-0.189742437
263.475,-0.9895761186,-1.521214807,-1.521214807,-0.1741999453
263.5,-0.9822872507,-1.525374666,-1.525374666,-0.1585719109
263.525,-0.973098511,-1.529142434,-1.529142434,-0.1428276403
263.55,-0.9620276716,-1.532514826,-1.532514826,-0.1269368346
263.575,-0.949096145,-1.535487806,-1.535487806,-0.1108696971
263.6,-0.9343289425,-1.538056598,-1.538056598,-0.09459701539
263.625,-0.9177546257,-1.540215706,-1.540215706,-0.0780902536
263.65,-0.8994052516,-1.541958928,-1.541958928,-0.06132162017
263.675,-0.8793163102,-1.54327938,-1.54327938,-0.04426414063
263.7,-0.8575266562,-1.544169511,-1.544169511,-0.02689171139
263.725,-0.8340784336,-1.544621131,-1.544621131,-0.009179153076
263.75,-0.8090169944,-1.544625432,-1.544625432,0.008897750358
263.775,-0.7823908106,-1.544173013,-1.544173013,0.02736221716
263.8,-0.7542513807,-1.543253906,-1.543253906,0.04623644334
263.825,-0.7246531302,-1.5418576,-1.5418576,0.06554158582
263.85,-0.6936533058,-1.539973068,-1.539973068,0.08529775366
263.875,-0.6613118653,-1.537588794,-1.537588794,0.1055240061
263.9,-0.6276913613,-1.5346928,-1.5346928,0.1262383593
263.925,-0.5928568202,-1.531272667,-1.531272667,0.1474577982
263.95,-0.5568756165,-1.527315567,-1.527315567,0.1691982971
263.975,-0.5198173426,-1.522808285,-1.522808285,0.1914748431
264,-0.4817536741,-1.517737241,-1.517737241,0.2143014705
264.025,-0.442758231,-1.512088518,-1.512088518,0.2376912914
264.05,-0.4029064357,-1.505847881,-1.505847881,0.2616565444
264.075,-0.3622753667,-1.4990008,-1.4990008,0.2862086307
264.1,-0.3209436098,-1.49153247,-1.49153247,0.3113581657
264.125,-0.278991106,-1.483427831,-1.483427831,0.3371150359
264.15,-0.236498997,-1.474671581,-1.474671581,0.3634884381
264.175,-0.1935494681,-1.465248199,-1.465248199,0.3904869424
264.2,-0.1502255891,-1.455141958,-1.455141958,0.418118552
264.225,-0.1066111543,-1.444336933,-1.444336933,0.4463907425
264.25,-0.06279051953,-1.432817023,-1.432817023,0.4753105236
264.275,-0.01884843972,-1.420565956,-1.420565956,0.5048844984
264.3,0.02513009544,-1.407567295,-1.407567295,0.5351188963
264.325,0.06906002571,-1.393804458,-1.393804458,0.5660196266
264.35,0.1128563849,-1.379260714,-1.379260714,0.5975923232
264.375,0.156434465,-1.363919197,-1.363919197,0.6298423701
264.4,0.1997099805,-1.347762908,-1.347762908,0.6627749351
264.425,0.2425992308,-1.330774721,-1.330774721,0.6963949913
264.45,0.2850192625,-1.312937389,-1.312937389,0.7307073258
264.475,0.3268880297,-1.294233547,-1.294233547,0.7657165413
264.5,0.3681245527,-1.274645718,-1.274645718,0.8014270461
264.525,0.4086490747,-1.254156316,-1.254156316,0.8378430348
264.55,0.4483832161,-1.232747654,-1.232747654,0.874968441
264.575,0.4872501257,-1.210401952,-1.210401952,0.9128068853
264.6,0.52517463,-1.187101341,-1.187101341,0.9513616159
264.625,0.5620833779,-1.162827879,-1.162827879,0.9906353929
264.65,0.5979049831,-1.137563561,-1.137563561,1.030630372
264.675,0.6325701619,-1.111290338,-1.111290338,1.071347994
264.7,0.6660118674,-1.083990133,-1.083990133,1.1127888
264.725,0.698165419,-1.055644876,-1.055644876,1.15495217
264.75,0.7289686274,-1.02623652,-1.02623652,1.197836205
264.775,0.7583619153,-0.9957470887,-0.9957470887,1.241437382
264.8,0.7862884321,-0.96415872,-0.96415872,1.285750226
264.825,0.8126941644,-0.9314537111,-0.9314537111,1.330767024
264.85,0.83752804,-0.8976145874,-0.8976145874,1.376477378
264.875,0.860742027,-0.862624175,-0.862624175,1.422867736
264.9,0.8822912264,-0.8264656754,-0.8264656754,1.46992096
264.925,0.9021339594,-0.7891227795,-0.7891227795,1.517615665
264.95,0.9202318474,-0.7505797637,-0.7505797637,1.565925674
264.975,0.9365498867,-0.7108216305,-0.7108216305,1.614819291
265,0.9510565163,-0.6698342505,-0.6698342505,1.664258545
265.025,0.9637236783,-0.6276045292,-0.6276045292,1.714198395
265.05,0.9745268728,-0.5841205987,-0.5841205987,1.764585801
265.075,0.983445205,-0.539372023,-0.539372023,1.815358822
265.1,0.9904614257,-0.4933500401,-0.4933500401,1.866445549
265.125,0.9955619646,-0.446047819,-0.446047819,1.91776308
265.15,0.9987369566,-0.3974607507,-0.3974607507,1.969216375
265.175,0.9999802609,-0.3475867677,-0.3475867677,2.020697117
265.2,0.9992894726,-0.2964266849,-0.2964266849,2.072082552
265.225,0.996665928,-0.2439845824,-0.2439845824,2.123234314
265.25,0.9921147013,-0.1902682043,-0.1902682043,2.173997309
265.275,0.9856445951,-0.1352893922,-0.1352893922,2.224198649
265.3,0.9772681236,-0.07906454363,-0.07906454363,2.273646689
265.325,0.9670014878,-0.02161508973,-0.02161508973,2.322130226
265.35,0.9548645447,0.0370320077,0.0370320077,2.369417898
265.375,0.940880769,0.09684374645,0.09684374645,2.41525784
265.4,0.9250772068,0.1577805711,0.1577805711,2.459377682
265.425,0.9074844245,0.2197958643,0.2197958643,2.501484937
265.45,0.8881364488,0.2828354537,0.2828354537,2.54126786
265.475,0.8670707012,0.3468371462,0.3468371462,2.578396867
265.5,0.8443279255,0.4117303059,0.4117303059,2.612526525
265.525,0.8199521093,0.4774354925,0.4774354925,2.643298271
265.55,0.7939903986,0.5438641697,0.5438641697,2.67034381
265.575,0.7664930068,0.6109185154,0.6109185154,2.693289244
265.6,0.7375131174,0.6784913415,0.6784913415,2.711760027
265.625,0.7071067812,0.7464661451,0.7464661451,2.725386572
265.65,0.6753328081,0.8147173106,0.8147173106,2.733810555
265.675,0.6422526532,0.8831104762,0.8831104762,2.736691788
265.7,0.6079302977,0.951503078,0.951503078,2.733715518
265.725,0.5724321256,1.01974508,1.01974508,2.724599948
265.75,0.535826795,1.087679891,1.087679891,2.709103793
265.775,0.4981851053,1.155145471,1.155145471,2.687033578
265.8,0.4595798606,1.221975612,1.221975612,2.658250426
265.825,0.4200857284,1.28800138,1.28800138,2.622676034
265.85,0.3797790955,1.353052693,1.353052693,2.580297548
265.875,0.3387379202,1.416960004,1.416960004,2.531171075
265.9,0.2970415816,1.479556052,1.479556052,2.475423624
265.925,0.2547707257,1.540677642,1.540677642,2.413253293
265.95,0.2120071099,1.600167404,1.600167404,2.344927619
265.975,0.1688334447,1.657875491,1.657875491,2.270780092
266,0.1253332336,1.713661163,1.713661163,2.191204879
266.025,0.08159061157,1.767394224,1.767394224,2.10664994
266.05,0.03769018267,1.818956265,1.818956265,2.017608784
266.075,-0.006283143966,1.868241686,1.868241686,1.924611145
266.1,-0.05024431818,1.91515848,1.91515848,1.828212952
266.125,-0.09410831332,1.959628756,1.959628756,1.728985837
266.15,-0.1377902907,2.001589008,2.001589008,1.62750692
266.175,-0.1812057636,2.040990112,2.040990112,1.524348577
266.2,-0.2242707609,2.077797101,2.077797101,1.420069279
266.225,-0.2669019893,2.111988711,2.111988711,1.315205167
266.25,-0.3090169944,2.143556718,2.143556718,1.210262781
266.275,-0.3505343202,2.172505134,2.172505134,1.105713159
266.3,-0.3913736668,2.198849252,2.198849252,1.001987231
266.325,-0.4314560457,2.222614602,2.222614602,0.8994725601
266.35,-0.4707039322,2.243835839,2.243835839,0.7985114025
266.375,-0.5090414158,2.262555599,2.262555599,0.6993999686
266.4,-0.5463943467,2.278823351,2.278823351,0.602388751
266.425,-0.5826904797,2.292694267,2.292694267,0.5076837766
266.45,-0.6178596131,2.304228134,2.304228134,0.4154486263
266.475,-0.6518337253,2.313488322,2.313488322,0.3258070436
266.5,-0.6845471059,2.320540832,2.320540832,0.2388459683
266.525,-0.715936483,2.325453412,2.325453412,0.1546188811
266.55,-0.7459411454,2.328294763,2.328294763,0.0731492891
266.575,-0.7745030602,2.329133837,2.329133837,-0.005565745443
266.6,-0.8015669849,2.32803922,2.32803922,-0.08155212069
266.625,-0.8270805743,2.325078595,2.325078595,-0.1548553395
266.65,-0.8509944818,2.3203183,2.3203183,-0.2255373363
266.675,-0.8732624548,2.313822947,2.313822947,-0.293673526
266.7,-0.8938414242,2.305655123,2.305655123,-0.3593501027
266.725,-0.9126915874,2.295875152,2.295875152,-0.4226616004
266.75,-0.9297764859,2.284540914,2.284540914,-0.4837087201
266.775,-0.9450630752,2.271707712,2.271707712,-0.5425964197
266.8,-0.958521789,2.257428192,2.257428192,-0.5994322547
266.825,-0.9701265965,2.241752292,2.241752292,-0.6543249566
266.85,-0.9798550524,2.224727231,2.224727231,-0.7073832316
266.875,-0.9876883406,2.20639752,2.20639752,-0.7587147583
266.9,-0.9936113105,2.186805,2.186805,-0.8084253644
266.925,-0.9976125064,2.165988897,2.165988897,-0.8566183655
266.95,-0.9996841893,2.143985892,2.143985892,-0.9033940425
266.975,-0.9998223524,2.120830198,2.120830198,-0.9488492411
267,-0.9980267284,2.096553657,2.096553657,-0.9930770732
267.025,-0.9943007904,2.071185828,2.071185828,-1.036166707
267.05,-0.9886517447,2.044754096,2.044754096,-1.07820323
267.075,-0.9810905174,2.017283767,2.017283767,-1.119267572
267.1,-0.9716317329,1.988798178,1.988798178,-1.159436471
267.125,-0.9602936857,1.9593188,1.9593188,-1.198782484
267.15,-0.947098305,1.92886534,1.92886534,-1.237374015
267.175,-0.9320711125,1.897455849,1.897455849,-1.275275373
267.2,-0.9152411726,1.86510682,1.86510682,-1.312546832
267.225,-0.8966410368,1.831833286,1.831833286,-1.349244703
267.25,-0.87630668,1.797648927,1.797648927,-1.385421407
267.275,-0.8542774317,1.762566153,1.762566153,-1.421125538
267.3,-0.8305958992,1.726596214,1.726596214,-1.456401923
267.325,-0.8053078857,1.689749278,1.689749278,-1.491291667
267.35,-0.7784623016,1.652034539,1.652034539,-1.525832184
267.375,-0.7501110696,1.613460297,1.613460297,-1.560057208
267.4,-0.7203090249,1.574034056,1.574034056,-1.593996788
267.425,-0.6891138084,1.533762616,1.533762616,-1.627677258
267.45,-0.6565857558,1.492652163,1.492652163,-1.661121176
267.475,-0.6227877805,1.450708372,1.450708372,-1.694347253
267.5,-0.5877852523,1.407936492,1.407936492,-1.727370242
267.525,-0.5516458706,1.364341462,1.364341462,-1.76020079
267.55,-0.5144395338,1.319928001,1.319928001,-1.792845299
267.575,-0.4762382037,1.27470073,1.27470073,-1.825305697
267.6,-0.4371157667,1.228664272,1.228664272,-1.857579242
267.625,-0.3971478906,1.181823387,1.181823387,-1.889658249
267.65,-0.3564118787,1.134183088,1.134183088,-1.921529806
267.675,-0.3149865197,1.085748777,1.085748777,-1.953175475
267.7,-0.2729519355,1.036526398,1.036526398,-1.984570924
267.725,-0.2303894267,0.9865225685,0.9865225685,-2.015685602
267.75,-0.1873813146,0.935744765,0.935744765,-2.046482314
267.775,-0.1440107826,0.884201469,0.884201469,-2.076916859
267.8,-0.1003617149,0.8319023682,0.8319023682,-2.10693759
267.825,-0.05651853448,0.7788585315,0.7788585315,-2.136485028
267.85,-0.01256603988,0.7250826229,0.7250826229,-2.165491434
267.875,0.03141075908,0.6705891024,0.6705891024,-2.193880437
267.9,0.07532680553,0.6153944551,0.6153944551,-2.221566657
267.925,0.1190971601,0.5595174125,0.5595174125,-2.248455399
267.95,0.1626371652,0.5029791972,0.5029791972,-2.274442382
267.975,0.2058626088,0.4458037557,0.4458037557,-2.299413555
268,0.2486898872,0.3880180144,0.3880180144,-2.323245007
268.025,0.2910361668,0.3296521152,0.3296521152,-2.345802988
268.05,0.3328195445,0.2707396696,0.2707396696,-2.366944078
268.075,0.3739592057,0.2113179897,0.2113179897,-2.386515498
268.1,0.414375581,0.1514283196,0.1514283196,-2.404355633
268.125,0.4539904997,0.09111604803,0.09111604803,-2.420294735
268.15,0.4927273415,0.03043089752,0.03043089752,-2.434155867
268.175,0.5305111843,-0.03057290594,-0.03057290594,-2.445756108
268.2,0.5672689491,-0.09183650526,-0.09183650526,-2.45490798
268.225,0.6029295417,-0.1532963163,-0.1532963163,-2.461421192
268.25,0.6374239897,-0.2148839831,-0.2148839831,-2.465104629
268.275,0.6706855765,-0.2765263847,-0.2765263847,-2.465768616
268.3,0.7026499698,-0.3381457023,-0.3381457023,-2.463227437
268.325,0.7332553462,-0.3996595523,-0.3996595523,-2.457302085
268.35,0.762442511,-0.4609811902,-0.4609811902,-2.447823205
268.375,0.7901550124,-0.5220197903,-0.5220197903,-2.434634164
268.4,0.8163392507,-0.5826808024,-0.5826808024,-2.417594219
268.425,0.8409445823,-0.6428663901,-0.6428663901,-2.396581694
268.45,0.8639234172,-0.7024759458,-0.7024759458,-2.371497076
268.475,0.8852313113,-0.761406682,-0.761406682,-2.342265959
268.5,0.9048270525,-0.8195542931,-0.8195542931,-2.308841727
268.525,0.9226727399,-0.8768136796,-0.8768136796,-2.271207904
268.55,0.9387338577,-0.9330797284,-0.9330797284,-2.229380056
268.575,0.9529793415,-0.9882481307,-0.9882481307,-2.18340718
268.6,0.9653816388,-1.04221623,-1.04221623,-2.133372501
268.625,0.9759167619,-1.094883879,-1.094883879,-2.079393633
268.65,0.9845643345,-1.146154296,-1.146154296,-2.021622061
268.675,0.9913076311,-1.195934901,-1.195934901,-1.960241935
268.7,0.9961336091,-1.244138105,-1.244138105,-1.895468197
268.725,0.9990329347,-1.290682051,-1.290682051,-1.827544078
268.75,1,-1.335491286,-1.335491286,-1.756738008
268.775,0.9990329347,-1.378497347,-1.378497347,-1.683340035
268.8,0.9961336091,-1.41963925,-1.41963925,-1.607657886
268.825,0.9913076311,-1.458863881,-1.458863881,-1.530012711
268.85,0.9845643345,-1.496126277,-1.496126277,-1.450734646
268.875,0.9759167619,-1.531389795,-1.531389795,-1.370158462
268.9,0.9653816388,-1.564626174,-1.564626174,-1.288619075
268.925,0.9529793415,-1.595815483,-1.595815483,-1.206447516
268.95,0.9387338577,-1.624945977,-1.624945977,-1.123966894
268.975,0.9226727399,-1.652013855,-1.652013855,-1.041489012
269,0.9048270525,-1.677022933,-1.677022933,-0.9593111747
269.025,0.8852313113,-1.699984254,-1.699984254,-0.8777136232
269.05,0.8639234172,-1.720915632,-1.720915632,-0.7969573947
269.075,0.8409445823,-1.739841143,-1.739841143,-0.7172826986
269.1,0.8163392507,-1.756790604,-1.756790604,-0.6389078083
269.125,0.7901550124,-1.771799002,-1.771799002,-0.562028391
269.15,0.762442511,-1.784905933,-1.784905933,-0.4868172976
269.175,0.7332553462,-1.796155028,-1.796155028,-0.4134247282
269.2,0.7026499698,-1.805593396,-1.805593396,-0.3419787518
269.225,0.6706855765,-1.813271082,-1.813271082,-0.2725860923
269.25,0.6374239897,-1.819240538,-1.819240538,-0.2053331823
269.275,0.6029295417,-1.823556138,-1.823556138,-0.1402873672
269.3,0.5672689491,-1.826273717,-1.826273717,-0.07749825843
269.325,0.5305111843,-1.827450139,-1.827450139,-0.0169991755
269.35,0.4927273415,-1.827142917,-1.827142917,0.04119137372
269.375,0.4539904997,-1.825409855,-1.825409855,0.09706819649
269.4,0.414375581,-1.822308736,-1.822308736,0.150637939
269.425,0.3739592057,-1.817897044,-1.817897044,0.2019176536
269.45,0.3328195445,-1.812231721,-1.812231721,0.2509334293
269.475,0.2910361668,-1.805368958,-1.805368958,0.2977191004
269.5,0.2486898872,-1.797364015,-1.797364015,0.3423150456
269.525,0.2058626088,-1.788271073,-1.788271073,0.3847670749
269.55,0.1626371652,-1.77814311,-1.77814311,0.4251254234
269.575,0.1190971601,-1.767031802,-1.767031802,0.4634438439
269.6,0.07532680553,-1.754987447,-1.754987447,0.4997787883
269.625,0.03141075908,-1.742058905,-1.742058905,0.5341886935
269.65,-0.01256603988,-1.728293557,-1.728293557,0.5667333586
269.675,-0.05651853448,-1.713737276,-1.713737276,0.597473393
269.7,-0.1003617149,-1.698434417,-1.698434417,0.6264697653
269.725,-0.1440107826,-1.68242781,-1.68242781,0.6537834039
269.75,-0.1873813146,-1.665758765,-1.665758765,0.6794748801
269.775,-0.2303894267,-1.648467085,-1.648467085,0.7036041408
269.8,-0.2729519355,-1.630591084,-1.630591084,0.726230301
269.825,-0.3149865197,-1.612167611,-1.612167611,0.7474114793
269.85,-0.3564118787,-1.593232076,-1.593232076,0.7672046808
269.875,-0.3971478906,-1.573818478,-1.573818478,0.7856657085
269.9,-0.4371157667,-1.553959437,-1.553959437,0.8028491163
269.925,-0.4762382037,-1.533686225,-1.533686225,0.8188081804
269.95,-0.5144395338,-1.513028797,-1.513028797,0.8335948972
269.975,-0.5516458706,-1.492015826,-1.492015826,0.8472600001
270,-0.5877852523,-1.470674731,-1.470674731,0.8598529957
270.025,-0.6227877805,-1.449031708,-1.449031708,0.8714221999
270.05,-0.6565857558,-1.427111759,-1.427111759,0.8820148028
270.075,-0.6891138084,-1.404938721,-1.404938721,0.891676926
270.1,-0.7203090249,-1.38253529,-1.38253529,0.9004536874
270.125,-0.7501110696,-1.359923046,-1.359923046,0.9083892835
270.15,-0.7784623016,-1.337122475,-1.337122475,0.9155270498
270.175,-0.8053078857,-1.314152987,-1.314152987,0.9219095433
270.2,-0.8305958992,-1.291032942,-1.291032942,0.9275786151
270.225,-0.8542774317,-1.267779658,-1.267779658,0.9325754753
270.25,-0.87630668,-1.244409432,-1.244409432,0.9369407728
270.275,-0.8966410368,-1.220937548,-1.220937548,0.9407146495
270.3,-0.9152411726,-1.197378297,-1.197378297,0.9439368074
270.325,-0.9320711125,-1.173744978,-1.173744978,0.9466465659
270.35,-0.947098305,-1.150049913,-1.150049913,0.9488829066
270.375,-0.9602936857,-1.126304455,-1.126304455,0.9506845271
270.4,-0.9716317329,-1.102518989,-1.102518989,0.9520898737
270.425,-0.9810905174,-1.078702945,-1.078702945,0.9531371769
270.45,-0.9886517447,-1.054864797,-1.054864797,0.9538644809
270.475,-0.9943007904,-1.031012072,-1.031012072,0.9543096595
270.5,-0.9980267284,-1.007151351,-1.007151351,0.9545104325
270.525,-0.9998223524,-0.9832882738,-0.9832882738,0.9545043721
270.55,-0.9996841893,-0.9594275437,-0.9594275437,0.9543289036
270.575,-0.9976125064,-0.9355729296,-0.9355729296,0.9540212968
270.6,-0.9936113105,-0.911727271,-0.911727271,0.9536186541
270.625,-0.9876883406,-0.8878924812,-0.8878924812,0.9531578934
270.65,-0.9798550524,-0.8640695544,-0.8640695544,0.9526757172
270.675,-0.9701265965,-0.8402585701,-0.8402585701,0.9522085776
270.7,-0.958521789,-0.8164586992,-0.8164586992,0.9517926473
270.725,-0.9450630752,-0.7926682116,-0.7926682116,0.9514637738
270.75,-0.9297764859,-0.768884489,-0.768884489,0.9512574044
270.775,-0.9126915874,-0.7451040293,-0.7451040293,0.9512085625
270.8,-0.8938414242,-0.7213224604,-0.7213224604,0.9513517736
270.825,-0.8732624548,-0.6975345566,-0.6975345566,0.9517209849
270.85,-0.8509944818,-0.6737342505,-0.6737342505,0.9523495041
270.875,-0.8270805743,-0.6499146488,-0.6499146488,0.9532699297
270.9,-0.8015669849,-0.6260680557,-0.6260680557,0.954514048
270.925,-0.7745030602,-0.6021859915,-0.6021859915,0.9561127571
270.95,-0.7459411454,-0.5782592134,-0.5782592134,0.9580959853
270.975,-0.715936483,-0.5542777469,-0.5542777469,0.9604925738
271,-0.6845471059,-0.5302309095,-0.5302309095,0.963330192
271.025,-0.6518337253,-0.5061073415,-0.5061073415,0.9666352354
271.05,-0.6178596131,-0.4818950436,-0.4818950436,0.9704327022
271.075,-0.5826904797,-0.4575814068,-0.4575814068,0.9747461019
271.1,-0.5463943467,-0.433153256,-0.433153256,0.9795973269
271.125,-0.5090414158,-0.4085968902,-0.4085968902,0.9850065386
271.15,-0.4707039322,-0.383898126,-0.383898126,0.9909920489
271.175,-0.4314560457,-0.3590423486,-0.3590423486,0.997570187
271.2,-0.3913736668,-0.3340145588,-0.3340145588,1.004755182
271.225,-0.3505343202,-0.3087994318,-0.3087994318,1.012559021
271.25,-0.3090169944,-0.2833813699,-0.2833813699,1.020991321
271.275,-0.2669019893,-0.2577445686,-0.2577445686,1.030059188
271.3,-0.2242707609,-0.2318730762,-0.2318730762,1.03976708
271.325,-0.1812057636,-0.2057508664,-0.2057508664,1.050116655
271.35,-0.1377902907,-0.179361906,-0.179361906,1.061106636
271.375,-0.09410831332,-0.1526902333,-0.1526902333,1.072732651
271.4,-0.05024431818,-0.1257200356,-0.1257200356,1.084987092
271.425,-0.006283143965,-0.09843573249,-0.09843573249,1.097858955
271.45,0.03769018267,-0.07082206298,-0.07082206298,1.111333688
271.475,0.08159061157,-0.04286417527,-0.04286417527,1.125393041
271.5,0.1253332336,-0.01454772217,-0.01454772217,1.140014907
271.525,0.1688334447,0.01414104128,0.01414104128,1.155173174
271.55,0.2120071099,0.04321515551,0.04321515551,1.170837574
271.575,0.2547707257,0.07268685088,0.07268685088,1.186973538
271.6,0.2970415816,0.1025674383,0.1025674383,1.203542058
271.625,0.3387379202,0.1328671966,0.1328671966,1.22049956
271.65,0.3797790955,0.163595257,0.163595257,1.237797779
271.675,0.4200857284,0.1947594841,0.1947594841,1.25538366
271.7,0.4595798606,0.2263663557,0.2263663557,1.273199266
271.725,0.4981851053,0.2584208392,0.2584208392,1.29118171
271.75,0.535826795,0.2909262672,0.2909262672,1.309263116
271.775,0.5724321256,0.3238842138,0.3238842138,1.3273706
271.8,0.6079302977,0.357294367,0.357294367,1.345426291
271.825,0.6422526532,0.391154408,0.391154408,1.363347386
271.85,0.6753328081,0.4254598858,0.4254598858,1.381046258
271.875,0.7071067812,0.4602041009,0.4602041009,1.398430593
271.9,0.7375131174,0.4953779891,0.4953779891,1.415403609
271.925,0.7664930068,0.5309700131,0.5309700131,1.431864301
271.95,0.7939903986,0.5669660618,0.5669660618,1.447707789
271.975,0.8199521093,0.6033493573,0.6033493573,1.462825679
272,0.8443279255,0.6401003716,0.6401003716,1.477106591
272.025,0.8670707012,0.6771967631,0.6771967631,1.490436622
272.05,0.8881364488,0.7146133147,0.7146133147,1.502700047
272.075,0.9074844245,0.7523219029,0.7523219029,1.513779952
272.1,0.9250772068,0.7902914722,0.7902914722,1.523559061
272.125,0.940880769,0.8284880419,0.8284880419,1.531920549
272.15,0.9548645447,0.8668747236,0.8668747236,1.538748985
272.175,0.9670014878,0.9054117723,0.9054117723,1.543931297
272.2,0.9772681236,0.944056656,0.944056656,1.54735783
272.225,0.9856445951,0.9827641539,0.9827641539,1.548923385
272.25,0.9921147013,1.021486485,1.021486485,1.548528368
272.275,0.996665928,1.060173458,1.060173458,1.546079858
272.3,0.9992894726,1.098772654,1.098772654,1.541492747
272.325,0.9999802609,1.137229636,1.137229636,1.534690802
272.35,0.9987369566,1.175488181,1.175488181,1.525607691
272.375,0.9955619646,1.213490545,1.213490545,1.514187952
272.4,0.9904614257,1.251177739,1.251177739,1.500387844
272.425,0.983445205,1.288489836,1.288489836,1.484176101
272.45,0.9745268728,1.325366292,1.325366292,1.465534543
272.475,0.9637236783,1.361746273,1.361746273,1.44445853
272.5,0.9510565163,1.397569004,1.397569004,1.420957251
272.525,0.9365498867,1.432774114,1.432774114,1.395053828
272.55,0.9202318474,1.467301982,1.467301982,1.366785233
272.575,0.9021339594,1.501094083,1.501094083,1.336202001
272.6,0.8822912264,1.53409332,1.53409332,1.303367762
272.625,0.860742027,1.566244343,1.566244343,1.268358585
272.65,0.83752804,1.597493852,1.597493852,1.231262126
272.675,0.8126941644,1.627790872,1.627790872,1.192176659
272.7,0.7862884321,1.657087005,1.657087005,1.151209906
272.725,0.7583619153,1.685336654,1.685336654,1.108477802
272.75,0.7289686274,1.712497206,1.712497206,1.064103149
272.775,0.698165419,1.738529191,1.738529191,1.018214172
272.8,0.6660118674,1.763396397,1.763396397,0.970943126
272.825,0.6325701619,1.787065952,1.787065952,0.9224247556
272.85,0.5979049831,1.809508373,1.809508373,0.8727949625
272.875,0.5620833779,1.830697568,1.830697568,0.8221892861
272.9,0.52517463,1.850610822,1.850610822,0.7707417069
272.925,0.4872501257,1.869228731,1.869228731,0.7185833052
272.95,0.4483832161,1.886535125,1.886535125,0.6658412134
272.975,0.4086490747,1.902516947,1.902516947,0.6126375455
273,0.3681245527,1.917164126,1.917164126,0.5590885666
273.025,0.3268880297,1.930469413,1.930469413,0.5053039141
273.05,0.2850192625,1.942428214,1.942428214,0.4513860177
273.075,0.2425992308,1.953038396,1.953038396,0.3974296111
273.1,0.1997099805,1.962300098,1.962300098,0.343521409
273.125,0.156434465,1.970215524,1.970215524,0.2897398872
273.15,0.1128563849,1.976788735,1.976788735,0.2361551948
273.175,0.06906002571,1.982025442,1.982025442,0.1828291631
273.2,0.02513009544,1.985932798,1.985932798,0.1298154187
273.225,-0.01884843972,1.988519197,1.988519197,0.07715957283
273.25,-0.06279051953,1.989794077,1.989794077,0.02489948638
273.275,-0.1066111543,1.989767725,1.989767725,-0.02693440599
273.3,-0.1502255891,1.988451105,1.988451105,-0.07831872921
273.325,-0.1935494681,1.985855676,1.985855676,-0.1292367594
273.35,-0.236498997,1.981993241,1.981993241,-0.1796779918
273.375,-0.278991106,1.976875791,1.976875791,-0.2296377008
273.4,-0.3209436098,1.970515365,1.970515365,-0.2791164698
273.425,-0.3622753667,1.962923932,1.962923932,-0.3281197656
273.45,-0.4029064357,1.954113258,1.954113258,-0.3766574424
273.475,-0.442758231,1.944094825,1.944094825,-0.4247433643
273.5,-0.4817536741,1.932879711,1.932879711,-0.4723949269
273.525,-0.5198173426,1.920478527,1.920478527,-0.5196326951
273.55,-0.5568756165,1.906901331,1.906901331,-0.5664799977
273.575,-0.5928568202,1.892157567,1.892157567,-0.6129625744
273.6,-0.6276913613,1.87625601,1.87625601,-0.659108243
273.625,-0.6613118653,1.859204717,1.859204717,-0.7049465709
273.65,-0.6936533058,1.841010985,1.841010985,-0.7505086067
273.675,-0.7246531302,1.82168132,1.82168132,-0.7958265795
273.7,-0.7542513807,1.801221413,1.801221413,-0.8409336824
273.725,-0.7823908106,1.779636111,1.779636111,-0.8858638101
273.75,-0.8090169944,1.756929411,1.756929411,-0.9306513635
273.775,-0.8340784336,1.733104442,1.733104442,-0.9753310447
273.8,-0.8575266562,1.708163467,1.708163467,-1.019937647
273.825,-0.8793163102,1.682107879,1.682107879,-1.064505908
273.85,-0.8994052516,1.654938204,1.654938204,-1.109070298
273.875,-0.9177546257,1.626654113,1.626654113,-1.153664855
273.9,-0.9343289425,1.597254431,1.597254431,-1.198323031
273.925,-0.949096145,1.566737158,1.566737158,-1.243077468
273.95,-0.9620276716,1.535099492,1.535099492,-1.287959834
273.975,-0.973098511,1.502337846,1.502337846,-1.333000636
274,-0.9822872507,1.468447896,1.468447896,-1.378228956
274.025,-0.9895761186,1.433424607,1.433424607,-1.423672236
274.05,-0.994951017,1.397262279,1.397262279,-1.469356043
274.075,-0.9984015501,1.359954604,1.359954604,-1.515303704
274.1,-0.9999210442,1.321494722,1.321494722,-1.561536025
274.125,-0.9995065604,1.28187528,1.28187528,-1.608070945
274.15,-0.9971589003,1.24108853,1.24108853,-1.654923032
274.175,-0.9928826046,1.199126396,1.199126396,-1.702103111
274.2,-0.9866859442,1.155980583,1.155980583,-1.74961773
274.225,-0.9785809043,1.111642706,1.111642706,-1.7974685
274.25,-0.9685831611,1.066104389,1.066104389,-1.845651581
274.275,-0.9567120516,1.019357439,1.019357439,-1.894156873
274.3,-0.9429905359,0.9713940012,0.9713940012,-1.942967263
274.325,-0.9274451533,0.9222067384,0.9222067384,-1.992057797
274.35,-0.9101059707,0.871789056,0.871789056,-2.041394668
274.375,-0.8910065242,0.8201353122,0.8201353122,-2.090934307
274.4,-0.8701837547,0.767241102,0.767241102,-2.140622182
274.425,-0.8476779361,0.7131035188,0.7131035188,-2.190391745
274.45,-0.8235325976,0.6577214955,0.6577214955,-2.240163118
274.475,-0.7977944395,0.6010961305,0.6010961305,-2.289841899
274.5,-0.7705132428,0.5432310862,0.5432310862,-2.339317791
274.525,-0.7417417727,0.4841329892,0.4841329892,-2.388463329
274.55,-0.7115356772,0.4238118831,0.4238118831,-2.437132545
274.575,-0.6799533787,0.3622817067,0.3622817067,-2.485159723
274.6,-0.6470559616,0.2995607967,0.2995607967,-2.532358246
274.625,-0.6129070537,0.2356724309,0.2356724309,-2.578519557
274.65,-0.5775727034,0.1706453834,0.1706453834,-2.623412359
274.675,-0.5411212521,0.1045144993,0.1045144993,-2.666782063
274.7,-0.5036232016,0.03732128351,0.03732128351,-2.708350585
274.725,-0.4651510781,-0.03088551533,-0.03088551533,-2.747816579
274.75,-0.4257792916,-0.1000493314,-0.1000493314,-2.784856172
274.775,-0.3855839923,-0.1701052338,-0.1701052338,-2.81912431
274.8,-0.3446429232,-0.2409794208,-0.2409794208,-2.850256785
274.825,-0.3030352696,-0.3125887749,-0.3125887749,-2.877873018
274.85,-0.2608415063,-0.384840495,-0.384840495,-2.901579726
274.875,-0.2181432414,-0.4576318359,-0.4576318359,-2.92097535
274.9,-0.175023059,-0.5308499658,-0.5308499658,-2.935655514
274.925,-0.1315643591,-0.6043719719,-0.6043719719,-2.945219261
274.95,-0.08785119655,-0.6780650334,-0.6780650334,-2.949276143
274.975,-0.04396811832,-0.7517867801,-0.7517867801,-2.947454016
275,4.508928551e-14,-0.8253858534,-0.8253858534,-2.939407394
275.025,0.04396811832,-0.8987026819,-0.8987026819,-2.924826142
275.05,0.08785119655,-0.9715704736,-0.9715704736,-2.903444243
275.075,0.1315643591,-1.043816427,-1.043816427,-2.875048354
275.1,0.175023059,-1.11526315,-1.11526315,-2.839485799
275.125,0.2181432414,-1.185730267,-1.185730267,-2.796671651
275.15,0.2608415063,-1.255036187,-1.255036187,-2.746594559
275.175,0.3030352696,-1.323000002,-1.323000002,-2.689320999
275.2,0.3446429232,-1.389443466,-1.389443466,-2.624997651
275.225,0.3855839923,-1.454193008,-1.454193008,-2.553851732
275.25,0.4257792916,-1.517081726,-1.517081726,-2.476189135
275.275,0.4651510781,-1.57795131,-1.57795131,-2.392390376
275.3,0.5036232016,-1.636653835,-1.636653835,-2.302904437
275.325,0.5411212521,-1.69305337,-1.69305337,-2.208240703
275.35,0.5775727034,-1.747027378,-1.747027378,-2.108959279
275.375,0.6129070537,-1.798467844,-1.798467844,-2.005660039
275.4,0.6470559616,-1.847282126,-1.847282126,-1.898970881
275.425,0.6799533787,-1.893393504,-1.893393504,-1.789535684
275.45,0.7115356772,-1.936741426,-1.936741426,-1.678002111
275.475,0.7417417727,-1.977281461,-1.977281461,-1.565010215
275.5,0.7705132428,-2.014984974,-2.014984974,-1.451181767
275.525,0.7977944395,-2.049838539,-2.049838539,-1.337110725
275.55,0.8235325976,-2.081843151,-2.081843151,-1.223355259
275.575,0.8476779361,-2.111013243,-2.111013243,-1.110431231
275.6,0.8701837547,-2.137375561,-2.137375561,-0.9988073006
275.625,0.8910065242,-2.160967942,-2.160967942,-0.8889016591
275.65,0.9101059707,-2.181838027,-2.181838027,-0.7810802588
275.675,0.9274451533,-2.200041949,-2.200041949,-0.6756564258
275.7,0.9429905359,-2.215643022,-2.215643022,-0.5728916982
275.725,0.9567120516,-2.22871047,-2.22871047,-0.4729976843
275.75,0.9685831611,-2.23931821,-2.23931821,-0.3761387402
275.775,0.9785809043,-2.247543714,-2.247543714,-0.2824352633
275.8,0.9866859442,-2.253466948,-2.253466948,-0.1919674718
275.825,0.9928826046,-2.257169427,-2.257169427,-0.1047793652
275.85,0.9971589003,-2.258733354,-2.258733354,-0.02088287603
275.875,0.9995065604,-2.258240874,-2.258240874,0.05973802503
275.9,0.9999210442,-2.255773422,-2.255773422,0.1371233286
275.925,0.9984015501,-2.251411174,-2.251411174,0.2113331763
275.95,0.994951017,-2.245232589,-2.245232589,0.2824442995
275.975,0.9895761186,-2.237314034,-2.237314034,0.3505467435
276,0.9822872507,-2.22772949,-2.22772949,0.4157409019
276.025,0.973098511,-2.216550326,-2.216550326,0.4781348675
276.05,0.9620276716,-2.203845137,-2.203845137,0.5378420985
276.075,0.949096145,-2.189679637,-2.189679637,0.5949793896
276.1,0.9343289425,-2.174116597,-2.174116597,0.6496651323
276.125,0.9177546257,-2.157215822,-2.157215822,0.7020178425
276.15,0.8994052516,-2.139034168,-2.139034168,0.7521549323
276.175,0.8793163102,-2.119625578,-2.119625578,0.8001917038
276.2,0.8575266562,-2.099041148,-2.099041148,0.8462405386
276.225,0.8340784336,-2.077329209,-2.077329209,0.890410261
276.25,0.8090169944,-2.05453542,-2.05453542,0.9328056496
276.275,0.7823908106,-2.030702875,-2.030702875,0.9735270769
276.3,0.7542513807,-2.005872217,-2.005872217,1.01267026
276.325,0.7246531302,-1.980081755,-1.980081755,1.050326101
276.35,0.6936533058,-1.953367588,-1.953367588,1.086580604
276.375,0.6613118653,-1.925763725,-1.925763725,1.121514851
276.4,0.6276913613,-1.897302211,-1.897302211,1.155205031
276.425,0.5928568202,-1.868013245,-1.868013245,1.187722503
276.45,0.5568756165,-1.837925302,-1.837925302,1.21913389
276.475,0.5198173426,-1.80706525,-1.80706525,1.249501197
276.5,0.4817536741,-1.775458462,-1.775458462,1.278881936
276.525,0.442758231,-1.743128931,-1.743128931,1.307329271
276.55,0.4029064357,-1.710099368,-1.710099368,1.334892151
276.575,0.3622753667,-1.676391319,-1.676391319,1.361615467
276.6,0.3209436098,-1.642025249,-1.642025249,1.38754018
276.625,0.278991106,-1.607020654,-1.607020654,1.412703468
276.65,0.236498997,-1.57139614,-1.57139614,1.437138843
276.675,0.1935494681,-1.535169526,-1.535169526,1.460876284
276.7,0.1502255891,-1.49835792,-1.49835792,1.483942336
276.725,0.1066111543,-1.46097781,-1.46097781,1.506360221
276.75,0.06279051953,-1.423045143,-1.423045143,1.528149922
276.775,0.01884843972,-1.384575408,-1.384575408,1.549328263
276.8,-0.02513009544,-1.34558371,-1.34558371,1.569908984
276.825,-0.06906002571,-1.306084848,-1.306084848,1.589902789
276.85,-0.1128563849,-1.266093396,-1.266093396,1.609317407
276.875,-0.156434465,-1.225623764,-1.225623764,1.628157622
276.9,-0.1997099805,-1.184690285,-1.184690285,1.646425311
276.925,-0.2425992308,-1.143307277,-1.143307277,1.664119465
276.95,-0.2850192625,-1.101489122,-1.101489122,1.681236209
276.975,-0.3268880297,-1.059250334,-1.059250334,1.697768818
277,-0.3681245527,-1.016605628,-1.016605628,1.713707724
277.025,-0.4086490747,-0.973569998,-0.973569998,1.729040529
277.05,-0.4483832161,-0.9301587785,-0.9301587785,1.743752013
277.075,-0.4872501257,-0.8863877243,-0.8863877243,1.757824149
277.1,-0.52517463,-0.842273072,-0.842273072,1.771236116
277.125,-0.5620833779,-0.7978316156,-0.7978316156,1.783964327
277.15,-0.5979049831,-0.7530807724,-0.7530807724,1.795982465
277.175,-0.6325701619,-0.7080386504,-0.7080386504,1.807261521
277.2,-0.6660118674,-0.6627241183,-0.6627241183,1.817769864
277.225,-0.698165419,-0.617156864,-0.617156864,1.827473313
277.25,-0.7289686274,-0.5713574646,-0.5713574646,1.836335241
277.275,-0.7583619153,-0.5253474387,-0.5253474387,1.844316692
277.3,-0.7862884321,-0.4791493094,-0.4791493094,1.851376537
277.325,-0.8126941644,-0.4327866509,-0.4327866509,1.857471647
277.35,-0.83752804,-0.3862841404,-0.3862841404,1.862557098
277.375,-0.860742027,-0.3396675967,-0.3396675967,1.866586429
277.4,-0.8822912264,-0.2929640175,-0.2929640175,1.869511898
277.425,-0.9021339594,-0.2462016062,-0.2462016062,1.871284826
277.45,-0.9202318474,-0.1994097915,-0.1994097915,1.871855919
277.475,-0.9365498867,-0.152619238,-0.152619238,1.871175692
277.5,-0.9510565163,-0.1058618455,-0.1058618455,1.869194869
277.525,-0.9637236783,-0.05917073801,-0.05917073801,1.865864874
277.55,-0.9745268728,-0.01258024025,-0.01258024025,1.86113832
277.575,-0.983445205,0.0338741588,0.0338741588,1.854969539
277.6,-0.9904614257,0.08015585583,0.08015585583,1.847315149
277.625,-0.9955619646,0.1262271975,0.1262271975,1.838134628
277.65,-0.9987369566,0.1720495595,0.1720495595,1.827390914
277.675,-0.9999802609,0.2175834403,0.2175834403,1.815051003
277.7,-0.9992894726,0.2627885705,0.2627885705,1.801086557
277.725,-0.996665928,0.3076240363,0.3076240363,1.785474488
277.75,-0.9921147013,0.352048419,0.352048419,1.768197542
277.775,-0.9856445951,0.3960199469,0.3960199469,1.749244826
277.8,-0.9772681236,0.43949666,0.43949666,1.728612317
277.825,-0.9670014878,0.4824365896,0.4824365896,1.706303307
277.85,-0.9548645447,0.5247979441,0.5247979441,1.682328786
277.875,-0.940880769,0.5665393057,0.5665393057,1.656707752
277.9,-0.9250772068,0.6076198352,0.6076198352,1.629467443
277.925,-0.9074844245,0.6479994785,0.6479994785,1.600643476
277.95,-0.8881364488,0.6876391765,0.6876391765,1.570279888
277.975,-0.8670707012,0.726501077,0.726501077,1.538429078
278,-0.8443279255,0.7645487399,0.7645487399,1.50515165
278.025,-0.8199521093,0.8017473399,0.8017473399,1.470516145
278.05,-0.7939903986,0.8380638621,0.8380638621,1.434598668
278.075,-0.7664930068,0.873467282,0.873467282,1.397482436
278.1,-0.7375131174,0.9079287404,0.9079287404,1.359257204
278.125,-0.7071067812,0.9414216963,0.9414216963,1.320018633
278.15,-0.6753328081,0.9739220667,0.9739220667,1.279867572
278.175,-0.6422526532,1.005408347,1.005408347,1.23890927
278.2,-0.6079302977,1.035861709,1.035861709,1.197252568
278.225,-0.5724321256,1.065266084,1.065266084,1.155008999
278.25,-0.535826795,1.093608214,1.093608214,1.112291947
278.275,-0.4981851053,1.120877688,1.120877688,1.069215698
278.3,-0.4595798606,1.147066959,1.147066959,1.025894613
278.325,-0.4200857284,1.172171325,1.172171325,0.9824421908
278.35,-0.3797790955,1.196188907,1.196188907,0.9389703019
278.375,-0.3387379202,1.21912059,1.21912059,0.895588329
278.4,-0.2970415816,1.240969959,1.240969959,0.852402488
278.425,-0.2547707257,1.261743202,1.261743202,0.8095150968
278.45,-0.2120071099,1.281449017,1.281449017,0.7670240106
278.475,-0.1688334447,1.30009848,1.30009848,0.7250220473
278.5,-0.1253332336,1.317704925,1.317704925,0.6835965568
278.525,-0.08159061157,1.334283793,1.334283793,0.6428290128
278.55,-0.03769018267,1.349852488,1.349852488,0.6027947239
278.575,0.006283143966,1.364430216,1.364430216,0.5635625891
278.6,0.05024431818,1.378037823,1.378037823,0.5251949468
278.625,0.09410831332,1.390697633,1.390697633,0.4877474796
278.65,0.1377902907,1.402433276,1.402433276,0.4512691908
278.675,0.1812057636,1.413269524,1.413269524,0.4158024337
278.7,0.2242707609,1.423232127,1.423232127,0.3813829999
278.725,0.2669019893,1.432347648,1.432347648,0.3480402461
278.75,0.3090169944,1.440643306,1.440643306,0.3157972727
278.775,0.3505343202,1.44814682,1.44814682,0.2846711228
278.8,0.3913736668,1.454886264,1.454886264,0.2546730251
278.825,0.4314560457,1.46088992,1.46088992,0.2258086454
278.85,0.4707039322,1.466186148,1.466186148,0.1980783657
278.875,0.5090414158,1.470803252,1.470803252,0.1714775721
278.9,0.5463943467,1.474769363,1.474769363,0.1459969476
278.925,0.5826904797,1.478112321,1.478112321,0.1216227799
278.95,0.6178596131,1.480859575,1.480859575,0.09833725233
278.975,0.6518337253,1.483038077,1.483038077,0.07611875506
279,0.6845471059,1.484674196,1.484674196,0.05494216761
279.025,0.715936483,1.485793633,1.485793633,0.03477915706
279.05,0.7459411454,1.486421341,1.486421341,0.0155984495
279.075,0.7745030602,1.486581459,1.486581459,-0.002633895352
279.1,0.8015669849,1.486297247,1.486297247,-0.01995422684
279.125,0.8270805743,1.485591027,1.485591027,-0.03640105657
279.15,0.8509944818,1.484484136,1.484484136,-0.0520148175
279.175,0.8732624548,1.482996878,1.482996878,-0.06683764866
279.2,0.8938414242,1.481148482,1.481148482,-0.08091316563
279.225,0.9126915874,1.478957073,1.478957073,-0.09428628024
279.25,0.9297764859,1.476439638,1.476439638,-0.1070029902
279.275,0.9450630752,1.473612003,1.473612003,-0.1191102091
279.3,0.958521789,1.47048881,1.47048881,-0.1306556024
279.325,0.9701265965,1.467083503,1.467083503,-0.1416874068
279.35,0.9798550524,1.463408314,1.463408314,-0.1522543061
279.375,0.9876883406,1.459474254,1.459474254,-0.1624052686
279.4,0.9936113105,1.455291107,1.455291107,-0.1721894193
279.425,0.9976125064,1.45086743,1.45086743,-0.1816559227
279.45,0.9996841893,1.446210549,1.446210549,-0.1908538421
279.475,0.9998223524,1.441326568,1.441326568,-0.1998320489
279.5,0.9980267284,1.436220372,1.436220372,-0.20863911
279.525,0.9943007904,1.430895638,1.430895638,-0.2173231698
279.55,0.9886517447,1.425354842,1.425354842,-0.2259318827
279.575,0.9810905174,1.419599279,1.419599279,-0.2345123138
279.6,0.9716317329,1.413629075,1.413629075,-0.2431108337
279.625,0.9602936857,1.407443207,1.407443207,-0.2517730731
279.65,0.947098305,1.401039517,1.401039517,-0.2605438304
279.675,0.9320711125,1.394414744,1.394414744,-0.2694669957
279.7,0.9152411726,1.38756454,1.38756454,-0.2785855018
279.725,0.8966410368,1.380483492,1.380483492,-0.2879412565
279.75,0.87630668,1.373165159,1.373165159,-0.2975750808
279.775,0.8542774317,1.36560209,1.36560209,-0.3075266717
279.8,0.8305958992,1.357785856,1.357785856,-0.3178345467
279.825,0.8053078857,1.349707082,1.349707082,-0.3285360031
279.85,0.7784623016,1.341355475,1.341355475,-0.3396670876
279.875,0.7501110696,1.332719857,1.332719857,-0.351262558
279.9,0.7203090249,1.323788199,1.323788199,-0.3633558604
279.925,0.6891138084,1.314547648,1.314547648,-0.3759791068
279.95,0.6565857558,1.30498457,1.30498457,-0.389163056
279.975,0.6227877805,1.295084577,1.295084577,-0.4029371038
280,0.5877852523,1.284832563,1.284832563,-0.4173292724
280.025,0.5516458706,1.27421274,1.27421274,-0.4323662084
280.05,0.5144395338,1.263208669,1.263208669,-0.4480731827
280.075,0.4762382037,1.251803298,1.251803298,-0.4644740944
280.1,0.4371157667,1.239978994,1.239978994,-0.4815914803
280.125,0.3971478906,1.227717576,1.227717576,-0.4994465232
280.15,0.3564118787,1.215000354,1.215000354,-0.5180590689
280.175,0.3149865197,1.201808156,1.201808156,-0.5374476403
280.2,0.2729519355,1.188121361,1.188121361,-0.557629454
280.225,0.2303894267,1.173919939,1.173919939,-0.5786204426
280.25,0.1873813146,1.159183474,1.159183474,-0.6004352693
280.275,0.1440107826,1.143891198,1.143891198,-0.6230873473
280.3,0.1003617149,1.128022028,1.128022028,-0.6465888582
280.325,0.05651853448,1.111554585,1.111554585,-0.670950763
280.35,0.01256603988,1.094467238,1.094467238,-0.6961828133
280.375,-0.03141075908,1.076738122,1.076738122,-0.7222935571
280.4,-0.07532680553,1.058345176,1.058345176,-0.7492903377
280.425,-0.1190971601,1.03926617,1.03926617,-0.7771792823
280.45,-0.1626371652,1.019478736,1.019478736,-0.8059652882
280.475,-0.2058626088,0.998960399,0.998960399,-0.8356519927
280.5,-0.2486898872,0.9776886109,0.9776886109,-0.8662417262
280.525,-0.2910361668,0.9556407793,0.9556407793,-0.897735467
280.55,-0.3328195445,0.9327943071,0.9327943071,-0.9301327595
280.575,-0.3739592057,0.9091266281,0.9091266281,-0.963431623
280.6,-0.414375581,0.8846152423,0.8846152423,-0.9976284544
280.625,-0.4539904997,0.8592377663,0.8592377663,-1.032717866
280.65,-0.4927273415,0.8329719717,0.8329719717,-1.068692551
280.675,-0.5305111843,0.805795839,0.805795839,-1.105543085
280.7,-0.5672689491,0.7776876163,0.7776876163,-1.143257691
280.725,-0.6029295417,0.7486258726,0.7486258726,-1.181822021
280.75,-0.6374239897,0.7185895768,0.7185895768,-1.221218821
280.775,-0.6706855765,0.6875581639,0.6875581639,-1.261427647
280.8,-0.7026499698,0.6555116267,0.6555116267,-1.302424463
280.825,-0.7332553462,0.6224306067,0.6224306067,-1.344181245
280.85,-0.762442511,0.5882965005,0.5882965005,-1.38666552
280.875,-0.7901550124,0.5530915788,0.5530915788,-1.42983985
280.9,-0.8163392507,0.5167991135,0.5167991135,-1.473661302
280.925,-0.8409445823,0.4794035279,0.4794035279,-1.518080814
280.95,-0.8639234172,0.440890552,0.440890552,-1.563042583
280.975,-0.8852313113,0.4012474048,0.4012474048,-1.608483338
281,-0.9048270525,0.3604629867,0.3604629867,-1.654331626
281.025,-0.9226727399,0.3185280946,0.3185280946,-1.70050703
281.05,-0.9387338577,0.275435658,0.275435658,-1.746919364
281.075,-0.9529793415,0.2311809887,0.2311809887,-1.793467861
281.1,-0.9653816388,0.1857620615,0.1857620615,-1.840040332
281.125,-0.9759167619,0.1391798058,0.1391798058,-1.886512352
281.15,-0.9845643345,0.09143842267,0.09143842267,-1.932746468
281.175,-0.9913076311,0.04254572101,0.04254572101,-1.978591453
281.2,-0.9961336091,-0.007486530903,-0.007486530903,-2.023881649
281.225,-0.9990329347,-0.05864223709,-0.05864223709,-2.068436413
281.25,-1,-0.1109005937,-0.1109005937,-2.11205971
281.275,-0.9990329347,-0.1642357011,-0.1642357011,-2.154539899
281.3,-0.9961336091,-0.2186161732,-0.2186161732,-2.195649739
281.325,-0.9913076311,-0.2740047512,-0.2740047512,-2.235146678
281.35,-0.9845643345,-0.3303579268,-0.3303579268,-2.272773467
281.375,-0.9759167619,-0.3876255853,-0.3876255853,-2.308259145
281.4,-0.9653816388,-0.4457506839,-0.4457506839,-2.34132041
281.425,-0.9529793415,-0.5046689573,-0.5046689573,-2.371663549
281.45,-0.9387338577,-0.5643086953,-0.5643086953,-2.398986689
281.475,-0.9226727399,-0.6245905668,-0.6245905668,-2.422982747
281.5,-0.9048270525,-0.6854275321,-0.6854275321,-2.443342777
281.525,-0.8852313113,-0.7467248456,-0.7467248456,-2.459759861
281.55,-0.8639234172,-0.80838016,-0.80838016,-2.471933531
281.575,-0.8409445823,-0.8702837459,-0.8702837459,-2.479574557
281.6,-0.8163392507,-0.9323188364,-0.9323188364,-2.482410106
281.625,-0.7901550124,-0.9943621058,-0.9943621058,-2.480189161
281.65,-0.762442511,-1.056284283,-1.056284283,-2.472688036
281.675,-0.7332553462,-1.117950905,-1.117950905,-2.459715838
281.7,-0.7026499698,-1.179223198,-1.179223198,-2.44111971
281.725,-0.6706855765,-1.239959095,-1.239959095,-2.41678968
281.75,-0.6374239897,-1.300014361,-1.300014361,-2.386662889
281.775,-0.6029295417,-1.359243815,-1.359243815,-2.350727043
281.8,-0.5672689491,-1.417502629,-1.417502629,-2.3090229
281.825,-0.5305111843,-1.47464767,-1.47464767,-2.261645654
281.85,-0.4927273415,-1.53053887,-1.53053887,-2.208745111
281.875,-0.4539904997,-1.585040578,-1.585040578,-2.150524593
281.9,-0.414375581,-1.638022873,-1.638022873,-2.087238552
281.925,-0.3739592057,-1.689362797,-1.689362797,-2.019188945
281.95,-0.3328195445,-1.738945486,-1.738945486,-1.946720474
281.975,-0.2910361668,-1.786665169,-1.786665169,-1.870214828
282,-0.2486898872,-1.832426012,-1.832426012,-1.790084092
282.025,-0.2058626088,-1.876142788,-1.876142788,-1.706763589
282.05,-0.1626371652,-1.917741367,-1.917741367,-1.620704431
282.075,-0.1190971601,-1.957159013,-1.957159013,-1.532365823
282.1,-0.07532680553,-1.994344497,-1.994344497,-1.442207672
282.125,-0.03141075908,-2.029258017,-2.029258017,-1.350683488
282.15,0.01256603988,-2.061870964,-2.061870964,-1.25823379
282.175,0.05651853448,-2.092165515,-2.092165515,-1.165280355
282.2,0.1003617149,-2.120134108,-2.120134108,-1.072221169
282.225,0.1440107826,-2.145778786,-2.145778786,-0.9794263667
282.25,0.1873813146,-2.169110465,-2.169110465,-0.8872350797
282.275,0.2303894267,-2.190148128,-2.190148128,-0.7959532157
282.3,0.2729519355,-2.208917976,-2.208917976,-0.7058521328
282.325,0.3149865197,-2.225452554,-2.225452554,-0.6171681446
282.35,0.3564118787,-2.23978988,-2.23978988,-0.530102758
282.375,0.3971478906,-2.251972585,-2.251972585,-0.4448235504
282.4,0.4371157667,-2.262047077,-2.262047077,-0.3614655873
282.425,0.4762382037,-2.270062753,-2.270062753,-0.280133254
282.45,0.5144395338,-2.276071259,-2.276071259,-0.2009023973
282.475,0.5516458706,-2.280125806,-2.280125806,-0.123822713
282.5,0.5877852523,-2.282280544,-2.282280544,-0.04892023582
282.525,0.6227877805,-2.282590007,-2.282590007,0.02380011144
282.55,0.6565857558,-2.281108614,-2.281108614,0.09435197445
282.575,0.6891138084,-2.277890235,-2.277890235,0.1627651007
282.6,0.7203090249,-2.272987822,-2.272987822,0.2290829801
282.625,0.7501110696,-2.266453091,-2.266453091,0.2933606269
282.65,0.7784623016,-2.258336258,-2.258336258,0.355662526
282.675,0.8053078857,-2.24868583,-2.24868583,0.4160607548
282.7,0.8305958992,-2.237548435,-2.237548435,0.4746332878
282.725,0.8542774317,-2.224968694,-2.224968694,0.5314624836
282.75,0.87630668,-2.210989128,-2.210989128,0.5866337527
282.775,0.8966410368,-2.195650095,-2.195650095,0.6402343939
282.8,0.9152411726,-2.178989762,-2.178989762,0.692352595
282.825,0.9320711125,-2.161044084,-2.161044084,0.7430765774
282.85,0.947098305,-2.141846821,-2.141846821,0.7924938795
282.875,0.9602936857,-2.12142956,-2.12142956,0.840690763
282.9,0.9716317329,-2.099821749,-2.099821749,0.8877517275
282.925,0.9810905174,-2.077050752,-2.077050752,0.9337591176
282.95,0.9886517447,-2.053141906,-2.053141906,0.9787928174
282.975,0.9943007904,-2.028118581,-2.028118581,1.022930014
283,0.9980267284,-2.002002256,-2.002002256,1.06624502
283.025,0.9998223524,-1.974812587,-1.974812587,1.108809145
283.05,0.9996841893,-1.946567487,-1.946567487,1.150690611
283.075,0.9976125064,-1.917283202,-1.917283202,1.191954494
283.1,0.9936113105,-1.886974392,-1.886974392,1.232662692
283.125,0.9876883406,-1.855654208,-1.855654208,1.272873908
283.15,0.9798550524,-1.823334375,-1.823334375,1.312643648
283.175,0.9701265965,-1.790025268,-1.790025268,1.35202421
283.2,0.958521789,-1.755735997,-1.755735997,1.391064695
283.225,0.9450630752,-1.720474484,-1.720474484,1.429810983
283.25,0.9297764859,-1.684247543,-1.684247543,1.46830573
283.275,0.9126915874,-1.647060964,-1.647060964,1.506588323
283.3,0.8938414242,-1.608919594,-1.608919594,1.544694838
283.325,0.8732624548,-1.569827416,-1.569827416,1.582657967
283.35,0.8509944818,-1.529787646,-1.529787646,1.620506916
283.375,0.8270805743,-1.488802807,-1.488802807,1.658267299
283.4,0.8015669849,-1.446874836,-1.446874836,1.695960962
283.425,0.7745030602,-1.404005165,-1.404005165,1.73360582
283.45,0.7459411454,-1.360194835,-1.360194835,1.771215622
283.475,0.715936483,-1.315444598,-1.315444598,1.808799691
283.5,0.6845471059,-1.269755024,-1.269755024,1.846362649
283.525,0.6518337253,-1.223126643,-1.223126643,1.883904031
283.55,0.6178596131,-1.17556005,-1.17556005,1.921417967
283.575,0.5826904797,-1.12705607,-1.12705607,1.958892694
283.6,0.5463943467,-1.077615892,-1.077615892,1.996310133
283.625,0.5090414158,-1.027241246,-1.027241246,2.033645364
283.65,0.4707039322,-0.9759345762,-0.9759345762,2.070866059
283.675,0.4314560457,-0.92369923,-0.92369923,2.10793193
283.7,0.3913736668,-0.8705396751,-0.8705396751,2.144794057
283.725,0.3505343202,-0.8164617067,-0.8164617067,2.181394297
283.75,0.3090169944,-0.7614727071,-0.7614727071,2.217664557
283.775,0.2669019893,-0.7055818812,-0.7055818812,2.25352617
283.8,0.2242707609,-0.6488005503,-0.6488005503,2.288889176
283.825,0.1812057636,-0.5911424231,-0.5911424231,2.323651713
283.85,0.1377902907,-0.5326239181,-0.5326239181,2.357699366
283.875,0.09410831332,-0.4732644712,-0.4732644712,2.390904651
283.9,0.05024431818,-0.4130868764,-0.4130868764,2.42312653
283.925,0.006283143965,-0.3521176271,-0.3521176271,2.454210077
283.95,-0.03769018267,-0.2903872631,-0.2903872631,2.483986285
283.975,-0.08159061157,-0.2279307291,-0.2279307291,2.512272059
284,-0.1253332336,-0.1647877184,-0.1647877184,2.538870431
284.025,-0.1688334447,-0.1010030183,-0.1010030183,2.56357105
284.05,-0.2120071099,-0.03662683523,-0.03662683523,2.586150966
284.075,-0.2547707257,0.02828490635,0.02828490635,2.606375756
284.1,-0.2970415816,0.09367029272,0.09367029272,2.624001056
284.125,-0.3387379202,0.1594611951,0.1594611951,2.63877447
284.15,-0.3797790955,0.2255831003,0.2255831003,2.650437919
284.175,-0.4200857284,0.2919550002,0.2919550002,2.658730473
284.2,-0.4595798606,0.3584893609,0.3584893609,2.663391575
284.225,-0.4981851053,0.4250921771,0.4250921771,2.664164719
284.25,-0.535826795,0.4916631237,0.4916631237,2.660801523
284.275,-0.5724321256,0.5580958133,0.5580958133,2.653066125
284.3,-0.6079302977,0.6242781665,0.6242781665,2.640739831
284.325,-0.6422526532,0.6900929009,0.6900929009,2.623625922
284.35,-0.6753328081,0.7554181412,0.7554181412,2.601554491
284.375,-0.7071067812,0.8201281494,0.8201281494,2.574387173
284.4,-0.7375131174,0.8840941697,0.8840941697,2.542021609
284.425,-0.7664930068,0.9471853797,0.9471853797,2.504395488
284.45,-0.7939903986,1.009269937,1.009269937,2.461490007
284.475,-0.8199521093,1.070216101,1.070216101,2.413332589
284.5,-0.8443279255,1.129893416,1.129893416,2.359998733
284.525,-0.8670707012,1.188173923,1.188173923,2.301612864
284.55,-0.8881364488,1.244933388,1.244933388,2.238348124
284.575,-0.9074844245,1.300052498,1.300052498,2.170425055
284.6,-0.9250772068,1.353418023,1.353418023,2.098109172
284.625,-0.940880769,1.404923898,1.404923898,2.021707492
284.65,-0.9548645447,1.454472207,1.454472207,1.941564078
284.675,-0.9670014878,1.501974046,1.501974046,1.858054774
284.7,-0.9772681236,1.547350239,1.547350239,1.771581288
284.725,-0.9856445951,1.590531914,1.590531914,1.68256476
284.75,-0.9921147013,1.631460899,1.631460899,1.591439069
284.775,-0.996665928,1.670089958,1.670089958,1.498644203
284.8,-0.9992894726,1.706382862,1.706382862,1.404619516
284.825,-0.9999802609,1.740314294,1.740314294,1.309797642
284.85,-0.9987369566,1.771869607,1.771869607,1.214598616
284.875,-0.9955619646,1.801044441,1.801044441,1.11942482
284.9,-0.9904614257,1.827844235,1.827844235,1.024656559
284.925,-0.983445205,1.852283611,1.852283611,0.9306484323
284.95,-0.9745268728,1.874385716,1.874385716,0.8377265672
284.975,-0.9637236783,1.894181465,1.894181465,0.7461865948
285,-0.9510565163,1.91170877,1.91170877,0.6562924639
285.025,-0.9365498867,1.927011744,1.927011744,0.5682759406
285.05,-0.9202318474,1.940139888,1.940139888,0.4823367802
285.075,-0.9021339594,1.951147306,1.951147306,0.398643448
285.1,-0.8822912264,1.960091937,1.960091937,0.3173343281
285.125,-0.860742027,1.967034814,1.967034814,0.2385193203
285.15,-0.83752804,1.972039387,1.972039387,0.1622816997
285.175,-0.8126941644,1.975170873,1.975170873,0.08868022547
285.2,-0.7862884321,1.976495676,1.976495676,0.01775134759
285.225,-0.7583619153,1.976080854,1.976080854,-0.05048851424
285.25,-0.7289686274,1.973993652,1.973993652,-0.1160406894
285.275,-0.698165419,1.97030108,1.97030108,-0.1789220238
285.3,-0.6660118674,1.965069559,1.965069559,-0.2391627322
285.325,-0.6325701619,1.958364605,1.958364605,-0.2968043653
285.35,-0.5979049831,1.950250577,1.950250577,-0.3518979144
285.375,-0.5620833779,1.940790456,1.940790456,-0.4045020671
285.4,-0.52517463,1.93004568,1.93004568,-0.4546816196
285.425,-0.4872501257,1.918076002,1.918076002,-0.5025060486
285.45,-0.4483832161,1.904939397,1.904939397,-0.5480482455
285.475,-0.4086490747,1.890691982,1.890691982,-0.5913834053
285.5,-0.3681245527,1.875387981,1.875387981,-0.6325880546
285.525,-0.3268880297,1.859079692,1.859079692,-0.6717392226
285.55,-0.2850192625,1.841817492,1.841817492,-0.7089137424
285.575,-0.2425992308,1.823649843,1.823649843,-0.7441876574
285.6,-0.1997099805,1.804623324,1.804623324,-0.7776357413
285.625,-0.156434465,1.784782661,1.784782661,-0.8093311128
285.65,-0.1128563849,1.76417078,1.76417078,-0.839344923
285.675,-0.06906002571,1.742828853,1.742828853,-0.8677461309
285.7,-0.02513009544,1.720796357,1.720796357,-0.894601329
285.725,0.01884843972,1.698111135,1.698111135,-0.9199746338
285.75,0.06279051953,1.67480946,1.67480946,-0.9439276177
285.775,0.1066111543,1.650926097,1.650926097,-0.9665192835
285.8,0.1502255891,1.626494369,1.626494369,-0.9878060726
285.825,0.1935494681,1.601546218,1.601546218,-1.007841897
285.85,0.236498997,1.57611227,1.57611227,-1.026678205
285.875,0.278991106,1.550221894,1.550221894,-1.044364046
285.9,0.3209436098,1.523903264,1.523903264,-1.060946174
285.925,0.3622753667,1.497183411,1.497183411,-1.076469142
285.95,0.4029064357,1.470088279,1.470088279,-1.090975414
285.975,0.442758231,1.442642775,1.442642775,-1.104505486
286,0.4817536741,1.414870817,1.414870817,-1.117097997
286.025,0.5198173426,1.38679538,1.38679538,-1.128789869
286.05,0.5568756165,1.358438535,1.358438535,-1.139616407
286.075,0.5928568202,1.329821488,1.329821488,-1.149611441
286.1,0.6276913613,1.300964621,1.300964621,-1.15880744
286.125,0.6613118653,1.271887514,1.271887514,-1.167235626
286.15,0.6936533058,1.242608987,1.242608987,-1.1749261
286.175,0.7246531302,1.213147115,1.213147115,-1.181907938
286.2,0.7542513807,1.18351926,1.18351926,-1.188209316
286.225,0.7823908106,1.153742091,1.153742091,-1.193857596
286.25,0.8090169944,1.1238316,1.1238316,-1.198879433
286.275,0.8340784336,1.093803123,1.093803123,-1.203300866
286.3,0.8575266562,1.063671348,1.063671348,-1.207147396
286.325,0.8793163102,1.033450335,1.033450335,-1.210444079
286.35,0.8994052516,1.00315352,1.00315352,-1.213215589
286.375,0.9177546257,0.9727937287,0.9727937287,-1.215486292
286.4,0.9343289425,0.9423831781,0.9423831781,-1.217280309
286.425,0.949096145,0.9119334862,0.9119334862,-1.218621566
286.45,0.9620276716,0.8814556746,0.8814556746,-1.219533849
286.475,0.973098511,0.8509601711,0.8509601711,-1.220040845
286.5,0.9822872507,0.8204568128,0.8204568128,-1.220166174
286.525,0.9895761186,0.7899548465,0.7899548465,-1.219933423
286.55,0.994951017,0.7594629291,0.7594629291,-1.219366169
286.575,0.9984015501,0.728989129,0.728989129,-1.218487987
286.6,0.9999210442,0.6985409244,0.6985409244,-1.21732247
286.625,0.9995065604,0.6681252033,0.6681252033,-1.215893221
286.65,0.9971589003,0.6377482642,0.6377482642,-1.214223856
286.675,0.9928826046,0.6074158148,0.6074158148,-1.212337983
286.7,0.9866859442,0.5771329726,0.5771329726,-1.210259195
286.725,0.9785809043,0.5469042664,0.5469042664,-1.208011034
286.75,0.9685831611,0.516733637,0.516733637,-1.205616963
286.775,0.9567120516,0.4866244396,0.4866244396,-1.20310033
286.8,0.9429905359,0.4565794482,0.4565794482,-1.200484323
286.825,0.9274451533,0.4266008603,0.4266008603,-1.197791904
286.85,0.9101059707,0.396690301,0.396690301,-1.195045774
286.875,0.8910065242,0.366848832,0.366848832,-1.192268305
286.9,0.8701837547,0.3370769636,0.3370769636,-1.189481441
286.925,0.8476779361,0.3073746598,0.3073746598,-1.186706664
286.95,0.8235325976,0.277741355,0.277741355,-1.1839649
286.975,0.7977944395,0.2481759704,0.2481759704,-1.181276417
287,0.7705132428,0.2186769274,0.2186769274,-1.178660759
287.025,0.7417417727,0.1892421692,0.1892421692,-1.176136647
287.05,0.7115356772,0.1598691836,0.1598691836,-1.17372187
287.075,0.6799533787,0.1305550245,0.1305550245,-1.171433207
287.1,0.6470559616,0.1012963416,0.1012963416,-1.169286303
287.125,0.6129070537,0.07208940744,0.07208940744,-1.167295584
287.15,0.5775727034,0.04293015137,0.04293015137,-1.165474137
287.175,0.5411212521,0.01381419253,0.01381419253,-1.163833613
287.2,0.5036232016,-0.01526312164,-0.01526312164,-1.162384114
287.225,0.4651510781,-0.04430667597,-0.04430667597,-1.161134094
287.25,0.4257792916,-0.07332154498,-0.07332154498,-1.160090249
287.275,0.3855839923,-0.1023129475,-0.1023129475,-1.159257416
287.3,0.3446429232,-0.1312861987,-0.1312861987,-1.158638473
287.325,0.3030352696,-0.160246661,-0.160246661,-1.158234245
287.35,0.2608415063,-0.1891996899,-0.1891996899,-1.158043409
287.375,0.2181432414,-0.2181505807,-0.2181505807,-1.15806241
287.4,0.175023059,-0.2471045108,-0.2471045108,-1.158285381
287.425,0.1315643591,-0.2760664814,-0.2760664814,-1.158704071
287.45,0.08785119655,-0.305041257,-0.305041257,-1.15930778
287.475,0.04396811832,-0.3340333029,-0.3340333029,-1.160083305
287.5,-8.331188322e-14,-0.3630467235,-0.3630467235,-1.161014896
287.525,-0.04396811832,-0.3920851962,-0.3920851962,-1.162084222
287.55,-0.08785119655,-0.4211519087,-0.4211519087,-1.163270353
287.575,-0.1315643591,-0.4502494918,-0.4502494918,-1.164549754
287.6,-0.175023059,-0.4793799566,-0.4793799566,-1.165896291
287.625,-0.2181432414,-0.5085446274,-0.5085446274,-1.167281262
287.65,-0.2608415063,-0.5377440802,-0.5377440802,-1.168673429
287.675,-0.3030352696,-0.5669780787,-0.5669780787,-1.170039086
287.7,-0.3446429232,-0.5962455133,-0.5962455133,-1.171342136
287.725,-0.3855839923,-0.6255443447,-0.6255443447,-1.172544183
287.75,-0.4257792916,-0.6548715433,-0.6548715433,-1.173604666
287.775,-0.4651510781,-0.6842230437,-0.6842230437,-1.174480975
287.8,-0.5036232016,-0.7135936875,-0.7135936875,-1.175128637
287.825,-0.5411212521,-0.7429771855,-0.7429771855,-1.175501494
287.85,-0.5775727034,-0.7723660762,-0.7723660762,-1.175551869
287.875,-0.6129070537,-0.8017516851,-0.8017516851,-1.175230868
287.9,-0.6470559616,-0.8311241079,-0.8311241079,-1.174488569
287.925,-0.6799533787,-0.8604721802,-0.8604721802,-1.173274281
287.95,-0.7115356772,-0.8897834627,-0.8897834627,-1.171536885
287.975,-0.7417417727,-0.9190442378,-0.9190442378,-1.169225082
288,-0.7705132428,-0.9482395038,-0.9482395038,-1.166287737
288.025,-0.7977944395,-0.9773529895,-0.9773529895,-1.162674216
288.05,-0.8235325976,-1.006367164,-1.006367164,-1.158334696
288.075,-0.8476779361,-1.035263269,-1.035263269,-1.153220557
288.1,-0.8701837547,-1.064021344,-1.064021344,-1.147284687
288.125,-0.8910065242,-1.092620278,-1.092620278,-1.140481877
288.15,-0.9101059707,-1.121037854,-1.121037854,-1.132769134
288.175,-0.9274451533,-1.149250814,-1.149250814,-1.12410605
288.2,-0.9429905359,-1.177234924,-1.177234924,-1.114455104
288.225,-0.9567120516,-1.20496505,-1.20496505,-1.103781995
288.25,-0.9685831611,-1.232415248,-1.232415248,-1.092055915
288.275,-0.9785809043,-1.259558845,-1.259558845,-1.079249822
288.3,-0.9866859442,-1.286368545,-1.286368545,-1.065340672
288.325,-0.9928826046,-1.312816528,-1.312816528,-1.050309618
288.35,-0.9971589003,-1.338874555,-1.338874555,-1.034142176
288.375,-0.9995065604,-1.364514082,-1.364514082,-1.016828346
288.4,-0.9999210442,-1.389706372,-1.389706372,-0.9983626946
288.425,-0.9984015501,-1.414422611,-1.414422611,-0.9787443899
288.45,-0.994951017,-1.438634017,-1.438634017,-0.9579771944
288.475,-0.9895761186,-1.462311964,-1.462311964,-0.9360694061
288.5,-0.9822872507,-1.485428087,-1.485428087,-0.9130337646
288.525,-0.973098511,-1.507954394,-1.507954394,-0.8888872957
288.55,-0.9620276716,-1.52986337,-1.52986337,-0.8636511367
288.575,-0.949096145,-1.551128078,-1.551128078,-0.8373502931
288.6,-0.9343289425,-1.57172225,-1.57172225,-0.810013392
288.625,-0.9177546257,-1.591620379,-1.591620379,-0.7816723645
288.65,-0.8994052516,-1.610797791,-1.610797791,-0.7523621421
288.675,-0.8793163102,-1.629230721,-1.629230721,-0.7221202829
288.7,-0.8575266562,-1.646896373,-1.646896373,-0.6909866297
288.725,-0.8340784336,-1.663772968,-1.663772968,-0.6590029
288.75,-0.8090169944,-1.679839794,-1.679839794,-0.6262123281
288.775,-0.7823908106,-1.69507723,-1.69507723,-0.5926592373
288.8,-0.7542513807,-1.709466777,-1.709466777,-0.5583886908
288.825,-0.7246531302,-1.722991064,-1.722991064,-0.5234460644
288.85,-0.6936533058,-1.735633857,-1.735633857,-0.4878767222
288.875,-0.6613118653,-1.747380052,-1.747380052,-0.451725623
288.9,-0.6276913613,-1.758215659,-1.758215659,-0.4150370036
288.925,-0.5928568202,-1.768127784,-1.768127784,-0.3778540856
288.95,-0.5568756165,-1.777104594,-1.777104594,-0.3402187327
288.975,-0.5198173426,-1.785135287,-1.785135287,-0.3021712545
289,-0.4817536741,-1.792210044,-1.792210044,-0.2637501351
289.025,-0.442758231,-1.798319984,-1.798319984,-0.2249918433
289.05,-0.4029064357,-1.803457112,-1.803457112,-0.1859306624
289.075,-0.3622753667,-1.80761426,-1.80761426,-0.14659854
289.1,-0.3209436098,-1.810785028,-1.810785028,-0.1070249811
289.125,-0.278991106,-1.812963723,-1.812963723,-0.067236955
289.15,-0.236498997,-1.814145293,-1.814145293,-0.02725883958
289.175,-0.1935494681,-1.814325263,-1.814325263,0.01288761776
289.2,-0.1502255891,-1.813499669,-1.813499669,0.05318331112
289.225,-0.1066111543,-1.811664991,-1.811664991,0.09361176909
289.25,-0.06279051953,-1.80881809,-1.80881809,0.1341591279
289.275,-0.01884843972,-1.804956139,-1.804956139,0.1748140874
289.3,0.02513009544,-1.800076563,-1.800076563,0.2155678547
289.325,0.06906002571,-1.794176976,-1.794176976,0.2564140708
289.35,0.1128563849,-1.787255123,-1.787255123,0.2973487334
289.375,0.156434465,-1.779308818,-1.779308818,0.3383701014
289.4,0.1997099805,-1.770335893,-1.770335893,0.3794786057
289.425,0.2425992308,-1.760334141,-1.760334141,0.420676736
289.45,0.2850192625,-1.749301272,-1.749301272,0.4619689457
289.475,0.3268880297,-1.737234858,-1.737234858,0.5033615311
289.5,0.3681245527,-1.724132292,-1.724132292,0.5448625246
289.525,0.4086490747,-1.709990749,-1.709990749,0.5864815839
289.55,0.4483832161,-1.694807137,-1.694807137,0.628229862
289.575,0.4872501257,-1.678578074,-1.678578074,0.6701199126
289.6,0.52517463,-1.661299845,-1.661299845,0.712165555
289.625,0.5620833779,-1.642968375,-1.642968375,0.7543817588
289.65,0.5979049831,-1.623579203,-1.623579203,0.7967845396
289.675,0.6325701619,-1.603127453,-1.603127453,0.8393908089
289.7,0.6660118674,-1.581607819,-1.581607819,0.8822182689
289.725,0.698165419,-1.559014543,-1.559014543,0.9252852891
289.75,0.7289686274,-1.535341401,-1.535341401,0.9686107363
289.775,0.7583619153,-1.510581692,-1.510581692,1.012213863
289.8,0.7862884321,-1.484728232,-1.484728232,1.05611416
289.825,0.8126941644,-1.457773345,-1.457773345,1.100331151
289.85,0.83752804,-1.429708874,-1.429708874,1.144884242
289.875,0.860742027,-1.400526173,-1.400526173,1.189792556
289.9,0.8822912264,-1.370216129,-1.370216129,1.235074663
289.925,0.9021339594,-1.338769177,-1.338769177,1.28074834
289.95,0.9202318474,-1.30617531,-1.30617531,1.326830384
289.975,0.9365498867,-1.272424123,-1.272424123,1.373336266
290,0.9510565163,-1.237504849,-1.237504849,1.420279744
290.025,0.9637236783,-1.201406392,-1.201406392,1.467672622
290.05,0.9745268728,-1.164117393,-1.164117393,1.515524266
290.075,0.983445205,-1.125626301,-1.125626301,1.563841108
290.1,0.9904614257,-1.085921435,-1.085921435,1.612626242
290.125,0.9955619646,-1.044991092,-1.044991092,1.661878766
290.15,0.9987369566,-1.002823648,-1.002823648,1.711593155
290.175,0.9999802609,-0.9594076727,-0.9594076727,1.761758647
290.2,0.9992894726,-0.9147320945,-0.9147320945,1.812358335
290.225,0.996665928,-0.8687863345,-0.8687863345,1.863368447
290.25,0.9921147013,-0.821560513,-0.821560513,1.914757341
290.275,0.9856445951,-0.7730456461,-0.7730456461,1.966484518
290.3,0.9772681236,-0.723233885,-0.723233885,2.018499555
290.325,0.9670014878,-0.672118779,-0.672118779,2.070740905
290.35,0.9548645447,-0.6196955658,-0.6196955658,2.123134693
290.375,0.940880769,-0.565961499,-0.565961499,2.175593388
290.4,0.9250772068,-0.5109162055,-0.5109162055,2.22801447
290.425,0.9074844245,-0.4545620746,-0.4545620746,2.280279031
290.45,0.8881364488,-0.3969046922,-0.3969046922,2.33225038
290.475,0.8670707012,-0.3379532926,-0.3379532926,2.383772675
290.5,0.8443279255,-0.2777212633,-0.2777212633,2.434669592
290.525,0.8199521093,-0.2162266684,-0.2162266684,2.484743117
290.55,0.7939903986,-0.1534928025,-0.1534928025,2.53377249
290.575,0.7664930068,-0.08954877437,-0.08954877437,2.581513368
290.6,0.7375131174,-0.02443010189,-0.02443010189,2.627697285
290.625,0.7071067812,0.04182068226,0.04182068226,2.67203149
290.65,0.6753328081,0.1091534253,0.1091534253,2.71419924
290.675,0.6422526532,0.1775097642,0.1775097642,2.753860656
290.7,0.6079302977,0.2468225645,0.2468225645,2.790654215
290.725,0.5724321256,0.3170154064,0.3170154064,2.824198978
290.75,0.535826795,0.3880021333,0.3880021333,2.854097663
290.775,0.4981851053,0.459686493,0.459686493,2.879940536
290.8,0.4595798606,0.5319618842,0.5319618842,2.901310285
290.825,0.4200857284,0.6047112375,0.6047112375,2.917787824
290.85,0.3797790955,0.6778070523,0.6778070523,2.928958972
290.875,0.3387379202,0.7511116127,0.7511116127,2.934421992
290.9,0.2970415816,0.8244774005,0.8244774005,2.933795857
290.925,0.2547707257,0.8977477222,0.8977477222,2.926729045
290.95,0.2120071099,0.9707575592,0.9707575592,2.912908622
290.975,0.1688334447,1.043334647,1.043334647,2.892069366
291,0.1253332336,1.11530078,1.11530078,2.864002559
291.025,0.08159061157,1.186473325,1.186473325,2.828564121
291.05,0.03769018267,1.256666932,1.256666932,2.785681697
291.075,-0.006283143966,1.325695396,1.325695396,2.735360331
291.1,-0.05024431818,1.393373654,1.393373654,2.677686413
291.125,-0.09410831332,1.459519836,1.459519836,2.612829607
291.15,-0.1377902907,1.523957359,1.523957359,2.541042577
291.175,-0.1812057636,1.586516968,1.586516968,2.462658417
291.2,-0.2242707609,1.647038691,1.647038691,2.378085789
291.225,-0.2669019893,1.705373647,1.705373647,2.287801922
291.25,-0.3090169944,1.761385653,1.761385653,2.192343676
291.275,-0.3505343202,1.814952584,1.814952584,2.092297019
291.3,-0.3913736668,1.865967455,1.865967455,1.988285344
291.325,-0.4314560457,1.914339209,1.914339209,1.880957096
291.35,-0.4707039322,1.959993179,1.959993179,1.770973165
291.375,-0.5090414158,2.002871246,2.002871246,1.658994339
291.4,-0.5463943467,2.042931689,2.042931689,1.545669844
291.425,-0.5826904797,2.080148757,2.080148757,1.43162643
291.45,-0.6178596131,2.114511989,2.114511989,1.317459143
291.475,-0.6518337253,2.146025323,2.146025323,1.203723503
291.5,-0.6845471059,2.174706024,2.174706024,1.090929332
291.525,-0.715936483,2.200583481,2.200583481,0.9795363223
291.55,-0.7459411454,2.223697921,2.223697921,0.8699512254
291.575,-0.7745030602,2.244099061,2.244099061,0.7625265802
291.6,-0.8015669849,2.261844755,2.261844755,0.6575608311
291.625,-0.8270805743,2.276999655,2.276999655,0.5552996429
291.65,-0.8509944818,2.289633915,2.289633915,0.4559382001
291.675,-0.8732624548,2.299821973,2.299821973,0.3596242734
291.7,-0.8938414242,2.307641403,2.307641403,0.2664618751
291.725,-0.9126915874,2.313171875,2.313171875,0.1765152868
291.75,-0.9297764859,2.316494214,2.316494214,0.08981327781
291.775,-0.9450630752,2.317689564,2.317689564,0.006353407336
291.8,-0.958521789,2.316838663,2.316838663,-0.07389374522
291.825,-0.9701265965,2.314021219,2.314021219,-0.1509805062
291.85,-0.9798550524,2.309315384,2.309315384,-0.2249782633
291.875,-0.9876883406,2.302797327,2.302797327,-0.2959739012
291.9,-0.9936113105,2.294540883,2.294540883,-0.3640665509
291.925,-0.9976125064,2.284617289,2.284617289,-0.4293646681
291.95,-0.9996841893,2.273094979,2.273094979,-0.4919834436
291.975,-0.9998223524,2.260039448,2.260039448,-0.5520425399
292,-0.9980267284,2.245513165,2.245513165,-0.6096641381
292.025,-0.9943007904,2.229575528,2.229575528,-0.6649712782
292.05,-0.9886517447,2.212282867,2.212282867,-0.7180864651
292.075,-0.9810905174,2.193688464,2.193688464,-0.7691305204
292.1,-0.9716317329,2.173842614,2.173842614,-0.81822165
292.125,-0.9602936857,2.152792697,2.152792697,-0.8654747034
292.15,-0.947098305,2.130583271,2.130583271,-0.9110006006
292.175,-0.9320711125,2.107256171,2.107256171,-0.9549059033
292.2,-0.9152411726,2.08285063,2.08285063,-0.9972925081
292.225,-0.8966410368,2.057403391,2.057403391,-1.038257441
292.25,-0.87630668,2.030948837,2.030948837,-1.077892739
292.275,-0.8542774317,2.003519108,2.003519108,-1.1162854
292.3,-0.8305958992,1.975144238,1.975144238,-1.153517385
292.325,-0.8053078857,1.945852269,1.945852269,-1.189665669
292.35,-0.7784623016,1.915669383,1.915669383,-1.224802321
292.375,-0.7501110696,1.884620021,1.884620021,-1.258994607
292.4,-0.7203090249,1.852726999,1.852726999,-1.292305105
292.425,-0.6891138084,1.820011629,1.820011629,-1.324791845
292.45,-0.6565857558,1.786493824,1.786493824,-1.356508426
292.475,-0.6227877805,1.752192214,1.752192214,-1.387504161
292.5,-0.5877852523,1.717124246,1.717124246,-1.417824192
292.525,-0.5516458706,1.681306292,1.681306292,-1.447509618
292.55,-0.5144395338,1.644753742,1.644753742,-1.476597593
292.575,-0.4762382037,1.607481112,1.607481112,-1.50512143
292.6,-0.4371157667,1.569502125,1.569502125,-1.533110676
292.625,-0.3971478906,1.530829816,1.530829816,-1.560591181
292.65,-0.3564118787,1.49147662,1.49147662,-1.587585148
292.675,-0.3149865197,1.451454458,1.451454458,-1.614111161
292.7,-0.2729519355,1.410774836,1.410774836,-1.640184209
292.725,-0.2303894267,1.369448926,1.369448926,-1.665815676
292.75,-0.1873813146,1.327487666,1.327487666,-1.691013329
292.775,-0.1440107826,1.284901839,1.284901839,-1.71578128
292.8,-0.1003617149,1.241702178,1.241702178,-1.740119936
292.825,-0.05651853448,1.197899447,1.197899447,-1.764025932
292.85,-0.01256603988,1.153504546,1.153504546,-1.787492057
292.875,0.03141075908,1.108528602,1.108528602,-1.810507153
292.9,0.07532680553,1.062983072,1.062983072,-1.833056027
292.925,0.1190971601,1.016879846,1.016879846,-1.855119323
292.95,0.1626371652,0.9702313474,0.9702313474,-1.876673429
292.975,0.2058626088,0.9230506498,0.9230506498,-1.897690336
293,0.2486898872,0.8753515769,0.8753515769,-1.918137543
293.025,0.2910361668,0.827148828,0.827148828,-1.937977931
293.05,0.3328195445,0.7784580848,0.7784580848,-1.957169668
293.075,0.3739592057,0.7292961373,0.7292961373,-1.975666121
293.1,0.414375581,0.6796810007,0.6796810007,-1.99341579
293.125,0.4539904997,0.6296320395,0.6296320395,-2.010362269
293.15,0.4927273415,0.5791700903,0.5791700903,-2.026444236
293.175,0.5305111843,0.5283175823,0.5283175823,-2.041595489
293.2,0.5672689491,0.4770986622,0.4770986622,-2.05574503
293.225,0.6029295417,0.4255393078,0.4255393078,-2.068817192
293.25,0.6374239897,0.3736674472,0.3736674472,-2.080731853
293.275,0.6706855765,0.3215130627,0.3215130627,-2.091404686
293.3,0.7026499698,0.2691082951,0.2691082951,-2.100747536
293.325,0.7332553462,0.2164875316,0.2164875316,-2.108668816
293.35,0.762442511,0.1636874871,0.1636874871,-2.115074078
293.375,0.7901550124,0.110747267,0.110747267,-2.119866589
293.4,0.8163392507,0.05770841593,0.05770841593,-2.122948086
293.425,0.8409445823,0.004614946089,0.004614946089,-2.124219583
293.45,0.8639234172,-0.04848665633,-0.04848665633,-2.123582297
293.475,0.8852313113,-0.1015474486,-0.1015474486,-2.12093867
293.5,0.9048270525,-0.1545160758,-0.1545160758,-2.116193481
293.525,0.9226727399,-0.2073388442,-0.2073388442,-2.109255041
293.55,0.9387338577,-0.259959825,-0.259959825,-2.100036455
293.575,0.9529793415,-0.3123209906,-0.3123209906,-2.088456939
293.6,0.9653816388,-0.364362384,-0.364362384,-2.07444317
293.625,0.9759167619,-0.4160223231,-0.4160223231,-2.057930647
293.65,0.9845643345,-0.4672376375,-0.4672376375,-2.038865034
293.675,0.9913076311,-0.5179439385,-0.5179439385,-2.017203463
293.7,0.9961336091,-0.5680759222,-0.5680759222,-1.99291576
293.725,0.9990329347,-0.6175677015,-0.6175677015,-1.965985569
293.75,1,-0.666353163,-0.666353163,-1.936411339
293.775,0.9990329347,-0.7143663476,-0.7143663476,-1.904207143
293.8,0.9961336091,-0.7615418515,-0.7615418515,-1.869403313
293.825,0.9913076311,-0.8078152367,-0.8078152367,-1.832046847
293.85,0.9845643345,-0.8531234495,-0.8531234495,-1.792201586
293.875,0.9759167619,-0.897405243,-0.897405243,-1.74994814
293.9,0.9653816388,-0.9406015926,-0.9406015926,-1.705383554
293.925,0.9529793415,-0.9826560981,-0.9826560981,-1.658620716
293.95,0.9387338577,-1.023515371,-1.023515371,-1.609787508
293.975,0.9226727399,-1.063129398,-1.063129398,-1.559025719
294,0.9048270525,-1.101451869,-1.101451869,-1.506489741
294.025,0.8852313113,-1.138440477,-1.138440477,-1.452345068
294.05,0.8639234172,-1.174057173,-1.174057173,-1.396766615
294.075,0.8409445823,-1.208268379,-1.208268379,-1.339936966
294.1,0.8163392507,-1.241045162,-1.241045162,-1.28204444
294.125,0.7901550124,-1.272363345,-1.272363345,-1.223281215
294.15,0.762442511,-1.302203584,-1.302203584,-1.163841355
294.175,0.7332553462,-1.330551392,-1.330551392,-1.103918927
294.2,0.7026499698,-1.357397112,-1.357397112,-1.043706154
294.225,0.6706855765,-1.382735853,-1.382735853,-0.9833916823
294.25,0.6374239897,-1.40656738,-1.40656738,-0.9231589749
294.275,0.6029295417,-1.428895959,-1.428895959,-0.8631848518
294.3,0.5672689491,-1.449730187,-1.449730187,-0.803638216
294.325,0.5305111843,-1.469082767,-1.469082767,-0.7446789371
294.35,0.4927273415,-1.486970281,-1.486970281,-0.6864569577
294.375,0.4539904997,-1.503412923,-1.503412923,-0.6291115528
294.4,0.414375581,-1.518434234,-1.518434234,-0.5727708141
294.425,0.3739592057,-1.532060811,-1.532060811,-0.5175512843
294.45,0.3328195445,-1.544322018,-1.544322018,-0.4635577816
294.475,0.2910361668,-1.555249696,-1.555249696,-0.4108833689
294.5,0.2486898872,-1.564877861,-1.564877861,-0.3596094697
294.525,0.2058626088,-1.573242426,-1.573242426,-0.3098061
294.55,0.1626371652,-1.580380915,-1.580380915,-0.2615322182
294.575,0.1190971601,-1.586332188,-1.586332188,-0.2148361477
294.6,0.07532680553,-1.591136191,-1.591136191,-0.1697560826
294.625,0.03141075908,-1.5948337,-1.5948337,-0.1263206435
294.65,-0.01256603988,-1.597466095,-1.597466095,-0.08454946577
294.675,-0.05651853448,-1.599075139,-1.599075139,-0.04445382449
294.7,-0.1003617149,-1.59970278,-1.59970278,-0.006037261514
294.725,-0.1440107826,-1.599390966,-1.599390966,0.03070378395
294.75,-0.1873813146,-1.598181472,-1.598181472,0.06577935083
294.775,-0.2303894267,-1.596115746,-1.596115746,0.09920535054
294.8,-0.2729519355,-1.593234775,-1.593234775,0.1310029831
294.825,-0.3149865197,-1.589578952,-1.589578952,0.1611981797
294.85,-0.3564118787,-1.58518797,-1.58518797,0.1898210786
294.875,-0.3971478906,-1.580100719,-1.580100719,0.2169055356
294.9,-0.4371157667,-1.574355205,-1.574355205,0.2424886615
294.925,-0.4762382037,-1.567988465,-1.567988465,0.2666104112
294.95,-0.5144395338,-1.561036509,-1.561036509,0.2893131893
294.975,-0.5516458706,-1.55353426,-1.55353426,0.3106415091
295,-0.5877852523,-1.545515502,-1.545515502,0.3306416702
295.025,-0.6227877805,-1.537012846,-1.537012846,0.3493614815
295.05,-0.6565857558,-1.528057689,-1.528057689,0.3668500007
295.075,-0.6891138084,-1.51868019,-1.51868019,0.3831573224
295.1,-0.7203090249,-1.508909242,-1.508909242,0.3983343591
295.125,-0.7501110696,-1.498772461,-1.498772461,0.4124326952
295.15,-0.7784623016,-1.488296163,-1.488296163,0.425504408
295.175,-0.8053078857,-1.477505359,-1.477505359,0.4376019473
295.2,-0.8305958992,-1.466423744,-1.466423744,0.4487780275
295.225,-0.8542774317,-1.455073696,-1.455073696,0.4590855069
295.25,-0.87630668,-1.443476266,-1.443476266,0.4685773185
295.275,-0.8966410368,-1.431651186,-1.431651186,0.4773063901
295.3,-0.9152411726,-1.419616863,-1.419616863,0.4853255704
295.325,-0.9320711125,-1.407390384,-1.407390384,0.492687583
295.35,-0.947098305,-1.394987522,-1.394987522,0.4994449686
295.375,-0.9602936857,-1.382422738,-1.382422738,0.5056500387
295.4,-0.9716317329,-1.369709189,-1.369709189,0.5113548404
295.425,-0.9810905174,-1.356858734,-1.356858734,0.5166111104
295.45,-0.9886517447,-1.343881943,-1.343881943,0.5214702453
295.475,-0.9943007904,-1.330788106,-1.330788106,0.5259832658
295.5,-0.9980267284,-1.317585242,-1.317585242,0.5302007792
295.525,-0.9998223524,-1.304280111,-1.304280111,0.534172953
295.55,-0.9996841893,-1.290878224,-1.290878224,0.5379494769
295.575,-0.9976125064,-1.277383858,-1.277383858,0.5415795278
295.6,-0.9936113105,-1.263800063,-1.263800063,0.5451117418
295.625,-0.9876883406,-1.250128685,-1.250128685,0.5485941715
295.65,-0.9798550524,-1.236370374,-1.236370374,0.5520742494
295.675,-0.9701265965,-1.222524603,-1.222524603,0.5555987578
295.7,-0.958521789,-1.208589681,-1.208589681,0.5592137837
295.725,-0.9450630752,-1.194562781,-1.194562781,0.5629646705
295.75,-0.9297764859,-1.180439945,-1.180439945,0.5668959942
295.775,-0.9126915874,-1.166216112,-1.166216112,0.5710515141
295.8,-0.8938414242,-1.151885142,-1.151885142,0.5754741163
295.825,-0.8732624548,-1.137439831,-1.137439831,0.5802057868
295.85,-0.8509944818,-1.122871936,-1.122871936,0.5852875658
295.875,-0.8270805743,-1.108172201,-1.108172201,0.5907594934
295.9,-0.8015669849,-1.093330385,-1.093330385,0.5966605676
295.925,-0.7745030602,-1.07833528,-1.07833528,0.6030287085
295.95,-0.7459411454,-1.063174749,-1.063174749,0.6099007037
295.975,-0.715936483,-1.047835749,-1.047835749,0.6173121642
296,-0.6845471059,-1.032304359,-1.032304359,0.6252974896
296.025,-0.6518337253,-1.016565816,-1.016565816,0.6338898139
296.05,-0.6178596131,-1.000604545,-1.000604545,0.6431209673
296.075,-0.5826904797,-0.9844041894,-0.9844041894,0.6530214367
296.1,-0.5463943467,-0.9679476521,-0.9679476521,0.6636203154
296.125,-0.5090414158,-0.9512171231,-0.9512171231,0.6749452683
296.15,-0.4707039322,-0.9341941191,-0.9341941191,0.6870224884
296.175,-0.4314560457,-0.9168595236,-0.9168595236,0.6998766494
296.2,-0.3913736668,-0.8991936193,-0.8991936193,0.7135308714
296.225,-0.3505343202,-0.8811761329,-0.8811761329,0.7280066695
296.25,-0.3090169944,-0.8627862736,-0.8627862736,0.7433239119
296.275,-0.2669019893,-0.8440027731,-0.8440027731,0.7595007737
296.3,-0.2242707609,-0.8248039339,-0.8248039339,0.7765536805
296.325,-0.1812057636,-0.8051676665,-0.8051676665,0.7944972631
296.35,-0.1377902907,-0.7850715413,-0.7850715413,0.8133442905
296.375,-0.09410831332,-0.7644928326,-0.7644928326,0.833105611
296.4,-0.05024431818,-0.7434085671,-0.7434085671,0.8537900815
296.425,-0.006283143965,-0.7217955785,-0.7217955785,0.8754044834
296.45,0.03769018267,-0.6996305542,-0.6996305542,0.8979534461
296.475,0.08159061157,-0.6768900977,-0.6768900977,0.9214393354
296.5,0.1253332336,-0.6535507791,-0.6535507791,0.945862158
296.525,0.1688334447,-0.6295892019,-0.6295892019,0.9712194273
296.55,0.2120071099,-0.6049820626,-0.6049820626,0.9975060336
296.575,0.2547707257,-0.5797062206,-0.5797062206,1.024714087
296.6,0.2970415816,-0.5537387692,-0.5537387692,1.052832744
296.625,0.3387379202,-0.5270571106,-0.5270571106,1.081848023
296.65,0.3797790955,-0.4996390397,-0.4996390397,1.11174258
296.675,0.4200857284,-0.4714628275,-0.4714628275,1.142495492
296.7,0.4595798606,-0.4425073175,-0.4425073175,1.174081977
296.725,0.4981851053,-0.4127520219,-0.4127520219,1.206473132
296.75,0.535826795,-0.3821772318,-0.3821772318,1.239635612
296.775,0.5724321256,-0.3507641299,-0.3507641299,1.273531301
296.8,0.6079302977,-0.3184949154,-0.3184949154,1.308116952
296.825,0.6422526532,-0.2853529373,-0.2853529373,1.343343806
296.85,0.6753328081,-0.2513228356,-0.2513228356,1.379157182
296.875,0.7071067812,-0.2163906973,-0.2163906973,1.415496047
296.9,0.7375131174,-0.1805442175,-0.1805442175,1.45229258
296.925,0.7664930068,-0.1437728777,-0.1437728777,1.4894717
296.95,0.7939903986,-0.1060681321,-0.1060681321,1.526950608
296.975,0.8199521093,-0.06742360497,-0.06742360497,1.564638322
297,0.8443279255,-0.02783530354,-0.02783530354,1.602435211
297.025,0.8670707012,0.01269816208,0.01269816208,1.640232563
297.05,0.8881364488,0.05417534621,0.05417534621,1.67791218
297.075,0.9074844245,0.09659172574,0.09659172574,1.715346014
297.1,0.9250772068,0.13993945,0.13993945,1.752395875
297.125,0.940880769,0.1842070846,0.1842070846,1.788913219
297.15,0.9548645447,0.2293793511,0.2293793511,1.824739037
297.175,0.9670014878,0.2754368648,0.2754368648,1.859703876
297.2,0.9772681236,0.322355875,0.322355875,1.893628005
297.225,0.9856445951,0.3701080145,0.3701080145,1.926321754
297.25,0.9921147013,0.4186600534,0.4186600534,1.957586074
297.275,0.996665928,0.4679736777,0.4679736777,1.98721327
297.3,0.9992894726,0.5180052822,0.5180052822,2.014988071
297.325,0.9999802609,0.5687057987,0.5687057987,2.04068885
297.35,0.9987369566,0.6200205559,0.6200205559,2.064089247
297.375,0.9955619646,0.6718891808,0.6718891808,2.084959984
297.4,0.9904614257,0.7242455569,0.7242455569,2.103071038
297.425,0.983445205,0.7770178317,0.7770178317,2.118194088
297.45,0.9745268728,0.8301284929,0.8301284929,2.13010519
297.475,0.9637236783,0.883494517,0.883494517,2.138587771
297.5,0.9510565163,0.9370275897,0.9370275897,2.143435757
297.525,0.9365498867,0.9906344094,0.9906344094,2.144456857
297.55,0.9202318474,1.044217076,1.044217076,2.14147596
297.575,0.9021339594,1.097673563,1.097673563,2.134338496
297.6,0.8822912264,1.150898266,1.150898266,2.12291371
297.625,0.860742027,1.203782647,1.203782647,2.107097762
297.65,0.83752804,1.256215935,1.256215935,2.08681654
297.675,0.8126941644,1.308085904,1.308085904,2.062028071
297.7,0.7862884321,1.359279703,1.359279703,2.032724462
297.725,0.7583619153,1.409684721,1.409684721,1.998933274
297.75,0.7289686274,1.45918949,1.45918949,1.960718249
297.775,0.698165419,1.507684591,1.507684591,1.918179353
297.8,0.6660118674,1.555063546,1.555063546,1.871452089
297.825,0.6325701619,1.601223697,1.601223697,1.8207061
297.85,0.5979049831,1.646067033,1.646067033,1.766143036
297.875,0.5620833779,1.689500957,1.689500957,1.707993793
297.9,0.52517463,1.731438972,1.731438972,1.646515157
297.925,0.4872501257,1.771801288,1.771801288,1.581985952
297.95,0.4483832161,1.810515316,1.810515316,1.514702784
297.975,0.4086490747,1.847516058,1.847516058,1.444975589
298,0.3681245527,1.882746383,1.882746383,1.373122984
298.025,0.3268880297,1.916157184,1.916157184,1.29946762
298.05,0.2850192625,1.947707428,1.947707428,1.224331754
298.075,0.2425992308,1.977364082,1.977364082,1.148032871
298.1,0.1997099805,2.005101957,2.005101957,1.070879858
298.125,0.156434465,2.030903434,2.030903434,0.9931693822
298.15,0.1128563849,2.05475813,2.05475813,0.9151828905
298.175,0.06906002571,2.076662481,2.076662481,0.8371840441
298.2,0.02513009544,2.096619268,2.096619268,0.7594166877
298.225,-0.01884843972,2.114637105,2.114637105,0.6821033707
298.25,-0.06279051953,2.130729895,2.130729895,0.605444354
298.275,-0.1066111543,2.144916261,2.144916261,0.5296171082
298.3,-0.1502255891,2.157218977,2.157218977,0.4547762487
298.325,-0.1935494681,2.1676644,2.1676644,0.3810538535
298.35,-0.236498997,2.176281915,2.176281915,0.3085601231
298.375,-0.278991106,2.183103394,2.183103394,0.2373843121
298.4,-0.3209436098,2.188162696,2.188162696,0.1675958766
298.425,-0.3622753667,2.19149518,2.19149518,0.09924579996
298.45,-0.4029064357,2.19313726,2.19313726,0.03236802934
298.475,-0.442758231,2.193126007,2.193126007,-0.0330190311
298.5,-0.4817536741,2.191498771,2.191498771,-0.09691097478
298.525,-0.5198173426,2.188292854,2.188292854,-0.1593158674
298.55,-0.5568756165,2.183545214,2.183545214,-0.2202527527
298.575,-0.5928568202,2.177292214,2.177292214,-0.2797502131
298.6,-0.6276913613,2.169569394,2.169569394,-0.3378450075
298.625,-0.6613118653,2.16041129,2.16041129,-0.3945807908
298.65,-0.6936533058,2.14985127,2.14985127,-0.4500069343
298.675,-0.7246531302,2.137921408,2.137921408,-0.5041774463
298.7,-0.7542513807,2.124652381,2.124652381,-0.557149993
298.725,-0.7823908106,2.110073388,2.110073388,-0.6089850174
298.75,-0.8090169944,2.09421209,2.09421209,-0.6597449632
298.775,-0.8340784336,2.077094568,2.077094568,-0.7094935895
298.8,-0.8575266562,2.058745301,2.058745301,-0.7582953674
298.825,-0.8793163102,2.039187151,2.039187151,-0.8062149672
298.85,-0.8994052516,2.018441367,2.018441367,-0.8533168143
298.875,-0.9177546257,1.996527593,1.996527593,-0.8996647089
298.9,-0.9343289425,1.97346389,1.97346389,-0.9453215148
298.925,-0.949096145,1.949266762,1.949266762,-0.9903488867
298.95,-0.9620276716,1.923951188,1.923951188,-1.034807054
298.975,-0.973098511,1.897530664,1.897530664,-1.078754635
299,-0.9822872507,1.870017237,1.870017237,-1.122248483
299.025,-0.9895761186,1.841421562,1.841421562,-1.165343561
299.05,-0.994951017,1.81175294,1.81175294,-1.208092831
299.075,-0.9984015501,1.781019378,1.781019378,-1.250547156
299.1,-0.9999210442,1.749227634,1.749227634,-1.29275521
299.125,-0.9995065604,1.716383282,1.716383282,-1.334763394
299.15,-0.9971589003,1.682490762,1.682490762,-1.376615746
299.175,-0.9928826046,1.647553447,1.647553447,-1.418353836
299.2,-0.9866859442,1.611573697,1.611573697,-1.460016676
299.225,-0.9785809043,1.574552936,1.574552936,-1.501640569
299.25,-0.9685831611,1.536491713,1.536491713,-1.54325899
299.275,-0.9567120516,1.497389777,1.497389777,-1.584902401
299.3,-0.9429905359,1.457246157,1.457246157,-1.626598049
299.325,-0.9274451533,1.416059239,1.416059239,-1.668369759
299.35,-0.9101059707,1.373826867,1.373826867,-1.710237627
299.375,-0.8910065242,1.330546422,1.330546422,-1.752217753
299.4,-0.8701837547,1.286214944,1.286214944,-1.794321868
299.425,-0.8476779361,1.240829237,1.240829237,-1.836556918
299.45,-0.8235325976,1.19438599,1.19438599,-1.878924667
299.475,-0.7977944395,1.146881929,1.146881929,-1.921421113
299.5,-0.7705132428,1.098313946,1.098313946,-1.964036006
299.525,-0.7417417727,1.048679282,1.048679282,-2.006752177
299.55,-0.7115356772,0.9979756976,0.9979756976,-2.049544876
299.575,-0.6799533787,0.9462016729,0.9462016729,-2.092381051
299.6,-0.6470559616,0.8933566318,0.8933566318,-2.135218517
299.625,-0.6129070537,0.8394411673,0.8394411673,-2.178005167
299.65,-0.5775727034,0.7844573185,0.7844573185,-2.220678016
299.675,-0.5411212521,0.7284088341,0.7284088341,-2.263162338
299.7,-0.5036232016,0.6713014978,0.6713014978,-2.305370644
299.725,-0.4651510781,0.6131434413,0.6131434413,-2.347201774
299.75,-0.4257792916,0.5539455128,0.5539455128,-2.38853989
299.775,-0.3855839923,0.4937216461,0.4937216461,-2.429253582
299.8,-0.3446429232,0.4324892643,0.4324892643,-2.469194985
299.825,-0.3030352696,0.3702697035,0.3702697035,-2.508199016
299.85,-0.2608415063,0.3070886447,0.3070886447,-2.546082744
299.875,-0.2181432414,0.2429765735,0.2429765735,-2.582644933
299.9,-0.175023059,0.1779692372,0.1779692372,-2.617665829
299.925,-0.1315643591,0.1121081065,0.1121081065,-2.650907229
299.95,-0.08785119655,0.04544083502,0.04544083502,-2.682112905
299.975,-0.04396811832,-0.02197830033,-0.02197830033,-2.711009428
300,7.847643205e-15,-0.09008798601,-0.09008798601,-2.737307463
